dup_id,chosen,alternatives
dup:9fa0ff4cb7d5,雅,银子
dup:7bd128982349,"
<SURNAME/>呜嘿嘿嘿。
<SURNAME/>嗨，欢迎来到里见正～。<pause:15/>
<SURNAME/>来，要点什么？","
<SURNAME/>，呜呼呼呼。
<SURNAME/>，欢迎光临里美正〜。<pause:15/>
<SURNAME/>，来，要点什么呢？"
dup:cf0eeabb46e9,"
<SURNAME/>呜嘿嘿嘿。
<SURNAME/>还有别的什么事吗～","
<SURNAME/>，呜呼呼呼。
<SURNAME/>，还有其他什么吗〜"
dup:69f601e9ff39,"
<SURNAME/>好好。
<SURNAME/>那么，下次再来哦～
<SURNAME/>呜嘿嘿嘿。","
<SURNAME/>好好。
<SURNAME/>那么，下次再来哦～
<SURNAME/>呜呼哟哟哟。"
dup:a357fa281fb5,"
<SURNAME/>怎么了，少年？
<SURNAME/>找这位父亲有什么事吗？","
<SURNAME/>怎么了少年?
<SURNAME/>找父亲有什么事吗?"
dup:a01a41be3678,"
<SURNAME/>什么，悬赏？<SURNAME/>好像没收到什么啊…
<SURNAME/>是不是时间还没到？
<SURNAME/>过会儿再来如何？","
<SURNAME/>什么，悬赏?<SURNAME/>好像没收到什么…
<SURNAME/>是不是时间还没到?
<SURNAME/>过会儿再来怎么样? || 
<SURNAME/>什么，悬赏？<SURNAME/>好像什么也没到…
<SURNAME/>是不是时间还没到呢？
<SURNAME/>过一会儿再来怎么样？ || 
<SURNAME/>什么，悬赏？<SURNAME/>好像什么也没收到啊…
<SURNAME/>是不是时间还没到呢？
<SURNAME/>过一会儿再来怎么样？ || 
<SURNAME/>什么，抽奖？<SURNAME/>好像还没收到东西啊…
<SURNAME/>是不是时间还没到呢？
<SURNAME/>过会儿再来怎么样？"
dup:c9c12faacfb2,"
<SURNAME/>什么，悬赏？
<SURNAME/>哦，对了，收到了这个。
<SURNAME/>收下吧。","
<SURNAME/>什么，悬赏？
<SURNAME/>哦，说起来好像收到了这样的东西啊。
<SURNAME/>拿去吧。 || 
<SURNAME/>什么，悬赏？
<SURNAME/>哦，说起来有这个东西送到了。
<SURNAME/>请收下。 || 
<SURNAME/>什么，抽奖？
<SURNAME/>哦，说起来有收到这么个东西啊。
<SURNAME/>拿去吧。"
dup:fd9a10c8cb66,"
<SURNAME/>「感谢您应征悬赏。
<SURNAME/><SURNAME/>很遗憾您未能中选。
<SURNAME/><SURNAME/>期待您下次的应征。」","
<SURNAME/>「感谢您参与本次抽奖活动。
<SURNAME/><SURNAME/>很遗憾，您未能中选。
<SURNAME/><SURNAME/>期待您下次继续参与。」 || 
<SURNAME/>「感谢您应征悬赏。
<SURNAME/><SURNAME/>很遗憾，您落选了。
<SURNAME/><SURNAME/>期待您下次应征。」"
dup:c09ed92c2546,"
<SURNAME/>「感谢您应征悬赏。
<SURNAME/><SURNAME/>恭喜您中选！
<SURNAME/><SURNAME/>恭喜您!!」","
<SURNAME/>「感谢您参与本次抽奖活动。
<SURNAME/><SURNAME/>恭喜您中选！
<SURNAME/><SURNAME/>恭喜您!!」 || 
<SURNAME/>「感谢您应征悬赏。
<SURNAME/><SURNAME/>您成功当选了。
<SURNAME/><SURNAME/>恭喜您!!」 || 
<SURNAME/>「感谢您应征悬赏，
<SURNAME/><SURNAME/>您成功中奖了。
<SURNAME/><SURNAME/>恭喜您！！」"
dup:b72a30946506,"
<SURNAME/>「作为奖品，
<SURNAME/><SURNAME/><c1d:9/><keyitem:0/><c1d:1/>将寄送给您。
<SURNAME/><SURNAME/>期待您的再次应征。」","
<SURNAME/>「作为中奖奖品，
<SURNAME/><SURNAME/><c1d:9/><keyitem:0/><c1d:1/>将寄送给您。
<SURNAME/><SURNAME/>期待您再次参与。」 || 
<SURNAME/>「作为奖品，
<SURNAME/><SURNAME/><c1d:9/><keyitem:0/><c1d:1/>をお送りいたします。
<SURNAME/><SURNAME/>期待您再次应征。」 || 
<SURNAME/>「作为奖品，
<SURNAME/><SURNAME/><c1d:9/><keyitem:0/><c1d:1/>将发送给您。
<SURNAME/><SURNAME/>期待您再次应征。」"
dup:a5da2a826340,"
<SURNAME/>呜哟哟哟。
<SURNAME/>欢迎光临里见青华店〜
<SURNAME/>来来，有何贵干呀〜呜哟哟哟。","
<SURNAME/>呜嘿嘿嘿。
<SURNAME/>欢迎来到里美忠青华店〜
<SURNAME/>来来，有什么需要吗〜呜嘿嘿嘿。"
dup:776a02cfec9f,"
<SURNAME/>还有其他事吗〜?
<SURNAME/>呜哟哟哟。","
<SURNAME/>还有其他事吗〜？
<SURNAME/>呜嘿嘿嘿。"
dup:05a4d856c81c,"
<SURNAME/><c12/>等人受到了<c1d:9/>毒<c1d:1/>的影响。","
<SURNAME/><c12/>们，中了<c1d:9/>毒<c1d:1/>。"
dup:14ac7eed9fab,"
<SURNAME/>欢迎光临。
<SURNAME/>继承英国气派与传统的店铺，
<SURNAME/>欢迎来到伦敦屋。","
<SURNAME/>欢迎光临。
<SURNAME/>本店传承英国的气度与传统，
<SURNAME/>欢迎来到伦敦屋。"
dup:492e6e4619bd,"
所有位元都未设置。
请确认。
金田。","
所有位元都没启动。
请确认一下。
金田。 || 
所有位均未置位。
请确认。
金田。 || 
所有位都未置位。
请确认。
金田。 || 
所有位都没有置位。
请确认。
金田。 || 
所有位都没有设置。
请确认。
金田。 || 
所有比特位都没有置位。
请确认。
金田。 || 
没有任何位被设置。
请确认。
金田。"
dup:0bbfc3be5a9b,"
<SURNAME/>谢谢光临。
<SURNAME/>衷心期待
<SURNAME/>您再次光临。","
<SURNAME/>非常感谢。
<SURNAME/>衷心期待
<SURNAME/>您的再次光临。 "
dup:e649ca2c3bcb,"
<SURNAME/>说起来这扇门，打小就挺在意的…<pause:30/>
<SURNAME/>刚看见就消失了。还以为是幻觉，
<SURNAME/>没想到居然通到这种房间啊。","
<SURNAME/>说起来这扇门，从小时候起就让我在意…<pause:30/>
<SURNAME/>以为看到了又消失。还以为是幻觉，
<SURNAME/>没想到居然通向这样的房间啊。"
dup:c308a854e9b3,"
<SURNAME/>我也是呢，在梦崎之类的地方见过同样的门，
<SURNAME/>偶尔会看到。
<SURNAME/>不过，美保她们好像没看见过。","
<SURNAME/>我呢，在梦崎也偶尔
<SURNAME/>见过和这里一样的门。
<SURNAME/>但美保她们好像看不见。"
dup:21e053fe2f8a,"
<SURNAME/>好棒的歌呢…<pause:30/>
<SURNAME/>怎么说呢，仿佛在灵魂中回响…<pause:30/>
<SURNAME/>不觉得心情超放松吗?","
<SURNAME/>好棒的歌啊…<pause:30/>
<SURNAME/>怎么说呢，仿佛触动灵魂…<pause:30/>
<SURNAME/>不觉得非常放松吗？ || 
<SURNAME/>好美的歌…<pause:30/>
<SURNAME/>怎么说呢，直击灵魂…<pause:30/>
<SURNAME/>不觉得超放松吗？"
dup:5d5afb9e1d73,"
<SURNAME/>让人想起那时候呢…<pause:30/>
<SURNAME/>我和以前的伙伴，也常受照顾呢。<pause:30/>
<SURNAME/>虽然发生了很多事，但真的很开心哦。","
<SURNAME/>真让人想起那时候啊…<pause:30/>
<SURNAME/>我和以前的伙伴们，也经常受照顾呢。<pause:30/>
<SURNAME/>虽然发生了很多事，但真的很开心。 || 
<SURNAME/>让人想起那时候呢…<pause:30/>
<SURNAME/>我和以前的伙伴们也常受照顾。<pause:30/>
<SURNAME/>虽然发生了很多事，但真的很开心。"
dup:5aa02c7c62d6,"
<SURNAME/>听好了<c12/>，
<SURNAME/>别做会后悔的活法哦。<pause:30/>
<SURNAME/>因为青春啊，只有一次呢…","
<SURNAME/>听好了<c12/>，
<SURNAME/>别做会后悔的生活方式。<pause:30/>
<SURNAME/>青春啊，只有一次呢… || 
<SURNAME/>听好了<c12/>，
<SURNAME/>别做让自己后悔的事。<pause:30/>
<SURNAME/>青春啊，只有一次…"
dup:c43329446972,"
<SURNAME/>还有其他事吗?","
<SURNAME/>还有其他事吗？"
dup:99131b48628c,"
<SURNAME/>神性之物、魔性之物，
<SURNAME/>一切皆为人心的形态之一。<pause:60/>
<SURNAME/>那么，请尽管提问。","
<SURNAME/>神性也好，魔性也罢，
<SURNAME/>都不过是人心的形态之一。<pause:60/>
<SURNAME/>那么，请尽管提问。"
dup:f3cc7ca283bb,"
<SURNAME/>这是召唤Persona所需的卡片。
<SURNAME/>要召唤新Persona，
<SURNAME/>必须收集这些塔罗牌。","
<SURNAME/>这是召唤Persona所需的卡片。
<SURNAME/>要召唤新的Persona，
<SURNAME/>必须收集这种塔罗牌。"
dup:8292c96d442c,"
<SURNAME/>Persona以塔罗的大阿卡那分类。
<SURNAME/>若要召唤属于SUN的Persona，
<SURNAME/>必须使用相同大阿卡那的卡片。","
<SURNAME/>Persona以塔罗的阿尔卡纳分类。
<SURNAME/>想召唤SUN属Persona，
<SURNAME/>必须用同阿尔卡纳的卡。 || 
<SURNAME/>Persona按塔罗的阿尔卡纳分类。
<SURNAME/>若要召唤SUN属性的Persona，
<SURNAME/>必须使用相同阿尔卡纳的卡片。"
dup:f9ba9cc8a83c,"
<SURNAME/>此外，收集的塔罗牌数量，
<SURNAME/>也必须与Persona的等级相符。
<SURNAME/>","
<SURNAME/>且收集的塔罗牌数，
<SURNAME/>也需匹配该Persona的等级
<SURNAME/>才行。 || 
<SURNAME/>同时，所需塔罗牌的数量，
<SURNAME/>也必须与Persona的等级
<SURNAME/>相匹配才行。"
dup:8f4830ebaa50,"
<SURNAME/>是的，Persona等级越高，
<SURNAME/>所需的塔罗牌数量也越多。","
<SURNAME/>是的，Persona的等级越高，
<SURNAME/>所需的塔罗牌数量也会增加呢。 || 
<SURNAME/>是的，等级越高的Persona，
<SURNAME/>所需塔罗牌也越多。"
dup:b140ac030f81,"
<SURNAME/>塔罗牌由恶魔持有。
<SURNAME/>他们所持的卡片，
<SURNAME/>是与恶魔种族相同大阿卡那的塔罗牌。","
<SURNAME/>塔罗牌由恶魔持有。
<SURNAME/>他们持有的卡，
<SURNAME/>是同种族的阿尔卡纳塔罗。 || 
<SURNAME/>塔罗牌由恶魔持有。
<SURNAME/>它们携带的卡片，
<SURNAME/>与其种族同属一个阿尔卡纳。"
dup:ee8ec2db4848,"
<SURNAME/>也就是说，
<SURNAME/>从想召唤的Persona相同种族的恶魔那里，
<SURNAME/>获取塔罗牌即可。","
<SURNAME/>即，
<SURNAME/>从想召唤Persona同种族的恶魔处，
<SURNAME/>获取塔罗牌即可。 || 
<SURNAME/>换言之，
<SURNAME/>只需从与目标Persona同种族的恶魔处，
<SURNAME/>获取塔罗牌即可。"
dup:9cd5362db74a,"
<SURNAME/>不过，只与同一种恶魔交涉可不行。
<SURNAME/>恶魔等级越高，
<SURNAME/>所持的塔罗牌数量也越多。","
<SURNAME/>但仅与同种恶魔交涉可不行。
<SURNAME/>恶魔等级越高，
<SURNAME/>持有的塔罗牌数量也越多。 || 
<SURNAME/>但只交涉同种恶魔不行。
<SURNAME/>等级越高的恶魔，
<SURNAME/>持有塔罗牌也越多。"
dup:faa1002bdc13,"
<SURNAME/>若要召唤高等级Persona，
<SURNAME/>必须与高等级恶魔交涉。
<SURNAME/>那便是高效收集塔罗牌的诀窍。","
<SURNAME/>想召唤高等级Persona，
<SURNAME/>需交涉高等级恶魔。
<SURNAME/>那是高效集牌的诀窍。 || 
<SURNAME/>若想召唤高等级Persona，
<SURNAME/>必须与高等级恶魔交涉。
<SURNAME/>这才是高效集牌的诀窍。"
dup:80c434332a19,"
<SURNAME/>是了，要召唤Persona，
<SURNAME/>您必须达到相应等级。
<SURNAME/>切勿忘记此事…","
<SURNAME/>对了，召唤Persona时，
<SURNAME/>你自身也需达到相应等级。
<SURNAME/>这点请务必牢记… || 
<SURNAME/>对了，召唤Persona还需，
<SURNAME/>你达达相应等级
<SURNAME/>才行。请勿忘记…"
dup:dcbf7e0bf111,"
<SURNAME/>未被降魔的Persona，
<SURNAME/>通常以Persona卡片形式存在。
<SURNAME/>降魔后方能发挥各种能力。","
<SURNAME/>未降魔的Persona，
<SURNAME/>通常以Persona卡形式存在。
<SURNAME/>降魔后才发挥各种能力 || 
<SURNAME/>未降魔的Persona，
<SURNAME/>通常以Persona卡片形态存在。
<SURNAME/>降魔后方能发挥其能力。"
dup:f25ab42cf110,"
<SURNAME/>您最多可持有10张Persona卡片，
<SURNAME/>这包括已降魔的Persona，
<SURNAME/>请务必注意。","
<SURNAME/>Persona卡可持10张，
<SURNAME/>但包括降魔中的Persona，
<SURNAME/>需注意。 || 
<SURNAME/>Persona卡片最多持有10张，
<SURNAME/>这包含已降魔的Persona，
<SURNAME/>请务必留意。"
dup:9526d2cd2793,"
<SURNAME/>顺便一提，新召唤的Persona，
<SURNAME/>我会妥善保管。
<SURNAME/>需要时，请吩咐我。","
<SURNAME/>顺便，新召唤的Persona，
<SURNAME/>由我妥善保管。
<SURNAME/>需要时请吩咐。 || 
<SURNAME/>顺带一提，新召唤的Persona，
<SURNAME/>都由我妥善保管。
<SURNAME/>需要时请随时吩咐。"
dup:b2d9bd38bc3c,"
<SURNAME/>我可保管多达24个Persona。
<SURNAME/>不仅新召唤的Persona，
<SURNAME/>之前持有的也能保管。","
<SURNAME/>我可保管24体Persona。
<SURNAME/>不仅新召唤的，
<SURNAME/>原有Persona也保管。 || 
<SURNAME/>我最多可保管24体Persona。
<SURNAME/>不仅限于新召唤的，
<SURNAME/>既有Persona也可托管。"
dup:1cd158859330,"
<SURNAME/>Persona之力是冒险的基石。
<SURNAME/>请根据需求，
<SURNAME/>随时更换Persona卡片。","
<SURNAME/>Persona的力量是冒险中不可或缺的。
<SURNAME/>请根据需要，
<SURNAME/>更换Persona卡片。"
dup:bae55acc5dd1,"
<SURNAME/>要在战斗中发动Persona，
<SURNAME/>必须将其降魔于自身。
<SURNAME/>仅持卡片是不够的。","
<SURNAME/>要在战斗中发动Persona，
<SURNAME/>必须将其降魔于自身。
<SURNAME/>仅持有卡片是无效的。 || 
<SURNAME/>要在战斗中发动召唤的Persona，
<SURNAME/>需要您自身降魔。
<SURNAME/>仅持有Persona卡片是不够的。"
dup:1b496b943002,"
<SURNAME/>当Persona降魔时，
<SURNAME/>您自身状态也会变化。","
<SURNAME/>Persona降魔后，
<SURNAME/>你自身状态也会变化。 || 
<SURNAME/>当您降魔Persona时，
<SURNAME/>您自身的状态也会发生变化。"
dup:0207377d3ae7,"
<SURNAME/>Persona是您隐藏的一面…
<SURNAME/>您会变化以适应它。
<SURNAME/>您能使用武器，也因于此。","
<SURNAME/>Persona是你隐藏的一面…
<SURNAME/>你将为契合它而改变形态。
<SURNAME/>正因如此，你才能使用武器。 || 
<SURNAME/>Persona是您隐藏的一面…
<SURNAME/>因此它会变化为与之相应的状态。
<SURNAME/>您能使用武器，也是这个原因。"
dup:91e76ed743bc,"
<SURNAME/>一次只能降魔一个Persona。
<SURNAME/>但若有Persona卡片，
<SURNAME/>随时可降魔另一个。","
<SURNAME/>一次仅能降魔一体Persona。
<SURNAME/>但持有卡片时，
<SURNAME/>可随时更换降魔对象。 || 
<SURNAME/>降魔一次只能进行一体。
<SURNAME/>但是，如果有Persona卡片，
<SURNAME/>随时可以降魔其他Persona。"
dup:5e4797303e24,"
<SURNAME/>那时，
<SURNAME/>之前降魔的Persona，
<SURNAME/>会变回卡片状态。","
<SURNAME/>在那种情况下，
<SURNAME/>之前降魔的Persona，
<SURNAME/>会变回卡片状态。 || 
<SURNAME/>届时，
<SURNAME/>原先降魔的Persona，
<SURNAME/>将回归卡片状态。"
dup:48e528188b67,"
<SURNAME/>Persona，
<SURNAME/>类型不同能力各异。
<SURNAME/>不仅有优点，也有缺点。","
<SURNAME/>Persona因种类不同，
<SURNAME/>能力也各异。
<SURNAME/>既有优势亦有缺陷。 || 
<SURNAME/>Persona，
<SURNAME/>根据其种类，拥有的能力不同。
<SURNAME/>不仅有优点，也有缺点。"
dup:b7d5ab884272,"
<SURNAME/>充分理解每个Persona能力，
<SURNAME/>并根据情况灵活运用，
<SURNAME/>是战斗胜利关键。","
<SURNAME/>充分理解各Persona能力，
<SURNAME/>并依战况灵活运用，
<SURNAME/>方为制胜关键。 || 
<SURNAME/>充分理解每个Persona的能力，
<SURNAME/>并根据情况灵活使用，
<SURNAME/>是在战斗中取得胜利的关键。"
dup:a7fdda0b431f,"
<SURNAME/>虽说Persona是人的隐藏面，
<SURNAME/>但接触未知的另一个自己，
<SURNAME/>或许令人惊讶。","
<SURNAME/>Persona虽是人的隐藏面，
<SURNAME/>但直面未曾觉察的另一自我，
<SURNAME/>想必令人惊异吧。 || 
<SURNAME/>虽说Persona是人隐藏的一面，
<SURNAME/>但接触到未曾意识到的另一个自己，
<SURNAME/>想必也会感到惊讶吧。"
dup:daba7b1425a8,"
<SURNAME/>尤其在新召唤的Persona上，
<SURNAME/>此倾向尤为明显。","
<SURNAME/>尤其新召唤的Persona，
<SURNAME/>此倾向更为显著。 || 
<SURNAME/>特别是对新召唤的Persona，
<SURNAME/>这种倾向尤为明显。"
dup:2af8e2e02efd,"
<SURNAME/>因此最初的时候，
<SURNAME/>只能发挥Persona拥有的
<SURNAME/>一部分原本能力吧。","
<SURNAME/>因此初期阶段，
<SURNAME/>只能发挥Persona
<SURNAME/>部分原有能力。 || 
<SURNAME/>因此最初的一段时间，
<SURNAME/>可能只能发挥出Persona原本能力的一部分。"
dup:74cb2276ccb1,"
<SURNAME/>但发动次数越多，
<SURNAME/>逐渐就能熟练运用。
<SURNAME/>能力增，攻击更强力。","
<SURNAME/>但发动次数越多，
<SURNAME/>便越能驾驭它。
<SURNAME/>能力将增强，攻击也更强力。 || 
<SURNAME/>但是，越是发动它，
<SURNAME/>就越能逐渐熟练运用。
<SURNAME/>能力会增加，也能进行更强大的攻击。"
dup:eb30ac615f72,"
<SURNAME/>当然那是，
<SURNAME/>因为能熟练使用Persona的结果，
<SURNAME/>所需的SP没有变化。","
<SURNAME/>当然，这是熟练运用Persona的结果，
<SURNAME/>所需SP
<SURNAME/>并不会减少。 || 
<SURNAME/>当然，那是
<SURNAME/>因为熟练掌握了Persona的结果，
<SURNAME/>所需的SP不会改变。"
dup:e744cec2f9c9,"
<SURNAME/>虽有些许差异，
<SURNAME/>但您自身的熟练度，
<SURNAME/>可视为「Persona的成长」。","
<SURNAME/>虽有些许差异，
<SURNAME/>但将你自身的熟练度，
<SURNAME/>视为「Persona的成长」亦无不可。 || 
<SURNAME/>虽然有些细微差别，
<SURNAME/>但您自身的这种熟练度，
<SURNAME/>也可以视为“Persona的成长”。"
dup:30f9eeb4bfcd,"
<SURNAME/>Persona成长有8个阶段。
<SURNAME/>每阶段，Persona会变化。","
<SURNAME/>Persona的成长有8个阶段。
<SURNAME/>在每个阶段，Persona都会发生变化吧。 || 
<SURNAME/>Persona的成长有8个阶段。
<SURNAME/>每个阶段，Persona都会发生变化。"
dup:1ec591364351,"
<SURNAME/>此外，Persona，
<SURNAME/>也会影响您自身成长。","
<SURNAME/>此外，Persona也会，
<SURNAME/>对您自身的成长产生些许影响。 || 
<SURNAME/>此外，Persona，
<SURNAME/>也会对您自身的成长产生些许影响。"
dup:6612cbfdc580,"
<SURNAME/>影响您能力的部分，
<SURNAME/>取决于降魔的Persona类型。
<SURNAME/>这点也请考虑。","
<SURNAME/>你的能力受影响的方面，
<SURNAME/>取决于所降魔的Persona种类。
<SURNAME/>这一点也请考虑进去吧。 || 
<SURNAME/>它会影响您能力的哪一部分，
<SURNAME/>取决于降魔的Persona种类。
<SURNAME/>这一点也请考虑。"
dup:cc72a86ccb98,"
<SURNAME/>最后…当将Persona归还无意识之海，
<SURNAME/>建议成长至第8阶段。
<SURNAME/>定有好事发生…","
<SURNAME/>最后…当将Persona归还至无意识之海时，
<SURNAME/>建议先将其培养至第8阶段。
<SURNAME/>肯定会有好事的… || 
<SURNAME/>最后…当将Persona归还至无意识之海时，
<SURNAME/>我推荐将其培养至第8阶段。
<SURNAME/>一定会有好事发生…"
dup:7f24ca8ffb13,"
<SURNAME/>Persona是您的半身…
<SURNAME/>所有Persona都与您相连…","
<SURNAME/>Persona是你的半身…
<SURNAME/>所有Persona都与你相连…"
dup:71a4fec8ca8b,"
<SURNAME/>然而，有的与您亲近，
<SURNAME/>有的则疏远。","
<SURNAME/>话虽如此，既有与你亲近的存在，
<SURNAME/>也有疏远的存在吧。 || 
<SURNAME/>话虽如此，既有与您亲近者，
<SURNAME/>也有疏远者吧。"
dup:0ba4a64bd4fe,"
<SURNAME/>若联系稀薄，
<SURNAME/>您可能无法驾驭。
<SURNAME/>是的，有些无法降魔。","
<SURNAME/>对于连接稀薄的Persona，
<SURNAME/>你可能无法驾驭。
<SURNAME/>是的，其中有些甚至无法降魔。 || 
<SURNAME/>若连接稀薄，
<SURNAME/>您可能无法驾驭。
<SURNAME/>是的，有些甚至无法降魔。"
dup:55ed7ad063b4,"
<SURNAME/>反之若亲近，
<SURNAME/>则可能轻松驾驭。
<SURNAME/>此影响尤现于SP消耗。","
<SURNAME/>反之，若关系亲近，
<SURNAME/>有时能轻松驾驭。
<SURNAME/>这些影响尤其体现在SP消耗上。 || 
<SURNAME/>反之，若是亲近的存在，
<SURNAME/>有时能轻松驾驭。
<SURNAME/>这些影响尤其体现在SP消耗上。"
dup:349d47181c68,"
<SURNAME/>有时SP消耗少于正常，
<SURNAME/>有时则更多。
<SURNAME/>并非人人条件相同。","
<SURNAME/>有时能以更少SP召唤，
<SURNAME/>有时则消耗更多SP。
<SURNAME/>并非人人条件相同。 || 
<SURNAME/>有时能用比平时更少的SP召唤，
<SURNAME/>有时则消耗更多SP。
<SURNAME/>并非人人条件相同。"
dup:6ea40297da72,"
<SURNAME/>，在获得更多塔罗牌之前，
<SURNAME/>我们暂时告别吧。","
<SURNAME/>那么，在获得更多塔罗牌之前，
<SURNAME/>就此暂别吧。 || 
<SURNAME/>那么，在获得更多塔罗牌之前，
<SURNAME/>暂别了。"
dup:63d1f456433d,"
<SURNAME/>人皆〜♪
<SURNAME/>是不断追寻自己为何物的、永远的流浪者〜♪<pause:30/>
<SURNAME/>那便是人类背负的十字架吧〜♪","
<SURNAME/>人人皆是〜♪
<SURNAME/>不断探求自我为何的永恒流浪者〜♪<pause:30/>
<SURNAME/>那便是人类背负的十字架吧〜♪"
dup:ca239eb7ed7c,"
<SURNAME/>自己为何而生？
<SURNAME/>我尚不知如何询问此事。<pause:30/>
<SURNAME/>因此问你。","
<SURNAME/>己身因何而生？
<SURNAME/>我至今不知如何发问。<pause:30/>
<SURNAME/>故而问你。"
dup:d6d83cf14652,"
<SURNAME/>这样回答的，你是第三百一十二个。<pause:30/>
<SURNAME/>但是，我很羡慕你。
<SURNAME/>你知道询问自己…","
<SURNAME/>如此答者，汝乃第三百一十二人。<pause:30/>
<SURNAME/>然吾心羡汝。
<SURNAME/>汝知质问己身…"
dup:fd80676761f8,"
<SURNAME/>这样回答的，你是第二百七十六个。<pause:30/>
<SURNAME/>是吗，不能告诉我吗。<pause:30/>询问自己并得出答案，
<SURNAME/>那境地是怎样的，我想知道。","
<SURNAME/>这样回答的，你是第276个。<pause:30/>
<SURNAME/>是吗，不能教吗。<pause:30/>自我追问、得出答案，
<SURNAME/>那是一种怎样的境界，我很想知道。"
dup:9701c9c28417,"
<SURNAME/>这样回答的，你是第四十三个。<pause:30/>
<SURNAME/>你也还在旅途中…
<SURNAME/>愿你的旅途多幸。","
<SURNAME/>如此答者，汝乃第四十三人。<pause:30/>
<SURNAME/>汝亦在旅途之中…
<SURNAME/>愿汝道途多福。"
dup:b9fc510290ca,"
<SURNAME/>这样回答的…<pause:30/>你是第一个。<pause:30/>
<SURNAME/>你也和我一样…不知道询问自己吗。
<SURNAME/>你也还没“完成”啊。","
<SURNAME/>如此答者…<pause:30/>汝为首例。<pause:30/>
<SURNAME/>汝亦同吾…不知质问己身么？
<SURNAME/>汝亦尚未「完成」啊。"
dup:bbd287e19fc7,"
<SURNAME/>好，完成了。
<SURNAME/>请好好使用。","
<SURNAME/>好了，完成了。
<SURNAME/>请好好使用它。"
dup:d3b50715b81c,"
<SURNAME/>我通过画来表达自己的心情。
<SURNAME/>不太擅长说话…
<SURNAME/>但和你很合得来。","
<SURNAME/>我以画作诉说心情。
<SURNAME/>虽不擅言辞…
<SURNAME/>但与你似乎很投缘。 || 
<SURNAME/>我，用画作表达自己的心情。
<SURNAME/>不太擅长说话…
<SURNAME/>但和你似乎很投缘。 || 
<SURNAME/>我，用绘画诉说心情。
<SURNAME/>不太擅长说话…
<SURNAME/>但和你似乎很投缘。"
dup:6b44da37457f,"
<SURNAME/>自由塔罗是未绘制任何图案的特殊
<SURNAME/>塔罗牌。","
<SURNAME/>自由塔罗牌是未绘图案的
<SURNAME/>特殊塔罗牌。"
dup:5d54e15b3677,"
<SURNAME/>它能变化成任何塔罗牌，
<SURNAME/>是张神奇的卡片。","
<SURNAME/>它能变化成
<SURNAME/>任何塔罗牌的神奇卡牌。"
dup:e5d59619c706,"
<SURNAME/>我能在自由塔罗上绘画，
<SURNAME/>制作各种塔罗牌。","
<SURNAME/>我可为自由塔罗牌作画，
<SURNAME/>制成各类塔罗牌。"
dup:8d54a274b95e,"
<SURNAME/>得到自由塔罗后，
<SURNAME/>带来我这里就好。","
<SURNAME/>若得到自由塔罗牌，
<SURNAME/>带来我处即可。"
dup:dc53c11249f7,"
<SURNAME/>任何恶魔，
<SURNAME/>都必定持有自由塔罗。","
<SURNAME/>任何恶魔都
<SURNAME/>必定持有自由塔罗牌。"
dup:0fce7903f968,"
<SURNAME/>但普通交涉是得不到的。
<SURNAME/>因为自由塔罗，
<SURNAME/>对恶魔来说也很珍贵。","
<SURNAME/>但普通交涉无法获得。
<SURNAME/>因自由塔罗牌对恶魔而言
<SURNAME/>亦是珍贵之物。"
dup:9a5a38f9ffca,"
<SURNAME/>要获得自由塔罗，
<SURNAME/>必须赢得恶魔的特殊信任。
<SURNAME/>嘛，这点上人类和恶魔都一样。","
<SURNAME/>要获得自由塔罗牌，
<SURNAME/>需赢得恶魔特殊信赖。
<SURNAME/>这点上人魔皆同。"
dup:d3ece3f812d5,"
<SURNAME/>要召唤Persona，
<SURNAME/>只需从同种族的恶魔那里获得塔罗牌，
<SURNAME/>但是，","
<SURNAME/>召唤Persona需从
<SURNAME/>同族恶魔处获得塔罗牌，
<SURNAME/>但…"
dup:a840abc1a216,"
<SURNAME/>麻烦的是，有些种族的Persona
<SURNAME/>不会作为恶魔出现。","
<SURNAME/>麻烦的是，也有种族
<SURNAME/>不作为恶魔出现的Persona。"
dup:49dec2806a31,"
<SURNAME/>要召唤这些特殊种族的Persona，
<SURNAME/>该怎么办？
<SURNAME/>这时自由塔罗就派上用场了。","
<SURNAME/>要召唤这些特殊种族的Persona，
<SURNAME/>该怎么办？
<SURNAME/>这时塔罗牌就派上用场了。"
dup:92a6462e1683,"
<SURNAME/>虽然也能用于补充数量，
<SURNAME/>但请尽量深思熟虑后使用。","
<SURNAME/>它也可以作为卡牌数量的辅助，
<SURNAME/>但请尽量深思熟虑后再使用。"
dup:05fbe998c3e2,"
<SURNAME/>我随时都在这里。
<SURNAME/>有兴趣时再来吧。
<SURNAME/>在这里，时间没有意义。","
<SURNAME/>我随时都在这里。
<SURNAME/>兴致来了就再来吧。
<SURNAME/>在这里，时间没有意义。 || 
<SURNAME/>我随时都在这里。
<SURNAME/>等你有空时再来吧。
<SURNAME/>因为在这里，时间没有意义。"
dup:a6fafb36f1b6,"
<SURNAME/>哦？<pause:15/>
<SURNAME/>似乎有Persona
<SURNAME/>正要蜕变为新形态。","
<SURNAME/>哦呀?<pause:15/>
<SURNAME/>似乎有Persona
<SURNAME/>正欲重生为新姿态呢。"
dup:3468e479c583,"
<SURNAME/>哎呀，忘记说明了…","
<SURNAME/>哎呀，我忘了说明呢…"
dup:335bc33a260d,"
<SURNAME/>你知道合体魔法吗？<pause:15/>
<SURNAME/>使用它时，偶尔Persona
<SURNAME/>会发生突变。","
<SURNAME/>合体魔法之事，您知晓吗?<pause:15/>
<SURNAME/>使用此，偶尔Persona
<SURNAME/>会发生突然变异呢。"
dup:0f8c312a9511,"
<SURNAME/>那可能是基本能力提升，
<SURNAME/>或是习得新魔法，但其中
<SURNAME/>也有蜕变为其他Persona的情况。","
<SURNAME/>那可能是基本能力的提升，
<SURNAME/>或是习得魔法，但有时
<SURNAME/>也会蜕变成另一个Persona。"
dup:7347346c3ef1,"
<SURNAME/>不过，这种情况下，需要我的帮助，
<SURNAME/>所以当Persona发生这种变化时，
<SURNAME/>请来我这里。","
<SURNAME/>不过，这需要我的帮助，
<SURNAME/>所以当Persona发生这种变化时，
<SURNAME/>请来我这里。"
dup:f1db268b54fc,"
<SURNAME/>当然，
<SURNAME/>并非必须进行变异，
<SURNAME/>这并非强制。","
<SURNAME/>当然，
<SURNAME/>并非必须使其变异
<SURNAME/>不可。"
dup:48930f450364,"
<SURNAME/>变异后的Persona会回到等级1，
<SURNAME/>所以是否进行变异，
<SURNAME/>请你们自行判断。","
<SURNAME/>变异后的Persona会
<SURNAME/>回到等级1，所以是否变异，
<SURNAME/>请你们自行判断。"
dup:2cf65ecf0bf9,"
<SURNAME/>对了，<pause:15/>如果变异后的Persona与已有的相同，
<SURNAME/>有时无法进行变异，
<SURNAME/>所以需要注意。","
<SURNAME/>对了，<pause:15/>如果变异后的Persona
<SURNAME/>已经存在相同Persona，
<SURNAME/>有时无法变异，请注意。"
dup:84fbb70a198f,"
<SURNAME/>欢迎来到天鹅绒房间。
<SURNAME/>今天，有何贵干？","
<SURNAME/>欢迎来到天鹅绒房间。
<SURNAME/>今天有何贵干？ || 
<SURNAME/>欢迎来到天鹅绒房间。
<SURNAME/>今日，有何贵干呢?"
dup:59f53515be2e,"
<SURNAME/>塔罗牌是心灵的雏形。心转动人的命运。<pause:30/>
<SURNAME/>那么，有什么想让我画的吗？","
<SURNAME/>塔罗是心灵的雏形。心转动人的命运。<pause:30/>
<SURNAME/>那么，想让我画些什么吗？"
dup:3b0383fdcbba,\n<SURNAME/><c13/>！！\n<SURNAME/>快点逃吧！！\n<SURNAME/>会变成烤牛肉的啦——！！\n,"
<SURNAME/><c13/>！！
<SURNAME/>快点逃吧！！
<SURNAME/>会变成烤牛肉的啦——！！
"
dup:ca78a1034fa9,\n<SURNAME/>说得对！\n<SURNAME/>我怎么能以见习生的身份死掉呢！！\n<SURNAME/>再说了，我还有…没传达的事情呢！！\n,"
<SURNAME/>说得对！
<SURNAME/>我怎么能以见习生的身份死掉呢！！
<SURNAME/>再说了，我还有…没传达的事情呢！！
"
dup:c2dd5f835586,\n<SURNAME/><c1d:9/>里面只有定时点火装置。<c1d:1/>\n,"
<SURNAME/><c1d:9/>只是装着定时点火装置而已。<c1d:1/>
 || 
<SURNAME/><c1d:9/>只有定时点火装置。<c1d:1/>
 || 
<SURNAME/><c1d:9/>只有定时点火装置在里面。<c1d:1/>
 || 
<SURNAME/><c1d:9/>里面只有定时点火装置。<c1d:1/>
"
dup:c345810c6ebb,危险加尔拉,危险风暴
dup:a07e63b68347,罗宾古德费洛,罗宾好人
dup:7b1d6529581a,"
<SURNAME/><c1d:9/>空无一物。<c1d:1/>","
<SURNAME/><c1d:9/>什么都没有。<c1d:1/>
"
dup:dd15ea4c569f,波尔代热斯,骚灵
dup:3fc295b11d73,"
<SURNAME/>那么，为汝占卜之。<pause:15/>
<SURNAME/>阿姆阿姆阿姆…罗伊斯卡罗高级…<pause:15/>
<SURNAME/>水晶啊，映出此者之未来为佳…","
<SURNAME/>那么，为汝占卜。<pause:15/>
<SURNAME/>阿姆阿姆阿姆…罗伊斯卡罗高级…<pause:15/>
<SURNAME/>水晶啊，映出此人之未来为佳… || 
<SURNAME/>那么，让吾为汝占卜吧。<pause:15/>
<SURNAME/>嗯嗯嗯…路易斯·卡罗尔高级版…<pause:15/>
<SURNAME/>水晶啊，映出此人的未来吧…"
dup:7ba94a683271,"
<SURNAME/>胜利与达成…<pause:15/>此牌意指汝之金运UP。
<SURNAME/><pause:15/>此后片刻，汝之怀
<SURNAME/>将暖，可尽情豪游矣。","
<SURNAME/>胜利与达成…<pause:15/>此牌预示汝之金运UP，
<SURNAME/>意味于此。<pause:15/>此后片刻，汝之囊中
<SURNAME/>将暖，安享奢华可期。 || 
<SURNAME/>胜利与达成…<pause:15/>这张卡片意味着你的财运上升。<pause:15/>
<SURNAME/>此后一段时间，你的腰包会暖意融融，
<SURNAME/>可以轻松大手大脚地享受了。"
dup:f9e64ae3a54a,"
<SURNAME/>嗯…看见了…<pause:15/>此水晶映出
<SURNAME/>你的结局…嗯…<pause:15/>
<SURNAME/>这是…<pause:15/>The<SURNAME/>reason…","
<SURNAME/>嗯…看到了…<pause:15/>在这个水晶中，你的未来
<SURNAME/>映照出来…嗯…<pause:15/>
<SURNAME/>这是…<pause:15/>The<SURNAME/>reason… || 
<SURNAME/>嗯…看见了…<pause:15/>这水晶中，汝之结局
<SURNAME/>已映出…嗯…<pause:15/>
<SURNAME/>这是…<pause:15/>The<SURNAME/>reason…"
dup:5300058b230a,"
<SURNAME/>洞察力与知识之获得…<pause:15/>此牌意指取得经验值UP
<SURNAME/>。<pause:15/>此后片刻，
<SURNAME/>集中力增，可学更多事矣。","
<SURNAME/>洞察力与知识获取…<pause:15/>这张卡片意味着获得经验值上升。<pause:15/>
<SURNAME/>此后一段时间，专注力增强，
<SURNAME/>能学到更多东西。 || 
<SURNAME/>洞察力与知识获得…<pause:15/>此牌预示取得经验值UP，
<SURNAME/>意味于此。<pause:15/>此后片刻，
<SURNAME/>专注力增，可学更多。"
dup:81d27391d9b6,"
<SURNAME/>嗯…看见了…<pause:15/>此水晶映出
<SURNAME/>你的结局…嗯…<pause:15/>
<SURNAME/>这是…<pause:15/>The<SURNAME/>magician…","
<SURNAME/>嗯…看到了…<pause:15/>在这个水晶中，你的未来
<SURNAME/>映照出来…嗯…<pause:15/>
<SURNAME/>这是…<pause:15/>The<SURNAME/>magician… || 
<SURNAME/>嗯…看见了…<pause:15/>这水晶中，汝之结局
<SURNAME/>已映出…嗯…<pause:15/>
<SURNAME/>这是…<pause:15/>The<SURNAME/>magician…"
dup:44fc740cbfb4,"
<SURNAME/>此后片刻，汝之积极态度，
<SURNAME/>将唤起新感情萌芽与意志沟通，任何
<SURNAME/>谈判皆可圆滑推进矣。","
<SURNAME/>从今往后一段时间，汝的积极态度，
<SURNAME/>将唤起新感情的萌芽和意志的沟通，任何
<SURNAME/>交涉都能顺利推进吧。 || 
<SURNAME/>此后片刻，汝之积极态度，
<SURNAME/>将唤起新情愫与意志相通，任何
<SURNAME/>谈判皆可顺畅推进。"
dup:5f10707e3c1d,"
<SURNAME/>命运…<pause:15/>此牌意指汝之运気向上。
<SURNAME/><pause:15/>此后片刻，受幸运眷顾，
<SURNAME/>可度幸福之日矣。","
<SURNAME/>命运…<pause:15/>此卡预示汝之运势上升。<pause:15/>
<SURNAME/>从今往后，你将受幸运眷顾，
<SURNAME/>度过幸福时光。 || 
<SURNAME/>命运…<pause:15/>这张卡片意味着你的运气提升。<pause:15/>
<SURNAME/>此后一段时间，将受幸运眷顾，
<SURNAME/>能够度过幸福的日子。"
dup:fd2e3e6559fc,"
<SURNAME/>嗯…可见…<pause:15/>此水晶中，汝之行末
<SURNAME/>映出矣…嗯…<pause:15/>
<SURNAME/>此乃…<pause:15/>节制…","
<SURNAME/>唔…看到了…<pause:15/>在这水晶中，映出了你的未来…唔…<pause:15/>
<SURNAME/>这是…<pause:15/>节制… || 
<SURNAME/>嗯…看见了…<pause:15/>在这水晶中，汝的结局
<SURNAME/>映现出来…嗯…<pause:15/>
<SURNAME/>这是…<pause:15/>节制…"
dup:18270b879da4,"
<SURNAME/>静寂…<pause:15/>此牌意指，汝日复一日
<SURNAME/>度平凡时光。<pause:15/>
<SURNAME/>无甚好亦无甚坏…然此乃重要之事","
<SURNAME/>静寂…<pause:15/>此卡意味着，尔将如常度过
<SURNAME/>平凡时光。<pause:15/>
<SURNAME/>无甚可圈可点…然此乃重要之事 || 
<SURNAME/>静寂…<pause:15/>此卡意味着，汝将日复一日
<SURNAME/>度过平凡的时光。<pause:15/>
<SURNAME/>无可无不可…但那也是重要的事啊"
dup:9aec0d13f390,"
<SURNAME/>死与再生…<pause:15/>此牌意指，汝之运気下降。
<SURNAME/><pause:15/>此后片刻，为运所弃，
<SURNAME/>将度不幸之日矣。","
<SURNAME/>死与再生…<pause:15/>这张卡片意味着你的运气下降。<pause:15/>
<SURNAME/>此后一段时间，将被好运抛弃，
<SURNAME/>度过不幸的日子吧。 || 
<SURNAME/>死亡与重生…<pause:15/>此卡预示汝之运势下降。<pause:15/>
<SURNAME/>从今往后，你将失去运气，
<SURNAME/>度过不幸时光。"
dup:489915ff4db6,"
<SURNAME/>失乐…<pause:15/>此牌意指突然之别离。<pause:15/>
<SURNAME/>此后片刻，命运齿轮将二人分离，
<SURNAME/>任何谈判皆将受阻矣。","
<SURNAME/>失乐…<pause:15/>此卡意味着突然离别。<pause:15/>
<SURNAME/>从今往后，命运之轮将二人分离，
<SURNAME/>任何交涉皆将受阻。 || 
<SURNAME/>失乐…<pause:15/>此牌预示骤然而至的别离。<pause:15/>
<SURNAME/>此后命运之轮将令二人分离，
<SURNAME/>诸般交涉皆将受阻。"
dup:8db2d9e8ed89,"
<SURNAME/>嗯…看见了…<pause:15/>此水晶映出
<SURNAME/>你的结局…嗯…<pause:15/>
<SURNAME/>这是…<pause:15/>The<SURNAME/>moon…","
<SURNAME/>唔…看到了…<pause:15/>在这水晶中，映出了你的未来…唔…<pause:15/>
<SURNAME/>这是…<pause:15/>月亮… || 
<SURNAME/>嗯…看到了…<pause:15/>这水晶中映照出
<SURNAME/>你的未来…嗯…<pause:15/>
<SURNAME/>这是…<pause:15/>The<SURNAME/>moon…"
dup:e632400ff2d9,"
<SURNAME/>狂気…<pause:15/>此牌意指取得经验值Down。
<SURNAME/><pause:15/>此后片刻，胸中不宁
<SURNAME/>注意力散漫，<pause:15/>所学亦少矣。","
<SURNAME/>疯狂…<pause:15/>此卡预示经验值获取下降。<pause:15/>
<SURNAME/>从今往后，你将心神不宁，
<SURNAME/>注意力涣散，<pause:15/>所学甚少。 || 
<SURNAME/>疯狂…<pause:15/>这张卡片意味着获得经验值下降。<pause:15/>
<SURNAME/>此后一段时间，心中无法平静，
<SURNAME/>注意力涣散，<pause:15/>能学到的东西也会减少吧。"
dup:ef0a352cf4c4,"
<SURNAME/>嗯…我看见了…<pause:15/>在这水晶中，你的未来
<SURNAME/>映照出来…嗯…<pause:15/>
<SURNAME/>这是…<pause:15/>自我…<pause:15/>人的业障，自制心的薄弱…","
<SURNAME/>唔…看到了…<pause:15/>在这水晶中，映出了你的未来…唔…<pause:15/>
<SURNAME/>这是…<pause:15/>自我…<pause:15/>人之业，自制心衰退… || 
<SURNAME/>嗯…看到了…<pause:15/>这水晶中映照出
<SURNAME/>你的未来…嗯…<pause:15/>
<SURNAME/>这是…<pause:15/>Ego…<pause:15/>人心业障，自制崩坏…"
dup:765a40164b7a,"
<SURNAME/>这张牌预示你的财运下降。<pause:15/>
<SURNAME/>从今往后，你的钱包会变薄，
<SURNAME/>被迫过穷日子挨饿受苦。","
<SURNAME/>此卡意味着尔之财运下降。<pause:15/>
<SURNAME/>从今往后，囊中将羞涩，
<SURNAME/>贫苦度日，饱受饥馑之苦。 || 
<SURNAME/>此牌预示财运衰败。<pause:15/>
<SURNAME/>此后囊中羞涩，
<SURNAME/>贫寒度日饥肠辘辘。"
dup:05cb7d6443e9,"
<SURNAME/>您好，欢迎光临。
<SURNAME/>今天您想找什么样的香味呢？","
<SURNAME/>欢迎光临。
<SURNAME/>今日您需要何种芬芳？ || 
<SURNAME/>欢迎光临。
<SURNAME/>今日想寻何种香气?"
dup:74df8cf3e64c,"
<SURNAME/>哎呀…<pause:15/>
<SURNAME/>各位，似乎没有受伤，非常健康呢。<pause:15/>
<SURNAME/>应该不需要治疗吧。","
<SURNAME/>哎呀…<pause:15/>
<SURNAME/>各位似乎毫发无伤、健康得很。<pause:15/>
<SURNAME/>无需治疗呢。 || 
<SURNAME/>哎呀…<pause:15/>
<SURNAME/>诸位毫发无伤健康得很呢。<pause:15/>
<SURNAME/>无需治疗。"
dup:01ad6b8f612a,"
<SURNAME/>好的，那么…
<SURNAME/>各位一共1200日元…","
<SURNAME/>好的，那么…
<SURNAME/>共计1200日元… || 
<SURNAME/>好的，那么…
<SURNAME/>各位需支付1200日元…"
dup:3fc6f3e3ca32,"
<SURNAME/>没关系。
<SURNAME/>各位已经很健康了哦。","
<SURNAME/>不必了。
<SURNAME/>诸位已十分康健。"
dup:e27369947218,"
<SURNAME/>失礼了，但钱好像不够。
<SURNAME/>请下次再来。","
<SURNAME/>恕我直言，金额似乎不足。
<SURNAME/>请改日光临。 || 
<SURNAME/>抱歉，钱好像不够。
<SURNAME/>请下次再来。"
dup:ed4a6c015a30,"
<SURNAME/>期待您再次光临。","
<SURNAME/>恭候再次惠顾。"
dup:8e55ee992046,"
<SURNAME/>辛苦啦!
<SURNAME/>那么有什么事吗?","
<SURNAME/>辛苦了！
<SURNAME/>那么，有什么事吗？ || 
<SURNAME/>辛苦啦!
<SURNAME/>那么，有什么事吗? || 
<SURNAME/>辛苦啦！
<SURNAME/>那么，有什么事吗？"
dup:cd8b001bcba1,"
<SURNAME/>噗噗，之前应募的部分确认了吗?
<SURNAME/>领取在丽莎家，
<SURNAME/>确认中没中奖后再来吧。","
<SURNAME/>噗噗，之前应募的确认了吗?
<SURNAME/>领取是在丽莎家，
<SURNAME/>确认中没中奖后再来吧。 || 
<SURNAME/>噗噗，之前应募的部分确认了吗?
<SURNAME/>领取是在丽莎家，
<SURNAME/>确认中没中奖后再来吧。 || 
<SURNAME/>噗噗，之前报名的部分
<SURNAME/>确认了吗？领取是在丽莎酱家，
<SURNAME/>所以确认中没中奖后再来吧。 || 
<SURNAME/>噗噗，你确认过之前应征的结果了吗？
<SURNAME/>领取是在丽莎家，
<SURNAME/>所以确认中没中奖后再来吧。"
dup:1d387bcaf8d3,"
<SURNAME/>OK!<pause:30/>
<SURNAME/>…啊你一本都没有嘛。
<SURNAME/>佐富正商店有卖，买了再来吧。","
<SURNAME/>OK!<pause:30/>
<SURNAME/>…啊，你一本都没有啊。
<SURNAME/>在里见正那里有卖，买了再来吧。 || 
<SURNAME/>OK!<pause:30/>
<SURNAME/>…啊，你一本都没有嘛。
<SURNAME/>在サトミタダシ有卖，买了再来吧。 || 
<SURNAME/>OK！<pause:30/>
<SURNAME/>……喂，你一本都没有啊。
<SURNAME/>在佐富多田商店有卖，买了再来吧。 || 
<SURNAME/>好嘞！<pause:30/>
<SURNAME/>……等等，你一本都没带嘛。
<SURNAME/>先去里见书店买了再来吧～"
dup:50b9b160a9ad,"
<SURNAME/>OK!
<SURNAME/>嗯〜<keyitem:1/>本份呢。
<SURNAME/>那么领取就定在丽莎家吧。","
<SURNAME/>OK!
<SURNAME/>嗯~，<keyitem:1/>本份呢。
<SURNAME/>那么，领取就设在丽莎酱家吧。 || 
<SURNAME/>OK!
<SURNAME/>嗯~，<keyitem:1/>本份呢。
<SURNAME/>那，领取就设在丽莎家吧。 || 
<SURNAME/>OK！
<SURNAME/>嗯～<keyitem:1/>本对吧。
<SURNAME/>那奖品就送到丽莎家啦～ || 
<SURNAME/>OK！
<SURNAME/>嗯～，<keyitem:1/>本份呢。
<SURNAME/>那么，领取就设在丽莎家吧。"
dup:e40de3f2735a,"
<SURNAME/>收到!
<SURNAME/>那么我会好好应募的放心。
<SURNAME/>希望能中奖呢!","
<SURNAME/>收到!
<SURNAME/>那，我会好好应募的，放心吧。
<SURNAME/>希望能中奖呢! || 
<SURNAME/>收到！
<SURNAME/>我会好好申请的，放心吧。
<SURNAME/>要是中奖就好啦！ || 
<SURNAME/>收到！
<SURNAME/>那么，我会好好应征的，放心吧。
<SURNAME/>希望能中奖呢！ || 
<SURNAME/>收到！
<SURNAME/>那么，我会好好报名的，放心吧。
<SURNAME/>希望能中奖呢！"
dup:2564823a022f,"
<SURNAME/>收到!
<SURNAME/>那么想应募时再来吧。","
<SURNAME/>了解！
<SURNAME/>想申请的时候再来找我哦～ || 
<SURNAME/>收到!
<SURNAME/>那，想应募的时候再来吧。 || 
<SURNAME/>收到！
<SURNAME/>那么，想应征的时候再来吧。 || 
<SURNAME/>收到！
<SURNAME/>那么，想报名的时候再来吧。"
dup:a1ab0cbdafa4,"
<SURNAME/>悬赏啊，就是抽选送东西的那种。
<SURNAME/>寄送杂志的话，有一定概率
<SURNAME/>能获得道具。中奖了就幸运啦!","
<SURNAME/>悬赏啊，就是抽选送东西的那种。
<SURNAME/>寄送杂志的话，有一定概率
<SURNAME/>能获得物品。中奖了就幸运了！"
dup:bcbb4a6ed0dd,"
<SURNAME/>步骤是，在サトミタダシ购买悬赏杂志。
<SURNAME/>让我来应募。
<SURNAME/>在丽莎家领取这样。","
<SURNAME/>步骤是，在佐富多田商店购买悬赏杂志。
<SURNAME/>让我来应征。
<SURNAME/>在丽莎家领取，就是这样。"
dup:01f380177273,"
<SURNAME/>这里是规则!!<SURNAME/>首先应募一次一次来。
<SURNAME/>上次结果出来前不能下次应募。
<SURNAME/>为什么?因为就这样啦。","
<SURNAME/>规则在此!!<SURNAME/>首先应募一次一次来。
<SURNAME/>之前的抽奖结果出来前不能下次应募。
<SURNAME/>因为，就是这样的东西嘛。 || 
<SURNAME/>规则来啦！！<SURNAME/>首先每次限申请一回。
<SURNAME/>上次结果出来前不能申请下一次。
<SURNAME/>别问为什么～规矩如此嘛。 || 
<SURNAME/>这里是规则！！<SURNAME/>首先应征一次一次来。
<SURNAME/>在之前的抽奖结果出来之前，不能进行下一次应征。
<SURNAME/>因为，就是这样规定的。 || 
<SURNAME/>这里是规则！！<SURNAME/>首先报名
<SURNAME/>一次一次来。在之前的抽奖结果出来前
<SURNAME/>不能进行下一次。为什么？因为就是那样啊。"
dup:ac4b2c4c7ac2,"
<SURNAME/>最后结果出来前需要时间。
<SURNAME/>干等着不行不行。
<SURNAME/>要一个劲儿在地牢里走走。","
<SURNAME/>最后，出结果要等段时间。
<SURNAME/>干等着可不行。
<SURNAME/>使劲在迷宫里逛就对了！ || 
<SURNAME/>最后，结果出来之前需要一定时间。
<SURNAME/>光待着也不行不行。
<SURNAME/>要不停地在地牢里走走。 || 
<SURNAME/>最后，结果出来前
<SURNAME/>需要一定时间。干等着可不行不行。
<SURNAME/>要一个劲地在地牢里走走。 || 
<SURNAME/>最后，结果出来前需要一定时间。
<SURNAME/>干等着可不行不行。
<SURNAME/>要一个劲地走ダンジョン。"
dup:a238c8cf5b8c,"
<SURNAME/>剩下看毅力和运气!
<SURNAME/>不放弃梦想的你，
<SURNAME/>或许能拿稀有物品…","
<SURNAME/>剩下就看毅力和运气！
<SURNAME/>像你这样不放弃梦想的人，
<SURNAME/>说不定能拿到稀有道具呢… || 
<SURNAME/>剩下的就看耐心和运气了！
<SURNAME/>不放弃梦想的你，
<SURNAME/>或许能拿到稀有物品… || 
<SURNAME/>剩下的就靠毅力和运气了！
<SURNAME/>不放弃梦想的你，
<SURNAME/>或许能获得稀有物品… || 
<SURNAME/>接下来就看毅力和运气了！
<SURNAME/>只要你不放弃梦想，
<SURNAME/>或许能拿到稀有物品…"
dup:580eb94b1057,"
<SURNAME/>最新型的音响。
<SURNAME/>只有这个还干净。","
<SURNAME/>最新款的音响。
<SURNAME/>只有这个还保持干净。"
dup:efcbe5fa4460,"
<SURNAME/>嗨~欢迎光临~<pause:15/>
<SURNAME/>这里是 CD 商店，
<SURNAME/>吉佳·马齐欧!","
<SURNAME/>嗨，欢迎光临〜<pause:15/>
<SURNAME/>CD商店，
<SURNAME/>欢迎来到Giga Matchyo!"
dup:c92c87aa87f0,"
<SURNAME/>抱歉啦~CD 现在卖光啦~<pause:15/>
<SURNAME/>啥?<SURNAME/>周围架子上不是一堆?<pause:15/>
<SURNAME/>那都是摆设。所以抱歉啦~!!","
<SURNAME/>抱歉啦〜现在CD卖光了〜<pause:15/>
<SURNAME/>咦？<SURNAME/>你说周围架子上不是有很多吗？<pause:15/>
<SURNAME/>那些是装饰品。所以抱歉啦〜!!"
dup:f3e83af9dfa6,"
<SURNAME/>你真是太厉害啦米索~<pause:15/>
<SURNAME/>把这里的 CD 全都买走了。
<SURNAME/>感谢之至。万分感谢呢~","
<SURNAME/>你好厉害呀〜<pause:15/>
<SURNAME/>这里的CD，你全都买下了呢。
<SURNAME/>万分感谢。真心谢谢你〜"
dup:ba0893fe4d57,"
<SURNAME/>是~的。
<SURNAME/>谢谢你哦~<pause:15/>
<SURNAME/>感谢，感谢。","
<SURNAME/>好〜的。
<SURNAME/>谢谢啦〜<pause:15/>
<SURNAME/>感谢、感谢。"
dup:53aa5866d710,"
<SURNAME/>哇哦，Primo 专区这下卖光啦!!
<SURNAME/>多多承蒙惠顾哦~!
<SURNAME/>今后也请多多关照~♥","
<SURNAME/>哇〜哦，Primo区域这下售罄了!!
<SURNAME/>每次都非常感谢〜!
<SURNAME/>今后也请多关照〜♥"
dup:c1c8af3d233e,"
<SURNAME/>恭喜——!<SURNAME/>我自己恭喜自己——!
<SURNAME/>Secondo 专区也顺利完售啦~!
<SURNAME/>呜~呜，真是感激涕零呢。","
<SURNAME/>恭喜你！<SURNAME/>我也恭喜你！
<SURNAME/>Secondo区域也顺利售罄了〜!
<SURNAME/>呜〜呜，感激涕零啊。"
dup:8e102dedcf4b,"
<SURNAME/>不会吧!<SURNAME/>Terzo 专区也卖光了!
<SURNAME/>真开心呐~，我超开心呐!
<SURNAME/>谢谢你哦~","
<SURNAME/>哇哦!<SURNAME/>Terzo区，卖光了!
<SURNAME/>好开心呀～，我超开心的!
<SURNAME/>谢谢啦～"
dup:848fca6675ea,"
<SURNAME/>咦咦?<pause:15/><SURNAME/>Quarto 专区完售?<pause:15/>
<SURNAME/>感觉怎么有点太简单了…<pause:15/>
<SURNAME/>不过还是好开心米索~♥","
<SURNAME/>哎呀?<pause:15/><SURNAME/>Quarto区卖光了?<pause:15/>
<SURNAME/>总觉得，有点太突然了…<pause:15/>
<SURNAME/>不过还是好开心喵～♥"
dup:d0e1d9403e38,"
<SURNAME/>呵呵呵——!<SURNAME/>Quarto 专区，
<SURNAME/>居然完售了——!
<SURNAME/>真开心米索~♥","
<SURNAME/>呵呵呵!<SURNAME/>Quarto区，
<SURNAME/>卖光光啦!
<SURNAME/>好开心喵～♥"
dup:70f8f8752145,"
<SURNAME/>哎呀呀!<SURNAME/>Quinto 专区也卖光啦!?
<SURNAME/>这可是壮举呢~，简直壮举~
<SURNAME/>多亏了你!<SURNAME/>谢谢你米索~","
<SURNAME/>什、什么!<SURNAME/>Quinto区卖光了!?
<SURNAME/>这可是壮举呀～，对吧～
<SURNAME/>多亏了你!<SURNAME/>谢谢喵～"
dup:f14f10e1b683,"
<SURNAME/>刚才呢，刚才呢，
<SURNAME/>我亲眼见到了佐佐木<SURNAME/>银次先生本人!
<SURNAME/>呜呼呼，有点感动呢米索~","
<SURNAME/>刚才啊，刚才啊，
<SURNAME/>我亲眼看到那位佐佐木<SURNAME/>银次先生了！
<SURNAME/>呜呜呜呜，好感动啊～"
dup:c29c56ddaed1,"
<SURNAME/>喂喂，跟你在一起的金发女孩，
<SURNAME/>该不会是 MUSES 的丽莎吧?<pause:15/>
<SURNAME/>哇~是本尊，本尊!","
<SURNAME/>喂喂，和你在一起的金发女孩，
<SURNAME/>该不会是MUSES的丽莎小姐吧?<pause:15/>
<SURNAME/>哇～是真的，是真的!"
dup:d96fc3f2b1be,"
<SURNAME/>咦?<SURNAME/>不过其他人呢?<pause:15/>
<SURNAME/>没有那种人吧?<pause:15/>
<SURNAME/>咦…想不起来了~","
<SURNAME/>咦?<SURNAME/>但是其他成员呢?<pause:15/>
<SURNAME/>好像没有那样的孩子吧?<pause:15/>
<SURNAME/>奇怪…想不起来了～"
dup:8b5f86ab1234,"
<SURNAME/>唉…<pause:15/>因为那连续恐袭事件，
<SURNAME/>客人越来越少了…<pause:15/>
<SURNAME/>这算妨碍营业吧~","
<SURNAME/>唉…<pause:15/>因为那个连续恐怖袭击，
<SURNAME/>客人明显减少了…<pause:15/>
<SURNAME/>这算是妨碍生意吧～"
dup:05040e26d259,"
<SURNAME/>新开了 Secondo 专区哦。
<SURNAME/>嘛，世道虽然乱糟糟的~
<SURNAME/>偶尔听听音乐放松一下嘛~","
<SURNAME/>新准备了Secondo区哦。
<SURNAME/>嘛，虽然世道乱糟糟的～
<SURNAME/>偶尔听听音乐放松一下吧～"
dup:d29f1bb90031,"
<SURNAME/>喂，你觉得""In Lak'ech""怎么样?
<SURNAME/>那个是真的吗~<pause:15/>
<SURNAME/>嘛，我倒是无所谓啦~","
<SURNAME/>喂，你觉得イン・ラケチ怎么样?
<SURNAME/>那个是真的吗～<pause:15/>
<SURNAME/>嘛，我倒是无所谓啦～"
dup:31c338a2af70,"
<SURNAME/>客人，你来的真是时候呢。
<SURNAME/>正好新曲到货了。这次是 Terzo。<pause:15/>
<SURNAME/>来嘛，瞅一眼米索。","
<SURNAME/>客人，你来得真巧呀。
<SURNAME/>刚好新曲到了。这次是Terzo。<pause:15/>
<SURNAME/>来，看看喵。"
dup:dd159f925378,"
<SURNAME/>虽然街上这么乱，
<SURNAME/>又有新曲到货啦~<pause:15/>
<SURNAME/>终于连 Quarto 专区都开张啦~","
<SURNAME/>虽然街上这种时候，
<SURNAME/>但新曲又到货了哦～<pause:15/>
<SURNAME/>终于连Quarto区都建好了～"
dup:551f5e0d3cba,"
<SURNAME/>哎呀，最近新曲不停往店里寄，
<SURNAME/>盘点都好辛苦。<pause:15/>…总之又有新曲到货!<pause:15/>
<SURNAME/>Quinto 专区终于登场啦米索—","
<SURNAME/>真是的，最近新曲不断送来，
<SURNAME/>盘点都累死了。<pause:15/>…所以呢，又有新曲到货!<pause:15/>
<SURNAME/>终于Quinto区登场了喵～"
dup:581cfa31fc98,"
<SURNAME/>真奇怪呢~<pause:15/>
<SURNAME/>我们家有过隐藏 CD 吗~?<pause:15/>
<SURNAME/>不过实际上有就是有了…就是有呢~","
<SURNAME/>好奇怪呀～<pause:15/>
<SURNAME/>我们店有隐藏CD吗～?<pause:15/>
<SURNAME/>但是，实际上有…所以是有的呀～"
dup:767bf00a9b17,"
<SURNAME/>多谢光临~<pause:15/>
<SURNAME/>再来玩米索~","
<SURNAME/>谢谢啦～<pause:15/>
<SURNAME/>再来哦喵～"
dup:b590c5b0ed86,"
<SURNAME/>请投一百日元喵~♥
<SURNAME/>请投一百日元喵~♥
<SURNAME/>请投一百日元喵~♥","
<SURNAME/>放一百日元喵～♥
<SURNAME/>放一百日元喵～♥
<SURNAME/>放一百日元喵～♥ || 
<SURNAME/>放一百日元进来喵♥
<SURNAME/>放一百日元进来喵♥
<SURNAME/>放一百日元进来喵♥ || 
<SURNAME/>放一百日元进来喵～♥
<SURNAME/>放一百日元进来喵～♥
<SURNAME/>放一百日元进来喵～♥ || 
<SURNAME/>请投100日元喵～♥
<SURNAME/>请投100日元喵～♥
<SURNAME/>请投100日元喵～♥ || 
<SURNAME/>请投一百日元喵♥
<SURNAME/>请投一百日元喵♥
<SURNAME/>请投一百日元喵♥"
dup:69007853b217,"
<SURNAME/>啊~没带钱喵~♥
<SURNAME/>说谎是偷窃的开端喵~♥
<SURNAME/>后天再来喵~♥","
<SURNAME/>啊，没带钱喵♥
<SURNAME/>说谎是偷窃的开始喵♥
<SURNAME/>滚蛋喵♥ || 
<SURNAME/>啊，没带钱喵～♥
<SURNAME/>说谎是偷窃的开始喵～♥
<SURNAME/>别来了喵～♥ || 
<SURNAME/>啊，没有喵♥
<SURNAME/>说谎是偷窃的开始喵♥
<SURNAME/>前天来喵♥ || 
<SURNAME/>啊，没有带喵～♥
<SURNAME/>说谎是偷窃的开始喵～♥
<SURNAME/>后天来喵～♥ || 
<SURNAME/>啊，没有带钱喵～♥
<SURNAME/>说谎是偷窃的开始喵～♥
<SURNAME/>后天再来喵～♥"
dup:de7148332cee,"
<SURNAME/>感激涕零喵~♥<pause:15/>
<SURNAME/>竟投币二十次了喵~♥<pause:15/>
<SURNAME/>期待日后表现喵~♥","
<SURNAME/>感激喵〜♥<pause:15/>
<SURNAME/>已经放了20次100日元喵〜♥<pause:15/>
<SURNAME/>期待未来喵〜♥ || 
<SURNAME/>感激喵〜♥<pause:15/>
<SURNAME/>已经放了20次一百日元了喵〜♥<pause:15/>
<SURNAME/>期待未来喵〜♥ || 
<SURNAME/>感激喵～♥<pause:15/>
<SURNAME/>已经投了20次100日元了喵～♥<pause:15/>
<SURNAME/>期待今后喵～♥ || 
<SURNAME/>感激喵～♥<pause:15/>
<SURNAME/>已经放了20次一百日元了喵～♥<pause:15/>
<SURNAME/>期待今后喵～♥ || 
<SURNAME/>感激喵～♥<pause:15/>
<SURNAME/>已经放了20次一百日元喵～♥<pause:15/>
<SURNAME/>期待未来喵～♥"
dup:a8851b54468b,"
<SURNAME/>喵喵喵~♥<pause:15/>
<SURNAME/>居然投满五十次了喵~♥<pause:15/>
<SURNAME/>大哥真是阔气喵~♥","
<SURNAME/>喵喵喵〜♥<pause:15/>
<SURNAME/>居然已经放了50次100日元喵〜♥<pause:15/>
<SURNAME/>哥哥，真是大方喵〜♥ || 
<SURNAME/>喵喵喵〜♥<pause:15/>
<SURNAME/>居然已经放了50次一百日元了喵〜♥<pause:15/>
<SURNAME/>哥哥，真是大方喵〜♥ || 
<SURNAME/>喵喵喵～♥<pause:15/>
<SURNAME/>居然已经投了50次100日元了喵～♥<pause:15/>
<SURNAME/>哥哥，真是太大方了喵～♥ || 
<SURNAME/>喵喵喵～♥<pause:15/>
<SURNAME/>居然已经放了50次一百日元了喵～♥<pause:15/>
<SURNAME/>哥哥，真是大方喵～♥ || 
<SURNAME/>喵喵喵～♥<pause:15/>
<SURNAME/>居然已经放了50次一百日元喵～♥<pause:15/>
<SURNAME/>哥哥，真大方喵～♥"
dup:1259cd12e7a0,"
<SURNAME/>厉害喵~!<SURNAME/>厉害喵~!!<pause:15/>
<SURNAME/>已达八十次投币喵~♥<pause:15/>
<SURNAME/>莫非另有所图喵?","
<SURNAME/>厉害喵〜!<SURNAME/>厉害喵〜!!<pause:15/>
<SURNAME/>已经放了80次100日元喵〜♥<pause:15/>
<SURNAME/>有什么企图喵? || 
<SURNAME/>好厉害喵〜！<SURNAME/>好厉害喵〜！！<pause:15/>
<SURNAME/>已经放了80次一百日元了喵〜♥<pause:15/>
<SURNAME/>是不是有什么企图喵？ || 
<SURNAME/>好厉害喵～!<SURNAME/>好厉害喵～!!<pause:15/>
<SURNAME/>已经放了80次一百日元喵～♥<pause:15/>
<SURNAME/>有什么企图喵？ || 
<SURNAME/>好厉害喵～!<SURNAME/>好厉害喵～!!<pause:15/>
<SURNAME/>已经，投了80次100日元了喵～♥<pause:15/>
<SURNAME/>是不是有什么企图喵? || 
<SURNAME/>好厉害喵～!<SURNAME/>好厉害喵～!!<pause:15/>
<SURNAME/>已经，放了80次一百日元了喵～♥<pause:"
dup:28941414c7e2,"
<SURNAME/>此、此刻终来临喵…<pause:15/>
<SURNAME/>值得纪念的第一百次…<pause:15/>
<SURNAME/>积蓄已达万元喵~","
<SURNAME/>终、终于迎来这一刻了喵…<pause:15/>
<SURNAME/>值得纪念的，第100次…<pause:15/>
<SURNAME/>已经存了10000日元了喵〜 || 
<SURNAME/>终、终于迎来这一刻了喵…<pause:15/>
<SURNAME/>值得纪念的，第100次…<pause:15/>
<SURNAME/>已经攒了10000日元了喵～ || 
<SURNAME/>终、终于迎来这一刻了喵…<pause:15/>
<SURNAME/>值得纪念的，第100次…<pause:15/>
<SURNAME/>都攒到10000日元了喵～ || 
<SURNAME/>终、终于迎来这一刻喵…<pause:15/>
<SURNAME/>值得纪念的，第100次…<pause:15/>
<SURNAME/>已经存了10000日元喵～ || 
<SURNAME/>终、终于迎来这一刻喵…<pause:15/>
<SURNAME/>值得纪念的，第100次…<pause:15/>
<SURNAME/>已经攒了10000日元喵〜"
dup:fcc706d1282a,"
<SURNAME/>白拿这么多实在过意不去喵~<pause:15/>
<SURNAME/>特此献上<c1d:9/>熏香套装<c1d:1/>喵~<pause:15/>
<SURNAME/>请珍惜使用喵~♥","
<SURNAME/>白拿这么多实在不好意思喵〜<pause:15/>
<SURNAME/>所以特别送你礼物喵〜<pause:15/>
<SURNAME/><c1d:9/>香氛套装<c1d:1/>。要好好珍惜使用喵〜♥ || 
<SURNAME/>白拿这么多实在不好意思喵〜<pause:15/>
<SURNAME/>所以特别送礼物喵〜<pause:15/>
<SURNAME/><c1d:9/>香氛套装<c1d:1/>。要珍惜使用喵〜♥ || 
<SURNAME/>白拿这么多实在不好意思喵～<pause:15/>
<SURNAME/>所以特别送你礼物喵～<pause:15/>
<SURNAME/><c1d:9/>香薰套装<c1d:1/>。要珍惜使用喵～♥ || 
<SURNAME/>白拿这么多钱实在不好意思喵～<pause:15/>
<SURNAME/>所以特别送你礼物喵～<pause:15/>
<SURNAME/><c1d:9/>香薰套装<c1d:1/>。要好好使用喵～♥ || 
<SURNAME/>白白收到这么多实在不好意思喵～<pause:15/>
<SURNAME/>所以特别送个"
dup:10fcd6ac4483,"
<SURNAME/>多谢惠顾喵~♥","
<SURNAME/>谢谢喵♥ || 
<SURNAME/>谢谢喵～♥"
dup:cfcb9434d47b,"
<SURNAME/>…<pause:15/>小气鬼。","
<SURNAME/>…<pause:15/>小气。"
dup:5feae58b2c90,"
<SURNAME/>投一百元汪汪♥
<SURNAME/>投一百元汪汪♥
<SURNAME/>投一百元汪汪♥","
<SURNAME/>请投100日元汪～♥
<SURNAME/>请投100日元汪～♥
<SURNAME/>请投100日元汪～♥"
dup:7c1426ce3211,"
<SURNAME/>啊，没有汪汪♥
<SURNAME/>说谎是偷窃的开端汪汪♥
<SURNAME/>小哥，下次再来吧。","
<SURNAME/>啊，没有带钱汪～♥
<SURNAME/>说谎是偷窃的开始汪～♥
<SURNAME/>老兄，下次再来吧。"
dup:c2aa994af07f,"
<SURNAME/>汪!<pause:15/>
<SURNAME/>已经募到5000元了汪!<pause:15/>
<SURNAME/>汪德福!!","
<SURNAME/>汪!<pause:15/>
<SURNAME/>已经攒到5000日元了汪!<pause:15/>
<SURNAME/>汪～太棒了!!"
dup:2bc240f12738,"
<SURNAME/>汪!<pause:10/>
<SURNAME/>终于募到10000元了汪!<pause:15/>
<SURNAME/>这都多亏了小哥汪!!","
<SURNAME/>汪!<pause:10/>
<SURNAME/>终于募捐到10000日元了汪!<pause:15/>
<SURNAME/>这都多亏了哥哥汪!!"
dup:940ebe4eebb2,"
<SURNAME/>这是谢礼汪!<pause:15/>
<SURNAME/><c1d:9/>熏香套装。<c1d:1/><pause:15/>
<SURNAME/>而且各送2个礼物汪♥","
<SURNAME/>这是谢礼汪!<pause:15/>
<SURNAME/><c1d:9/>熏香套装。<c1d:1/><pause:15/>
<SURNAME/>而且每人送2个汪♥"
dup:d9f8b1449556,"
<SURNAME/>谢了汪♥","
<SURNAME/>谢谢汪♥"
dup:505e15e0c20e,"
命中率<c1d:5/><keyitem:0/><c1d:1/><SURNAME/>魔法防御<c1d:5/><keyitem:1/><c1d:1/>
回避率<c1d:5/><keyitem:2/><c1d:1/><SURNAME/>魔法攻击力<c1d:5/><keyitem:3/><c1d:1/>
魔法防御<c1d:5/><keyitem:4/><c1d:1/><SURNAME/>状态异常<c1d:5/><keyitem:5/><c1d:1/>","
命中率<c1d:5/><keyitem:0/><c1d:1/><SURNAME/>魔法防御<c1d:5/><keyitem:1/><c1d:1/>
回避率<c1d:5/><keyitem:2/><c1d:1/><SURNAME/>魔法攻击力<c1d:5/><keyitem:3/><c1d:1/>
魔法防御<c1d:5/><keyitem:4/><c1d:1/><SURNAME/>异常状态<c1d:5/><keyitem:5/><c1d:1/>"
dup:a306ff30c86f,"
<SURNAME/>本来今天应该和女朋友
<SURNAME/>去约会的…<pause:15/>
<SURNAME/>毕竟街上这个状态，连休息日都没有啊。","
<SURNAME/>本来今天该和女友
<SURNAME/>去约会的…<pause:15/>
<SURNAME/>但街上这状况，连休息日都没了。"
dup:18930d140829,"
<SURNAME/>听说在<c1d:13/>Giga Matchyo<c1d:1/>有<c1d:13/>隐藏CD<c1d:1/>，
<SURNAME/>我答应给她买的。<pause:15/>
<SURNAME/>嘛，不过不知道是不是真的有。","
<SURNAME/>听说在<c1d:13/>Giga Matchyo<c1d:1/>有<c1d:13/>隐藏CD<c1d:1/>，
<SURNAME/>我答应给她买的。<pause:15/>
<SURNAME/>不过，真有没有我可不知道。"
dup:15ef6731e59f,"
<SURNAME/>好了，差不多该回去巡逻了…
<SURNAME/>你也快点出去吧。
<SURNAME/>总之是禁止进入区域。","
<SURNAME/>好了，该回去巡逻了…
<SURNAME/>你也快出去吧。
<SURNAME/>毕竟这里是禁区。"
dup:d1a7ef4063b0,\n<SURNAME/>收集人们梦想之心到那种骷髅里，\n<SURNAME/>到底想引发什么？\n<SURNAME/>「纳维·奥林终结」是什么！？\n,"
<SURNAME/>用那髑髅收集人们的梦想之心，
<SURNAME/>究竟想干什么?
<SURNAME/>「纳维奥林终结」是什么!?
"
dup:f26343acd5ef,\n<SURNAME/>切…多管闲事…<pause:30/>\n<SURNAME/>就是这样，丽莎君。\n<SURNAME/>剩余时间不多，就请你和我跳一支舞吧!!\n,"
<SURNAME/>切…多管闲事…<pause:30/>
<SURNAME/>就是这么回事丽莎。
<SURNAME/>剩下时间不多，陪我跳支舞吧!!
"
dup:095d4f8cec80,"
<SURNAME/>………
","
<SURNAME/>………"
dup:0cbc21691302,\n<SURNAME/>我、我啊，是真怕我老爸…<pause:30/>\n<SURNAME/>从小时候就这样，被他那破嗓子一吼，\n<SURNAME/>整个人身体就僵住了呀〜,"
<SURNAME/>呜、老子就是怕老爸啊…<pause:30/>
<SURNAME/>从小被他那破锣嗓子一吼，
<SURNAME/>身体就僵住动不了啊〜 || 
<SURNAME/>老、老子啊，对老爸不行啊…<pause:30/>
<SURNAME/>从小时候起，被那个沙哑的声音一吼，
<SURNAME/>身体就僵住啦～"
dup:a8328758b75d,\n<SURNAME/>你问为什么?<SURNAME/>那个老爸啊，\n<SURNAME/>空手、柔道、卡波耶拉，合起来有18段欸?\n<SURNAME/>要是胆敢忤逆的话，会他被杀掉的!!,"
<SURNAME/>为啥呢?<SURNAME/>那个老爸啊，
<SURNAME/>空手、柔道、卡波耶拉，加起来18段呢?
<SURNAME/>要是反抗，会被杀掉的!! || 
<SURNAME/>你问为啥？<SURNAME/>告诉你啊，那老头可是
<SURNAME/>空手、柔道、卡波耶拉加起来18段啊！
<SURNAME/>敢反抗会被宰掉的啊!!"
dup:28463b5f4f48,"
<SURNAME/>呜、呜噗…
<SURNAME/>这、这味儿太冲了…<pause:15/>
<SURNAME/>闻…闻着要吐了…","
<SURNAME/>呜、呜噗…
<SURNAME/>太、太难受了…这个味道…<pause:15/>
<SURNAME/>闻…闻起来真糟…"
dup:1662eb25374e,"
<SURNAME/>啥？<SURNAME/>问这儿螃蟹味道咋样？
<SURNAME/>鬼知道啊!!<SURNAME/>老子最怕活物了!!
<SURNAME/>再说了，别问我啊!!","
<SURNAME/>啥?<SURNAME/>这里的螃蟹料理味道?
<SURNAME/>谁知道啊!!<SURNAME/>老子不擅长生物!!
<SURNAME/>再说了，别问我啊!!"
dup:4ebd598aad3f,"
<SURNAME/>华小路小姐…没事吧…<pause:15/>
<SURNAME/>该不会回后辈那儿去了…
<SURNAME/><c12/>，去和平餐厅看看呗？","
<SURNAME/>华小路小姐…没事吧…<pause:15/>
<SURNAME/>果然，是回后辈那里去了吗…
<SURNAME/><c12/>，去和平餐厅看看不?"
dup:d141806d762c,"
<SURNAME/>喂、喂，舞耶姐说得对啦。
<SURNAME/>去那个侦探事务所看看吧…<pause:15/>
<SURNAME/>再、再待这儿…老子要…","
<SURNAME/>喂、喂，舞耶姐说的对。
<SURNAME/>去那个侦探事务所看看吧…<pause:15/>
<SURNAME/>再、再待在这里…我…"
dup:e72a4d2729c8,"
<SURNAME/>每、每次都想说…<pause:10/>
<SURNAME/>没必要在这儿聊吧…呜呃…<pause:15/>
<SURNAME/>直接去姆大陆确认呗。<pause:15/>嗯？","
<SURNAME/>嘛、每次都在想…<pause:10/>
<SURNAME/>不在这里说也行吧…呜…<pause:15/>
<SURNAME/>去穆大陆直接确认吧。<pause:15/>嗯?"
dup:35c34a6abbbc,"
<SURNAME/>哎哟哟小姑娘气得青筋暴起啊…<pause:15/>
<SURNAME/>嘿，趁这偶像候补发飙前
<SURNAME/>赶紧溜去Giga商场吧。","
<SURNAME/>哎呀呀，妙龄少女气得青筋暴起啊…<pause:15/>
<SURNAME/>嘿，在这个偶像候补暴走之前，
<SURNAME/>去Giga Matchyo吧。"
dup:4527dffc58f0,"
<SURNAME/>哈？<SURNAME/>担心银子？<SURNAME/>开玩笑吧？
<SURNAME/>要动她的话，那帮人
<SURNAME/>早该动手了啦。","
<SURNAME/>哈?<SURNAME/>担心银古?<SURNAME/>开玩笑吧?
<SURNAME/>要是打算对银古做点什么，那些家伙
<SURNAME/>早就那么做了。"
dup:11e7a8d64f1c,"
<SURNAME/>呵呵，功夫女就是麻烦~<pause:15/>
<SURNAME/>冷静想想，坂上大楼是下一个目标这事，
<SURNAME/>连小孩子都懂好吧？","
<SURNAME/>呵呵呵，所以功夫娘才让人头疼啊。<pause:15/>
<SURNAME/>冷静想想，坂上大厦是下一个目标这种事，
<SURNAME/>连小孩都知道吧。"
dup:69faefa47fa3,"
<SURNAME/>靠，<pause:10/>
<SURNAME/>要是老子早点怀疑
<SURNAME/>微笑平坂…<pause:15/>就不会…","
<SURNAME/>可恶，<pause:10/>
<SURNAME/>要是我好好怀疑微笑平坂的话…<pause:15/>
<SURNAME/>就不会这样了…"
dup:5bb0d8e8a2ec,"
<SURNAME/>十年前…老、老爸的话，可能知道…<pause:15/>
<SURNAME/>不、不对…怎么可能…梦里的东西哪会…<pause:30/>
<SURNAME/>喂、喂，快走吧。","
<SURNAME/>10年前…老、老爸的话，应该知道些什么…<pause:15/>
<SURNAME/>不、不对，怎么可能…如果是梦的话不可能知道…<pause:30/>
<SURNAME/>喂、喂，快点走吧。"
dup:3e0c35558a2b,"
<SURNAME/>疼死…<pause:15/>我就说老爸能干掉
<SURNAME/>那帮武装分子，
<SURNAME/>结果立马挨拳头。生啥气啊？","
<SURNAME/>好痛…<pause:15/>我一说“要是老爸的话，应该也能打倒那帮武装集团吧”，
<SURNAME/>立刻就挨了一拳。生什么气啊？"
dup:62187e5e7e02,\n<SURNAME/>係咩!?(haime)，真的!?\n<SURNAME/>那个内裤番长，\n<SURNAME/>居然在老爸面前抬不起头!?,"
<SURNAME/>是吗!?(ハイメ)真的!?
<SURNAME/>那个内裤番长，
<SURNAME/>完全不听他老爸的话啊!? || 
<SURNAME/>真的吗!?(High me)真的!?
<SURNAME/>那个内裤番长，
<SURNAME/>完全不是老爸的对手吗!? || <SURNAME/>係咩！？真的假的！？ <SURNAME/>那个内裤番长， <SURNAME/>居然完全搞不定老爸！？ || \n<SURNAME/>係咩!?(hai me)，真的!?\n<SURNAME/>那个内裤番长，\n<SURNAME/>居然在老爸面前抬不起头!?"
dup:8d23e20f6c29,\n<SURNAME/>噗!!<SURNAME/>啊哈哈哈!!<pause:30/>\n<SURNAME/>有意思!!(jau5 ji3 si1)，好好笑!!<pause:30/>\n<SURNAME/>还说什么化妆练习〜?<SURNAME/>明明平时就总穿成那样!,"
<SURNAME/>噗!!<SURNAME/>啊哈哈哈!!<pause:30/>
<SURNAME/>有意思!!搞笑!!<pause:30/>
<SURNAME/>在练习变装啊?<SURNAME/>明明平时就那副德性! || <SURNAME/>噗!!<SURNAME/>啊哈哈哈!!<pause:30/> <SURNAME/>有意志!!笑死!!<pause:30/> <SURNAME/>练变装啊〜？<SURNAME/>明明天天这副打扮! || \n<SURNAME/>噗!!<SURNAME/>啊哈哈哈!!<pause:30/>\n<SURNAME/>有意思!!(yau ji si)，好好笑!!<pause:30/>\n<SURNAME/>还说什么化妆练习〜?<SURNAME/>明明平时就总穿成那样!"
dup:68f9f2ad058f,"
<SURNAME/>诶，舞耶姐喜欢螃蟹呀？
<SURNAME/>但螃蟹无口是啥？
<SURNAME/>因为吃螃蟹时大家都不说话才这么叫？","
<SURNAME/>哦，舞耶小姐喜欢螃蟹啊。
<SURNAME/>但是'蟹无口'是什么?
<SURNAME/>是因为吃螃蟹时大家都不说话才这么说的吗?"
dup:7a805c6b16c4,"
<SURNAME/>气死我了！<pause:15/>内裤番长那家伙，
<SURNAME/>擅自乱来，真是麻烦！<pause:15/>
<SURNAME/>待会儿绝对要让他请吃寿司。","
<SURNAME/>气死我了!(ケッヘイ)<pause:15/>内裤番长那家伙，
<SURNAME/>擅自暴走乱来。真是添乱啊!<pause:15/>
<SURNAME/>待会儿绝对要让他请吃寿司赔罪。"
dup:9495f5f788da,"
<SURNAME/>本丸公园和……<pause:15/>合点寿司和……<pause:15/>
<SURNAME/>和平餐厅和……<pause:15/>珠瑠璐占卜师……<pause:15/>
<SURNAME/>传闻灵通的人那里，我们都去过了吧？","
<SURNAME/>本丸公园和…<pause:15/>合点寿司和…<pause:15/>
<SURNAME/>和平餐厅和…<pause:15/>珠闲瑠吉普赛…<pause:15/>
<SURNAME/>传闻灵通人士的地方，都去过了吧?"
dup:4757b743650f,"
<SURNAME/>朝千雅和米波
<SURNAME/>知道假面党的事吗？","
<SURNAME/>阿佐美和米波
<SURNAME/>知道假面党的事吗?"
dup:ff01ee66b3e0,"
<SURNAME/>气死我了！真是那两个人！
<SURNAME/>擅自决定什么独唱部分！
<SURNAME/>这算什么事啊，真是的！","
<SURNAME/>气死我了!(ケッヘイ)那两人真是的!
<SURNAME/>擅自决定搞什么独奏部分!
<SURNAME/>这要怎么办啊，真是的!"
dup:3a0c88a39e3d,"
<SURNAME/>气死我了！<pause:15/>
<SURNAME/>荣吉那家伙，明明毫无根据！<pause:15/>
<SURNAME/>绝对，下一个目标是微笑平坂！","
<SURNAME/>气死我了!(ケッヘイ)<pause:15/>
<SURNAME/>荣吉那家伙也是，明明毫无根据!<pause:15/>
<SURNAME/>绝对，下一个目标是微笑平坂啦!"
dup:b6727318769f,"
<SURNAME/>为什么镇上的人要决定犯人呢。<pause:15/>
<SURNAME/>那样做只会更加不安，
<SURNAME/>真让人无语。","
<SURNAME/>为什么镇上的人要乱定犯人呢。<pause:15/>
<SURNAME/>做那种事只会让人更不安。
<SURNAME/>真是无语了。"
dup:3279c5542af7,"
<SURNAME/>国王那家伙，
<SURNAME/>现在在某个地方嘲笑我们吧……<pause:15/>
<SURNAME/><c13/>，我好不甘心！","
<SURNAME/>King那家伙，
<SURNAME/>现在是不是在哪儿笑话我们呢…<pause:15/>
<SURNAME/><c13/>，我好不甘心啊!"
dup:d116a022ee95,"
<SURNAME/><c13/>，舞耶小姐的作战，
<SURNAME/>能顺利吗？","
<SURNAME/><c13/>，舞耶小姐的作战，
<SURNAME/>能顺利吗?"
dup:ffc50e620a94,"
<SURNAME/>假面党游戏……<pause:15/>
<SURNAME/>呐，<c13/>你不记得吗？","
<SURNAME/>假面党游戏…<pause:15/>
<SURNAME/>呐，<c13/>不记得了吗?"
dup:518a0ae3492b,\n<SURNAME/>真是意外的弱点呢～\n<SURNAME/>到这种程度，已经是条件反射了。\n<SURNAME/>或者说，更接近动物的印随行为吧？,"
<SURNAME/>真是意外的弱点呢
<SURNAME/>到这份上，已经是条件反射了。
<SURNAME/>或者说，接近动物的'印随行为'吧? || 
<SURNAME/>真是意外的弱点呢
<SURNAME/>到这种程度，已经是条件反射了。
<SURNAME/>或者说，接近动物的“印随”吧？"
dup:b0e527b086d4,"
<SURNAME/>…<pause:30/>
<SURNAME/>咦？<SURNAME/>啊，没什么…<pause:30/>
<SURNAME/>没事的…","
<SURNAME/>…<pause:30/>
<SURNAME/>诶?<SURNAME/>啊，没什么…<pause:30/>
<SURNAME/>不要紧的… || 
<SURNAME/>……<pause:30/>
<SURNAME/>诶？<SURNAME/>啊，没什么……<pause:30/>
<SURNAME/>没事……"
dup:3b51686a0a1d,"
<SURNAME/>我对螃蟹没有抵抗力。
<SURNAME/>一开始吃就
<SURNAME/>停不下来。","
<SURNAME/>我对螃蟹毫无抵抗力。
<SURNAME/>一吃上就立刻
<SURNAME/>变成'蟹无口'的类型。"
dup:d86e95147bea,"
<SURNAME/>为了不让爸爸担心，
<SURNAME/>关于荣吉君的事，暂时先保密吧。","
<SURNAME/>免得让人担心，荣吉君的事，
<SURNAME/>还是先瞒着你父亲吧。"
dup:1af20fbe7aa8,"
<SURNAME/>确实如雪野所说，
<SURNAME/>那两个人可能和假面党有牵连
<SURNAME/>的可能性是有的……","
<SURNAME/>确实雪说得对，
<SURNAME/>那两人可能卷入了假面党
<SURNAME/>的可能性是有的呢…"
dup:ed3c43500ce9,"
<SURNAME/>丽莎，怎么了？<pause:15/>
<SURNAME/>在姆大陆遇到那两个人之后，
<SURNAME/>一直那个样子？","
<SURNAME/>丽莎，怎么了?<pause:15/>
<SURNAME/>在姆大陆遇到那两人后，
<SURNAME/>就一直那副样子?"
dup:888d66c30219,"
<SURNAME/>嗯，荣吉君说得对。<pause:15/>
<SURNAME/>为什么要让他们出道呢？<pause:15/>
<SURNAME/>如果知道那个原因的话……","
<SURNAME/>嗯，荣吉君说得对呢。<pause:15/>
<SURNAME/>为什么要让他们出道呢?<pause:15/>
<SURNAME/>要是能明白那个的话…"
dup:1ea8c08717dc,"
<SURNAME/>坂上大厦和微笑平坂啊……<pause:15/>
<SURNAME/>两个都是艾莉小姐说的方向。
<SURNAME/>只能去确认了吧……","
<SURNAME/>坂上大厦和微笑平坂啊…<pause:15/>
<SURNAME/>都是艾莉小姐说过的方位呢。
<SURNAME/>只能去确认了吧…"
dup:3185f36b19b4,"
<SURNAME/>多亏艾莉小姐，下一个目标是
<SURNAME/>梦崎区这件事已经知道了……<pause:15/>
<SURNAME/>问题是之后。","
<SURNAME/>多亏艾莉小姐，知道下一个目标
<SURNAME/>在梦崎区了…<pause:15/>
<SURNAME/>问题是之后呢。"
dup:07a4fd7c0649,"
<SURNAME/>嗯……雪野说得对。在后悔之前，
<SURNAME/>我们有必须做的事。<pause:15/>
<SURNAME/>必须阻止下一次的火灾。","
<SURNAME/>嗯…雪野说得对。在后悔之前，
<SURNAME/>我们有必须做的事。<pause:15/>
<SURNAME/>必须防止下一次火灾。"
dup:3b5b66df416e,\n<SURNAME/>所以呢？\n<SURNAME/>荣吉他老爸连他平时就这打扮\n<SURNAME/>都不知道吗!?,"
<SURNAME/>所以呢?
<SURNAME/>老爸，荣吉总是那副打扮，
<SURNAME/>你不知道吗!? || 
<SURNAME/>所以呢？
<SURNAME/>老爸，荣吉总是那副打扮，
<SURNAME/>你不知道吗!?"
dup:cf58d7aaf7cc,\n<SURNAME/>那他到底在哪里换衣服和化妆啊，\n<SURNAME/>那家伙…<pause:30/>\n<SURNAME/>该不会是在车站厕所里换吧？,"
<SURNAME/>那家伙到底在哪换衣服
<SURNAME/>还化妆啊…<pause:30/>
<SURNAME/>该不会是在车站厕所吧?"
dup:18335c55bb37,"
<SURNAME/>Toro推荐了那种
<SURNAME/>穿上去就能瘦的鞋子给我。<pause:15/>
<SURNAME/>但被他这么说，总觉得…","
<SURNAME/>托罗推荐给我一种穿着就能瘦的鞋子，
<SURNAME/>说是…<pause:15/>
<SURNAME/>但被他这么说，真是…"
dup:16e7cdd27e98,"
<SURNAME/>刚才老爸问我荣吉去哪了…
<SURNAME/>糊弄过去可费劲了。<pause:15/>
<SURNAME/>…等等，我干嘛说这些…","
<SURNAME/>刚才老爸问我荣吉去哪了，
<SURNAME/>糊弄过去可费劲了。<pause:15/>
<SURNAME/>…话说，为啥我要做这种事…"
dup:c91db2d5d669,"
<SURNAME/>面具、面具…<pause:15/>
<SURNAME/>这样接二连三牵扯到面具，
<SURNAME/>实在难以认为是偶然啊。","
<SURNAME/>面具、面具…<pause:15/>
<SURNAME/>这样接二连三牵扯到面具，
<SURNAME/>实在难说是偶然啊。"
dup:78ccf314a4a8,"
<SURNAME/>问了这么多，却没人知道，
<SURNAME/>反而奇怪呢。<pause:15/>
<SURNAME/>果然是在隐瞒吧?","
<SURNAME/>问了这么多，却没人知道，
<SURNAME/>反而奇怪吧。<pause:15/>
<SURNAME/>果然是在隐瞒吗?"
dup:b3db826a4983,"
<SURNAME/>说不定，那海报上的两人，
<SURNAME/>也以某种方式，
<SURNAME/>和假面党有关呢。","
<SURNAME/>说不定，那海报上的两人，
<SURNAME/>也以某种形式，
<SURNAME/>和假面党有关呢。"
dup:c0d2d4fe28a2,"
<SURNAME/>但是，那两人也是，
<SURNAME/>突然出道的类型吧。<pause:15/>
<SURNAME/>假面党的气息越来越浓了。","
<SURNAME/>但那两人，
<SURNAME/>也是突然出道的吧。<pause:15/>
<SURNAME/>假面党的气息越来越浓了。"
dup:b505657e32a4,"
<SURNAME/>荣吉那家伙，是不是太安静了?<pause:15/>
<SURNAME/>果然那家伙，
<SURNAME/>其实是在担心丽莎吧?","
<SURNAME/>荣吉那家伙，怎么异常安静?<pause:15/>
<SURNAME/>果然那家伙，
<SURNAME/>其实在担心丽莎吧?"
dup:c57e57a841a2,"
<SURNAME/>嘛，能把目标锁定在平坂区，
<SURNAME/>已经轻松多了吧。<pause:15/>
<SURNAME/>之后是二选一。这里就交给<c12/>了。","
<SURNAME/>嘛，能把目标锁定在平坂区，
<SURNAME/>已经轻松多了。<pause:15/>
<SURNAME/>接下来二选一。这里就交给<c12/>了。"
dup:85278140365a,"
<SURNAME/>我觉得Gold很可疑。
<SURNAME/>说这种话让大家混乱也不好，
<SURNAME/>还是由<c12/>决定吧。","
<SURNAME/>我觉得Gold可疑。
<SURNAME/>但说这种话让大家混乱也不好，
<SURNAME/>还是让<c12/>决定吧。"
dup:ad79c0fc2290,"
<SURNAME/>因为不安，
<SURNAME/>所以忍不住想知道犯人。
<SURNAME/>嘛，丽莎说的也有道理。","
<SURNAME/>因为不安，
<SURNAME/>想知道犯人想得不得了。
<SURNAME/>嘛，丽莎说的也有道理。"
dup:9b4ea476d400,"
<SURNAME/>大家，别再责备自己了。<pause:15/>
<SURNAME/>后悔什么也带来不了。","
<SURNAME/>大家，别再自责了。<pause:15/>
<SURNAME/>后悔什么也带不来。"
dup:26384f2b563e,"
<SURNAME/>你们，过去发生了什么?
<SURNAME/><c12/>也不记得了吗?","
<SURNAME/>你们过去发生了什么?
<SURNAME/><c12/>也记不清吗?"
dup:df453959e13a,"
<SURNAME/>这样啊，你是我们家傻儿子的朋友啊。
<SURNAME/>来来，吃吧吃吧!!
<SURNAME/>有好料进来啦!!","
<SURNAME/>是吗，小哥，是我家小子的朋友啊。
<SURNAME/>来来，吃吧吃吧!!
<SURNAME/>有好料哦!! || 
<SURNAME/>是吗，小哥，是我家蠢儿子的朋友啊。
<SURNAME/>来来，吃吧吃吧!!
<SURNAME/>有好材料哦!!"
dup:ad673a3e0dff,"
<SURNAME/>哦哦，欢迎光临!
<SURNAME/>谢谢来捧场。","
<SURNAME/>哦，欢迎!
<SURNAME/>谢谢光临。"
dup:bb267371b584,"
<SURNAME/>嘿，欢迎光临!!<pause:15/>
<SURNAME/>怎么样，喊得不错吧?
<SURNAME/>客人就该用心和灵魂来迎接。","
<SURNAME/>嘿，欢迎!!<pause:15/>
<SURNAME/>怎么样，招呼声不错吧?
<SURNAME/>客人就该这样用心和灵魂迎接。"
dup:f5069c94afc1,"
<SURNAME/>好嘞，欢迎光临!<pause:15/>
<SURNAME/>小哥，来得正好。
<SURNAME/>刚处理完新鲜的货。","
<SURNAME/>好嘞，欢迎!<pause:15/>
<SURNAME/>小哥，来得正好。
<SURNAME/>刚处理了新鲜的家伙。"
dup:670eb7e61d89,"
<SURNAME/>哦哦，欢迎光临。
<SURNAME/>抱歉，太吵了。
<SURNAME/>那边的客人突然发火了。","
<SURNAME/>哦，欢迎。
<SURNAME/>抱歉，有点吵。
<SURNAME/>那边的客人突然发飙了。"
dup:3497b6feeefe,"
<SURNAME/>嘿咿，欢迎光临！<pause:15/>
<SURNAME/>不管啥时候咱家都照常营业！
<SURNAME/>磨磨蹭蹭的话鱼可要臭掉啦！","
<SURNAME/>嘿，欢迎!<pause:15/>
<SURNAME/>无论何时我家都不休息营业!
<SURNAME/>悠闲的话鱼会烂掉!"
dup:d92742d592bf,"
<SURNAME/>哟，欢迎！<pause:15/>
<SURNAME/>这种时候还敢出门，胆子不小啊。
<SURNAME/>不过，年轻时不胡闹点可不行！","
<SURNAME/>哟，欢迎!<pause:15/>
<SURNAME/>这种时候还出门，胆子不小啊。
<SURNAME/>不，年轻时就该这么乱来!"
dup:43942fa39449,"
<SURNAME/>嘿咿，欢迎…<pause:15/>
<SURNAME/>哦，喂，怎么了？
<SURNAME/>全都一脸阴沉啊？","
<SURNAME/>嘿，欢迎…<pause:15/>
<SURNAME/>哦，喂，怎么了?
<SURNAME/>全员都一脸阴沉?"
dup:fc447352c910,"
<SURNAME/>嘿咿，欢迎光临！
<SURNAME/>哦呀，今天就两个人？<pause:15/>
<SURNAME/>小哥你也闲不住啊？","
<SURNAME/>嘿，欢迎光临！
<SURNAME/>哦呀，今天只有两个人吗？<pause:15/>
<SURNAME/>小哥你也太见外了吧？"
dup:eb23125ab098,"
<SURNAME/>噢，来得正好。
<SURNAME/>嘛，慢慢坐会儿再走吧。","
<SURNAME/>哦，来得正好。
<SURNAME/>嘛，慢慢坐会儿。"
dup:489afbd70c3d,"
<SURNAME/>嘿咿欢迎光临！
<SURNAME/>噢，小哥们没事啊！","
<SURNAME/>嘿，欢迎光临！
<SURNAME/>哦，小哥们没事啊！"
dup:59f10a826f04,"
<SURNAME/>今天的推荐是…<pause:15/>
<SURNAME/>全部啦…<pause:10/>全都是新鲜的海鲜哟!
<SURNAME/>来，下一个要点啥?","
<SURNAME/>今天的推荐是…<pause:15/>
<SURNAME/>全部啦…<pause:10/>每样都是新鲜的海味！
<SURNAME/>来，下一位要点啥？ || 
<SURNAME/>今天的推荐是…<pause:15/>
<SURNAME/>全部啦…<pause:10/>每样都是新鲜的海鲜!
<SURNAME/>来，下一个要点什么? || 
<SURNAME/>今天的推荐是…<pause:15/>
<SURNAME/>全部啦…<pause:10/>每样都是海鲜哦！
<SURNAME/>来，接下来要点啥？"
dup:d6c05c1b80ff,\n<SURNAME/>看来我家傻儿子给你添麻烦了啊!\n<SURNAME/>总之，请多关照他啊!!,"
<SURNAME/>我家傻儿子好像添麻烦了啊！
<SURNAME/>嘛，请多关照他啦！！ || 
<SURNAME/>我家那傻儿子好像给你们添麻烦啦！
<SURNAME/>嘛，还请多关照他啊！！"
dup:8bf810d4f76e,\n<SURNAME/>真是的，那小子啊，\n<SURNAME/>整天就知道到处鬼混。<pause:30/>\n<SURNAME/>我都担心他能不能继承我的衣钵啊。,"
<SURNAME/>真是的，说到那小子，
<SURNAME/>每天就知道闲逛。<pause:30/>
<SURNAME/>我都担心他能不能继承衣钵啊。 || 
<SURNAME/>真是的，那小子啊，
<SURNAME/>每天就知道瞎逛。<pause:30/>
<SURNAME/>我都担心他能不能继承家业呢。"
dup:8769e1e5aea9,\n<SURNAME/>嗯?<SURNAME/>荣吉的意愿?\n<SURNAME/>别说傻话，小哥!!\n<SURNAME/>儿子要继承老子的衣钵!<SURNAME/>这是自古就定好的规矩!,"
<SURNAME/>啥？<SURNAME/>荣吉的意愿？
<SURNAME/>别胡说八道，小哥！！
<SURNAME/>儿子继承老子的家业！<SURNAME/>天经地义的事！ || 
<SURNAME/>嗯？<SURNAME/>荣吉的意志？
<SURNAME/>别胡说八道了，小哥！！
<SURNAME/>儿子继承老子的衣钵！<SURNAME/>自古以来就定好的！"
dup:ed5bee060210,"
<SURNAME/>听说啊，七姊妹流行的怪病
<SURNAME/>好像也告一段落了。
<SURNAME/>小哥，太好了啊。","
<SURNAME/>听说七姊妹的怪病
<SURNAME/>也告一段落了。
<SURNAME/>小哥，太好了啊。"
dup:cce8fb6db55a,"
<SURNAME/>哦呀？
<SURNAME/>我家傻儿子想咋样？<pause:15/>
<SURNAME/>不一起吗？","
<SURNAME/>哦呀？
<SURNAME/>我家傻儿子想怎样？<pause:15/>
<SURNAME/>不一起吗？"
dup:18a6f4269a2c,"
<SURNAME/>今年春日山的学园祭，好像相当热闹啊。
<SURNAME/>那都是新学生会长的本事，
<SURNAME/>真了不起。<pause:15/>对吧荣吉！！","
<SURNAME/>今年春日山的学园祭真热闹啊。
<SURNAME/>听说都是新学生会长的本事，
<SURNAME/>真行。<pause:15/>对吧荣吉！！"
dup:60020d7e2f63,"
<SURNAME/>那个像肥皂名字的乐队，
<SURNAME/>好像已经在野外音乐堂开音乐会了。<pause:15/>
<SURNAME/>年纪轻轻就挺能干的嘛，对吧荣吉！","
<SURNAME/>那个像肥皂的乐队，
<SURNAME/>已经在野外音乐堂开音乐会了。<pause:15/>
<SURNAME/>年轻轻就有出息，对吧荣吉！"
dup:c9bfbc045fc4,"
<SURNAME/>听说有群人阻止了微笑平坂的火灾，
<SURNAME/>是吧？<pause:15/>哇，真了不起的家伙们。
<SURNAME/>是男人就该那样做，<pause:15/>对吧荣吉！","
<SURNAME/>听说有群人阻止了微笑平坂火灾，
<SURNAME/>是吧？<pause:15/>哇，真行的一群。
<SURNAME/>是男人就该那样，<pause:15/>对吧荣吉！"
dup:82e0c3422001,"
<SURNAME/>听说啊，这次连环恐怖袭击的犯人，
<SURNAME/>好像是五人组的恐怖分子！
<SURNAME/>混账东西！！","
<SURNAME/>听说，连续恐怖事件的犯人，
<SURNAME/>是五人组的恐怖分子！
<SURNAME/>开什么玩笑的一群家伙！！"
dup:5a079a20fe2a,"
<SURNAME/>刚才突然一群孩子跑进来，<pause:15/>
<SURNAME/>说肖像画上的五人组是跟假面党战斗的正义伙伴，
<SURNAME/>说完就走了。","
<SURNAME/>刚才孩子跑进来，<pause:15/>
<SURNAME/>说肖像画五人组是打假面党的正义伙伴，
<SURNAME/>说完就走了。"
dup:74f128f91b56,"
<SURNAME/>真是的，笼络孩子，厚脸皮的家伙。<pause:15/>
<SURNAME/>不过，受孩子喜欢的人不会是坏人。
<SURNAME/>我信了。信的是孩子们，不是五人组。","
<SURNAME/>收买孩子，真厚脸皮。<pause:15/>
<SURNAME/>但被孩子喜欢的没坏人吧。
<SURNAME/>我信他们。信孩子们。"
dup:3ef0bc4c96cf,"
<SURNAME/>喂喂，荣吉和那孩子咋了？<pause:15/>
<SURNAME/>一副被鬼附身的样子？<pause:15/>
<SURNAME/>出啥事了吗？","
<SURNAME/>哦哦，荣吉和那孩子怎么了？<pause:15/>
<SURNAME/>一副被附身的样子？<pause:15/>
<SURNAME/>出啥事了？"
dup:a426b0f8da80,"
<SURNAME/>真是的，荣吉那傻小子…
<SURNAME/>我要是离开这儿，谁来守店啊。
<SURNAME/>挺身而出战斗是长子的责任吧！","
<SURNAME/>真是，荣吉那傻小子…
<SURNAME/>我走了谁守店啊。
<SURNAME/>站前线战斗是长子责任吧！"
dup:1ad29c2c7d51,"
<SURNAME/>好嘞!
<SURNAME/>下次再来啊!","
<SURNAME/>好嘞！
<SURNAME/>下次再来啊！"
dup:3ae4e6afe13f,"
<SURNAME/>呀。又来了?
<SURNAME/>我今天也状态绝佳。
<SURNAME/>Not，没有饱腹感呢。","
<SURNAME/>呀。又来了?
<SURNAME/>我今天也状态绝佳。
<SURNAME/>Not，有点胀气呢。 || 
<SURNAME/>呀。又来了?
<SURNAME/>我今天也绝佳状态。
<SURNAME/>没有腹胀感呢。 || 
<SURNAME/>呀。又来了？
<SURNAME/>我今天也状态绝佳。
<SURNAME/>不，是饱腹感呢。"
dup:31a28d8985fc,"
<SURNAME/>不瞒你说，我是个厉害的销售员，
<SURNAME/>由于职业关系，对传闻很熟悉了。
<SURNAME/>现在被叫做'传闻屋'了。","
<SURNAME/>不瞒你说，我是个厉害的销售员，
<SURNAME/>但职业关系，对传闻很熟。
<SURNAME/>现在被叫做“传闻屋”了。 || 
<SURNAME/>不瞒你说，我是厉害销售员，
<SURNAME/>职业关系熟传闻。
<SURNAME/>现在叫“传闻屋”了。 || 
<SURNAME/>不瞒你说，我是顶尖销售员、
<SURNAME/>但职业关系，变得很熟悉传闻。
<SURNAME/>现在被叫作‘传闻屋’了。"
dup:63f5e6f2a8f3,"
<SURNAME/>传闻对销售很有用呢～
<SURNAME/>你要是听到什么传闻，一定要告诉我哦。
<SURNAME/>作为交换，我会提供我知道的传闻。","
<SURNAME/>传闻对销售很有用呢～
<SURNAME/>你要是听到什么有趣的传闻，一定要告诉我哦。
<SURNAME/>作为交换，我会提供我知道的传闻。 || 
<SURNAME/>传闻对销售有用呢~
<SURNAME/>你要是听到什么有趣的传闻，一定要告诉我哦。
<SURNAME/>作为交换，我会提供我知道的传闻。 || 
<SURNAME/>传闻对销售有用啊～
<SURNAME/>你有趣传闻要告诉我。
<SURNAME/>交换我提供知道的传闻。"
dup:61600789f804,"
<SURNAME/>当然好。
<SURNAME/>那，先告诉我那边的料吧。","
<SURNAME/>好啊。
<SURNAME/>那，先把你那边的料告诉我吧。 || 
<SURNAME/>当然可以。
<SURNAME/>那，先告诉我你那边的情报吧。 || 
<SURNAME/>当然好。
<SURNAME/>那，先告诉我那边的消息吧。"
dup:79298601ace3,\n<SURNAME/>嘿～<pause:30/>\n<SURNAME/>七姐妹的校长，突然长头发了?\n<SURNAME/>可能是向JOKER大人许愿了吧。,"
<SURNAME/>嘿～<pause:30/>
<SURNAME/>七姊妹的校长，突然长头发了?
<SURNAME/>可能是向小丑大人许愿了吧。 || 
<SURNAME/>诶～<pause:30/>
<SURNAME/>七姊妹学园的校长，突然长头发了？
<SURNAME/>是不是向小丑大人许愿了？ || 
<SURNAME/>诶～<pause:30/>
<SURNAME/>七姊妹的校长，突然长头发了？
<SURNAME/>可能是向小丑大人许愿了吧。"
dup:8d69196fcc92,\n<SURNAME/>那我的料是，你知道<c1d:13/>时间城<c1d:1/>这家店吗?\n<SURNAME/>那里也在卖<c1d:13/>真正的武器<c1d:1/>哦。\n<SURNAME/>不过，<c1d:13/>质量虽然很好，但也很昂贵<c1d:1/>呢。,"
<SURNAME/>那我的传闻是，<c1d:13/>时间城<c1d:1/>这家店你知道吗？
<SURNAME/>那里也在卖<c1d:13/>真武器<c1d:1/>哦。
<SURNAME/>只是，<c1d:13/>质量好但贵<c1d:1/>的样子。 || 
<SURNAME/>那我的情报是，<c1d:13/>时间城<c1d:1/>这家店你知道吗？
<SURNAME/>那里好像也在卖<c1d:13/>真武器<c1d:1/>哦。
<SURNAME/>不过，<c1d:13/>质量好但很贵<c1d:1/>呢。 || 
<SURNAME/>那我的消息是，<c1d:13/>时间城<c1d:1/>这家店你知道吗？
<SURNAME/>那里好像也在卖<c1d:13/>真武器<c1d:1/>哦。
<SURNAME/>不过，<c1d:13/>质量好但贵<c1d:1/>就是了。 || 
<SURNAME/>那我说个传闻，<c1d:13/>时间城<c1d:1/>这店你知道吗？
<SURNAME/>那里好像也卖<c1d:13/>真武器<c1d:1/>哦。
<SURNAME/>不过，<c1d:13/>质量好但贵<"
dup:26dd215e64ce,\n<SURNAME/>什么什么，七姐妹的钟楼…真的…<pause:15/>\n<SURNAME/>有幽灵出现?<SURNAME/>哇啊，我，对付不来怪谈题材啊。<pause:15/>\n<SURNAME/>赶紧把这边情报说完就结束吧。,"
<SURNAME/>什么什么，在七姊妹学园的钟楼…真…<pause:15/>
<SURNAME/>看到幽灵了？<SURNAME/>哇啊我，鬼故事不行啊。<pause:15/>
<SURNAME/>赶紧说完这边的信息就结束吧。 || 
<SURNAME/>什么什么，在七姊妹的钟楼…真…<pause:15/>
<SURNAME/>看到幽灵了？<SURNAME/>哇啊我，鬼故事不行啊。<pause:15/>
<SURNAME/>赶紧把这边情报说完就结束吧。 || 
<SURNAME/>什么什么，在七姊妹的钟楼…真的…<pause:15/>
<SURNAME/>看到幽灵了？<SURNAME/>哇啊我，鬼故事不行啊。<pause:15/>
<SURNAME/>赶紧把这边情报说完就结束吧。 || 
<SURNAME/>什么什么，在七姊妹的钟楼…真的…<pause:15/>
<SURNAME/>看到幽灵了？<SURNAME/>哇啊，我，恐怖故事不行啊。<pause:15/>
<SURNAME/>赶紧把这边情报说完就结束吧。"
dup:f505acabf28c,\n<SURNAME/>咦?<SURNAME/>渣高的内裤番长不当番长了?\n<SURNAME/>嗯…嘛，对同校学生是大新闻吧?\n<SURNAME/>好，也行。那就告诉你我这边的消息。,"
<SURNAME/>诶？<SURNAME/>渣校的内裤番长，不当番长了？
<SURNAME/>嗯…嘛，对同校的学生来说是大新闻吧？
<SURNAME/>嗯，好吧。那告诉你这边的情报。 || 
<SURNAME/>诶？<SURNAME/>渣校的内裤番长，不当番长了？
<SURNAME/>嗯…嘛，对同校的孩子是大新闻吧？
<SURNAME/>嗯，好吧。那告诉你这边的传闻。 || 
<SURNAME/>诶？<SURNAME/>渣校的内裤番长，不当番长了？
<SURNAME/>嗯…嘛，对同校的孩子来说是大新闻吧？
<SURNAME/>嗯，好吧。那我说这边的传闻。 || 
<SURNAME/>诶？<SURNAME/>渣校的番长，不当番长了？
<SURNAME/>嗯…嘛，对同校的孩子来说是大新闻吧？
<SURNAME/>嗯，好。那告诉你这边的消息。"
dup:9f48e8c51dcc,\n<SURNAME/>你知道港南区的<c1d:13/>海盗旗咖啡店<c1d:1/>吗?<pause:15/>\n<SURNAME/>那里在卖<c1d:13/>真正的武器<c1d:1/>哦。<pause:15/>\n<SURNAME/><c1d:13/>价格便宜，但质量不好<c1d:1/>呢。,"
<SURNAME/>港南区的<c1d:13/>乔利·罗杰<c1d:1/>这家咖啡店知道吗？<pause:15/>
<SURNAME/>那里在卖<c1d:13/>真武器<c1d:1/>的样子。<pause:15/>
<SURNAME/><c1d:13/>价格便宜，但质量不好<c1d:1/>的样子。 || 
<SURNAME/>港南区的<c1d:13/>乔利·罗杰<c1d:1/>这家咖啡店知道吗？<pause:15/>
<SURNAME/>那里好像也在卖<c1d:13/>真武器<c1d:1/>哦。<pause:15/>
<SURNAME/><c1d:13/>价格便宜，但质量不好<c1d:1/>就是了。 || 
<SURNAME/>港南区的<c1d:13/>乔利·罗杰<c1d:1/>这家咖啡店知道吗？<pause:15/>
<SURNAME/>那里好像卖<c1d:13/>真武器<c1d:1/>哦。<pause:15/>
<SURNAME/><c1d:13/>价格便宜，但质量不好<c1d:1/>呢。 || 
<SURNAME/>港南区的<c1d:13/>乔利罗杰<c1d:1/>这咖啡店知道吗"
dup:0d3083c52906,\n<SURNAME/>嘿～<pause:30/>\n<SURNAME/>七姐妹的大钟动了会有大事发生?\n<SURNAME/>那也太夸张了吧。,"
<SURNAME/>嘿～<pause:30/>
<SURNAME/>七姊妹的钟动了会发生大事？
<SURNAME/>那也太夸张了吧。 || 
<SURNAME/>诶～<pause:30/>
<SURNAME/>七姊妹学园的钟动了会发生大事？
<SURNAME/>那也太夸张了吧。 || 
<SURNAME/>诶～<pause:30/>
<SURNAME/>七姊妹的钟动了会发生大事？
<SURNAME/>那也太夸张了吧。"
dup:baa0232da6d6,\n<SURNAME/>那我也来分享个传闻。莲华台的<c1d:13/>ROSA-CANDIDA<c1d:1/>，\n<SURNAME/>有在卖<c1d:13/>真货防具<c1d:1/>哦。<pause:15/>\n<SURNAME/>据说<c1d:13/>价格适中，但质量不行<c1d:1/>呢。,"
<SURNAME/>那我的传闻。在莲华台的<c1d:13/>罗萨坎迪塔<c1d:1/>，
<SURNAME/>在卖<c1d:13/>真防具<c1d:1/>的传闻哦。<pause:15/>
<SURNAME/><c1d:13/>价格适中，但质量差<c1d:1/>的说法呢。 || 
<SURNAME/>那我的情报。在莲华台的<c1d:13/>罗萨坎迪塔<c1d:1/>，
<SURNAME/>有卖<c1d:13/>真防具<c1d:1/>的传闻哦。<pause:15/>
<SURNAME/><c1d:13/>价格适中，但质量差<c1d:1/>呢。 || 
<SURNAME/>那我的消息。在莲华台的<c1d:13/>罗萨·坎迪塔<c1d:1/>，
<SURNAME/>听说在卖<c1d:13/>真防具<c1d:1/>哦。<pause:15/>
<SURNAME/><c1d:13/>价格适中，但质量差<c1d:1/>就是了。 || 
<SURNAME/>那我说个传闻。在莲华台的<c1d:13/>罗萨坎迪塔<c1d:1/>，
<SURNAME/>有卖<c1d:13/>真防具<c1d:1/>的传闻哦。"
dup:946e5da1c9e0,\n<SURNAME/>咦?<SURNAME/>Zodiac有秘密俱乐部?\n<SURNAME/>说起来，听过那种传闻…\n<SURNAME/>原来如此…真的有啊。那轮到我啦。,"
<SURNAME/>诶？<SURNAME/>Zodiac有秘密俱乐部？
<SURNAME/>说起来，听过那样的传闻…
<SURNAME/>这样啊…真的有啊。那轮到这边了。 || 
<SURNAME/>诶？<SURNAME/>佐迪亚克有秘密俱乐部？
<SURNAME/>说起来，听过那样的传闻…
<SURNAME/>这样啊…真的存在啊。那轮到这边了。 || 
<SURNAME/>诶？<SURNAME/>佐迪亚克有秘密俱乐部？
<SURNAME/>说起来，我听过那样的传闻…
<SURNAME/>这样啊…真的存在啊。那轮到这边了。 || 
<SURNAME/>诶？<SURNAME/>黄道十二宫有秘密俱乐部？
<SURNAME/>说起来，听过那样的传闻…
<SURNAME/>这样啊…真的有啊。那轮到我了。"
dup:f93fee4e4aa3,\n<SURNAME/>嘿，渣高的新老大，原本是内裤番长\n<SURNAME/>的小弟啊…高中生世界也挺残酷的呢。\n<SURNAME/>好，那我的传闻也告诉你吧。,"
<SURNAME/>嘿，渣校的新头目，原来是内裤番长的
<SURNAME/>小弟啊…高中生的世界也真严酷呢。
<SURNAME/>好，那我的传闻也告诉你吧。 || 
<SURNAME/>诶，渣校的新头目，原来是内裤番长的
<SURNAME/>小弟啊…高中生的世界也真残酷呢。
<SURNAME/>好，那我也说说我的料。 || 
<SURNAME/>诶，渣校的新头目，原来是内裤番长的
<SURNAME/>手下啊…高中生的世界也挺残酷的嘛。
<SURNAME/>好，那我也告诉你我的情报吧。 || 
<SURNAME/>诶，渣校的新老大，原来是番长的
<SURNAME/>小弟啊…高中生的世界也真残酷呢。
<SURNAME/>好，那我也告诉你我的消息吧。"
dup:88f1c9ebf3da,\n<SURNAME/>青华区也有<c1d:13/>罗萨坎迪塔<c1d:1/>吧?\n<SURNAME/>那里在卖<c1d:13/>真货防具<c1d:1/>哦。\n<SURNAME/><c1d:13/>品质价格都普通<c1d:1/>据说。是定价吗?,"
<SURNAME/>青华区也有<c1d:13/>罗萨坎迪塔<c1d:1/>吧？
<SURNAME/>那里在卖<c1d:13/>真防具<c1d:1/>的样子。
<SURNAME/><c1d:13/>质量和价格都普通<c1d:1/>的样子。是定价的意思吗？ || 
<SURNAME/>青华区也有<c1d:13/>罗萨坎迪塔<c1d:1/>吧？
<SURNAME/>那里好像卖<c1d:13/>真防具<c1d:1/>哦。
<SURNAME/><c1d:13/>质量和价格都普通<c1d:1/>呢。是定价的意思吗？ || 
<SURNAME/>青华区也有<c1d:13/>罗萨坎迪塔<c1d:1/>对吧？
<SURNAME/>听说那里在卖<c1d:13/>真正的防具<c1d:1/>呢。
<SURNAME/><c1d:13/>品质和价格都很普通<c1d:1/>。就是定价货吧？ || 
<SURNAME/>青华区也有<c1d:13/>罗萨坎迪塔<c1d:1/>对吧？
<SURNAME/>那里好像卖<c1d:13/>真防具<c1d:1/>哦。
<SURNAME/><c1d:13/>质量和价格都普通<c1"
dup:5a355eab3311,\n<SURNAME/>咦?<SURNAME/>侦探事务所的招财猫\n<SURNAME/>会说话?<SURNAME/>哈哈，很有趣的传闻呢。\n<SURNAME/>那，来交换传闻吧。,"
<SURNAME/>咦？<SURNAME/>那个侦探事务所里的招财猫
<SURNAME/>会说话？<SURNAME/>哈哈，那也是个有趣的传闻呢。
<SURNAME/>那么，我们来交换传闻吧。 || 
<SURNAME/>诶？<SURNAME/>那个侦探事务所放的招财猫
<SURNAME/>会说话？<SURNAME/>哈哈，那也很有趣的传闻呢。
<SURNAME/>那，来交换传闻吧。 || 
<SURNAME/>诶？<SURNAME/>那个侦探事务所放的招财猫
<SURNAME/>会说话？<SURNAME/>哈哈，那也很有趣的料呢。
<SURNAME/>那，我们来交换传闻吧。 || 
<SURNAME/>诶？<SURNAME/>那家侦探事务所的招财猫
<SURNAME/>会说话？<SURNAME/>哈哈，这传闻有意思。
<SURNAME/>那咱们交换情报吧。"
dup:5314424ededb,\n<SURNAME/>港南区有家<c1d:13/>伦敦屋<c1d:1/>，\n<SURNAME/>那里连<c1d:13/>真货防具<c1d:1/>都做哦。<pause:15/>\n<SURNAME/>据说<c1d:13/>质量一般但价格便宜<c1d:1/>。,"
<SURNAME/>港南区有家<c1d:13/>伦敦屋<c1d:1/>，
<SURNAME/>据说连<c1d:13/>真防具<c1d:1/>都能订做哦。<pause:15/>
<SURNAME/><c1d:13/>质量一般但超便宜<c1d:1/>呢。 || 
<SURNAME/>港南区有家叫<c1d:13/>伦敦屋<c1d:1/>的店，
<SURNAME/>听说那里连<c1d:13/>真正的防具<c1d:1/>都能定制。<pause:15/>
<SURNAME/>虽然<c1d:13/>质量一般，但价格便宜<c1d:1/>哦。 || 
<SURNAME/>港南区有家叫<c1d:13/>伦敦屋<c1d:1/>的店，
<SURNAME/>据说那里甚至能定制<c1d:13/>真正的防具<c1d:1/>。<pause:15/>
<SURNAME/><c1d:13/>质量虽然一般，但价格便宜<c1d:1/>哦。 || 
<SURNAME/>港南区有家叫<c1d:13/>伦敦屋<c1d:1/>的店，
<SURNAME/>那里连<c1d:13/>真防具<c1d:1/>都定做的样子哦。<pause:1"
dup:07acf668b3b1,\n<SURNAME/>那到我说了。不是有个叫<c1d:13/>悬赏杂志<c1d:1/>的东西吗?\n<SURNAME/>我听说那个能抽中<c1d:13/>真的武器和稀有珍品<c1d:1/>哦。\n<SURNAME/><c1d:13/>虽然很难抽中，但是都很稀有<c1d:1/>呢。,"
<SURNAME/>我说个料：<c1d:13/>悬赏杂志<c1d:1/>知道吧？
<SURNAME/>据说能抽到<c1d:13/>真武器和珍品<c1d:1/>呢。
<SURNAME/><c1d:13/>中奖率超低但都是稀罕货<c1d:1/>哦 || 
<SURNAME/>那我的传闻。<c1d:13/>悬赏杂志<c1d:1/>你知道吧？
<SURNAME/>听说能抽中<c1d:13/>真正的武器和珍品<c1d:1/>哦。
<SURNAME/>虽然<c1d:13/>很难中奖但都是非常稀有的东西<c1d:1/>的传闻呢。 || 
<SURNAME/>那我的消息。<c1d:13/>悬赏杂志<c1d:1/>有吧？
<SURNAME/>据说能中<c1d:13/>真正的武器和珍品<c1d:1/>呢。
<SURNAME/><c1d:13/>虽然很少中奖但东西超稀有<c1d:1/>的传闻哦。 || 
<SURNAME/>那说我的料。<c1d:13/>悬赏杂志<c1d:1/>知道吧？
<SURNAME/>听说能抽到<c1d:13/>真家伙和珍品<c1d:1/>哦。
<SURNAME/><c1d:13/>"
dup:5108dcc1a4df,\n<SURNAME/>嘿~渣高的番长想组乐队，\n<SURNAME/>而且还非得自己当主唱?\n<SURNAME/>呵呵，我经常听说这事呢。,"
<SURNAME/>哦，渣校番长要组乐队啊。
<SURNAME/>然后主唱要自己来？
<SURNAME/>呵呵，这种话经常听到呢。 || 
<SURNAME/>哦，渣校的番长要组乐队啊。
<SURNAME/>然后，主唱非要自己来？
<SURNAME/>呵呵，这种故事，经常听说呢。 || 
<SURNAME/>嘿～渣校番长要组乐队啊。
<SURNAME/>还非要自己当主唱？
<SURNAME/>呵呵，这种事儿听多了～ || 
<SURNAME/>嚯？渣校番长要组乐队啊。
<SURNAME/>还非要自己当主唱？
<SURNAME/>呵呵，这种事儿见多了。"
dup:c68b23359dcd,\n<SURNAME/>嘛，虽是小道消息，\n<SURNAME/>既然你都告诉我了，那这次就算你免费。\n<SURNAME/>我把我知道的传闻也告诉你吧。,"
<SURNAME/>嘛，虽然是个本地消息，
<SURNAME/>但既然你告诉我了，这次就免费。
<SURNAME/>我也告诉你个消息吧。 || 
<SURNAME/>嘛，虽然是个本地的小传闻，
<SURNAME/>但难得你告诉我，这次就免费服务。
<SURNAME/>我也告诉你一个传闻吧。 || 
<SURNAME/>嘛，虽然是小道消息，
<SURNAME/>但看在你分享的份上破例。
<SURNAME/>这个情报免费送你啦。 || 
<SURNAME/>嘛～虽说是本地小料，
<SURNAME/>但你好心告诉我，这次特别服务。
<SURNAME/>这个传闻也告诉你吧。"
dup:7bc6e2a9277b,\n<SURNAME/><c1d:13/>穆大陆<c1d:1/>的游戏中心你知道吧?<pause:15/>\n<SURNAME/>那里其实是<c1d:13/>赌场<c1d:1/>哦。<pause:15/>\n<SURNAME/>听说有人靠玩<c1d:13/>老虎机赚了大钱<c1d:1/>呢。,"
<SURNAME/><c1d:13/>穆大陆<c1d:1/>游戏厅知道不？<pause:15/>
<SURNAME/>其实那儿是<c1d:13/>赌场<c1d:1/>啦。<pause:15/>
<SURNAME/>听说有人玩<c1d:13/>老虎机发大财<c1d:1/>哦。 || 
<SURNAME/><c1d:13/>穆大陆<c1d:1/>游戏厅知道吗？<pause:15/>
<SURNAME/>其实暗地里是<c1d:13/>赌场<c1d:1/>哦。<pause:15/>
<SURNAME/>听说有人<c1d:13/>玩老虎机暴富<c1d:1/>呢 || 
<SURNAME/>知道叫<c1d:13/>穆大陆<c1d:1/>的游戏中心吗？<pause:15/>
<SURNAME/>其实那里是<c1d:13/>赌场<c1d:1/>哦。<pause:15/>
<SURNAME/>据说有人在<c1d:13/>老虎机上大赚<c1d:1/>了一笔。 || 
<SURNAME/>知道叫<c1d:13/>穆大陆<c1d:1/>的游戏中心吗？<pause:15/>
<SURNAME/>其实那里，暗地"
dup:76903f21afa7,\n<SURNAME/>咦?<SURNAME/>假面党?<SURNAME/>没听说过。<pause:15/>\n<SURNAME/>叫党的话，是什么组织的名称吗?\n<SURNAME/>这城里有那种家伙?,"
<SURNAME/>咦？<SURNAME/>假面党？<SURNAME/>没听过这名字。<pause:15/>
<SURNAME/>党的话，是某个组织的名字吗？
<SURNAME/>那种家伙在这城市里？ || 
<SURNAME/>啥？<SURNAME/>假面党？<SURNAME/>没听过这名儿。<pause:15/>
<SURNAME/>叫'党'…是啥组织吗？
<SURNAME/>那帮人在这条街上？ || 
<SURNAME/>啥？<SURNAME/>假面党？<SURNAME/>没听过这名儿。<pause:15/>
<SURNAME/>叫'党'的话…是啥组织吗？
<SURNAME/>这帮人在这城里活动？"
dup:b0e068067d9a,\n<SURNAME/>这传闻厉害了，我得赶紧调查调查。<pause:15/>\n<SURNAME/>对了，那个在Peace Diner的女高中生\n<SURNAME/>可能知道点什么哦?<SURNAME/>你去问过了吗?,"
<SURNAME/>这料够猛，得赶紧核实。<pause:15/>
<SURNAME/>对了！和平餐厅那女高中生
<SURNAME/>说不定知道？<SURNAME/>问过没？ || 
<SURNAME/>这料超劲爆！得赶紧确认。<pause:15/>
<SURNAME/>对了！和平餐厅那女高中生
<SURNAME/>可能知道啥？<SURNAME/>问过没？ || 
<SURNAME/>那消息真棒，得赶紧去查查。<pause:15/>
<SURNAME/>对了，那个和平餐厅的女高中生
<SURNAME/>可能知道什么？<SURNAME/>你问过了吗？"
dup:6ed0a635fa5c,\n<SURNAME/>唔呼，我这边绝佳。新传闻一堆。<pause:15/>\n<SURNAME/>你那边怎么样?<SURNAME/>那要不拿我掌握的最新传闻\n<SURNAME/>跟你的交换一下？,"
<SURNAME/>呵呵，我这边超顺利的。最新八卦源源不断呢。<pause:15/>
<SURNAME/>你那边怎么样？<SURNAME/>要不，我的最新八卦
<SURNAME/>可以跟你交换哦。 || 
<SURNAME/>唔呵，我这儿情报爆棚呢。<pause:15/>
<SURNAME/>你咋样？<SURNAME/>要不拿我的新料
<SURNAME/>跟你交换？ || 
<SURNAME/>唔呵，我这儿行情超好～新料爆棚。<pause:15/>
<SURNAME/>你咋样？<SURNAME/>要不拿我最新传闻
<SURNAME/>跟你换也行哦～"
dup:a18746b8634c,\n<SURNAME/>唔呼呼，又有新传闻啦。\n<SURNAME/>你那边怎么样?<SURNAME/>有新消息了?\n<SURNAME/>那就来交换吧。,"
<SURNAME/>呵呵呵，又有新八卦进来了。
<SURNAME/>你那边怎么样？<SURNAME/>有新消息吗？
<SURNAME/>那我们就交换八卦吧。 || 
<SURNAME/>唔呵呵，又搞到新传闻啦。
<SURNAME/>你那边呢？<SURNAME/>有新货没？
<SURNAME/>有就跟我换呗。 || 
<SURNAME/>唔呵呵～又搞到新料啦。
<SURNAME/>你那边呢？<SURNAME/>有新货没？
<SURNAME/>有就跟我交换呗～"
dup:36df439039e9,\n<SURNAME/>虽然能听到各种各样的传闻是很开心了，但是\n<SURNAME/>像是武器啊防具啊这类危险话题也太多了，听都听烦了。\n<SURNAME/>既然能成传闻，难不成大家都想买武器吗?,"
<SURNAME/>听八卦是开心，但总是什么武器
<SURNAME/>防具的危险话题，真烦。
<SURNAME/>传这些…是大家都想要武器吗？ || 
<SURNAME/>听料是开心啦，但老是什么武器
<SURNAME/>防具的危险话题，烦死了。
<SURNAME/>传这些…大伙儿都想要家伙？ || 
<SURNAME/>能听到八卦是挺开心的，但老是武器
<SURNAME/>啊防具啊这些危险话题，真讨厌。
<SURNAME/>会变成传闻，说明大家都想要武器吗？"
dup:ab5d9fc3f16f,\n<SURNAME/>目前我知道的传闻就这些。\n<SURNAME/>有新消息的话\n<SURNAME/>再来交换吧。约好了哦。,"
<SURNAME/>我手头就这些料啦。
<SURNAME/>等有新情报，
<SURNAME/>再交换传闻。说定了～ || 
<SURNAME/>我现在知道的八卦就这些了。
<SURNAME/>等有新消息到手，
<SURNAME/>我们再交换八卦。说定了哦。 || 
<SURNAME/>现在我掌握的传闻，就这些了。
<SURNAME/>等再有什么新情报到手，
<SURNAME/>我们再交换传闻吧。说定了。 || 
<SURNAME/>现在我知道的传闻就这些了。
<SURNAME/>如果又搞到新情报，
<SURNAME/>就交换传闻吧。说定了。"
dup:0044fb405f65,\n<SURNAME/>行吧，\n<SURNAME/>那等你想听传闻的时候再来找我吧。\n<SURNAME/>我就一直坐在这儿吃鱼腩。,"
<SURNAME/>嗯。
<SURNAME/>那，想听八卦了再来吧。
<SURNAME/>我就一直在这儿吃鱼腩呢。 || 
<SURNAME/>是啊。
<SURNAME/>那，想听传闻的时候再来吧。
<SURNAME/>我会一直在这儿吃鱼腩的。 || 
<SURNAME/>是啊。
<SURNAME/>那，想听传闻的时候再来吧。
<SURNAME/>我就在这儿，一直吃着鱼腩呢。 || 
<SURNAME/>行。
<SURNAME/>想听传闻随时来，
<SURNAME/>老子就在这儿埋头啃鳕鱼边～"
dup:82a14bc8955b,\n<SURNAME/>那个大叔突然就阔绰起来了，\n<SURNAME/>可是他以前不还老哭穷说什么自己是万年小员工，\n<SURNAME/>工资少，而且还总念叨什么赤字螺旋吗?,"
<SURNAME/>那大叔，突然就阔气起来了。
<SURNAME/>明明一直抱怨自己是万年小职员，工资低，
<SURNAME/>入不敷出呢？ || 
<SURNAME/>那老头，突然就阔起来了。
<SURNAME/>明明一直抱怨万年小职员的低工资，入不敷出，
<SURNAME/>整天唉声叹气的不是？ || 
<SURNAME/>那边的老爹，突然就飞黄腾达了。
<SURNAME/>以前总抱怨自己是万年小职员，工资低，入不敷出。
<SURNAME/>整天唉声叹气的。"
dup:58764b1bb9e8,\n<SURNAME/>不过话说回来，虽然自己早就不是学生了，\n<SURNAME/>但是一到举办学园祭、城里热热闹闹的时候，\n<SURNAME/>自己还是会兴奋起来呢。,"
<SURNAME/>不过啊，就算我早不是学生了，
<SURNAME/>学园祭让街上热闹起来，
<SURNAME/>连我都跟着兴奋呢。 || 
<SURNAME/>不过啊，虽然学生时代早就结束了，
<SURNAME/>但学园祭让城市热闹起来的时候，
<SURNAME/>连我这边都跟着兴奋起来了呢。"
dup:32fcb994160e,\n<SURNAME/>听说即将出道的MUSES\n<SURNAME/>的几位成员都是高中生?<SURNAME/>学生本分是学习才对吧…<pause:15/>\n<SURNAME/>哎哟，现在说话都有点老人味了。,"
<SURNAME/>听说这次要出道的MUSES那帮孩子
<SURNAME/>是高中生？<SURNAME/>学生的本分是学习才对吧…<pause:15/>
<SURNAME/>哦，有点老气横秋了？ || 
<SURNAME/>听说，这次出道的MUSES那帮孩子是高中生？
<SURNAME/>学生的本分是学习吧…<pause:15/>
<SURNAME/>哎呀，有点太老爹腔了吗？"
dup:a002f00fcf33,\n<SURNAME/>臭老头，你又在胡说八道些什么了!\n<SURNAME/>很多人都因为那场纵火\n<SURNAME/>死掉了啊!<SURNAME/>再胡说小心我把你嘴缝上!,"
<SURNAME/>这老头，在胡说什么呢！
<SURNAME/>因为那场玩火，多少人受伤、死了啊！
<SURNAME/>要不要我把你那张嘴缝上！ || 
<SURNAME/>这老头，胡说什么呢!
<SURNAME/>就因为那场玩火，伤了多少人死了多少人
<SURNAME/>啊!<SURNAME/>想让我缝上你的嘴吗!"
dup:20e027ce18d0,\n<SURNAME/>妈的，这种时候不就该轮到警察和消防出场吗!\n<SURNAME/>结果倒好，他们自己先被干掉了，\n<SURNAME/>没有比这更丢人的了!,"
<SURNAME/>真是的，这种时候就该警察和消防上啊!
<SURNAME/>结果他们最先被干掉了，
<SURNAME/>太不像话了! || 
<SURNAME/>真是的，这种时候就该靠警察和消防啊!
<SURNAME/>结果他们先被干掉了，
<SURNAME/>太不像话了!"
dup:e126e6b9a923,\n<SURNAME/>真是的，那个当社长的大叔真有够顽固…<pause:15/>\n<SURNAME/>小孩子的话信一下又没坏处，\n<SURNAME/>所谓大人就该是心胸宽广的人啊。,"
<SURNAME/>真是的，那个社长先生也太顽固了…<pause:15/>
<SURNAME/>至少该相信孩子说的话吧。
<SURNAME/>大人就该是心胸宽广的人啊。 || 
<SURNAME/>真是的，那个社长大叔也太顽固了…<pause:15/>
<SURNAME/>孩子说的话信一下不就好了。
<SURNAME/>大人就该有宽广的胸怀啊。"
dup:81545eb57d75,\n<SURNAME/>小哥，你读了过那本《In Lak' ech》了吗?\n<SURNAME/>那本书该怎么说呢。<pause:15/>\n<SURNAME/>世道一乱就会出现这种荒唐的东西呢。,"
<SURNAME/>小哥也读了吗？
<SURNAME/>那本《In Lak'ech》啊。<pause:15/>
<SURNAME/>世道一乱，这种胡闹的书就冒出来了。 || 
<SURNAME/>小哥你也读了吗?
<SURNAME/>那本《イン・ラケチ》啊。<pause:15/>
<SURNAME/>世道一乱，这种书就冒出来了。"
dup:2b51969f3d9f,\n<SURNAME/>刚、刚才在那坐着的社长大叔，\n<SURNAME/>冲到外面去了。<pause:15/>\n<SURNAME/>难不成他要和那群家伙干架吗?,"
<SURNAME/>刚、刚才在那儿的社长大叔啊，
<SURNAME/>冲出去了。<pause:15/>
<SURNAME/>该不会是想跟那帮家伙干架吧? || 
<SURNAME/>刚、刚才还在那儿的社长先生，
<SURNAME/>冲到外面去了。<pause:15/>
<SURNAME/>难不成他打算和那帮家伙干一架?"
dup:1f04e392fe12,\n<SURNAME/>哇哈哈!<SURNAME/>我终于当上了梦寐以求的社长啦。\n<SURNAME/>工作什么的都交给部下干就好，然后大白天就像这样\n<SURNAME/>坐在这吃着寿司，真真切切感受到自己出息了呢!,"
<SURNAME/>哈哈!<SURNAME/>终于当上梦寐以求的社长了。
<SURNAME/>工作都交给手下，像这样大白天就吃着寿司，
<SURNAME/>真真切切感受到自己出息了啊! || 
<SURNAME/>嘎哈哈!<SURNAME/>终于当上梦寐以求的社长啦。
<SURNAME/>工作都丢给手下，大白天就吃寿司，
<SURNAME/>这才感觉出人头地了呢! || 
<SURNAME/>嘎哈哈!<SURNAME/>终于当上梦寐以求的社长啦。
<SURNAME/>工作都交给手下，像这样大白天就吃寿司，
<SURNAME/>真真切切感受到自己出息了呢!"
dup:bbe815847989,\n<SURNAME/>我都当上社长了，\n<SURNAME/>可不能再说那些小气吧唧的话了呀。<pause:15/>\n<SURNAME/>喂，老板，给我盛少点饭啊。哇哈哈!,"
<SURNAME/>毕竟我当上社长了，
<SURNAME/>可不能小气吧啦的。<pause:15/>
<SURNAME/>喂，老板。醋饭少点啊。嘎哈哈! || 
<SURNAME/>毕竟我当上社长了，
<SURNAME/>可不能小气巴拉的了。<pause:15/>
<SURNAME/>喂，老板。米饭少点啊。嘎哈哈!"
dup:e9ce8a48ed40,\n<SURNAME/>不过啊，本来想着都有社长的头衔了，\n<SURNAME/>要吃点生鱼片什么的奢侈一下，\n<SURNAME/>但自己的口味还是没变呢。<pause:15/>老板，来一份金枪鱼腩。,"
<SURNAME/>不过啊，既然挂上社长的头衔了，
<SURNAME/>本想吃点生鱼片拼盘什么的奢侈一下，
<SURNAME/>但口味还是没变呢。<pause:15/>老板，来份金枪鱼腩 || 
<SURNAME/>不过啊，既然有了社长头衔，
<SURNAME/>本该点些生鱼拼盘啥的摆摆谱，
<SURNAME/>可口味还是没变。<pause:15/>老板，来份金枪鱼腩"
dup:729d32cb1a81,\n<SURNAME/>哇哈哈哈。<pause:15/>听说渣高的学园祭\n<SURNAME/>要举办假面舞会呢。<pause:15/>\n<SURNAME/>现在的年轻人想法真是时髦啊。,"
<SURNAME/>嘎哈哈哈。<pause:15/>听说渣校的学园祭，
<SURNAME/>要办假面舞会呢。<pause:15/>
<SURNAME/>现在的年轻人想法真时髦啊。 || 
<SURNAME/>嘎哈哈哈。<pause:15/>听说渣校的学园祭，
<SURNAME/>要办假面舞会？<pause:15/>
<SURNAME/>现在的年轻人想法真时髦啊。"
dup:6a454ed6185f,"
<SURNAME/>假、假假、假面党?<pause:15/>
<SURNAME/>你、你在哪听说的…<pause:15/>啊，不不。
<SURNAME/>抱歉啊，那种名字我也不知道。","
<SURNAME/>假、假面党？<pause:15/>
<SURNAME/>你从哪儿听来这…<pause:15/>啊，不不。
<SURNAME/>抱歉啊，这名字我也不晓得。"
dup:a62b4f34e840,\n<SURNAME/>哇哈哈哈！<SURNAME/><pause:15/>没错，烧吧，烧吧。<pause:15/>\n<SURNAME/>JOKER大人给了我社长的地位，<SURNAME/>但我的心可还没满足呀。,"
<SURNAME/>嘎哈哈哈!<SURNAME/><pause:15/>对，烧起来吧。<pause:15/>
<SURNAME/>小丑大人给了我社长的地位，
<SURNAME/>但我的心却无法满足。 || 
<SURNAME/>嘎哈哈哈!<SURNAME/><pause:15/>烧吧烧吧。<pause:15/>
<SURNAME/>小丑大人给了我社长的地位，
<SURNAME/>可我的心还是空虚。"
dup:e34c37a461aa,\n<SURNAME/>不仅没满足，还越来越空虚！<pause:15/>\n<SURNAME/>都是因为这个社会太无聊了！\n<SURNAME/>把这个世界上的一切，全部烧光光就好啦！,"
<SURNAME/>不仅如此，反而更空虚了!<pause:15/>
<SURNAME/>都怪这社会太无聊!
<SURNAME/>这种世界，烧光拉倒! || 
<SURNAME/>不仅如此，反而更空虚了!<pause:15/>
<SURNAME/>都怪这社会太无聊了!
<SURNAME/>这种世界，烧光算了!"
dup:e3e90125393f,\n<SURNAME/>干嘛，微笑平坂本来就该被炸掉啊？\n<SURNAME/>为什么要阻止？<SURNAME/>你们对这种无聊的世界\n<SURNAME/>还有留恋吗？<SURNAME/>全部烧掉就好啦！,"
<SURNAME/>什么，微笑平坂本来也要爆炸的?
<SURNAME/>为什么阻止了?<SURNAME/>对这种无聊的世界，
<SURNAME/>还有什么留恋吗?<SURNAME/>全烧了多好! || 
<SURNAME/>什么，微笑平坂本该爆炸的?
<SURNAME/>为啥要阻止?<SURNAME/>对这种无聊世界
<SURNAME/>还有留恋吗?<SURNAME/>全烧了多好!"
dup:de2c97c0d876,\n<SURNAME/>那、那5个人居然是和假面党作对的“英雄”！<pause:15/>\n<SURNAME/>那不就是我们的敌人吗！\n<SURNAME/>我可没听说过有这么一群人在啊！,"
<SURNAME/>啊，那五个人是跟假面党战斗的英雄!<pause:15/>
<SURNAME/>那不就是我们的敌人吗!
<SURNAME/>可没听说有这种家伙啊! || 
<SURNAME/>啊，那五个人是跟假面党战斗的英雄!<pause:15/>
<SURNAME/>那不就是我们的敌人吗!
<SURNAME/>可没听说有这种家伙在啊!"
dup:bf4abc8cf903,\n<SURNAME/>In Lak'ech…哇哈哈哈，不是挺棒的吗。\n<SURNAME/>等这个无聊的地上世界灭亡了，我们就作为新人类\n<SURNAME/>踏上新的道路。这才是真正的理想啊。哇哈哈,"
<SURNAME/>In Lak'ech…嘎哈哈，太棒了。
<SURNAME/>这无聊的地上世界灭亡，我们作为新人类，
<SURNAME/>踏上新道路。这才是真正的理想。嘎哈哈 || 
<SURNAME/>《イン・ラケチ》…嘎哈哈哈，太棒了不是吗。
<SURNAME/>这无聊的地上世界灭亡，我们作为新人类，
<SURNAME/>踏上新的道路。这才是真正的理想啊。嘎哈哈"
dup:b5fac355c9bf,\n<SURNAME/>我是寿司爱好者同好会「寿司贵族」的成员，\n<SURNAME/>我们「寿司贵族」\n<SURNAME/>都把这里当作交换情报的场所。,"
<SURNAME/>我是寿司贵族成员的说。
<SURNAME/>寿司同好会“寿司贵族”，
<SURNAME/>把这儿当情报交换据点的说。 || 
<SURNAME/>我是寿司贵族的一员。
<SURNAME/>寿司爱好者同好会「寿司贵族」，
<SURNAME/>把这里当作情报交换的场所。 || 
<SURNAME/>我是寿司贵族的成员。
<SURNAME/>寿司爱好者同好会「寿司贵族」，
<SURNAME/>把这里当作情报交换的场所。"
dup:411f00437186,\n<SURNAME/>我这么说吧，\n<SURNAME/>我对寿司的材料和传闻的猛料超级热衷的，\n<SURNAME/>刚刚还从寿司公爵托罗先生那里听了些传闻呢。,"
<SURNAME/>不瞒你说，
<SURNAME/>我对寿司料和八卦最没抵抗力的说。
<SURNAME/>刚才还在听寿司男爵托罗先生的八卦的说。 || 
<SURNAME/>话说回来，我也是，
<SURNAME/>对寿司料和八卦消息特别热衷。
<SURNAME/>刚才还在向寿司男爵的金枪鱼先生打听传闻呢。 || 
<SURNAME/>话说回来，我自己也是，
<SURNAME/>对寿司配料和传闻话题毫无抵抗力。
<SURNAME/>刚才还在向寿司男爵的トロ先生打听传闻呢。"
dup:14dff04dde9f,\n<SURNAME/>据说白石拉面店的那位大婶，\n<SURNAME/>真的是俄罗斯的女间谍呢～,"
<SURNAME/>听说拉面白石的大妈，
<SURNAME/>真的是俄罗斯女间谍呢。 || 
<SURNAME/>听说拉面白石的老板娘，
<SURNAME/>真是俄罗斯女间谍的说呢。 || 
<SURNAME/>拉面白石的大妈，
<SURNAME/>听说真的是俄罗斯女间谍呢。"
dup:f9d9f3d21898,\n<SURNAME/>我还听说，她还在用那时的关系、\n<SURNAME/>通过俄罗斯的一些渠道搞来武器偷偷卖，\n<SURNAME/>而且还雇了保镖呢。,"
<SURNAME/>据说她利用当时的关系，
<SURNAME/>走私从俄国弄来的武器的说。
<SURNAME/>还雇了保镖的传闻的说。 || 
<SURNAME/>据说，她利用那时的关系，
<SURNAME/>通过俄罗斯走私武器来卖。
<SURNAME/>还雇了保镖呢。 || 
<SURNAME/>据说，她利用那时的关系，
<SURNAME/>通过俄罗斯走私武器来卖呢。
<SURNAME/>还雇了保镖的传闻。"
dup:3358e15cfd25,\n<SURNAME/>在学生群体里头，四处在传\n<SURNAME/>新头目比荣吉还弱的传闻呢…\n<SURNAME/>可是荣吉是谁？还有那个新头目又是谁啊？,"
<SURNAME/>在学生之间，传闻说新头目比荣吉还弱
<SURNAME/>到处都在传呢…
<SURNAME/>荣吉和那个新头目是谁啊？ || 
<SURNAME/>在学生之间，好像到处都在传闻新头目比荣吉弱…
<SURNAME/>那个荣吉啊、新头目啊，到底是谁啊？ || 
<SURNAME/>学生们之间都在传，新老大比荣吉还弱，
<SURNAME/>到处都这么说…
<SURNAME/>荣吉是谁？那个新老大又是谁啊？"
dup:09b8d90f3052,\n<SURNAME/>MUSES还藏着第三个人呢～\n<SURNAME/>对谜题感兴趣是人的天性。<pause:15/>\n<SURNAME/>真是高明的推销方式啊～,"
<SURNAME/>MUSES还在隐藏第三位成员呢。
<SURNAME/>对谜题感兴趣是人之常情。<pause:15/>
<SURNAME/>真是高明的营销手法呢。 || 
<SURNAME/>MUSES还藏着第三个人呢。
<SURNAME/>对谜团感兴趣是人之常情。<pause:15/>
<SURNAME/>真是高明的宣传手法啊。 || 
<SURNAME/>缪斯还在隐瞒第三个人呢。
<SURNAME/>人对谜题总是充满兴趣。<pause:15/>
<SURNAME/>这宣传手法真高明啊。"
dup:fd394aea80e1,\n<SURNAME/>第三人终于公布了，<pause:15/>\n<SURNAME/>遗憾的是因为是广播，所以只能听到声音，\n<SURNAME/>哎呀呀，好期待是什么样的孩子啊！,"
<SURNAME/>第三个人终于公布了。<pause:15/>
<SURNAME/>可惜是广播，只能听到声音，
<SURNAME/>不过，好期待是什么样的孩子啊! || 
<SURNAME/>第三个人终于公布了呢。<pause:15/>
<SURNAME/>可惜是广播，只能听到声音，
<SURNAME/>不过，好期待是什么样的女孩啊! || 
<SURNAME/>第三位成员终于公布了呢。<pause:15/>
<SURNAME/>可惜是通过广播，只能听到声音，
<SURNAME/>不过，还是很期待是什么样的孩子呢!"
dup:dfcb94d85422,\n<SURNAME/>针对一个传闻直接唱反调的传闻\n<SURNAME/>流传起来也挺少见的。<pause:15/>不过，如果有和假面党\n<SURNAME/>战斗的家伙在，那也挺有意思的。,"
<SURNAME/>一个传闻出现完全相反的传闻
<SURNAME/>也很少见呢。<pause:15/>但是，如果有和假面党战斗
<SURNAME/>的家伙，那也很有趣呢。 || 
<SURNAME/>一个传闻出现完全相反的传闻，
<SURNAME/>也挺少见的。<pause:15/>不过，如果有和假面党战斗
<SURNAME/>的家伙在，那也挺有意思的。 || 
<SURNAME/>一个传闻刚出，就有完全相反的传闻流传，
<SURNAME/>这还挺少见的。<pause:15/>不过，如果有和假面党
<SURNAME/>对抗的家伙，那也挺有意思的。"
dup:fb7c4e4e5cde,\n<SURNAME/>连环恐怖袭击之后是In Lak'ech吗？\n<SURNAME/>真是现实比传闻更离奇…<pause:15/>\n<SURNAME/>谁也说不准接下来还会发生什么啊。,"
<SURNAME/>连续恐怖袭击之后又是In Lak'ech吗？
<SURNAME/>真是现实比传闻更离奇啊…<pause:15/>
<SURNAME/>会发生什么完全预料不到呢。 || 
<SURNAME/>连续恐怖袭击之后是In Lak'ech吗。
<SURNAME/>真是现实比传闻更离奇…<pause:15/>
<SURNAME/>接下来会发生什么，真不知道啊。 || 
<SURNAME/>连续恐怖袭击之后是In Lak'ech呢。
<SURNAME/>真是现实比传闻更离奇…<pause:15/>
<SURNAME/>会发生什么，真不知道呢。"
dup:ba77767f7d96,\n<SURNAME/>那帮叫最终部队的家伙们\n<SURNAME/>好像装备着最新的传感器，\n<SURNAME/>就算我们躲起来也会立刻被发现的。,"
<SURNAME/>听说那个Last Battalion的家伙带着最新型
<SURNAME/>传感器，就算躲起来也会立刻
<SURNAME/>被他们发现位置呢。 || 
<SURNAME/>那个Last Battalion的家伙们，似乎有最新的
<SURNAME/>传感器，即使躲起来
<SURNAME/>也会立刻被发现呢。 || 
<SURNAME/>那个叫Last Battalion的家伙们，
<SURNAME/>好像有最新传感器，就算我们躲起来，
<SURNAME/>也能马上找到位置。"
dup:338b36b81ff1,\n<SURNAME/>听说在七姐妹学园\n<SURNAME/>有妖怪花子小姐出没。<pause:15/>\n<SURNAME/>果然那个妖怪是真实存在的吗？,"
<SURNAME/>听说在七姊妹学园，
<SURNAME/>有妖怪花子出现呢。<pause:15/>
<SURNAME/>果然那个妖怪是真实存在的吗? || 
<SURNAME/>听说在第七层，
<SURNAME/>会出现妖怪花子小姐。<pause:15/>
<SURNAME/>果然那个妖怪是真实存在的吗? || 
<SURNAME/>听说第七层会出现
<SURNAME/>妖怪花子呢。<pause:15/>
<SURNAME/>果然那妖怪是真的存在吗? || 
<SURNAME/>据说七姊妹学园会出现
<SURNAME/>花子妖怪呢。<pause:15/>
<SURNAME/>难道那妖怪真的存在吗？"
dup:38e1345a9ba6,\n<SURNAME/>你听说了吗？<SURNAME/>春日山高中有\n<SURNAME/>妖怪诡异酱出没哦。\n<SURNAME/>先是假面党，然后是这个，真是个热闹的学校啊。,"
<SURNAME/>听说了吗?<SURNAME/>在春日山高中
<SURNAME/>有妖怪诡异酱出现呢。
<SURNAME/>又是假面舞会，真是个热闹的学校呢。 || 
<SURNAME/>听说了吗?<SURNAME/>春日山高中有
<SURNAME/>妖怪布基米酱出没呢。
<SURNAME/>假面舞会也是，真热闹的学校哦。 || 
<SURNAME/>听说了吗？<SURNAME/>春日山高中好像会出没叫“恐怖子”的妖怪哦。
<SURNAME/>假面舞会也好，真是热闹的学校。 || 
<SURNAME/>听说了吗？<SURNAME/>春日山高中有
<SURNAME/>妖怪布基米酱会出现哦。
<SURNAME/>还有假面党，真是个热闹的学校呢。"
dup:cb542c3c68ae,\n<SURNAME/>据说在青华公园里，会有一个以前在那里饿死的\n<SURNAME/>偶像的幽灵出没。\n<SURNAME/>不过，偶像居然会饿死，真是惨无人道啊…,"
<SURNAME/>听说在青华公园，有以前在那里饿死的
<SURNAME/>偶像的幽灵出现呢。
<SURNAME/>但是偶像饿死，真是悲惨啊… || 
<SURNAME/>听说青华公园会出现
<SURNAME/>饿死在那里的偶像幽灵呢。
<SURNAME/>偶像居然饿死…太悲惨了… || 
<SURNAME/>青华公园有传闻说，会出现以前饿死在那的
<SURNAME/>偶像的幽灵呢。
<SURNAME/>但偶像饿死也太惨了… || 
<SURNAME/>青华公园里，据说有
<SURNAME/>以前在那里饿死的偶像的幽灵出现哦。
<SURNAME/>但是偶像饿死，真是悲惨啊…"
dup:0884909480a1,\n<SURNAME/>据说港南区的废弃工厂里，停着一辆\n<SURNAME/>被诅咒的出租车。虽然经常听说那里的坏传闻，\n<SURNAME/>但是被诅咒的出租车什么的还是很让人吃惊啊。,"
<SURNAME/>听说在港南区的废弃工厂，有诅咒出租车
<SURNAME/>停在那里呢。那里的坏传闻常听到，
<SURNAME/>但诅咒出租车真是让人惊讶呢。 || 
<SURNAME/>港南区废工厂停着辆
<SURNAME/>诅咒出租车呢。那儿坏传闻不少，
<SURNAME/>但诅咒出租车还是头回听说啊。 || 
<SURNAME/>港南区的废弃工厂里，据说停着
<SURNAME/>一辆诅咒的出租车哦。那里的坏传闻常听说，
<SURNAME/>但诅咒的出租车真是让人惊讶呢。 || 
<SURNAME/>港南区的废弃工厂，停着一辆
<SURNAME/>诅咒出租车呢。那儿的坏传闻常听说
<SURNAME/>但诅咒出租车真吓人哦。"
dup:bf1374647ac4,\n<SURNAME/>据说在废弃工厂里，停着一辆被诅咒的出租车，\n<SURNAME/>而且每晚都会去城里撞死人…\n<SURNAME/>真可怕啊。,"
<SURNAME/>听说在废弃工厂，有诅咒的私人出租车
<SURNAME/>停着。据说每晚都去城里
<SURNAME/>撞死人…真可怕呢。 || 
<SURNAME/>废工厂停着辆被诅咒的
<SURNAME/>私人出租车呢。据说每晚都去街上
<SURNAME/>撞死人…太可怕了。 || 
<SURNAME/>废弃工厂停着一辆
<SURNAME/>诅咒的私人出租车呢。据说每晚都去街上
<SURNAME/>撞死人…好可怕哦。 || 
<SURNAME/>废弃工厂里，据说停着
<SURNAME/>一辆诅咒的私人出租车哦。说是每晚都去
<SURNAME/>城里撞死人…真可怕呢。"
dup:ae5d9ef3fe14,\n<SURNAME/>不是有传闻说岩户山上有裂口女吗？\n<SURNAME/>我小时候也经常被老师吓唬说，如果绕远路的话\n<SURNAME/>就会被裂口女追赶的。,"
<SURNAME/>岩户山上有那个裂口女在，不是吗？
<SURNAME/>我小时候也常被老师吓唬，说如果绕道，
<SURNAME/>裂口女会追来。 || 
<SURNAME/>岩户山不是有裂口女吗？
<SURNAME/>我小时候也被老师吓唬：绕路的话
<SURNAME/>裂口女会追上来呢。 || 
<SURNAME/>岩户山有那个裂口女出没不是吗。
<SURNAME/>我小时候也常被老师吓唬，说乱逛的话
<SURNAME/>裂口女会追来呢。 || 
<SURNAME/>岩户山有那个裂口女在，不是吗?
<SURNAME/>我小时候也常被老师威胁说，如果绕路
<SURNAME/>裂口女会追来呢。"
dup:3b8f5229fbcd,\n<SURNAME/>呜呜…<pause:15/>我听到了超可怕的事情…<pause:15/>\n<SURNAME/>件…件…件在废工厂里…<pause:15/>\n<SURNAME/>啊啊，我再也不想回忆了！,"
<SURNAME/>呜呜…<pause:15/>听到个恐怖传闻…<pause:15/>
<SURNAME/>断…断头台…在废工厂…<pause:15/>
<SURNAME/>啊啊！不想再回忆了！ || 
<SURNAME/>呜呜…<pause:15/>听到了可怕的事…<pause:15/>
<SURNAME/>库…库丹的…库丹在废弃工厂…<pause:15/>
<SURNAME/>啊，再也不想回忆了! || 
<SURNAME/>呜呜…<pause:15/>听到了可怕的故事呢…<pause:15/>
<SURNAME/>橱…橱柜的…橱柜在废弃工厂…<pause:15/>
<SURNAME/>啊啊，再也不想回忆起来了呢! || 
<SURNAME/>呜呜…<pause:15/>听说了可怕的事…<pause:15/>
<SURNAME/>九…九段的…九段在废弃工厂…<pause:15/>
<SURNAME/>啊啊，再也不想回忆起来了！"
dup:d02540ad36b9,\n<SURNAME/>你知道千兆猛男音像店的隐藏CD吗？\n<SURNAME/>好像真有那种CD呢。<pause:15/>\n<SURNAME/>好想知道里面是什么曲子啊。,"
<SURNAME/>知道Giga Matchiyo的隐藏CD吗？
<SURNAME/>好像有那样的CD哦。<pause:15/>
<SURNAME/>真想听听里面有什么曲子呢。 || 
<SURNAME/>知道Giga Matchy的隐藏CD吗?
<SURNAME/>似乎有那样的CD呢。<pause:15/>
<SURNAME/>真想听听里面有什么曲子呢。 || 
<SURNAME/>知道Giga Match的隐藏CD吗？
<SURNAME/>好像真有这种CD呢。<pause:15/>
<SURNAME/>好想知道收录了什么曲子啊。 || 
<SURNAME/>知道Giga·Match的隐藏CD吗?
<SURNAME/>好像真有呢。<pause:15/>
<SURNAME/>好想听听里面是什么曲子哦"
dup:7bbecbb0a6d3,\n<SURNAME/>我听说莲华台的时间城在卖真武器，\n<SURNAME/>真是个危险的话题啊，\n<SURNAME/>不过品质和价格都普普通通就是了。,"
<SURNAME/>听说在莲华台的时间城，
<SURNAME/>在卖真正的武器哦。真是危险的话题呢。
<SURNAME/>据说价格和质量都普通。 || 
<SURNAME/>听说在莲华台的时间城，有卖真正的武器
<SURNAME/>呢。真是危险的话题呢。
<SURNAME/>据说品质和价格都普通呢。 || 
<SURNAME/>听说莲华台时间城在卖
<SURNAME/>真武器呢。真危险啊。
<SURNAME/>据说品质价格都普通。 || 
<SURNAME/>听说莲华台的时间城在卖真
<SURNAME/>武器呢。真危险哦。
<SURNAME/>品质和价格都普通呢。"
dup:352b907fdbed,\n<SURNAME/>我听说莲华台的时间城在卖真武器。\n<SURNAME/>真是个危险的话题啊。\n<SURNAME/>据说品质很好，不过价格也很贵就是了。,"
<SURNAME/>听说在莲华台的时间城在卖真武器
<SURNAME/>是啊。真是危险的话题呢。
<SURNAME/>据说品质好但价格高。 || 
<SURNAME/>听说在莲华台的时间城，有卖真正的武器
<SURNAME/>呢。真是危险的话题呢。
<SURNAME/>据说品质好但价格高呢。 || 
<SURNAME/>听说莲华台时间城在卖
<SURNAME/>真武器呢。真危险啊。
<SURNAME/>据说品质好但价格高。 || 
<SURNAME/>听说莲华台的时间城在卖真
<SURNAME/>武器呢。真危险哦。
<SURNAME/>品质好但价格高呢。"
dup:b0a68d64b647,\n<SURNAME/>我听说莲华台的时间城在卖真武器。\n<SURNAME/>真是个危险的话题啊。\n<SURNAME/>据说价格很便宜，不过品质很一般就是了。,"
<SURNAME/>听说在莲华台的时间城在卖真武器
<SURNAME/>是啊。真是危险的话题呢。
<SURNAME/>据说价格便宜但品质一般。 || 
<SURNAME/>听说在莲华台的时间城，有卖真正的武器
<SURNAME/>呢。真是危险的话题呢。
<SURNAME/>据说价格便宜但品质一般呢。 || 
<SURNAME/>听说莲华台时间城在卖
<SURNAME/>真武器呢。真危险啊。
<SURNAME/>据说价格便宜但品质一般。 || 
<SURNAME/>听说莲华台的时间城在卖真
<SURNAME/>武器呢。真危险哦。
<SURNAME/>价格便宜但品质一般呢。"
dup:04ec6c3afcda,\n<SURNAME/>听说梦崎区的托尼的店\n<SURNAME/>在卖真武器呢。\n<SURNAME/>种类齐全，但回收价特别低就是了。,"
<SURNAME/>听说在梦崎区的Tony的店，
<SURNAME/>有卖真正的武器呢。
<SURNAME/>据说品种齐全但回收价格低呢。 || 
<SURNAME/>听说在梦崎区的托尼的店
<SURNAME/>在卖真武器呢。
<SURNAME/>品种齐全但回收价低。 || 
<SURNAME/>听说梦崎区Tony's店
<SURNAME/>在卖真武器呢。
<SURNAME/>品种全但回收价低。 || 
<SURNAME/>听说梦崎区的托尼店
<SURNAME/>在卖真武器呢。
<SURNAME/>品种多但回收价低哦。"
dup:0d0160329a66,\n<SURNAME/>听说梦崎区的托尼的店\n<SURNAME/>在卖真武器呢。\n<SURNAME/>价格便宜，但质量不行就是了。,"
<SURNAME/>听说在梦崎区的Tony的店，
<SURNAME/>有卖真正的武器呢。
<SURNAME/>据说价格便宜但质量不好呢。 || 
<SURNAME/>听说在梦崎区的托尼的店
<SURNAME/>在卖真武器呢。
<SURNAME/>价格便宜但品质不好。 || 
<SURNAME/>听说梦崎区Tony's店
<SURNAME/>在卖真武器呢。
<SURNAME/>价格便宜但质量差。 || 
<SURNAME/>听说梦崎区的托尼店
<SURNAME/>在卖真武器呢。
<SURNAME/>价格便宜但质量差哦。"
dup:2a923e5ec41f,\n<SURNAME/>听说梦崎区的托尼的店\n<SURNAME/>在卖真武器呢。\n<SURNAME/>品质和价格都普普通通就是了。,"
<SURNAME/>听说在梦崎区的Tony的店，
<SURNAME/>有卖真正的武器呢。
<SURNAME/>据说品质和价格都还算普通呢。 || 
<SURNAME/>听说在梦崎区的托尼的店
<SURNAME/>在卖真武器呢。
<SURNAME/>品质和价格都算普通。 || 
<SURNAME/>听说梦崎区Tony's店
<SURNAME/>在卖真武器呢。
<SURNAME/>品质价格都算普通。 || 
<SURNAME/>听说梦崎区的托尼店
<SURNAME/>在卖真武器呢。
<SURNAME/>品质和价格都还行哦。"
dup:4259e538eb63,\n<SURNAME/>听说梦崎区的托尼的店\n<SURNAME/>在卖真武器呢。\n<SURNAME/>品质不错，但价格也很高就是了。,"
<SURNAME/>听说在梦崎区的Tony的店，
<SURNAME/>有卖真正的武器呢。
<SURNAME/>据说品质好但价格高呢。 || 
<SURNAME/>听说在梦崎区的托尼的店
<SURNAME/>在卖真武器呢。
<SURNAME/>品质好但价格高。 || 
<SURNAME/>听说梦崎区Tony's店
<SURNAME/>在卖真武器呢。
<SURNAME/>品质好但价格高。 || 
<SURNAME/>听说梦崎区的托尼店
<SURNAME/>在卖真武器呢。
<SURNAME/>品质好但价格高哦。"
dup:4eb4b6f7b467,\n<SURNAME/>据说港南区的海盗旗咖啡店\n<SURNAME/>好像在卖真武器呢。\n<SURNAME/>不过品质和价格都普普通通就是了。,"
<SURNAME/>在港南区的Jolly Roger，
<SURNAME/>似乎有卖真正的武器呢。
<SURNAME/>据说品质和价格都还算普通呢。 || 
<SURNAME/>在港南区的乔利罗杰
<SURNAME/>好像在卖真武器哦。
<SURNAME/>质量和价格据说还算普通。 || 
<SURNAME/>港南区Jolly Roger
<SURNAME/>在卖真武器呢。
<SURNAME/>品质价格都算普通。 || 
<SURNAME/>港南区的快乐罗杰
<SURNAME/>似乎在卖真武器呢。
<SURNAME/>品质和价格都算普通。"
dup:e549559022ad,\n<SURNAME/>据说港南区的海盗旗咖啡店\n<SURNAME/>好像在卖真武器呢。\n<SURNAME/>虽然品质一般，但价格还挺合适就是了。,"
<SURNAME/>在港南区的Jolly Roger
<SURNAME/>好像在卖真武器哦。
<SURNAME/>质量虽然一般，但听说价格很实惠的说。 || 
<SURNAME/>在港南区的乔利罗杰
<SURNAME/>好像在卖真武器哦。
<SURNAME/>质量虽然一般，但价格据说很实惠。 || 
<SURNAME/>港南区Jolly Roger
<SURNAME/>在卖真武器呢。
<SURNAME/>品质一般但价格实惠。 || 
<SURNAME/>港南区的快乐罗杰
<SURNAME/>似乎在卖真武器呢。
<SURNAME/>品质一般但价格实惠。"
dup:cc6123d0d6df,\n<SURNAME/>据说港南区的海盗旗咖啡店\n<SURNAME/>好像在卖真武器呢。\n<SURNAME/>种类齐全，但回收价非常低就是了。,"
<SURNAME/>在港南区的Jolly Roger
<SURNAME/>好像在卖真武器哦。
<SURNAME/>商品种类不错，但回收价听说很低的说。 || 
<SURNAME/>在港南区的乔利罗杰
<SURNAME/>好像在卖真武器哦。
<SURNAME/>品种齐全，但回收价据说很低。 || 
<SURNAME/>港南区Jolly Roger
<SURNAME/>在卖真武器呢。
<SURNAME/>品种全但回收价低。 || 
<SURNAME/>港南区的快乐罗杰
<SURNAME/>似乎在卖真武器呢。
<SURNAME/>品种齐全但回收价低。"
dup:56680ebd9d96,\n<SURNAME/>据说港南区的海盗旗咖啡店\n<SURNAME/>好像在卖真武器呢。\n<SURNAME/>回收价不错，但种类也很少就是了。,"
<SURNAME/>在港南区的Jolly Roger
<SURNAME/>好像在卖真武器呢。
<SURNAME/>回收价不错，但但商品种类听说很差的说。 || 
<SURNAME/>在港南区的乔利罗杰
<SURNAME/>好像在卖真武器呢。
<SURNAME/>回收价不错，但品种据说很差。 || 
<SURNAME/>港南区Jolly Roger
<SURNAME/>在卖真武器呢。
<SURNAME/>回收价高但品种少。 || 
<SURNAME/>港南区的快乐罗杰
<SURNAME/>似乎在卖真武器呢。
<SURNAME/>回收价高但品种少。"
dup:ea54c8a78c56,\n<SURNAME/>据说港南区的海盗旗咖啡店\n<SURNAME/>好像在卖真武器呢。\n<SURNAME/>品质很好，但价格也很高就是了。,"
<SURNAME/>在港南区的Jolly Roger
<SURNAME/>好像在卖真武器呢。
<SURNAME/>质量不错，但但价格听说很高的说。 || 
<SURNAME/>在港南区的乔利罗杰
<SURNAME/>好像在卖真武器呢。
<SURNAME/>质量虽好，但价格据说很高。 || 
<SURNAME/>港南区Jolly Roger
<SURNAME/>在卖真武器呢。
<SURNAME/>品质好但价格高。 || 
<SURNAME/>港南区的快乐罗杰
<SURNAME/>似乎在卖真武器呢。
<SURNAME/>品质好但价格高。"
dup:22c397de6484,\n<SURNAME/>据说莲华台的ROSA-CANDIDA\n<SURNAME/>连真防具都有在卖呢。\n<SURNAME/>不过品质和价格都普普通通就是了。,"
<SURNAME/>在莲华台的Rosa Candita
<SURNAME/>连真防具都在卖呢。
<SURNAME/>质量和价格都普通的说。 || 
<SURNAME/>在莲华台的罗萨坎迪塔
<SURNAME/>连真防具都在卖呢。
<SURNAME/>质量和价格据说都一般。 || 
<SURNAME/>莲华台Rosa Candida居然
<SURNAME/>连真防具都在卖呢。
<SURNAME/>品质价格都普通。 || 
<SURNAME/>莲华台的罗莎·坎迪塔
<SURNAME/>连真防具都在卖呢。
<SURNAME/>品质和价格都普通。"
dup:8e0576d57c0b,\n<SURNAME/>据说莲华台的ROSA-CANDIDA\n<SURNAME/>连真防具都有在卖呢。\n<SURNAME/>价格很便宜，但是质量不太行就是了。,"
<SURNAME/>听说在莲华台的罗萨坎迪塔，
<SURNAME/>连真品防具都有卖呢。
<SURNAME/>虽然便宜但质量不太好。 || 
<SURNAME/>在莲华台的Rosa Candita
<SURNAME/>连真防具都在卖呢。
<SURNAME/>便宜但但质量听说不好的说。 || 
<SURNAME/>在莲华台的罗萨坎迪塔
<SURNAME/>连真防具都在卖呢。
<SURNAME/>价格便宜但质量据说不行。 || 
<SURNAME/>莲华台的罗莎·坎迪塔
<SURNAME/>连真防具都在卖呢。
<SURNAME/>便宜但品质不好。"
dup:645bd2842c18,\n<SURNAME/>据说莲华台的ROSA-CANDIDA\n<SURNAME/>连真防具都有在卖呢。\n<SURNAME/>品质超级好，但价格也很高就是了。,"
<SURNAME/>听说在莲华台的罗萨坎迪塔，
<SURNAME/>连真品防具都有卖呢。
<SURNAME/>质量没得说，但价格很高。 || 
<SURNAME/>在莲华台的Rosa Candita
<SURNAME/>连真防具都在卖呢。
<SURNAME/>质量无可挑剔，但但价格听说很高的说。 || 
<SURNAME/>在莲华台的罗萨坎迪塔
<SURNAME/>连真防具都在卖呢。
<SURNAME/>质量无可挑剔，但价格据说很高。 || 
<SURNAME/>莲华台的罗莎·坎迪塔
<SURNAME/>连真防具都在卖呢。
<SURNAME/>品质无可挑剔但价格高。"
dup:be13179b9529,\n<SURNAME/>据说青华区的ROSA-CANDIDA\n<SURNAME/>连真防具都有在卖呢。\n<SURNAME/>虽然种类少，但回收价还不错就是了。,"
<SURNAME/>在青华区的Rosa Candita
<SURNAME/>连真防具都在卖哦。
<SURNAME/>商品种类差但但回收价听说不错的说。 || 
<SURNAME/>在青华区的罗萨坎迪塔
<SURNAME/>连真防具都在卖哦。
<SURNAME/>品种虽差但回收价不错呢。 || 
<SURNAME/>在青华区的罗萨坎迪塔，
<SURNAME/>据说连真品防具都有卖呢。
<SURNAME/>品种少但回收价格好。 || 
<SURNAME/>青华区的罗莎·坎迪塔
<SURNAME/>连真防具都在卖呢。
<SURNAME/>品种少但回收价高。"
dup:b3a563163bb2,\n<SURNAME/>据说青华区的ROSA-CANDIDA\n<SURNAME/>连真防具都有在卖呢。\n<SURNAME/>不过品质和价格都普普通通就是了。,"
<SURNAME/>在青华区的Rosa Candita
<SURNAME/>连真防具都在卖哦。
<SURNAME/>听说质量和价格都普通的说的说。 || 
<SURNAME/>在青华区的罗萨坎迪塔
<SURNAME/>连真防具都在卖哦。
<SURNAME/>质量和价格据说都普通。 || 
<SURNAME/>在青华区的罗萨坎迪塔，
<SURNAME/>据说连真品防具都有卖呢。
<SURNAME/>质量和价格都普通。 || 
<SURNAME/>青华区的罗莎·坎迪塔
<SURNAME/>连真防具都在卖呢。
<SURNAME/>品质和价格都普通。"
dup:938a01565473,\n<SURNAME/>据说青华区的ROSA-CANDIDA\n<SURNAME/>连真防具都有在卖呢。\n<SURNAME/>品质很好，但价格也很高就是了。,"
<SURNAME/>在青华区的Rosa Candita
<SURNAME/>连真防具都在卖哦。
<SURNAME/>质量不错，但但价格听说很高的说。 || 
<SURNAME/>在青华区的罗萨坎迪塔
<SURNAME/>连真防具都在卖哦。
<SURNAME/>质量虽好，但价格据说很高。 || 
<SURNAME/>在青华区的罗萨坎迪塔，
<SURNAME/>据说连真品防具都有卖呢。
<SURNAME/>质量好但价格高。 || 
<SURNAME/>青华区的罗莎·坎迪塔
<SURNAME/>连真防具都在卖呢。
<SURNAME/>品质好但价格高。"
dup:4c06bf95bbec,\n<SURNAME/>据说青华区的ROSA-CANDIDA\n<SURNAME/>连真防具都有在卖呢。\n<SURNAME/>价格适中，但品质很差就是了。,"
<SURNAME/>在青华区的Rosa Candita
<SURNAME/>连真防具都在卖哦。
<SURNAME/>价格实惠但但质量听说差的说。 || 
<SURNAME/>在青华区的罗萨坎迪塔
<SURNAME/>连真防具都在卖哦。
<SURNAME/>价格实惠但质量据说不行。 || 
<SURNAME/>在青华区的罗萨坎迪塔，
<SURNAME/>据说连真品防具都有卖呢。
<SURNAME/>价格合适但质量差。 || 
<SURNAME/>青华区的罗莎·坎迪塔
<SURNAME/>连真防具都在卖呢。
<SURNAME/>价格实惠但品质差。"
dup:9e4541d7ac0b,\n<SURNAME/>据说青华区的ROSA-CANDIDA\n<SURNAME/>连真防具都有在卖呢。\n<SURNAME/>品种很齐全，但回收价很低就是了。,"
<SURNAME/>在青华区的Rosa Candita
<SURNAME/>连真防具都在卖哦。
<SURNAME/>商品种类不错但但回收价听说低的说的说。 || 
<SURNAME/>在青华区的罗萨坎迪塔
<SURNAME/>连真防具都在卖哦。
<SURNAME/>品种齐全但回收价很低呢。 || 
<SURNAME/>在青华区的罗萨坎迪塔，
<SURNAME/>据说连真品防具都有卖呢。
<SURNAME/>品种齐全但回收价格低。 || 
<SURNAME/>青华区的罗莎·坎迪塔
<SURNAME/>连真防具都在卖呢。
<SURNAME/>品种齐全但回收价低。"
dup:4fd18209f48b,\n<SURNAME/>那家伦敦屋居然还订做防具？\n<SURNAME/>种类很齐全，但回收价很低就是了。\n<SURNAME/>哎呀，真是店不可貌相啊。,"
<SURNAME/>那个London-ya居然连防具都定制吗？
<SURNAME/>商品种类不错，但但回收价听说低的说的说。
<SURNAME/>哎呀呀，店不可貌相的说。 || 
<SURNAME/>那个伦敦屋居然还做防具？
<SURNAME/>品种虽好，但回收价很低呢。
<SURNAME/>哎呀，店不可貌相哦。 || 
<SURNAME/>那个伦敦屋居然还做防具？
<SURNAME/>品种齐全但回收价低。
<SURNAME/>哎呀，店不可貌相啊。 || 
<SURNAME/>那个伦敦屋还定制防具吗？
<SURNAME/>品种齐全但回收价格低。
<SURNAME/>哎呀，店不可貌相啊。"
dup:29ce61245f97,\n<SURNAME/>那家伦敦屋居然还订做防具？\n<SURNAME/>价格是便宜的，但质量不怎么样就是了。\n<SURNAME/>哎呀，真是店不可貌相啊。,"
<SURNAME/>那个London-ya居然连防具都定制吗？
<SURNAME/>价格便宜但但质量听说一般的说的说。
<SURNAME/>哎呀呀，店不可貌相的说。 || 
<SURNAME/>那个伦敦屋居然还做防具？
<SURNAME/>价格便宜但品质一般。
<SURNAME/>哎呀，店不可貌相啊。 || 
<SURNAME/>那个伦敦屋居然还做防具？
<SURNAME/>价格便宜但质量一般呢。
<SURNAME/>哎呀，店不可貌相哦。 || 
<SURNAME/>那个伦敦屋还定制防具吗？
<SURNAME/>价格便宜但质量不怎么样。
<SURNAME/>哎呀，店不可貌相啊。"
dup:7a5e684a98b9,\n<SURNAME/>那家伦敦屋居然还订做防具？\n<SURNAME/>质量很不错，但价格也很高就是了。\n<SURNAME/>哎呀，真是店不可貌相啊。,"
<SURNAME/>那个London-ya居然连防具都定制吗？
<SURNAME/>质量确实好，但价格听说高的说的说。
<SURNAME/>哎呀呀，店不可貌相呢的说。 || 
<SURNAME/>那个伦敦屋居然还做防具？
<SURNAME/>质量确实好，但价格很高呢。
<SURNAME/>哎呀，店不可貌相呢。 || 
<SURNAME/>那个伦敦屋还定制防具吗？
<SURNAME/>质量确实好，但价格高。
<SURNAME/>哎呀，店不可貌相呢。 || 
<SURNAME/>那个伦敦屋连防具都定制吗?
<SURNAME/>虽然质量好，但价格高。
<SURNAME/>哎呀，店不可貌相啊。"
dup:7862f5485fff,\n<SURNAME/>那家伦敦屋居然还订做防具？\n<SURNAME/>不过品质和价格都普普通通的样子。\n<SURNAME/>哎呀，真是店不可貌相啊。,"
<SURNAME/>那个London-ya居然连防具都定制吗？
<SURNAME/>听说质量和价格都普通的说的说。
<SURNAME/>哎呀呀，店不可貌相的东西呢的说。 || 
<SURNAME/>那个伦敦屋居然还做防具？
<SURNAME/>质量和价格都普通呢。
<SURNAME/>哎呀，店不可貌相哦。 || 
<SURNAME/>那个伦敦屋还定制防具吗？
<SURNAME/>质量和价格都普通。
<SURNAME/>哎呀，店不可貌相呢。 || 
<SURNAME/>那个伦敦屋连防具都定制吗?
<SURNAME/>听说品质和价格都普通。
<SURNAME/>哎呀，店不可貌相啊。"
dup:f967c0600376,\n<SURNAME/>那家伦敦屋居然还订做防具？\n<SURNAME/>品种比较少，但回收价很高就是了。\n<SURNAME/>哎呀，真是店不可貌相啊。,"
<SURNAME/>那个London-ya居然连防具都定制吗？
<SURNAME/>商品种类一般但但回收价听说高的说的说。
<SURNAME/>哎呀呀，店不可貌相呢的说。 || 
<SURNAME/>那个伦敦屋居然还做防具？
<SURNAME/>品种一般但回收价高呢。
<SURNAME/>哎呀，店不可貌相呢。 || 
<SURNAME/>那个伦敦屋还定制防具吗？
<SURNAME/>品种不怎么样但回收价格高。
<SURNAME/>哎呀，店不可貌相呢。 || 
<SURNAME/>那个伦敦屋连防具都定制吗?
<SURNAME/>货品一般，但回收价高。
<SURNAME/>哎呀，店不可貌相啊。"
dup:2a930056995d,\n<SURNAME/>我听说，要是中了悬赏杂志上的奖的话，\n<SURNAME/>会送来真武器和道具呢。\n<SURNAME/>虽然中奖率很低，但送来的都是好东西呢。,"
<SURNAME/>听说中了悬赏杂志的奖，
<SURNAME/>真品武器和道具就会送上门呢。
<SURNAME/>虽然很难中，但送来的东西不错。 || 
<SURNAME/>听说中奖杂志的奖品是真武器或
<SURNAME/>道具会寄来。
<SURNAME/>虽难中，但东西不错。 || 
<SURNAME/>悬赏杂志中奖的话真武器
<SURNAME/>和道具就会送来呢。
<SURNAME/>虽难中奖，但据说东西不错哦。 || 
<SURNAME/>抽中Kensho Magazine的奖品
<SURNAME/>真武器和道具就会送到的说呢。
<SURNAME/>虽然难中，但听说会送来好东西的说"
dup:55ad161fd39e,\n<SURNAME/>我听说，要是中了悬赏杂志上的奖的话，\n<SURNAME/>会送来真武器和道具呢。\n<SURNAME/>虽然中奖率很低，但送来的都是非常稀有的东西呢。,"
<SURNAME/>听说中了悬赏杂志的奖，
<SURNAME/>真品武器和道具就会送上门呢。
<SURNAME/>虽然很少中，但会送来非常稀有的东西。 || 
<SURNAME/>听说中奖杂志的奖品是真武器或
<SURNAME/>道具会寄来。很少中奖，
<SURNAME/>但能收到稀罕物。 || 
<SURNAME/>悬赏杂志中奖的话真武器
<SURNAME/>和道具就会送来呢。虽然很少中
<SURNAME/>但据说会送来非常稀有的东西哦。 || 
<SURNAME/>抽中Kensho Magazine的奖品
<SURNAME/>真武器和道具就会送到的说呢。
<SURNAME/>虽然很少中，但听说会送来非常稀有的东西的说哦。"
dup:76087e8130cf,\n<SURNAME/>我听说，要是中了悬赏杂志上的奖的话，\n<SURNAME/>会送来真武器和道具呢。\n<SURNAME/>虽然中奖率很高，但送来的东西好像都不怎么样。,"
<SURNAME/>听说中了悬赏杂志的奖，
<SURNAME/>真品武器和道具就会送上门呢。
<SURNAME/>虽然经常中，但送来的东西不怎么样。 || 
<SURNAME/>听说中奖杂志的奖品是真武器或
<SURNAME/>道具会寄来。常中奖，但
<SURNAME/>东西不咋样。 || 
<SURNAME/>悬赏杂志中奖的话真武器
<SURNAME/>和道具就会送来呢。虽然容易中
<SURNAME/>但据说送来的东西不怎么样。 || 
<SURNAME/>抽中Kensho Magazine的奖品
<SURNAME/>真武器和道具就会送到的说呢。
<SURNAME/>虽然容易中，但听说送来的东西不怎样的说的说。"
dup:f8f1e1fd5f44,\n<SURNAME/>听说在穆大陆能玩到真正的赌场呢。\n<SURNAME/>而且，据说扑克的翻盘机会次数很多，\n<SURNAME/>很容易赢哦。,"
<SURNAME/>听说姆大陆能玩真赌场。
<SURNAME/>扑克机会多，
<SURNAME/>容易赢。 || 
<SURNAME/>在Mu大陆，能享受真赌场的说呢。
<SURNAME/>听说扑克机会次数多，
<SURNAME/>容易赢的说哦。 || 
<SURNAME/>在穆大陆能玩真赌场呢。
<SURNAME/>听说扑克机会多，
<SURNAME/>容易赢哦。 || 
<SURNAME/>在穆大陆，能享受真正的赌场呢。
<SURNAME/>据说扑克机会多，
<SURNAME/>容易赢。"
dup:43adef1c18de,\n<SURNAME/>听说在穆大陆能玩到真正的赌场。\n<SURNAME/>而且，据说老虎机中奖率挺高，\n<SURNAME/>最适合赚钱了。,"
<SURNAME/>听说姆大陆能玩真赌场。
<SURNAME/>老虎机易中，
<SURNAME/>好赚钱。 || 
<SURNAME/>在Mu大陆，能享受真赌场的说呢。
<SURNAME/>听说老虎机容易中，
<SURNAME/>最适合赚钱的说。 || 
<SURNAME/>在穆大陆能玩真赌场呢。
<SURNAME/>听说老虎机容易中，
<SURNAME/>最适合赚钱哦。 || 
<SURNAME/>在穆大陆，能享受真正的赌场呢。
<SURNAME/>据说老虎机容易中，
<SURNAME/>是赚钱的好地方。"
dup:6aa883c458bf,\n<SURNAME/>听说在穆大陆能玩到真正的赌场。\n<SURNAME/>而且，据说二十一点的奖金很高，\n<SURNAME/>最适合赚钱了。,"
<SURNAME/>听说姆大陆能玩真赌场。
<SURNAME/>二十一点赔率高，
<SURNAME/>好赚钱。 || 
<SURNAME/>在Mu大陆，能享受真赌场的说呢。
<SURNAME/>听说二十一点奖金高，
<SURNAME/>最适合赚钱的说。 || 
<SURNAME/>在穆大陆能玩真赌场呢。
<SURNAME/>听说二十一点赔率高，
<SURNAME/>最适合赚钱哦。 || 
<SURNAME/>在穆大陆，能享受真正的赌场呢。
<SURNAME/>据说二十一点奖金高，
<SURNAME/>是赚钱的好地方。"
dup:2f9427893591,\n<SURNAME/>我听说白石拉面店在卖\n<SURNAME/>传说武器，\n<SURNAME/>那到底是什么样的武器啊？,"
<SURNAME/>听说在Ramen Shiraishi，
<SURNAME/>在卖传说武器的说不是吗？
<SURNAME/>到底是什么武器呢的说。 || 
<SURNAME/>听说在拉面白石，
<SURNAME/>在卖传说中的武器，不是吗？
<SURNAME/>到底是什么样的武器呢？ || 
<SURNAME/>听说在拉面白石，
<SURNAME/>有卖传说武器不是吗？
<SURNAME/>到底是什么武器呢？ || 
<SURNAME/>听说拉面白石在卖
<SURNAME/>传说武器呢。
<SURNAME/>到底是什么武器啊？"
dup:14f5d39cdab4,\n<SURNAME/>据说时间城有传说武器卖，\n<SURNAME/>但那里的店主为了抬价，\n<SURNAME/>就硬说没有那种东西。,"
<SURNAME/>时间城好像有传说中的武器，
<SURNAME/>但那里的店主为了抬价，
<SURNAME/>硬说没有这种东西。 || 
<SURNAME/>时间城好像有传说武器，
<SURNAME/>但那里的店主为了抬价，
<SURNAME/>硬说没有那种东西。 || 
<SURNAME/>时间城有传说武器这种东西的说
<SURNAME/>但那里的店主，为了抬价，
<SURNAME/>好像坚持说没有那种东西的说哦。 || 
<SURNAME/>时间城有传说武器，
<SURNAME/>但店主为抬价，
<SURNAME/>硬说没有。"
dup:5e642d6d1378,\n<SURNAME/>啊哈哈，我听说时间城的传说武器\n<SURNAME/>被恶魔抢走了。\n<SURNAME/>真是丢人啊。,"
<SURNAME/>哈哈，时间城的传说武器，
<SURNAME/>好像被恶魔抢走了。
<SURNAME/>真是丢人的故事啊。 || 
<SURNAME/>啊哈哈，时间城的传说武器，
<SURNAME/>听说被恶魔抢走了。
<SURNAME/>真是糟糕的故事呢。 || 
<SURNAME/>啊哈哈，时间城的传说武器，
<SURNAME/>好像被恶魔抢走了呢。
<SURNAME/>真是丢人的故事呢。 || 
<SURNAME/>啊哈哈，时间城的传说武器，
<SURNAME/>被恶魔抢了。
<SURNAME/>真够惨的。"
dup:aec7210c9031,\n<SURNAME/>据说时间城里的传说武器，\n<SURNAME/>被某个命苦的女性\n<SURNAME/>买走了呢。,"
<SURNAME/>听说时间城的传说武器，
<SURNAME/>被某个看起来不幸的女人
<SURNAME/>买走了。 || 
<SURNAME/>听说时间城里的传说武器，
<SURNAME/>被某个看起来不幸的女人
<SURNAME/>买走了呢。 || 
<SURNAME/>据说时间城的传说武器，
<SURNAME/>被某个看起来不幸的女人
<SURNAME/>买走了呢。 || 
<SURNAME/>时间城的传说武器，
<SURNAME/>被个福薄女人
<SURNAME/>买走了。"
dup:ad0d7ced9da5,"
<SURNAME/>时间城的传说武器好像是花，
<SURNAME/>可那店主居然把它送给了
<SURNAME/>某个短发女性。","
<SURNAME/>时间城的传说武器好像是花，
<SURNAME/>那个店主居然把它给了某个
<SURNAME/>短发的女人。 || 
<SURNAME/>时间城的传说武器是花，
<SURNAME/>店主竟把它给了个
<SURNAME/>短发女。 || 
<SURNAME/>时间城里的传说武器，好像是花，
<SURNAME/>那个店主居然把它给了某个
<SURNAME/>短发的女性，听说呢。 || 
<SURNAME/>时间城里的传说武器，好像是花，
<SURNAME/>那个店主居然把它给了某个
<SURNAME/>短头发的女人。"
dup:99d15c77d120,\n<SURNAME/>听说平坂区的黄道带二楼\n<SURNAME/>变成了很宽的迷宫。\n<SURNAME/>而且好像还有人在那里捡到过好东西。,"
<SURNAME/>平坂区的Zodiac二楼，
<SURNAME/>据说变成了很大的迷宫。
<SURNAME/>好像有人在那里捡到了好东西。 || 
<SURNAME/>平坂区的佐迪亚克二楼，
<SURNAME/>听说变成了很宽的迷宫。
<SURNAME/>好像有人在那里捡到了好东西。 || 
<SURNAME/>平坂区的黄道宫二楼，听说变成了很宽的迷宫。
<SURNAME/>好像有人在捡到好东西呢。
<SURNAME/>听说有人在那里捡到了好东西呢。 || 
<SURNAME/>平坂区黄道宫二楼，
<SURNAME/>是广阔迷宫。
<SURNAME/>有人捡到好东西。"
dup:aa806076f5bb,"
<SURNAME/>听说青华公园的花会说话，
<SURNAME/>是真的吗…
<SURNAME/>因为是花，所以是“花”说…吗?","
<SURNAME/>听说青华公园的花会说话，
<SURNAME/>是真的吗…
<SURNAME/>因为是花，所以是'说话’…的意思吗？ || 
<SURNAME/>听说青华公园的花会说话，
<SURNAME/>是真的吗…
<SURNAME/>因为是花，所以是“花说”…的意思吗? || 
<SURNAME/>听说青华公园的花会说话，
<SURNAME/>是真的吗？
<SURNAME/>因为是花，所以叫'花说'…这样吗？ || 
<SURNAME/>青华公园的花会说话?
<SURNAME/>真的吗…
<SURNAME/>因为是花，所以“放”话?"
dup:4ba61a03a256,\n<SURNAME/>我…从没信过朋友…<pause:30/>\n<SURNAME/>但是…麻美和未步…却接纳了这样的我…<pause:30/>\n<SURNAME/>我…我…!!\n,"
<SURNAME/>我…从没信过什么朋友…<pause:30/>
<SURNAME/>但…麻美和未步却接纳了这样的我…<pause:30/>
<SURNAME/>我…我…!!
 || 
<SURNAME/>我…从没信过朋友…<pause:30/>
<SURNAME/>但是…麻美和未步…却接纳了这样的我…<pause:30/>
<SURNAME/>我…我…!!
"
dup:fbb6fb06693f,<c1d:11/>舞耶<c1d:1/>\n<SURNAME/>你刚才，是想保护她们两个对吧?\n<SURNAME/>没事的…等她们俩下次醒来，\n<SURNAME/>一定会笑的。\n,"<c1d:11/>舞耶<c1d:1/>\n<SURNAME/>你刚才，是想保护她们两个对吧?\n<SURNAME/>没事的…等她们俩下次醒来，\n<SURNAME/>一定会笑的。\n
"
dup:5fb80a217061,\n<SURNAME/>好，咱们去掩护银次和舞耶姐!\n,\n<SURNAME/>好，咱们去掩护银子和舞耶姐!\n
dup:55ce33a64ad1,"
<SURNAME/><c12/>!
<SURNAME/>那两人交给舞耶姐和丽莎吧。
","
<SURNAME/><c12/>!
<SURNAME/>那两人交给舞耶小姐和丽莎吧。
"
dup:e03446bd226f,"
<SURNAME/>会死…?<pause:30/>
<SURNAME/>反正…也无所谓了…
","
<SURNAME/>死…?<pause:30/>
<SURNAME/>无所谓…反正…
 || 
<SURNAME/>要死…?<pause:30/>
<SURNAME/>无所谓…反正…
"
dup:b72c943a0ebf,"
<SURNAME/>丽莎…在哭呢…<pause:30/>
<SURNAME/>怎样都…行了吧…
","
<SURNAME/>丽莎…在哭…<pause:30/>
<SURNAME/>怎样都…无所谓了…
 || 
<SURNAME/>丽莎…在哭呢…<pause:30/>
<SURNAME/>怎样都…无所谓啦…
"
dup:6d7f629a73ec,<SURNAME/>真是倒霉啊，<c12/>学长。\n<SURNAME/>不过反谷校长莫名地受欢迎呢。<pause:30/> \n<SURNAME/>我也是，明明看他很不爽，却又有点喜欢…到底是为什么呢？,"<SURNAME/>真是倒霉啊，<c12/>学长。
<SURNAME/>不过反谷校长莫名其妙地受欢迎呢。<pause:30/>
<SURNAME/>我也是，明明很气他但又有点喜欢…这是为什么呢？"
dup:b6f7409f95b3,\n<SURNAME/>这辆副岛摩托，\n<SURNAME/>是<c12/>你自己保养的吧？\n<SURNAME/>看来你擅长机械的传闻是真的。,"<SURNAME/>这副岛的摩托，
<SURNAME/>是<c12/>你自己保养的吧？
<SURNAME/>看来你擅长机械这传闻是真的。"
dup:ff72af7e2cfc,生效中,正处于
dup:35d9e20f668b,濒死状态,处于濒死状态
dup:c205d9fd6a76,没有可使用的道具,无可用道具
dup:e70d4b8b9f52,其他成员正在装备,其他成员已降魔 || 其他成员正在召唤Persona || 其他成员装备中 || 成员降魔中
dup:3a70086a3f3a,无法进行接触,无法交涉
dup:7e3fb013b376,相性不佳无法装备,相性不佳无法降魔 || 相性差无法装备 || 相性差无法降魔 || 相性差，无法召唤Persona || 相性差，无法装备
dup:b6b76ffbc62e,已经装备,已召唤Persona || 已经召唤Persona || 已经降魔
dup:e8f761ffaa85,鸠盘荼,卡班达
dup:cacfbc240dd3,"
<SURNAME/>嗨，欢迎光临。<pause:15/>
<SURNAME/>这里是潮流发源地。欢迎来到阿尼玛·蒙迪。
<SURNAME/>那么，请问有什么需要?","
<SURNAME/>嗨，欢迎光临。<pause:15/>
<SURNAME/>这里是潮流的发源地。欢迎来到Anima Mundi。
<SURNAME/>那么，请问有什么需要？"
dup:d2a18358d585,"
<SURNAME/>还有其他事吗?","
<SURNAME/>还有其他事吗？"
dup:9b439251ad6b,\n<SURNAME/>你们突然干什么啊!?\n<SURNAME/>现在校内暴力什么的，早不流行了!!,"
<SURNAME/>你们突然干什么啊!?
<SURNAME/>现在校内暴力什么的，早不流行了!!"
dup:f23c6c51fbbb,"
\n<SURNAME/>啊、恶魔!?<pause:30/>\n<SURNAME/>但、但是逃也…","
<SURNAME/>啊、恶魔!?<pause:30/>
<SURNAME/>但、但是逃也…"
dup:b83ff669b321,"
<SURNAME/>我来想办法，快!!<pause:30/>
<SURNAME/>好了，好久没…上了!!","
<SURNAME/>我来想办法，快!!<pause:30/>
<SURNAME/>来吧，好久没…上了!!"
dup:362586cec4f8,\n<SURNAME/><c1d:9/>地受<SURNAME/>风蚀而<SURNAME/>育水\n<SURNAME/>水沿<SURNAME/>地流淌<SURNAME/>制火<c1d:1/>\n,"
<SURNAME/><c1d:9/>地受<SURNAME/>风削蚀<SURNAME/>育水
<SURNAME/>水沿<SURNAME/>地流淌<SURNAME/>制火<c1d:1/>
 || 
<SURNAME/><c1d:9/>地受<SURNAME/>风蚀而<SURNAME/>育水
<SURNAME/>水沿<SURNAME/>地流淌<SURNAME/>制火<c1d:1/>
 || 
<SURNAME/><c1d:9/>地受风削<SURNAME/>滋养水
<SURNAME/>水沿地流<SURNAME/>制约火<c1d:1/>
 || 
<SURNAME/><c1d:9/>地被<SURNAME/>风削蚀<SURNAME/>孕育水
<SURNAME/>水沿<SURNAME/>地流淌<SURNAME/>抑制火<c1d:1/>
"
dup:535e20a77049,\n<SURNAME/><c1d:9/>火因<SURNAME/>水而息<SURNAME/>起风\n<SURNAME/>风自<SURNAME/>火而生<SURNAME/>平大地<c1d:1/>\n,"
<SURNAME/><c1d:9/>火因<SURNAME/>水而息<SURNAME/>起风
<SURNAME/>风自<SURNAME/>火而生<SURNAME/>平大地<c1d:1/>
 || 
<SURNAME/><c1d:9/>火被<SURNAME/>水平息<SURNAME/>掀起风
<SURNAME/>风从<SURNAME/>火而生<SURNAME/>平整地<c1d:1/>
 || 
<SURNAME/><c1d:9/>火被<SURNAME/>水镇灭<SURNAME/>起风
<SURNAME/>风从<SURNAME/>火生<SURNAME/>平地<c1d:1/>
 || 
<SURNAME/><c1d:9/>火被水镇<SURNAME/>升起风
<SURNAME/>风从火生<SURNAME/>平定地<c1d:1/>
"
dup:005026632682,<SURNAME/>………！！,"
<SURNAME/>………！！
"
dup:6770facc214f,"
<SURNAME/>欢迎光临。
<SURNAME/>欢迎来到Kissmet Publishing。","
<SURNAME/>欢迎光临。
<SURNAME/>欢迎来到Kismet出版社。"
dup:eb43168d3bc7,"
<SURNAME/>等、等等…
<SURNAME/>你们怎么了！？
<SURNAME/>那么害怕吗?","
<SURNAME/>等、等等…
<SURNAME/>你们怎么了!?
<SURNAME/>有那么害怕吗?"
dup:989549d5c5ea,"
<SURNAME/>咦…<pause:20/>
<SURNAME/>我为什么在哭呢？
<SURNAME/>不由自主地…呜咽<pause:20/>…眼泪流出来…","
<SURNAME/>咦…<pause:20/>
<SURNAME/>我为什么在哭啊?
<SURNAME/>不由自主地…呜<pause:20/>…眼泪流出来了…"
dup:32274486a471,"
<SURNAME/>感觉…<pause:30/>莫名地怀念起来了…
<SURNAME/><c12/>比丽莎更温暖…<pause:30/>
<SURNAME/>就像被妈妈抱在怀里一样…","
<SURNAME/>感觉…<pause:30/>莫名地怀念起来了…
<SURNAME/><c12/>比跟丽莎在一起时还要温暖…<pause:30/>
<SURNAME/>就像被…妈妈抱在怀里一样…"
dup:01d7215d14af,"
<SURNAME/>真奇怪…<pause:20/>我也感觉到了。
<SURNAME/>那种怀念感是什么…?","
<SURNAME/>好神奇…<pause:20/>我也感觉到了。
<SURNAME/>那份怀念感是什么…?"
dup:ed6131f0a998,"
<SURNAME/>如果可以的话，能告诉我情况吗？
<SURNAME/>别看我这样，对恶魔很了解的。
<SURNAME/>或许能帮上你们一点忙。","
<SURNAME/>方便的话，能告诉我情况吗?
<SURNAME/>别看我这样，对恶魔还挺了解的。
<SURNAME/>说不定能帮上你们一点忙哦。"
dup:e1f669254d43,"
<SURNAME/>那么你们也有和我一样的力量呢？
<SURNAME/>是Persona啊，不是守护灵…","
<SURNAME/>那你们也拥有和我一样的力量咯?
<SURNAME/>是Persona啊，原来不是守护灵…"
dup:3c1f65dcd47f,\n<SURNAME/>不过连雪野都是Persona使者\n<SURNAME/>什么的，真的是惊到我了呢!,"
<SURNAME/>不过，连雪野也是Persona使者
<SURNAME/>真是大吃一惊！"
dup:c761b6a92a95,"
<SURNAME/>我成为Persona使者是在高中时
<SURNAME/>玩了「Persona大人」游戏之后…<pause:20/>
<SURNAME/>已经是三年前的事了。","
<SURNAME/>我成为Persona使者是在高中时
<SURNAME/>玩了「Persona大人」游戏之后…<pause:20/>
<SURNAME/>已经是3年前的事啦。"
dup:e5be64b59731,"
<SURNAME/>你们没玩过“Persona大人”游戏吗？
<SURNAME/>","
<SURNAME/>你们没玩过
<SURNAME/>「Persona大人」游戏吗?"
dup:adeeca8e12a6,"
<SURNAME/>那种名字的游戏，
<SURNAME/>在梦里玩过啦…
","
<SURNAME/>叫那个名字的游戏的话，
<SURNAME/>在梦里玩过倒是…
"
dup:f4c71be784ba,"
<SURNAME/>…梦！？","
<SURNAME/>…梦!?"
dup:d8538a81ac80,"
<SURNAME/>你叫丽莎吧。
<SURNAME/>你知道些什么吗？","
<SURNAME/>你叫丽莎对吧。
<SURNAME/>你知道些什么吗?"
dup:289e8d45cb83,"
<SURNAME/>嗯，没什么…
<SURNAME/>那种游戏老子没玩过…","
<SURNAME/>唔，没什么…
<SURNAME/>没玩过啦，那种游戏…"
dup:923aed407e8b,"
<SURNAME/>嘛，成为Persona使者的原因
<SURNAME/>先放一边吧。
<SURNAME/>不如想想接下来怎么办吧！","
<SURNAME/>嘛，成为Persona使者的原因
<SURNAME/>就先放一边吧。
<SURNAME/>比起那个，想想接下来怎么办吧!"
dup:52e116e7f648,\n<SURNAME/>係咩!?(hai6 me1)当真!?\n<SURNAME/>难道你打算一起来吗?\n,"
<SURNAME/>真的吗!?(High me) 真的!?
<SURNAME/>难道你要一起来吗?
"
dup:b78b4ec2a1b1,\n<SURNAME/>因为，你们追查的对象\n<SURNAME/>就是JOKER本人对吧?\n<SURNAME/>要是能抓到，不就是超劲爆的独家新闻嘛!\n,"
<SURNAME/>因为，你们追的是
<SURNAME/>小丑本人对吧?
<SURNAME/>如果抓到了，不是大新闻吗!
"
dup:b222d5fcf55c,"
<SURNAME/>而且和你们在一起，
<SURNAME/>或许能明白
<SURNAME/>自己为什么成为Persona使者呢。
","
<SURNAME/>而且和你们在一起的话，
<SURNAME/>说不定能搞清楚
<SURNAME/>自己为什么成了Persona使者呢。
"
dup:b11f70f1deac,\n<SURNAME/>我也一起去哦。\n<SURNAME/>既然知道你们的敌人在使用恶魔，\n<SURNAME/>我可不能默不作视而不见啊。,"
<SURNAME/>我也一起去。
<SURNAME/>既然知道你们的敌人用恶魔，
<SURNAME/>就不能坐视不理啊。"
dup:4b82157f5ef9,"
<SURNAME/>等等啦〜!
<SURNAME/>唯一的线索校长先生也不在，
<SURNAME/>就算一起来也没事可做啦!","
<SURNAME/>等一下啦～!
<SURNAME/>唯一的线索校长先生好像也不在，
<SURNAME/>就算一起来也没事可做啦!"
dup:6d0bad899307,"
<SURNAME/>那首先，平息这场骚动吧!","
<SURNAME/>那不如先平息这场骚乱吧!"
dup:b8e85f2e5dd9,"
<SURNAME/>如你们所料，
<SURNAME/>如果校长参与了这场骚动，
<SURNAME/>总该有点反应吧?
","
<SURNAME/>正如你们所料，
<SURNAME/>如果校长参与了这场骚乱，
<SURNAME/>应该会有某种反应吧？
"
dup:6f23a5e5ac0a,"
<SURNAME/>但是舞耶小姐，说平息骚动，
<SURNAME/>有什么办法吗?","
<SURNAME/>但是舞耶，你说要平息骚乱，
<SURNAME/>有什么办法吗？"
dup:04fa79fd8019,"
<SURNAME/>对了!<SURNAME/>把学校的纹章全破坏掉如何?
<SURNAME/>如果作为传闻源头的纹章没了，
<SURNAME/>这场骚动不就能平息了吗?","
<SURNAME/>对了！<SURNAME/>把学校里的纹章全破坏掉如何？
<SURNAME/>如果作为传闻源头的纹章消失了，
<SURNAME/>这场骚乱应该就能平息了吧？"
dup:75fceffa92c4,"
<SURNAME/>嘛，如果传闻成真了，
<SURNAME/>只要纹章消失，诅咒也会消失吧…
<SURNAME/>但传闻成真这种事真的存在吗?","
<SURNAME/>嗯，如果传闻真的变成了现实，
<SURNAME/>只要纹章消失，诅咒应该也会消失…
<SURNAME/>但传闻成真这种事真的存在吗？"
dup:3eb1df0775c3,"
<SURNAME/>Let's positive thinking!
<SURNAME/>不行也没损失，试试看吧!","
<SURNAME/>Let's positive thinking!
<SURNAME/>不行也没损失，尽力试试看吧！"
dup:d81b30c4eb65,\n<SURNAME/>我记得七姐妹的纹章，\n<SURNAME/>是模仿昴宿星团的吧？,"
<SURNAME/>记得七姊妹的纹章，
<SURNAME/>是模仿昴星团的吧?"
dup:234c13052e13,"
<SURNAME/>和那个同样设计的，
<SURNAME/>除了制服徽章外应该还有别的。
<SURNAME/>先找找看吧!","
<SURNAME/>除了制服徽章外，
<SURNAME/>应该还有其他相同设计的东西。
<SURNAME/>先去找找看吧！"
dup:00ac7b9f4bea,"
<SURNAME/>那个…<pause:30/>比如教室的钟什么的?
<SURNAME/>那个钟的表盘，
<SURNAME/>和徽章是同样的图案。","
<SURNAME/>那个…<pause:30/>比如教室里的钟？
<SURNAME/>那个钟的表盘，
<SURNAME/>就和徽章是同样的图案。"
dup:c0cd5a858d6f,"
<SURNAME/>Okay, my<SURNAME/> friends!!","
<SURNAME/>Okay~，My<SURNAME/>Friends!!"
dup:5ccafd3c8bb6,"
<SURNAME/>磨蹭的话青春可不会等。
<SURNAME/>赶紧去找纹章吧!","
<SURNAME/>磨蹭下去青春可不会等人。
<SURNAME/>赶紧去找纹章吧！"
dup:5aa46070a90f,"
<SURNAME/>那个，从舞耶小姐身上感到的怀念…<pause:30/>
<SURNAME/>温暖的、心痛的、苦涩的…<pause:30/>
<SURNAME/>非常揪心的感觉…","
<SURNAME/>那个，从舞耶小姐身上感受到的怀念…<pause:30/>
<SURNAME/>既温暖又苦涩，还带点痛苦…<pause:30/>
<SURNAME/>真是让人心头发紧的感觉…"
dup:3458da7d33f6,\n<SURNAME/>你也有同感吧？<SURNAME/><c12/>。\n<SURNAME/>明明是第一次见面…<pause:30/>\n<SURNAME/>莫非，这就是命运的love？,"
<SURNAME/>你也这么觉得吧？<SURNAME/><c12/>。
<SURNAME/>明明是第一次见面的人呢…<pause:30/>
<SURNAME/>莫非，这就是所谓的命运之爱吗？ || 
<SURNAME/>你也这样吧?<SURNAME/><c12/>。
<SURNAME/>明明是第一次见面的人…<pause:30/>
<SURNAME/>莫非，这就是命运之爱吗?"
dup:54ab253e2c6e,"
<SURNAME/>那个人，感觉有点怪…<pause:30/>
<SURNAME/>怀念的…","
<SURNAME/>那个人，感觉有点怪…<pause:30/>
<SURNAME/>又很怀念…"
dup:5b2708a5f821,"
<SURNAME/>不，不可能!!<pause:30/>
<SURNAME/>因为是第一次见面的人。","
<SURNAME/>不，不可能!!<pause:30/>
<SURNAME/>因为是第一次见面嘛。"
dup:c979dc8c353e,\n<SURNAME/>其实我们刚才一直在找你。<pause:30/>\n<SURNAME/>因为，七姐妹最受欢迎的<c13/>君，\n<SURNAME/>不采访可不行呢！,"
<SURNAME/>其实我们，一直在找你。<pause:30/>
<SURNAME/>因为，七姊妹最受欢迎的<c13/>君
<SURNAME/>不能不采访啊!"
dup:753ddc6beaf2,"
<SURNAME/>嗯〜<pause:15/>・<pause:15/>・<pause:15/>・<pause:15/>・<pause:15/>・<pause:30/>
<SURNAME/>话说回来，<c13/>君…<pause:30/>
<SURNAME/>莫非，你在哪儿见过我?","
<SURNAME/>盯〜<pause:15/>・<pause:15/>・<pause:15/>・<pause:15/>・<pause:15/>・<pause:30/>
<SURNAME/>话说回来，<c13/>君…<pause:30/>
<SURNAME/>莫非，我们在哪里见过？"
dup:8886f0073c3a,"
<SURNAME/>啊～什么嘛，玩笑、玩笑!!<pause:30/>
<SURNAME/>那种事不可能有啦!<pause:30/>
<SURNAME/>因为是个好男人，姐姐我看入迷了♥","
<SURNAME/>啊〜呀，开玩笑、开玩笑!!<pause:30/>
<SURNAME/>那种事不可能有吧!<pause:30/>
<SURNAME/>因为是个好男人，姐姐我看入迷了♥ || 
<SURNAME/>啊哈哈〜开玩笑的，开玩笑!!<pause:30/>
<SURNAME/>那种事嘛！<pause:30/>
<SURNAME/>因为是个好男人，姐姐我看入迷了♥"
dup:83dafc0761fd,"
<SURNAME/>但是真惊讶啊…<pause:30/>
<SURNAME/>除了我们之外，也有Persona使者呢。<pause:30/>
<SURNAME/>我们说的是，以前的伙伴。","
<SURNAME/>不过真让人吃惊啊…<pause:30/>
<SURNAME/>除了我们之外，还有Persona使者呢。<pause:30/>
<SURNAME/>我们指的是以前的伙伴。"
dup:355fc28f0aff,\n<SURNAME/>你们也听说过吧？<pause:30/>\n<SURNAME/>三年前，御影町被封锁的\n<SURNAME/>「SEBEC风波」的事…,"
<SURNAME/>你们也听说过吧?<pause:30/>
<SURNAME/>3年前，御影町被封锁的
<SURNAME/>「塞贝克丑闻」的事…"
dup:1cfa30fcc2fd,"
<SURNAME/>嘛，说来话长…<pause:30/>
<SURNAME/>我觉醒Persona就是那时。<pause:30/>
<SURNAME/>除了我，朋友总共8人…","
<SURNAME/>嘛，说来话长…<pause:30/>
<SURNAME/>我觉醒Persona就是在那时。<pause:30/>
<SURNAME/>除了我，朋友总共有8人…"
dup:f49c5db917fc,"
<SURNAME/>和恶魔以及同为Persona使者的敌人战斗，
<SURNAME/>夺回了重要的朋友和城市…","
<SURNAME/>与恶魔和同为Persona使者的敌人战斗，
<SURNAME/>夺回了重要的朋友和城市…"
dup:6bb54abbc4ba,\n<SURNAME/>新闻上说是事故，\n<SURNAME/>但事实并非如此。<pause:30/>SEBEC的神取和…<pause:30/>\n<SURNAME/>呵…算了。都是过去的事了。,"
<SURNAME/>新闻上说是事故，
<SURNAME/>但实际不是。<pause:30/>塞贝克的神取和…<pause:30/>
<SURNAME/>呵…算了吧。都是过去的事了。"
dup:8c4af4ece8b5,"
<SURNAME/>对了！<pause:20/>
<SURNAME/><c12/>给老子等等！","
<SURNAME/>对了！<pause:20/>
<SURNAME/><c12/>等一下！"
dup:4e6371386b5a,"
<SURNAME/>打扰下OK吗，Baby们？
<SURNAME/>现在要给即将并肩作战的你们
<SURNAME/>一份超Special的礼物！","
<SURNAME/>可以打扰一下吗，Babies?
<SURNAME/>对于今后要和我们并肩作战的你们，
<SURNAME/>有份礼物哦！"
dup:7f2371b13639,"
<SURNAME/>超可爱～哇♥
<SURNAME/>这个可以收下吗！？
<SURNAME/>达哉快看，是情侣款耶～！","
<SURNAME/>好可爱♥
<SURNAME/>那个可以收下吗！？
<SURNAME/>雪野你看，是情侣款哦！"
dup:01890abf9dd5,"
<SURNAME/>那…那把粉红枪要给老娘用？","
<SURNAME/>你…你要我用那把粉红色的枪？"
dup:8b890915c399,"
<SURNAME/>可惜啊…<pause:30/>
<SURNAME/>武器老娘可是随身带的！","
<SURNAME/>很遗憾…<pause:30/>
<SURNAME/>武器的话我一直随身带着呢！"
dup:44e8069a8e0b,"
<SURNAME/>达哉超棒！！
<SURNAME/>好～的我也不能输哟！","
<SURNAME/>雪野好厉害!!
<SURNAME/>好〜我也不能输哦！"
dup:5d0f51560c99,疯狂,狂野 || 离谱
dup:c9353f7933c9,斯提法利德斯,斯廷法利德斯
dup:4b69ffa64879,<SURNAME/>现在你破坏了、 <SURNAME/>这个房间的纹章好像是最后一个了。<pause:30/> <SURNAME/>那么、接下来去吗？,<SURNAME/>刚才砸掉的这个 <SURNAME/>应该是这个教室里最后一个校徽了。<pause:30/> <SURNAME/>好了，去下一个吧?
dup:a477eee12f26,<SURNAME/>说起来、 <SURNAME/>有人说职员室也有纹章…<pause:15/> <SURNAME/>剩下的只有那里了吧？,<SURNAME/>说起来， <SURNAME/>有人说职员室也有纹章呢…<pause:15/> <SURNAME/>剩下的只有那里了吧?
dup:3d6bd4d38515,"
<SURNAME/>谁决定了明天是「明亮的日子」？<pause:30/>
<SURNAME/>只要那个存在，人就无法逃离不安。<pause:30/>
<SURNAME/>不觉得安宁只在遥远的那些日子里吗？","
<SURNAME/>谁人定言明日为「光明之日」？<pause:30/>
<SURNAME/>此念不消，人心永无宁息。<pause:30/>
<SURNAME/>安泰岁月，岂非尽在往昔？"
dup:f8d812c1a62f,"
<SURNAME/>欢迎来到时间之城…<pause:10/>
<SURNAME/>时间洪流湍急，不容踌躇。<pause:10/>
<SURNAME/>那么，请说明来意吧。","
<SURNAME/>欢迎莅临，时之城…<pause:10/>
<SURNAME/>时光奔流不息，从无踌躇。<pause:10/>
<SURNAME/>且道明汝之来意。"
dup:a8db20f02f8a,\n<SURNAME/><c13/>…<pause:30/>\n<SURNAME/>我被憎恨是理所当然的…<pause:30/>\n<SURNAME/>无论你多么憎恨我都没关系…\n,"
<SURNAME/><c13/>…<pause:30/>
<SURNAME/>我被憎恨是理所当然的…<pause:30/>
<SURNAME/>无论你多么憎恨我都没关系…
"
dup:b4d3e59f4ef2,\n<SURNAME/>这种地方信号还能通啊…\n,"
<SURNAME/>这种地方信号还能通啊…
"
dup:bf14520483d0,\n<SURNAME/>喂，我是天野。\n,"
<SURNAME/>喂，我是天野。
"
dup:aba60828a4d2,\n<SURNAME/>喂喂，舞耶小姐！？\n<SURNAME/>对不起！！<SURNAME/>出大事了！！\n,"
<SURNAME/>喂喂，舞耶小姐！？
<SURNAME/>对不起！！<SURNAME/>出大事了！！
"
dup:e929a7475fab,\n<SURNAME/>等、等等，怎么了环小姐？\n<SURNAME/>冷静点…\n,"
<SURNAME/>等、等等，怎么了环小姐？
<SURNAME/>冷静点…
"
dup:cef29e3982b2,\n<SURNAME/>诶～！？\n<SURNAME/>理想老师被，\n<SURNAME/>Prince金牛抓走了！？\n,\n<SURNAME/>诶～！？\n<SURNAME/>理想老师被，\n<SURNAME/>Prince金牛抓走了～！？\n
dup:687b2f93a91f,\n<SURNAME/>然后呢，那时牛男说，\n<SURNAME/>什么活祭品之类的！！\n,"
<SURNAME/>然后呢，那时牛男说，
<SURNAME/>什么活祭品之类的！！
"
dup:e975de2fb96f,塔克沙卡,德叉迦
dup:8ed3b3060448,"
<SURNAME/>哈~喽，过得还好吗？<SURNAME/>我帅不帅？<pause:15/>
<SURNAME/>欢迎光临比基尼线哟♥
<SURNAME/>来~来，今天想选哪个套餐呀~？","
<SURNAME/>嗨～，过得还好吗？<SURNAME/>老子帅不帅？<pause:15/>
<SURNAME/>欢迎光临比基尼线♥
<SURNAME/>来来，今天想选哪个课程呀～？"
dup:84a7f0e88210,"
<SURNAME/>哎呀？<SURNAME/>不过大家看起来都挺精神的嘛~<pause:15/>
<SURNAME/>这样啊，要是再晒了我家的光，精神过头了
<SURNAME/>可不好办哟。不晒不是更好吗？","
<SURNAME/>哎呀？<SURNAME/>但大家看起来挺精神的嘛～<pause:15/>
<SURNAME/>这样，要是晒了我们的光，会精神过头
<SURNAME/>可不好办哦。还是算了吧？"
dup:810280ff6cad,"
<SURNAME/>OK！<SURNAME/>选恢复套餐是吧。
<SURNAME/>那么，全员的话……
<SURNAME/>一共1200日元哦。","
<SURNAME/>OK！<SURNAME/>是治疗课程对吧。
<SURNAME/>那么，全员…
<SURNAME/>一共1200日元。"
dup:51d60511d17d,"
<SURNAME/>这条消息本不该出现。
<SURNAME/>是错误。","
<SURNAME/>这条信息本不该出现。
<SURNAME/>是错误。"
dup:d42738b8fab9,"
<SURNAME/>诶~？<SURNAME/><pause:15/>真的吗？<SURNAME/>治疗哦。<pause:15/>
<SURNAME/>接受一下绝对更好啦~<pause:15/>
<SURNAME/>好寂寞啊~","
<SURNAME/>诶～？<SURNAME/><pause:15/>不要吗？<SURNAME/>治疗。<pause:15/>
<SURNAME/>接受一下绝对更好哦～<pause:15/>
<SURNAME/>好寂寞啊～"
dup:bd7bda85f724,"
<SURNAME/>好~嘞，<keyitem:4/>位客人请进~♥
<SURNAME/>把身体和心灵都烤得暖暖的再来哟~♥","
<SURNAME/>好～的，<keyitem:4/>位客人请进～♥
<SURNAME/>把身体都烤得暖暖的再来哦～♥"
dup:4d77394b36b1,"
<SURNAME/>哎呀！<SURNAME/>有点为难啊，客人。
<SURNAME/>钱不够不是吗。<pause:15/>
<SURNAME/>这样可没法接受治疗课程哦。","
<SURNAME/>哎哟喂!<SURNAME/>客人，这有点难办啊。
<SURNAME/>钱不够嘛。<pause:15/>
<SURNAME/>这样可接受不了恢复服务哦。"
dup:5d6ca1fb3e5a,"
<SURNAME/>好～的。下次再来哦。
<SURNAME/>和那边可爱的甜心一起♥
<SURNAME/>呵呵呵♥","
<SURNAME/>好嘞。下次再来呀。
<SURNAME/>带上那边可爱的甜心一起♥
<SURNAME/>呜呼呼♥"
dup:18d9ed6f40a9,外形如同巨型乌贼或是章鱼的怪物,外形如同巨型乌贼或是章鱼的怪物\n<c6/>\n
dup:0fbf7b3cf66d,最后军团的超能力步兵。\n通过精神改造可以施展超能力。\n<c6/>\n,最后军团的超能力步兵。\n通过精神改造可以发挥超能力。\n<c6/>\n
dup:2bec5ded504d,\n<SURNAME/>哦哦，抱歉啊小哥。\n<SURNAME/>其实，我这儿材料都用完了。\n<SURNAME/>我现在去钓点来，再稍等我一下啊。,"
<SURNAME/>哦哦，抱歉啊小哥。
<SURNAME/>其实材料用完了。
<SURNAME/>现在去钓，再等会儿啊。"
dup:2ac05a627ca9,"
<SURNAME/>有传闻说在梦崎区的<c1d:13/>托尼的店<c1d:1/>能买到
<SURNAME/><c1d:13/>真武器<c1d:1/>。顺便一提，<c1d:13/>价格便宜但
<SURNAME/>质量不好<c1d:1/>哦。<pause:15/>怎样?<SURNAME/>厉害吧?","
<SURNAME/>在梦崎区的<c1d:13/>托尼的店<c1d:1/>，能买到<c1d:13/>真武器<c1d:1/>的
<SURNAME/>传闻哦。顺便说，<c1d:13/>价格便宜但
<SURNAME/>质量不好<c1d:1/>啦。<pause:15/>怎样？<SURNAME/>厉害吧？ || 
<SURNAME/>在梦崎区的<c1d:13/>托尼的店<c1d:1/>，能买到<c1d:13/>真武器<c1d:1/>的
<SURNAME/>传闻有哦。顺便说，<c1d:13/>价格便宜但
<SURNAME/>质量不好<c1d:1/>的样子。<pause:15/>怎样？<SURNAME/>厉害吧？ || 
<SURNAME/>有传闻说在梦崎区的<c1d:13/>托尼的店<c1d:1/>能买到<c1d:13/>真武器<c1d:1/>。
<SURNAME/>顺便一提，<c1d:13/>价格便宜但质量不咋地<c1d:1/>。<pause:15/>怎么样？厉害吧？"
dup:cb8e1ae039ff,\n<SURNAME/>青华区的<c1d:13/>月光餐厅<c1d:1/>，据说在卖<c1d:13/>真正的武器<c1d:1/>\n<SURNAME/>哦。<c1d:13/>便宜但质量\n<SURNAME/>不好<c1d:1/>呢，和那里好吃的料理正相反啊。,"
<SURNAME/>听说在青华区的<c1d:13/>克莱尔·德·吕讷<c1d:1/>卖<c1d:13/>真武器<c1d:1/>。
<SURNAME/><c1d:13/>便宜但质量不好<c1d:1/>。和料理正好相反呢。 || 
<SURNAME/>在青华区的<c1d:13/>克莱尔·德·吕讷<c1d:1/>，听说在卖<c1d:13/>真武器<c1d:1/>的
<SURNAME/>传闻。<c1d:13/>便宜但质量
<SURNAME/>不好<c1d:1/>的样子。和料理正相反呢。 || 
<SURNAME/>在青华区的<c1d:13/>克雷尔·德·吕讷<c1d:1/>，听说有卖<c1d:13/>真武器<c1d:1/>的
<SURNAME/>传闻。<c1d:13/>便宜但质量
<SURNAME/>不好<c1d:1/>啦。和料理正相反呢。"
dup:ed6724b5266b,"
<SURNAME/>诶!<SURNAME/>那个佐佐木<SURNAME/>银次
<SURNAME/>其实是假面党的一员?<SURNAME/>哇，真的吗?
<SURNAME/>太劲爆了，太棒了。<pause:15/>那作为回报…","
<SURNAME/>诶！<SURNAME/>那个佐佐木<SURNAME/>银次
<SURNAME/>其实是假面党的一员？<SURNAME/>哇，真的吗？
<SURNAME/>超劲爆的料啊，太好啦。<pause:15/>那作为回礼… || 
<SURNAME/>诶！<SURNAME/>那个佐佐木<SURNAME/>银次
<SURNAME/>其实是假面党的一员？<SURNAME/>哇，真的？
<SURNAME/>超棒的料，太棒了。<pause:15/>那作为回礼… || 
<SURNAME/>诶！<SURNAME/>那个佐佐木<SURNAME/>银次
<SURNAME/>其实是假面党的一员？<SURNAME/>哇，那真的？
<SURNAME/>厉害的传闻啊，太好了。<pause:15/>那作为回报…"
dup:aac63d0e49d0,\n<SURNAME/>据说在梦崎区的<c1d:13/>世界之灵<c1d:1/>里，\n<SURNAME/>能买到<c1d:13/>真货防具<c1d:1/>哦。<pause:15/>\n<SURNAME/>还说<c1d:13/>虽然便宜，但质量不咋地<c1d:1/>。,"
<SURNAME/>在梦崎区的<c1d:13/>阿尼玛蒙迪<c1d:1/>这家店，
<SURNAME/>有传闻说能买到<c1d:13/>真防具<c1d:1/>哦。<pause:15/>
<SURNAME/><c1d:13/>便宜，但质量不怎么样<c1d:1/>呢。 || 
<SURNAME/>在梦崎区的<c1d:13/>阿尼玛蒙迪<c1d:1/>这家店，
<SURNAME/>能买到<c1d:13/>真防具<c1d:1/>的传闻有哦。<pause:15/>
<SURNAME/><c1d:13/>便宜但质量不怎么样<c1d:1/>的样子。 || 
<SURNAME/>在梦崎区的<c1d:13/>阿尼玛蒙迪<c1d:1/>这店，
<SURNAME/>有能买到<c1d:13/>真防具<c1d:1/>的传闻哦。<pause:15/>
<SURNAME/><c1d:13/>便宜是便宜，但质量不咋地<c1d:1/>啦。"
dup:9630bc91e496,\n<SURNAME/>咦?<SURNAME/>侦探事务所的环酱，\n<SURNAME/>其实是恶魔召唤师?<SURNAME/><pause:15/>…那是什么?<pause:15/>\n<SURNAME/>特别的工作吗…<pause:15/>算了。,"
<SURNAME/>咦？<SURNAME/>侦探事务所的玉木酱，
<SURNAME/>其实是恶魔召唤师？<SURNAME/><pause:15/>……等等，那是什么？<pause:15/>
<SURNAME/>是某种特别的工作吗……<pause:15/>算了。 || 
<SURNAME/>咦？<SURNAME/>侦探事务所的玉木酱，
<SURNAME/>其实是恶魔召唤师？<SURNAME/><pause:15/>……那是什么？<pause:15/>
<SURNAME/>是某种特别的工作吗……<pause:15/>算了。 || 
<SURNAME/>咦？<SURNAME/>侦探事务所的环酱，
<SURNAME/>其实是恶魔召唤师？<SURNAME/><pause:15/>……等等，那是啥？<pause:15/>
<SURNAME/>什么特殊工作吗…<pause:15/>算了不管了。"
dup:9518ef70807a,\n<SURNAME/>果然这里适合收集情报。\n<SURNAME/>不仅能听传闻，还能吃到好吃的寿司，嚼嚼…<pause:15/>\n<SURNAME/>哈…感觉一切大丰收啊。,"
<SURNAME/>果然这儿超适合收集情报～
<SURNAME/>能打探消息，寿司又赞，吧唧吧唧…<pause:15/>
<SURNAME/>哈啊…简直满载而归～ || 
<SURNAME/>果然这里是收集情报的好地方。
<SURNAME/>能听到消息，寿司又好吃，嚼嚼…<pause:15/>
<SURNAME/>哈…感觉一切都大丰收了。"
dup:527bf84590dc,\n<SURNAME/>你好像掌握了很多传闻呢。<pause:15/>\n<SURNAME/>我也会搞点新消息。\n<SURNAME/>到时再交换吧。,"
<SURNAME/>你好像有很多消息呢。<pause:15/>
<SURNAME/>我也会去搞点新消息。
<SURNAME/>到时候再交换吧。 || 
<SURNAME/>你小子料不少嘛～<pause:15/>
<SURNAME/>我也去搞点新料，
<SURNAME/>到时候再交换呗。"
dup:a7d906128eca,\n<SURNAME/>自从连环恐怖袭击事件发生后，\n<SURNAME/>连新的传闻都听不到了。\n<SURNAME/>真头疼啊…,"
<SURNAME/>自从连续恐怖事件发生后，新八卦
<SURNAME/>也听不到了。
<SURNAME/>真头疼啊… || 
<SURNAME/>连环恐袭闹开后，
<SURNAME/>新传闻都听不着了。
<SURNAME/>愁死人啊…"
dup:56d3c32d7bb8,\n<SURNAME/>哇哈哈哈，你们看到了吗，微笑平坂烧起来的样子。<pause:15/>\n<SURNAME/>没错，就是那火焰。那火焰会把这无聊的世界上的一切\n<SURNAME/>全都烧得干干净净。烧吧，烧吧！,"
<SURNAME/>嘎哈哈哈，看到没，微笑平坂烧得多旺。<pause:15/>
<SURNAME/>对，就是那火焰。它会把这无聊世界
<SURNAME/>烧个干净。烧吧烧吧!"
dup:1ca6cebddd2f,\n<SURNAME/>我也以为这场连环恐怖袭击的犯人是假面党，\n<SURNAME/>但是最近又有传闻说犯人是年轻的5人组，\n<SURNAME/>到底哪个是真相啊？,"
<SURNAME/>我也以为连续恐怖袭击的犯人是假面党，
<SURNAME/>但最近听说有传闻说是年轻的五人组
<SURNAME/>是犯人。真相到底是哪个呢? || 
<SURNAME/>我也以为连续恐怖袭击的犯人是假面党，
<SURNAME/>但最近听说，是五个年轻人干的。
<SURNAME/>真相到底是哪个?"
dup:203893070973,\n<SURNAME/>微笑平坂只是个车站大楼而已吧？<pause:15/>\n<SURNAME/>犯人炸掉那种地方，\n<SURNAME/>是打算干什么啊？,"
<SURNAME/>微笑平坂不过是个车站大楼而已?<pause:15/>
<SURNAME/>犯人炸掉那种地方，
<SURNAME/>到底想干什么呢? || 
<SURNAME/>微笑平坂不过是个车站大楼而已?<pause:15/>
<SURNAME/>犯人炸那种地方，
<SURNAME/>到底想干什么?"
dup:f37b38067f3c,\n<SURNAME/>蜗牛山上好像有蹦跶老头出没。\n<SURNAME/>我还以为这妖怪只会在公路和隧道里出现呢，\n<SURNAME/>原来山里也会出现啊。,"
<SURNAME/>蜗牛山上，据说会出现跳跃爷爷哦。
<SURNAME/>我还以为是在道路和隧道出现的妖怪，
<SURNAME/>原来山里也会出现呢。 || 
<SURNAME/>蜗牛山似乎有跳跃爷爷出现呢。
<SURNAME/>我还以为是出现在道路和隧道的妖怪，
<SURNAME/>原来山里也有呢。 || 
<SURNAME/>蜗牛山有跳跃老头出没呢。
<SURNAME/>还以为只是道路或隧道里的妖怪
<SURNAME/>原来山里也有啊。"
dup:91982dca1b1f,\n<SURNAME/>据说在港南区的废工厂里，\n<SURNAME/>有个叫衣柜婆婆的妖怪出没。<pause:15/>\n<SURNAME/>那到底是什么样的妖怪啊？,"
<SURNAME/>听说在港南区的废弃工厂，有叫橱柜婆婆的
<SURNAME/>妖怪出现呢。<pause:15/>
<SURNAME/>话说，是什么样的妖怪呢? || 
<SURNAME/>港南区的废弃工厂里，据说有
<SURNAME/>叫衣柜婆婆的妖怪出现。<pause:15/>
<SURNAME/>话说，是什么样的妖怪啊？ || 
<SURNAME/>港南区的废弃工厂，有叫衣柜婆婆的
<SURNAME/>妖怪出没呢。<pause:15/>
<SURNAME/>那是什么妖怪啊?"
dup:cd089d937af6,\n<SURNAME/>你听说了吗？<SURNAME/>青华区的月光之清\n<SURNAME/>在卖真武器呢。\n<SURNAME/>虽然种类很少，但回收价还不错就是了。,"
<SURNAME/>听说了吗?<SURNAME/>在青华区的Claire de Lune，
<SURNAME/>有卖真正的武器呢。
<SURNAME/>据说品种少但回收价格好呢。 || 
<SURNAME/>听说了吗?<SURNAME/>青华区的克雷尔·德·吕讷
<SURNAME/>在卖真武器呢。
<SURNAME/>品种少但回收价高哦。 || 
<SURNAME/>听说了吗？<SURNAME/>青华区的克蕾尔·德·吕讷
<SURNAME/>在卖真武器呢。
<SURNAME/>品种少但回收价高。"
dup:94a1914b00e4,\n<SURNAME/>你听说了吗？<SURNAME/>青华区的月光之清\n<SURNAME/>在卖真武器呢。\n<SURNAME/>虽然价格便宜，但品质一般就是了。,"
<SURNAME/>听说了吗?<SURNAME/>在青华区的Claire de Lune，
<SURNAME/>有卖真正的武器呢。
<SURNAME/>据说价格便宜但品质一般呢。 || 
<SURNAME/>听说了吗?<SURNAME/>青华区的克雷尔·德·吕讷
<SURNAME/>在卖真武器呢。
<SURNAME/>价格便宜但品质一般哦。 || 
<SURNAME/>听说了吗？<SURNAME/>青华区的克蕾尔·德·吕讷
<SURNAME/>在卖真武器呢。
<SURNAME/>价格便宜但品质一般。"
dup:6e8d9fbf99b0,\n<SURNAME/>你听说了吗？<SURNAME/>青华区的月光之清\n<SURNAME/>在卖真武器呢。\n<SURNAME/>品质好，但价格也高就是了。,"
<SURNAME/>听说了吗?<SURNAME/>在青华区的Claire de Lune，
<SURNAME/>有卖真正的武器呢。
<SURNAME/>据说品质好但价格高呢。 || 
<SURNAME/>听说了吗?<SURNAME/>青华区的克雷尔·德·吕讷
<SURNAME/>在卖真武器呢。
<SURNAME/>品质好但价格高哦。 || 
<SURNAME/>听说了吗？<SURNAME/>青华区的克蕾尔·德·吕讷
<SURNAME/>在卖真武器呢。
<SURNAME/>品质好但价格高。"
dup:a29b8bd3f57e,\n<SURNAME/>你听说了吗？<SURNAME/>青华区的月光之清\n<SURNAME/>在卖真武器呢。\n<SURNAME/>种类齐全，但回收价非常低就是了。,"
<SURNAME/>听说了吗?<SURNAME/>在青华区的Claire de Lune，
<SURNAME/>有卖真正的武器呢。
<SURNAME/>据说品种齐全但回收价格低呢。 || 
<SURNAME/>听说了吗?<SURNAME/>青华区的克雷尔·德·吕讷
<SURNAME/>在卖真武器呢。
<SURNAME/>品种多但回收价低哦。 || 
<SURNAME/>听说了吗？<SURNAME/>青华区的克蕾尔·德·吕讷
<SURNAME/>在卖真武器呢。
<SURNAME/>品种齐全但回收价低。"
dup:0fd11b8006c1,\n<SURNAME/>你听说了吗？<SURNAME/>青华区的月光之清\n<SURNAME/>在卖真武器呢。\n<SURNAME/>不过品质和价格都普普通通就是了。,"
<SURNAME/>听说了吗?<SURNAME/>在青华区的Claire de Lune，
<SURNAME/>有卖真正的武器呢。
<SURNAME/>据说品质和价格都普通呢。 || 
<SURNAME/>听说了吗?<SURNAME/>青华区的克雷尔·德·吕讷
<SURNAME/>在卖真武器呢。
<SURNAME/>品质和价格都普通哦。 || 
<SURNAME/>听说了吗？<SURNAME/>青华区的克蕾尔·德·吕讷
<SURNAME/>在卖真武器呢。
<SURNAME/>品质和价格都普通。"
dup:9a823586299b,\n<SURNAME/>世界之灵那地方\n<SURNAME/>居然能买到真防具吗？\n<SURNAME/>不过听说质量和价格都普普通通就是了。,"
<SURNAME/>那个Anima Mundi
<SURNAME/>居然能买到真防具吗？
<SURNAME/>听说质量和价格都普通的说的说。 || 
<SURNAME/>那个阿尼玛·蒙迪
<SURNAME/>居然能买到真防具？
<SURNAME/>听说品质和价格都普通。 || 
<SURNAME/>那个阿尼玛蒙迪
<SURNAME/>居然能买到真防具吗？
<SURNAME/>听说质量和价格都普通呢。"
dup:69f4925d683b,\n<SURNAME/>世界之灵那地方\n<SURNAME/>居然能买到真防具吗？\n<SURNAME/>听说价格很便宜，但是品质很差就是了。,"
<SURNAME/>那个Anima Mundi
<SURNAME/>居然能买到真防具吗？
<SURNAME/>便宜但但质量听说不好的说的说。 || 
<SURNAME/>那个阿尼玛·蒙迪
<SURNAME/>居然能买到真防具？
<SURNAME/>听说便宜但品质差。 || 
<SURNAME/>那个阿尼玛蒙迪
<SURNAME/>居然能买到真防具吗？
<SURNAME/>听说便宜但质量差呢。"
dup:0907aa3089a3,\n<SURNAME/>世界之灵那地方\n<SURNAME/>居然能买到真防具吗？\n<SURNAME/>听说种类很齐全，但是回收价很低就是了。,"
<SURNAME/>那个Anima Mundi
<SURNAME/>居然能买到真防具吗？
<SURNAME/>商品种类不错但但回收价听说低的说的说 || 
<SURNAME/>那个阿尼玛·蒙迪
<SURNAME/>居然能买到真防具？
<SURNAME/>听说品种齐全但回收价低。 || 
<SURNAME/>那个阿尼玛蒙迪
<SURNAME/>居然能买到真防具吗？
<SURNAME/>听说品种齐全但回收价很低。"
dup:6f70dc0e6d36,\n<SURNAME/>世界之灵那地方\n<SURNAME/>居然能买到真防具吗？\n<SURNAME/>听说品质很好，但价格也很高就是了。,"
<SURNAME/>那个Anima Mundi
<SURNAME/>居然能买到真防具吗？
<SURNAME/>质量不错但但价格听说高的说的说。 || 
<SURNAME/>那个阿尼玛·蒙迪
<SURNAME/>居然能买到真防具？
<SURNAME/>听说品质好但价格高。 || 
<SURNAME/>那个阿尼玛蒙迪
<SURNAME/>居然能买到真防具吗？
<SURNAME/>听说质量好但价格很高呢。"
dup:226398954e21,\n<SURNAME/>我听到有传闻说月光之清\n<SURNAME/>有传说武器卖。\n<SURNAME/>但是那种东西真的存在吗?,"
<SURNAME/>克雷尔·德·吕讷卖传说武器
<SURNAME/>的传闻。
<SURNAME/>真有那东西? || 
<SURNAME/>在Claire de Lune卖传说武器
<SURNAME/>的传闻听说了的说。
<SURNAME/>那种东西真的存在吗？ || 
<SURNAME/>在月光听到卖传说武器
<SURNAME/>的传闻呢。
<SURNAME/>那种东西真的存在吗？"
dup:d8c3937a8987,"
<SURNAME/>据说时间城的传说武器还没交货，
<SURNAME/>拿着货的商人在废工厂等着。
<SURNAME/>店主怕怪物不敢去取。","
<SURNAME/>据说时间城的传说武器还没交货，
<SURNAME/>拿着货的商人在废弃工厂等着呢。
<SURNAME/>店主因为怪物不敢去取。 || 
<SURNAME/>据说时间城的传说武器还没交货，
<SURNAME/>持有货品的商人在废工厂等着。
<SURNAME/>店主因为怪物不敢去取。 || 
<SURNAME/>时间城的传说武器未到货，
<SURNAME/>卖家在废工厂等。
<SURNAME/>店主怕怪物不敢取。"
dup:546c85950fff,阿德拉梅莱克,阿德拉梅勒克
dup:d3a3874340e2,消耗,消费
dup:0efbf73d5766,查看状态,设定 || 设置
dup:148d6c871236,"
<SURNAME/>你那时乖乖死掉，
<SURNAME/>这家伙也不会遭罪…<pause:30/>
<SURNAME/>全是你这灾祸魔女的错!!
","
<SURNAME/>若你「那时」乖乖死去，
<SURNAME/>这家伙也不必遭此劫难…<pause:30/>
<SURNAME/>全因你这散布灾祸的魔女！！
"
dup:7bd9d0c24173,"
<SURNAME/>不会等到'纳维·奥林终结'…<pause:30/>
<SURNAME/>作为魔女，就在这里烧成灰吧!
","
<SURNAME/>不必等到「纳维·奥林终结」…<pause:30/>
<SURNAME/>作为魔女，在此燃尽吧！
"
dup:e119eeccf9f8,"
<SURNAME/>'纳维·奥林终结'是什么!?
<SURNAME/>小丑的真正目的是什么!?
<SURNAME/>回答!!
","
<SURNAME/>「纳维·奥林终结」是什么！？
<SURNAME/>小丑的真正目的是什么！？
<SURNAME/>回答我！！
"
dup:883ee7c566ed,"
<SURNAME/>玛雅预言实现意味着…<pause:30/>
<SURNAME/>那位大人真正追求的，
<SURNAME/>是将人类升华成'理想人'的道路。
","
<SURNAME/>舞耶预言实现的意义…<pause:30/>
<SURNAME/>那位大人真正追求的，
<SURNAME/>是让人类升华为「理念者」之路。
"
dup:be6c0834f9fa,"
<SURNAME/>当'神圣十字架'出现在天空，
<SURNAME/>'冥府'将升天…<pause:30/>
<SURNAME/>一万五千年转机即将到来!
","
<SURNAME/>当「神圣十字架」现于天际，
<SURNAME/>「冥府」将升入天空…<pause:30/>
<SURNAME/>一万五千年之变局即将来临！
"
dup:b048ec5b1a2b,"
<SURNAME/>从那天起，
<SURNAME/>我们将作为新人类接近神!!<pause:30/>
<SURNAME/>毁灭这腐朽世界吧!!
","
<SURNAME/>自那日起，
<SURNAME/>我等将作为新人类接近神明！！<pause:30/>
<SURNAME/>将这腐朽的世界毁灭殆尽！！
"
dup:d4e13f1dfc8d,"
<SURNAME/>策划人类…进化!?
<SURNAME/>那种妄想，我受够了!
","
<SURNAME/>你是说在策划人类的…进化！？
<SURNAME/>这种妄想，我受够了！
"
dup:f61f8f1c3719,"
<SURNAME/>面具下那位的真面目，
<SURNAME/>如女神般美丽…
","
<SURNAME/>面具下那位的素颜，
<SURNAME/>如女神般美丽…
"
dup:99f2fdbf5659,"
<SURNAME/>那位大人严令于我。
<SURNAME/>定要对再次阻碍我们的你们，
<SURNAME/>完成复仇！
","
<SURNAME/>那位大人严令。
<SURNAME/>定要对再次阻碍我等的你们，
<SURNAME/>完成复仇！
"
dup:5b606534084a,"
<SURNAME/>想往哪儿逃！？
<SURNAME/>老子可不会给你退路！！
","
<SURNAME/>你想往哪儿跑!?
<SURNAME/>老子告诉你，你丫无处可逃了!!
"
dup:fff06529ed1f,"
<SURNAME/>观景餐厅动了！？
<SURNAME/>原来如此！！<SURNAME/>是孩子们的传闻吧！
","
<SURNAME/>观景餐厅在动!?
<SURNAME/>原来如此!!<SURNAME/>是孩子们的传闻作祟吧!
"
dup:4e4c05b61174,"
<SURNAME/>等等！！
<SURNAME/>小丑是…
<SURNAME/>小丑是「姐姐」吗！？
","
<SURNAME/>等等!!
<SURNAME/>小丑是…
<SURNAME/>小丑是「姐姐」吗!?
"
dup:99f4f16f397e,"
<SURNAME/>你说什么！？
","
<SURNAME/>吵什么!?
"
dup:47f5be6a7143,"
<SURNAME/>不要啊啊啊！！
<SURNAME/>姐姐——救救我！！
","
<SURNAME/>不要啊啊啊!!
<SURNAME/>姐姐——救救我啊!!
"
dup:bac8a1319e82,"
<SURNAME/>大家，夺取飞艇吧！
<SURNAME/>带着孩子们脱身！
","
<SURNAME/>各位，劫下飞艇吧!!
<SURNAME/>带着孩子们一起逃出去!
"
dup:ce98b72d6380,毗卢遮那,毘卢遮那
dup:63926fa41111,"
<SURNAME/>说起来，学校的怪谈之类，
<SURNAME/>某种意义上也是传闻呢…<pause:15/>
<SURNAME/>那，该不会…","
<SURNAME/>说起来，学校的怪谈之类，
<SURNAME/>某种意义上，也是传闻呢…<pause:15/>
<SURNAME/>那么，说不定…"
dup:748275853351,"
<SURNAME/>话说回来，<c14/>的班主任，<pause:10/>
<SURNAME/>相当有女中豪杰风范啊。<pause:15/>
<SURNAME/>嘿嘿，和花姐很像呢。","
<SURNAME/>话说回来，<c14/>的班主任，<pause:10/>
<SURNAME/>真是个大姐头风范的人啊。<pause:15/>
<SURNAME/>嘿嘿，和姐很像呢。"
dup:22ea3725a0fa,"
<SURNAME/>花姐，是那个老师的学生吧？<pause:15/>
<SURNAME/>很痛苦吧…","
<SURNAME/>姐，你是那个老师的学生吧？<pause:15/>
<SURNAME/>一定很痛苦吧…"
dup:9fd6816f3994,"
<SURNAME/>雪野的事，我已经跟老师说了。
<SURNAME/>为了不输给那两个人，
<SURNAME/>我们也得加油呢！","
<SURNAME/>纯的事，我已经跟老师说了。
<SURNAME/>为了不输给那两个人
<SURNAME/>，我们也要加油啊!"
dup:adcf444602db,"
<SURNAME/>雪野的事，
<SURNAME/>我已经跟冴子老师说了…
<SURNAME/>老师虽然说不相信…","
<SURNAME/>纯的事，
<SURNAME/>我已经跟冴子老师说了…
<SURNAME/>老师说她不相信…"
dup:1476872de14a,"
<SURNAME/><c13/>君，我不会放弃的。<pause:15/>
<SURNAME/>雪野也一定能恢复原样的。<pause:15/>
<SURNAME/>没有理由悲伤。","
<SURNAME/><c13/>君，我不会放弃的。<pause:15/>
<SURNAME/>纯也一定能恢复原状的。<pause:15/>
<SURNAME/>没有理由悲伤。"
dup:862c617a0328,"
<SURNAME/>雪野小姐的时候也是，<c13/>的时候也是，<pause:10/>
<SURNAME/>那个老师一直在旁边，
<SURNAME/>守护着两个人呢…","
<SURNAME/>雪野小姐的时候，<c13/>的时候，<pause:10/>
<SURNAME/>那位老师都在一旁，一直
<SURNAME/>守护着他们两人…"
dup:56beaed74e8d,"
<SURNAME/>真正持续战斗着的，
<SURNAME/>或许是那个老师…","
<SURNAME/>真正在持续战斗的，
<SURNAME/>或许是那位老师…"
dup:787d3800e950,"
<SURNAME/>咦？<SURNAME/>这朵花？<pause:15/>
<SURNAME/>刚才从时间城的伯爵那里拿到的。<pause:15/>
<SURNAME/>说是被继承的命运的象征…","
<SURNAME/>咦？<SURNAME/>这花？<pause:15/>
<SURNAME/>刚才从时间城的伯爵那里拿到的。<pause:15/>
<SURNAME/>说是能继承的宿命象征…"
dup:a5eea73eaadf,"
<SURNAME/>传说中的武器？<pause:15/><SURNAME/>这朵花？<pause:15/>
<SURNAME/>嗯…虽然看不出来…<pause:15/>
<SURNAME/>但既然你这么说，或许是吧…","
<SURNAME/>传说中的武器？<pause:15/><SURNAME/>这花？<pause:15/>
<SURNAME/>嗯…虽然看不出来…<pause:15/>
<SURNAME/>但既然你这么说，或许是吧…"
dup:49657ffcd334,"
<SURNAME/>但是…被继承的命运的象征，
<SURNAME/>是什么意思呢…<pause:15/>
<SURNAME/>嘛，还是心怀感激地收下吧。","
<SURNAME/>但是…能继承的宿命象征，
<SURNAME/>是什么意思呢…<pause:15/>
<SURNAME/>嘛，还是心怀感激地收下吧。"
dup:4475212b748a,"
<SURNAME/>和不知名的女人一起，
<SURNAME/>在帮助街上的人们。<pause:10/>那家伙眼神变好了。<pause:15/>
<SURNAME/>振作起来了啊…<pause:10/>真是太好了。","
<SURNAME/>和一个不认识的女人一起，
<SURNAME/>在帮助街上的人。<pause:10/>那家伙眼神不错。<pause:15/>
<SURNAME/>振作起来了啊…<pause:10/>真是太好了。"
dup:3590be11f58d,"
<SURNAME/>我，以前一直觉得老师只是烦人，
<SURNAME/><pause:10/>真是大错特错。<pause:15/>明明她一直
<SURNAME/>那样守护着我们…
","
<SURNAME/>我，以前觉得老师只是烦人，<pause:10/>但大错特错了。<pause:15/>那样
<SURNAME/>一直保护着我们…"
dup:656b1db0a354,"
<SURNAME/>话说<c12/>君，看到中庭的光了吗？<pause:10/>
<SURNAME/>不知为什么，那个鸣罗门石
<SURNAME/>好像在发光呢。","
<SURNAME/>对了，<c12/>君，看到中庭的光了吗？<pause:10/>
<SURNAME/>不知为啥，那个鸣罗门石好像在发光
<SURNAME/>的样子。"
dup:cc3781f7fd4a,"
<SURNAME/>Ideal老师说的话是真的呢。<pause:15/>
<SURNAME/>说起来，那个老师去哪里了呢？","
<SURNAME/>伊迪尔老师说的话是真的呢。<pause:15/>
<SURNAME/>说起来，那位老师去哪儿了呢？"
dup:539b1b242438,"
<SURNAME/>咦…<c13/>君…？<pause:10/><SURNAME/>真是的…之前去哪里
<SURNAME/>了…？<SURNAME/><pause:15/>一直想道歉的…但是…<pause:15/>
<SURNAME/>之前说了过分的话对不起…","
<SURNAME/>咦…<c13/>君…？<pause:10/><SURNAME/>真是的…之前你去哪
<SURNAME/>了…？<SURNAME/><pause:15/>我一直想道歉的…可是…<pause:15/>
<SURNAME/>之前说了过分的话，对不起呢…"
dup:47c404ab9f2c,"
<SURNAME/>我…我让小丑大人…实现了我的理想…<pause:15/>
<SURNAME/>他让我变漂亮了…<pause:15/>因为我想让你
<SURNAME/>注意到我…","
<SURNAME/>我…我让小丑大人…实现了理想…<pause:15/>
<SURNAME/>让我变漂亮了…<pause:15/>因为，想让你
<SURNAME/>回头看我…"
dup:b9502459a5d4,"
<SURNAME/>但是…<pause:8/>算了…<pause:10/>
<SURNAME/>忘了我吧…<pause:10/>就像大家那样…<pause:15/>
<SURNAME/>我不想让你看到我这副丢人的样子…","
<SURNAME/>但是…<pause:8/>算了…<pause:10/>
<SURNAME/>忘了我吧…<pause:10/>就像大家那样…<pause:15/>
<SURNAME/>不想让你看到这么羞耻的样子…"
dup:e9f5517d620b,"
<SURNAME/>我到底哪里做错了呢…?<pause:10/>
<SURNAME/>我…","
<SURNAME/>到底哪里出错了呢…？<pause:10/>
<SURNAME/>我…"
dup:5b92a79a9a23,"
<SURNAME/>这样啊…<pause:8/>黛，他现在还在城市的某个地方努力着呢。<pause:15/>
<SURNAME/>呵呵，<c12/>。<pause:10/>可不能输给前辈哦。<pause:15/>
<SURNAME/>你也要坦诚面对自己的心意啊。","
<SURNAME/>是吗…<pause:8/>黛，现在还在街上的某处努力着呢。<pause:15/>
<SURNAME/>呵呵，<c12/>。<pause:10/>可不能输给前辈哦。<pause:15/>
<SURNAME/>你也要坦诚面对自己的心情。"
dup:eaf44abccff0,"
<SURNAME/>是啊…<pause:8/>人生只有一次啊。<pause:10/>
<SURNAME/>犹豫不决就太浪费了。","
<SURNAME/>是啊…<pause:8/>人生只有一次。<pause:10/>
<SURNAME/>犹豫的话就太可惜了。"
dup:16abb9b61b9f,"
<SURNAME/>我、我才不信呢！<pause:10/>
<SURNAME/>黛怎么会…<pause:15/>
<SURNAME/>不可能有这种事！","
<SURNAME/>我、我才不信呢！<pause:10/>
<SURNAME/>黛怎么会那样…<pause:15/>
<SURNAME/>不可能有那种事！"
dup:6730ee5ab3d5,"
<SURNAME/>…嘻<pause:30/>
<SURNAME/>…嘿嘿<pause:30/>…呀哈!<pause:30/>
<SURNAME/>呀哈哈哈啊!!
","
<SURNAME/>…嘻<pause:30/>
<SURNAME/>…咿嘻<pause:30/>…嘻哈!<pause:30/>
<SURNAME/>嘻—哈哈哈啊啊啊!!
 || 
<SURNAME/>…嘻<pause:30/>
<SURNAME/>…嘿嘿<pause:30/>…呀哈!<pause:30/>
<SURNAME/>呀哈哈哈啊啊啊!!
"
dup:6d73edbc6f08,<option:2/>是 否<option_end/>,"
<option:2/>是
否
<option_end/>"
dup:39014552ac4c,<SURNAME/>走吧，各位!! <SURNAME/>我们挨个儿检查!,"
<SURNAME/>走吧，大家!!
<SURNAME/>我们要挨个调查！
"
dup:3989992770fb,<c5:0/><c1e:0/>月刊Coolest的杂志记者。\n开朗活泼，\n散发着健康魅力的美女。\n<c6/>\n,"<c5:0/><c1e:0/>月刊库雷斯特的杂志记者。
开朗活泼，
散发着健康魅力的美女。
<c6/>
"
dup:7302da870fee,<c5:0/><c1e:0/>春日山男子高中二年级学生。\n自称米歇尔，\n担任番长和乐队主唱的自恋者。\n<c6/>\n,"<c5:0/><c1e:0/>春日山男子高中二年级学生。
自称米切，
担任番长和乐队主唱的自恋者。
<c6/>
"
dup:8285c8dcd89d,<SURNAME/>………！？,"
<SURNAME/>………!?
 || 
<SURNAME/>………！？
"
dup:ab508048011a,\n<SURNAME/>大家突然怎么了嘛？\n<SURNAME/>哪是打扫的时候啊…\n<SURNAME/>Mr.般若的影响力真可怕呢～,<SURNAME/>大家突然都怎么了? <SURNAME/>现在哪是打扫的时候啊… <SURNAME/>Mr.般若的影响力，真恐怖呀〜
dup:414b56678b56,\n<SURNAME/>好啦～ \n<SURNAME/>校长先生，如我所料的行动了呢。<pause:30/>\n<SURNAME/>快找钥匙，去钟楼！Let's go！,\n<SURNAME/>那么〜，\n<SURNAME/>校长果然如预料行动了哦。<pause:30/>\n<SURNAME/>赶紧找到钥匙，然后向着钟楼Let's Goー!
dup:fe4ab20e7ee4,<SURNAME/>般若这混蛋～ <SURNAME/>连我的冴子老师都敢洗脑!!<pause:30/> <SURNAME/>看我怎么收拾他!!,"
<SURNAME/>般若那混蛋～
<SURNAME/>连我的冴子老师都敢洗脑!!<pause:30/>
<SURNAME/>看我怎么收拾你!!"
dup:3a6d90333fd2,\n<SURNAME/>冴子老师才不是会服从这种指示的人。<pause:30/>\n<SURNAME/>要是说不通的话， \n<SURNAME/>管他是文部大臣也照揍不误。,"
<SURNAME/>冴子老师不是会服从这种命令的人。<pause:30/>
<SURNAME/>要是道理讲不通，
<SURNAME/>就算对方是文部大臣她也照揍不误。"
dup:25db0699f98e,<SURNAME/>钟楼?<SURNAME/>你们要去那里干嘛? <SURNAME/>有这闲工夫不如赶紧打扫!<pause:30/> <SURNAME/>好好听校长的话!,"
<SURNAME/>钟楼？<SURNAME/>去那种地方干嘛？
<SURNAME/>有那闲工夫，你也赶紧打扫！<pause:30/>
<SURNAME/>好好听校长的话。"
dup:6ae7fbc2b758,<SURNAME/>虽然感觉莫名火大， <SURNAME/>但是<c12/>你对那个前秃子…<pause:30/>不是，呃…<pause:30/> <SURNAME/>对反谷校长，还是喜、喜、喜欢的吧?,"
<SURNAME/>虽然莫名火大，
<SURNAME/><c12/>也喜欢那个原秃头…<pause:30/>不对，呃…<pause:30/>
<SURNAME/>反谷校长，喜、喜、喜欢吧?"
dup:594952898059,"
<SURNAME/>啥?<SURNAME/>钟楼钥匙?
<SURNAME/>这样啊ー!!<SURNAME/>要去打扫钟楼啊!
<SURNAME/>哎呀ー这样啊ー!!<SURNAME/>哇哈哈，这样啊ー!!","
<SURNAME/>什么？<SURNAME/>钟楼的钥匙？
<SURNAME/>是吗ー!!<SURNAME/>要去打扫钟楼啊！
<SURNAME/>哎呀ー是吗ー!!<SURNAME/>哇哈哈，是吗ー!!"
dup:dea45e8ada1e,\n<SURNAME/>职员室的那个，校长拿走了。 \n<SURNAME/>还有一个，应该是校工拿着！ \n<SURNAME/>哈哈!<SURNAME/>是吗ー!!<SURNAME/>佩服佩服!!,"
<SURNAME/>职员室那把被校长拿走了。
<SURNAME/>另一把在校工那儿!
<SURNAME/>哈哈哈!<SURNAME/>这样啊ー!!<SURNAME/>佩服佩服!!"
dup:24d1be6d610d,"
<SURNAME/>啊ー这样。要借钟楼钥匙啊。
<SURNAME/>但职员室那把被人拿走了，
<SURNAME/>现在借不了。","
<SURNAME/>啊ー是哦。想要钟楼的钥匙啊。
<SURNAME/>但职员室的那个，好像被谁拿走了，
<SURNAME/>所以现在借不了。"
dup:6ceac3afb838,\n<SURNAME/>啊ー是哦是哦，顺便还有一件事。 \n<SURNAME/>看到丽莎想起来了，那家伙的英语成绩 \n<SURNAME/>真是太差劲了，叫她认真点。,<SURNAME/>啊ー对了，顺便说下。 <SURNAME/>看到莉莎我才想起来，那家伙英语成绩糟透了，<SURNAME/>叫她认真点学啊。
dup:dbc6c3fb1901,\n<SURNAME/>太、太琐碎了… \n<SURNAME/>不该弄得这么乱…<pause:30/>\n<SURNAME/>就算以我的头脑，也完全预测不到如今的发展!,<SURNAME/>卑、卑鄙… <SURNAME/>早知道就不搞得这么乱了…<pause:30/> <SURNAME/>以老子的智商都猜不到这展开!
dup:3142490a70f0,"
<SURNAME/>烦死了!!
<SURNAME/>让开啦!!<SURNAME/>正火大呢!!
<SURNAME/>不打扫不行啊!!","
<SURNAME/>啊ー真是的!!
<SURNAME/>让开啦!!<SURNAME/>我很烦躁啦!!
<SURNAME/>必须打扫啊!!"
dup:844f9b219774,方向键左右选数量 ○键确定,方向键左右选择数量 ○键确定
dup:f0bfe28bfded,确定吗？,确定吗? || 这样可以吗？
dup:1696e593a46f,"
<SURNAME/>亚尔·卡门!!","
<SURNAME/>遵命!!"
dup:3368af7b2cdd,"
<SURNAME/>城里人以为连续恐怖袭击是假面党干的。
<SURNAME/>所以假面党是可怕组织的传闻传开了，
<SURNAME/>那成了现实…","
<SURNAME/>城里人认为连续恐怖袭击是假面党干的。
<SURNAME/>所以假面党是恐怖组织的传闻扩散开来，
<SURNAME/>那变成了现实… || 
<SURNAME/>街上的人认为连续恐怖袭击是假面党干的。
<SURNAME/>所以假面党是可怕组织的传闻扩散开来，
<SURNAME/>那变成了现实…"
dup:05faedac1802,"
<SURNAME/>呵呵呵，没想到会在这里遇到园村呢。
<SURNAME/>你这身打扮，我都没立刻认出来。
<SURNAME/>现在在这里工作吗？","
<SURNAME/>呵呵，没想到在这儿遇见园村。
<SURNAME/>这身行头让我一时没认出来。
<SURNAME/>现在在这儿工作？"
dup:a2b63546a4ca,"
<SURNAME/>啊，<c12/>，介绍一下。
<SURNAME/>她是园村，艾尔敏时期的同学。
<SURNAME/>三年前，和我一起战斗的伙伴。","
<SURNAME/>啊，<c12/>，介绍一下。
<SURNAME/>她是园村，艾尔敏时期的同学。
<SURNAME/>三年前和我并肩作战的伙伴。"
dup:7abcc85251f1,"
<SURNAME/>你是）<c12/>君？<pause:15/>
<SURNAME/>我叫园村<SURNAME/>麻希。
<SURNAME/>请多关照。","
<SURNAME/>你是<c12/>君？<pause:15/>
<SURNAME/>我叫园村<SURNAME/>麻希。
<SURNAME/>请多关照。"
dup:9fc6de395481,"
<SURNAME/>这样啊…你也见过菲列蒙了呢。<pause:20/>
<SURNAME/>既然是雪野的朋友，那也就是我的朋友。
<SURNAME/>有困难的话尽管找我商量。","
<SURNAME/>这样啊…你也见过菲勒蒙了呢。<pause:20/>
<SURNAME/>既然是雪野的朋友，那也就是朋友哦。
<SURNAME/>有困难的话随时找我商量吧。"
dup:295c8b27f5c4,"
<SURNAME/>你好。
<SURNAME/>今天怎么了？","
<SURNAME/>你好。
<SURNAME/>今天有什么事吗？"
dup:d56c0b4e8004,"
<SURNAME/>呵呵…不过你身心都很健康呢。
<SURNAME/>另外，如果又觉得辛苦的话，随时都可以来。
<SURNAME/>我会一直在这里等着你…","
<SURNAME/>呵呵…但你看起来身心都很健康呢。
<SURNAME/>另外，如果觉得辛苦的话随时可以来。
<SURNAME/>我会一直在这里等着…"
dup:d7e1ede212c3,"
<SURNAME/>明白了。<pause:15/>
<SURNAME/>不过，作为咨询费，
<SURNAME/>需要1200日元左右…","
<SURNAME/>明白了。<pause:15/>
<SURNAME/>但是，作为咨询费，
<SURNAME/>需要大约1200日元…"
dup:b581d03671c6,"
<SURNAME/>这样啊…暴露受伤的心，
<SURNAME/>一点也不可耻哦。
<SURNAME/>如果你有那个想法，请再来吧。","
<SURNAME/>这样啊…暴露受伤的心，
<SURNAME/>一点也不可耻哦。
<SURNAME/>如果你有想法了，随时再来吧。"
dup:ab52ed360e95,"
<SURNAME/>哎呀…不过钱好像不够呢…<pause:15/>
<SURNAME/>对不起。","
<SURNAME/>哎呀…但钱好像不够呢…<pause:15/>
<SURNAME/>对不起。"
dup:57d9457d8437,"
<SURNAME/>谁都不太了解自己的心。
<SURNAME/>所以，有困难的时候随时来吧。
<SURNAME/>我会和你商量的。","
<SURNAME/>谁都不太了解自己的心。
<SURNAME/>所以，有困难时随时来吧。
<SURNAME/>我会和你商量的。"
dup:9fd42e1929c8,"
<SURNAME/>那么今天介绍依兰依兰的香味…<pause:15/>
<SURNAME/>被誉为香料之木的依兰依兰…<pause:10/>那甜美浓郁的
<SURNAME/>香味，能舒缓心灵，促进身心健康。","
<SURNAME/>那么今天就用依兰依兰的香气…<pause:15/>
<SURNAME/>被誉为香料之木的依兰依兰…<pause:10/>那甜美浓郁的
<SURNAME/>香气，能舒缓心灵，促进身心健康。"
dup:9352b62bb147,"
<SURNAME/>汝应占卜之未来，已由金运提升所
<SURNAME/>指引而出。<pause:15/>首先超越此命运，再
<SURNAME/>来探寻更远未来为佳。","
<SURNAME/>汝之未来已卜，金运提升之兆
<SURNAME/>已显。<pause:15/>先克服此命运，再
<SURNAME/>来探寻更远未来为佳。"
dup:119402a98d02,"
<SURNAME/>汝应占卜之未来，已由获得经验值增加与
<SURNAME/>指引而出。<pause:15/>首先超越此命运，
<SURNAME/>再探寻更远未来为佳。","
<SURNAME/>汝之未来已卜，取得经验值增加之兆
<SURNAME/>已显。<pause:15/>先克服此命运，
<SURNAME/>再探寻更远未来为佳。"
dup:3b24992ccc75,"
<SURNAME/>汝应占卜之未来，已由谈判顺利与
<SURNAME/>指引而出。<pause:15/>首先超越此命运，
<SURNAME/>再探寻更远未来为佳。","
<SURNAME/>汝之未来已卜，谈判顺利之兆
<SURNAME/>已显。<pause:15/>先克服此命运，
<SURNAME/>再探寻更远未来为佳。"
dup:4cd1ca23be00,"
<SURNAME/>汝应占卜之未来，已由运気向上与
<SURNAME/>指引而出。<pause:15/>首先超越此命运，
<SURNAME/>再探寻更远未来为佳。","
<SURNAME/>汝之未来已卜，运道提升之兆
<SURNAME/>已显。<pause:15/>先克服此命运，
<SURNAME/>再探寻更远未来为佳。"
dup:5d22552de22a,"
<SURNAME/>汝应占卜之未来，已由运気下降与
<SURNAME/>指引而出。<pause:15/>首先超越此命运，
<SURNAME/>再探寻更远未来为佳。","
<SURNAME/>汝之未来已卜，运道下降之兆
<SURNAME/>已显。<pause:15/>先克服此命运，
<SURNAME/>再探寻更远未来为佳。"
dup:36eb2d28431c,"
<SURNAME/>汝应占卜之未来，已由谈判受阻与
<SURNAME/>指引而出。<pause:15/>首先超越此命运，
<SURNAME/>再探寻更远未来为佳。","
<SURNAME/>汝之未来已卜，谈判不顺之兆
<SURNAME/>已显。<pause:15/>先克服此命运，
<SURNAME/>再探寻更远未来为佳。"
dup:3f70ce6b751d,"
<SURNAME/>汝应占卜之未来，已由获得经验值减少与
<SURNAME/>指引而出。<pause:15/>首先超越此命运，
<SURNAME/>再探寻更远未来为佳。","
<SURNAME/>汝之未来已卜，取得经验值减少之兆
<SURNAME/>已显。<pause:15/>先克服此命运，
<SURNAME/>再探寻更远未来为佳。"
dup:66b156416d94,"
<SURNAME/>汝应占卜之未来，已由金运下降与
<SURNAME/>指引而出。<pause:15/>首先超越此命运，
<SURNAME/>再探寻更远未来为佳。","
<SURNAME/>汝之未来已卜，金运下降之兆
<SURNAME/>已显。<pause:15/>先克服此命运，
<SURNAME/>再探寻更远未来为佳。"
dup:57d7cf1ad867,"
<SURNAME/>汝应占卜之未来，已由不变日常与
<SURNAME/>指引而出。<pause:15/>首先超越此命运，
<SURNAME/>再探寻更远未来为佳。","
<SURNAME/>汝之未来已卜，日常不变之兆
<SURNAME/>已显。<pause:15/>先克服此命运，
<SURNAME/>再探寻更远未来为佳。"
dup:5f5478ad249f,"
<SURNAME/>甚好。<pause:15/>
<SURNAME/>那么作为报酬收取3000日元…","
<SURNAME/>甚好。<pause:15/>
<SURNAME/>那么作为报酬，收取3000日元…"
dup:63428a203bdf,"
<SURNAME/>遗憾，然报酬似不足矣。<pause:15/>
<SURNAME/>阿弥陀佛之光亦依金而定。地狱之沙汰亦依金而定。
<SURNAME/>改日再来为佳。","
<SURNAME/>可惜，报酬似不足。<pause:15/>
<SURNAME/>阿弥陀佛光亦看钱，地狱审判也看钱。
<SURNAME/>备足再来为佳。"
dup:a0132a13d9fb,"
<SURNAME/>嗯…可见…<pause:15/>此水晶中，汝之行末
<SURNAME/>映出矣…嗯…<pause:15/>
<SURNAME/>此乃…<pause:15/>胜利…","
<SURNAME/>嗯…看见了…<pause:15/>这水晶中，汝之结局
<SURNAME/>已映出…嗯…<pause:15/>
<SURNAME/>这是…<pause:15/>Victory-one…"
dup:4b7fd60f2e96,"
<SURNAME/>嗯…可见…<pause:15/>此水晶中，汝之行末
<SURNAME/>映出矣…嗯…<pause:15/>
<SURNAME/>此乃…<pause:15/>命运<SURNAME/>之<SURNAME/>轮…","
<SURNAME/>嗯…看见了…<pause:15/>这水晶中，汝之结局
<SURNAME/>已映出…嗯…<pause:15/>
<SURNAME/>这是…<pause:15/>Wheel<SURNAME/>of<SURNAME/>fortune…"
dup:3bf92ce0a3ed,"
<SURNAME/>嗯…可见…<pause:15/>此水晶中，汝之行末
<SURNAME/>映出矣…嗯…<pause:15/>
<SURNAME/>此乃…<pause:15/>生命<SURNAME/>之<SURNAME/>轮回…","
<SURNAME/>唔…看到了…<pause:15/>在这水晶中，映出了你的未来…唔…<pause:15/>
<SURNAME/>这是…<pause:15/>生命循环…"
dup:926fa520228f,"
<SURNAME/>嗯…可见…<pause:15/>此水晶中，汝之行末
<SURNAME/>映出矣…嗯…<pause:15/>
<SURNAME/>此乃…<pause:15/>炼狱…","
<SURNAME/>唔…看到了…<pause:15/>在这水晶中，映出了你的未来…唔…<pause:15/>
<SURNAME/>这是…<pause:15/>炼狱…"
dup:6b56386e297a,"
<SURNAME/>那么，就用你带来的情报，
<SURNAME/>来交换如何？","
<SURNAME/>那么，就从尔等所持情报中，
<SURNAME/>说来听听吧?"
dup:45a229503275,"
<SURNAME/>什么，在七姊妹的钟楼看到了真幽灵？
<SURNAME/>死后仍徘徊现世，真是可怜…<pause:15/>
<SURNAME/>好吧。妾就把知道的情报告诉你。","
<SURNAME/>哦？在七姊妹钟楼见到了真幽灵？
<SURNAME/>死后仍徘徊现世，实乃可悲…<pause:15/>
<SURNAME/>好吧。妾身所知情报便告知尔等。"
dup:a62e92b139be,"
<SURNAME/>听说梦崎区的<c1d:13/>托尼的店<c1d:1/>在秘密贩卖
<SURNAME/><c1d:13/>真武器<c1d:1/>。<pause:15/><c1d:13/>品质好但价格高<c1d:1/>呢。<pause:15/>
<SURNAME/>真是危险的话题。","
<SURNAME/>听说在梦崎区的<c1d:13/>托尼的店<c1d:1/>里，<c1d:13/>真武器<c1d:1/>在
<SURNAME/>秘密贩卖。<pause:15/><c1d:13/>质量好但价格高<c1d:1/>呢。<pause:15/>
<SURNAME/>真是危险的事啊。"
dup:466fa982fc4c,"
<SURNAME/>哦，渣校的荣吉辞去了番长职位…<pause:15/>
<SURNAME/>不过，妾对现今学生的事不熟，
<SURNAME/>不知这情报价值…<pause:15/>算了，好吧。","
<SURNAME/>嚯，渣校的荣吉竟辞去了番长之职…<pause:15/>
<SURNAME/>然则，妾身对现今学生之事生疏，
<SURNAME/>不知此情报价值…<pause:15/>也罢，好吧。"
dup:496e62978ac6,"
<SURNAME/>听说青华区的<c1d:13/>克莱尔·德·吕讷<c1d:1/>在卖
<SURNAME/><c1d:13/>真武器<c1d:1/>。<pause:15/>
<SURNAME/><c1d:13/>品质和价格都普通<c1d:1/>的样子。","
<SURNAME/>青华区的<c1d:13/>克莱尔·德·吕讷<c1d:1/>在卖<c1d:13/>真武器<c1d:1/>，
<SURNAME/>此乃妾身所闻。<pause:15/>
<SURNAME/><c1d:13/>品质与价格皆普通<c1d:1/>。"
dup:e248131a07bd,"
<SURNAME/>什么!?<SURNAME/>佐佐木<SURNAME/>银次是假面党一员?<pause:15/>
<SURNAME/>假面党不就是现在传闻的犯罪组织吗!
<SURNAME/>这、这可是大新闻…好，就用这个情报交换","
<SURNAME/>什么!?<SURNAME/>佐佐木<SURNAME/>银次是假面党一员?<pause:15/>
<SURNAME/>假面党岂非现今传闻的犯罪组织!
<SURNAME/>此、此乃大新闻…好，以此情报交换"
dup:fbd5910af46a,"
<SURNAME/>港南区这里的<c1d:13/>乔利·罗杰<c1d:1/>在卖<c1d:13/>真
<SURNAME/>武器<c1d:1/>。<pause:15/>身边的事让妾也惊讶
<SURNAME/>呢，但<c1d:13/>品质好，价格高<c1d:1/>的样子。","
<SURNAME/>据说港南区的这家<c1d:13/>欢乐罗杰<c1d:1/>，卖<c1d:13/>真武器<c1d:1/>。<pause:15/>
<SURNAME/>这么近的消息连妾身也感到惊讶，不过听说<c1d:13/>质量好，价格贵<c1d:1/>。"
dup:5613dc7b16e5,"
<SURNAME/>哦，佐迪亚克里有秘密俱乐部？
<SURNAME/>传闻听过，但真存在啊。
<SURNAME/>好吧。那妾就告诉你这边的信息。","
<SURNAME/>哦，黄道十二宫里有个秘密俱乐部？
<SURNAME/>妾身虽闻其名，竟真存在啊。
<SURNAME/>好吧。那么告诉你这个情报吧。"
dup:40f8e5493d0d,"
<SURNAME/>有传闻说梦崎区的<c1d:13/>阿尼玛·蒙迪<c1d:1/>能买到
<SURNAME/><c1d:13/>真防具<c1d:1/>。<pause:15/><c1d:13/>品质好但价格高<c1d:1/>呢。<pause:15/>
<SURNAME/>嘛，妾没亲自确认过。","
<SURNAME/>有传闻说在梦崎区的<c1d:13/>阿尼玛蒙迪<c1d:1/>能买到<c1d:13/>真防具<c1d:1/>。<pause:15/>
<SURNAME/>据说<c1d:13/>质量好但价格贵<c1d:1/>。<pause:15/>
<SURNAME/>嘛，妾身并没有直接确认过。"
dup:b0b2208fb6e5,"
<SURNAME/>什么，自称渣校新头目的男人，
<SURNAME/>是前任番长的小弟？<pause:15/>背叛也是
<SURNAME/>人性难控的业障啊。<pause:15/>那用这边的信息交换。","
<SURNAME/>哦？渣校自称新头目者，竟是
<SURNAME/>原番长的小弟？<pause:15/>背叛亦为，难御之
<SURNAME/>人之业障。<pause:15/>那么以此情报交换。"
dup:4310eebda126,"
<SURNAME/><c1d:13/>罗萨坎迪塔的青华分店<c1d:1/>在卖<c1d:13/>真防具<c1d:1/>
<SURNAME/>。<pause:15/>据说<c1d:13/>货品齐全，但
<SURNAME/>回收价有点低<c1d:1/>呢。","
<SURNAME/><c1d:13/>罗萨坎迪塔的青华区分店<c1d:1/>在卖<c1d:13/>真防具<c1d:1/>，
<SURNAME/>此乃所闻。<pause:15/>据说<c1d:13/>品类虽丰，
<SURNAME/>回收价却略低<c1d:1/>。"
dup:06aecbede088,"
<SURNAME/>啥，葛华侦探事务所的招财猫会说话？
<SURNAME/>但那不是摆设吗?<SURNAME/>真是离奇…<pause:15/>
<SURNAME/>那妾就告诉你这边的信息。","
<SURNAME/>什么，葛华侦探事务所的招财猫会说话？
<SURNAME/>然那应是摆饰？<SURNAME/>何等怪异…<pause:15/>
<SURNAME/>那么告知尔等此情报。"
dup:da8f6fa7593a,"
<SURNAME/>其实，听说这街上的<c1d:13/>伦敦屋<c1d:1/>在卖
<SURNAME/><c1d:13/>真防具<c1d:1/>。<pause:15/><c1d:13/>货品少，但
<SURNAME/>回收价高<c1d:1/>的样子。","
<SURNAME/>实际上，听说在这座城市的<c1d:13/>伦敦屋<c1d:1/>，好像卖<c1d:13/>真防具<c1d:1/>。<pause:15/>
<SURNAME/>据说<c1d:13/>品种少，但折价高<c1d:1/>。"
dup:afbdfbc7c48f,"
<SURNAME/>但是，现在的人们也需要像我这样的人。<pause:30/>
<SURNAME/>…来吧，被命运齿轮诅咒的孩子啊。<pause:15/>
<SURNAME/>若想知道正道，就再次来访吧。","
<SURNAME/>但是，现在的人们也需要像我这样的人。<pause:30/>
<SURNAME/>…来吧，诅咒命运齿轮的人之子啊。<pause:15/>
<SURNAME/>若想知晓正道，请再次来访。"
dup:e8f807276790,"
<SURNAME/>嗯。至此，我所知的传闻信息就这些了。
<SURNAME/>改日若有新信息，
<SURNAME/>再来交换传闻吧。","
<SURNAME/>嗯。至此，我拥有的传闻信息就全部了。
<SURNAME/>将来如果有新信息进来，
<SURNAME/>再来交换传闻吧。"
dup:9979022b96ac,"
<SURNAME/>若想知晓自己的未来，再来访便是。<pause:15/>
<SURNAME/>所有答案，这水晶和塔罗牌
<SURNAME/>会为你揭示。","
<SURNAME/>若想知道自己的未来，就再次来访吧。<pause:15/>
<SURNAME/>所有的答案，这个水晶和塔罗牌会
<SURNAME/>引导出来。"
dup:343ad73b5e03,七福神之一 惠比寿神\n带来海洋物产的神\n<c6/>\n,七福神之一 惠比寿神\n带来海洋恩惠的神\n<c6/>\n
dup:339a1d830fd4,"
<SURNAME/>这样悬赏杂志的传闻也该成真了呢。
<SURNAME/>那么应募就由姐姐我来接手吧。
<SURNAME/>你们很忙吧?","
<SURNAME/>这样一来，悬赏杂志的传闻
<SURNAME/>也该成真了吧。那么，报名就由
<SURNAME/>姐姐我来负责吧。你们很忙吧？ || 
<SURNAME/>这样一来，悬赏杂志的传闻也会实现吧。
<SURNAME/>那么，应募就由姐姐我来接手吧。
<SURNAME/>你们很忙吧? || 
<SURNAME/>这样一来，悬赏杂志的传闻也该成真了呢。
<SURNAME/>那，应募就由姐姐我来接手吧。
<SURNAME/>你们很忙吧?"
dup:5b7855d4deda,"
<SURNAME/>橿原老师…老师封印的Shivalba的秘密，
<SURNAME/>已经公之于众了…!!
<SURNAME/>我，到底该怎么办…!?
","
<SURNAME/>橿原老师…您封印的希巴尔巴的秘密，
<SURNAME/>已经公之于众了…!!
<SURNAME/>我该怎么办…!?
 || 
<SURNAME/>橿原老师…老师封印的希巴尔巴的秘密，
<SURNAME/>已经公之于众了…!!
<SURNAME/>我，到底该怎么办…!?
"
dup:f0d65cc4f19b,"
<SURNAME/>什么!?
<SURNAME/>你想知道In Lak'ech的什么?
","
<SURNAME/>什么!?
<SURNAME/>你想知道印·拉凯奇的什么?
 || 
<SURNAME/>什么!?
<SURNAME/>你想知道印·拉凯奇的什么？
"
dup:5de7e16ae7d8,"
<SURNAME/>老师是和我一样的七姊妹学园世界史教师。
<SURNAME/>而且，他总在烦恼是否在教错误的历史，
<SURNAME/>不是吗…
","
<SURNAME/>老师是和我一样的七姊妹学园的世界史教师。
<SURNAME/>而且，他总在烦恼自己是不是
<SURNAME/>在教错误的历史… || 
<SURNAME/>老师曾和我一样是七姊妹学园的世界史教师。
<SURNAME/>而且，他总在烦恼自己
<SURNAME/>是不是在教错误的历史…
"
dup:26d3b61472b2,"
<SURNAME/>他非常为学生着想，是个充满梦想的人…<pause:30/>
<SURNAME/>那样的人，竟然被如此残忍地杀害…
","
<SURNAME/>他非常关心学生，充满梦想…<pause:30/>
<SURNAME/>却落得如此惨死…
"
dup:a196dca30a44,"
<SURNAME/>在写In Lak'ech时，老师说，
<SURNAME/>好像被什么人监视着!
","
<SURNAME/>在写《印·拉凯奇》时，老师说过，
<SURNAME/>好像有人在监视他!
 || 
<SURNAME/>在写《印·拉凯奇》时，老师说，
<SURNAME/>他好像被什么人监视着!
"
dup:56efd4e1c293,"
<SURNAME/>然后，在学校钟楼，
<SURNAME/>被发现夹在齿轮中的离奇尸体!!
<SURNAME/>是Last Battalion杀了老师!!
","
<SURNAME/>然后，在学校的钟楼里，
<SURNAME/>他被发现夹在齿轮中惨死!!
<SURNAME/>是最后军团杀了老师!!
 || 
<SURNAME/>然后，在学校钟楼，
<SURNAME/>被发现夹在齿轮间的离奇尸体!!
<SURNAME/>是最后军团杀了老师!!
"
dup:b675a3a4ac96,"
<SURNAME/>须藤君也是七姊妹学园的学生…<pause:30/>
<SURNAME/>他总是被严厉的父亲吓到，总是战战兢兢的。
","
<SURNAME/>须藤君也是七姊妹学园的学生…<pause:30/>
<SURNAME/>他畏惧严厉的父亲，总是战战兢兢的。
 || 
<SURNAME/>须藤君也曾是七姊妹的学生…<pause:30/>
<SURNAME/>他总在严厉的父亲面前战战兢兢。
"
dup:fdbbca69b74b,"
<SURNAME/>他会在脑子里听到别人的声音而吵闹，
<SURNAME/>被谣传是连环纵火犯，
<SURNAME/>是个问题儿童，但很亲近橿原老师…
","
<SURNAME/>他有时说脑子里有别人的声音而吵闹，
<SURNAME/>有时被谣传是连续纵火犯，
<SURNAME/>是个问题儿童，但很亲近橿原老师…
 || 
<SURNAME/>在脑子里听到别人声音就吵闹，
<SURNAME/>被谣传是连续纵火犯的
<SURNAME/>问题儿童，但对橿原老师很亲近…
"
dup:389631ec144c,"
<SURNAME/>看出他才能的也是橿原老师。
<SURNAME/>他是能听到玛雅人声音的通灵者。
","
<SURNAME/>看穿他才能的也是橿原老师。
<SURNAME/>他是能听到玛雅人声音的通灵者。
"
dup:62bc53b92bea,"
<SURNAME/>老师通过耐心和他谈话所引出的，
<SURNAME/>是玛雅的神谕。
<SURNAME/>他也很高兴有了理解者，可是…
","
<SURNAME/>老师通过耐心交谈引导出的，
<SURNAME/>就是玛雅的预言。
<SURNAME/>他也曾为有了理解者而高兴…
 || 
<SURNAME/>老师通过耐心和他谈话，引出了
<SURNAME/>玛雅的预言。
<SURNAME/>他也为有了理解者而高兴…
"
dup:0f5e969775b9,"
<SURNAME/>须藤君背叛了，向最后营
<SURNAME/>透露了希巴尔巴的存在!!
<SURNAME/>一定是这样!!
","
<SURNAME/>须藤君背叛了，
<SURNAME/>把希巴尔巴的存在告诉了最后军团!!
<SURNAME/>一定是这样!!
 || 
<SURNAME/>须藤君背叛了，告诉了最后军团
<SURNAME/>希巴尔巴的存在!!
<SURNAME/>一定是这样!!
"
dup:cc694327a3d0,"
<SURNAME/>In Lak'ech，在玛雅语中，
<SURNAME/>意思是“我是另一个你”…<pause:30/>
<SURNAME/>是从送给须藤君的神谕中，这样命名的
","
<SURNAME/>印·拉凯奇在玛雅语中，
<SURNAME/>意思是“我是另一个你”…<pause:30/>
<SURNAME/>是从须藤君收到的预言中命名的
 || 
<SURNAME/>印·拉凯奇，在玛雅语中，
<SURNAME/>意思是「我是另一个你」…<pause:30/>
<SURNAME/>是从须藤君收到的预言中这样命名的
"
dup:2f1e5c7eba4f,"
<SURNAME/>我们被玛雅人进化，
<SURNAME/>并且一度灭亡了。<pause:30/>
<SURNAME/>现在的文明是它的残余…
","
<SURNAME/>我们是被玛雅人进化，
<SURNAME/>然后一度灭亡的。<pause:30/>
<SURNAME/>现在的文明是那的残迹…
 || 
<SURNAME/>我们被玛雅人进化，
<SURNAME/>并且曾经灭亡过。<pause:30/>
<SURNAME/>现在的文明是它的残迹…
"
dup:412c99e385f0,"
<SURNAME/>毁灭了我们祖先和奥斯拉夫提克们的，
<SURNAME/>波隆提克的母舰希巴尔巴，
<SURNAME/>沉睡在这座城市之下…
","
<SURNAME/>毁灭了我们祖先和奥什拉夫提克人的，
<SURNAME/>波隆提克的母舰，希巴尔巴，
<SURNAME/>沉睡在这座城市之下…
 || 
<SURNAME/>毁灭我们祖先和奥修拉洪提克们的，
<SURNAME/>波隆提克的母舰希巴尔巴，
<SURNAME/>沉睡在这座城市地下…
"
dup:47f4e7a6f8b8,"
<SURNAME/>希巴尔巴中有我们进化的秘密。
<SURNAME/>没有希巴尔巴，就无法指望进一步进化…<pause:30/>
<SURNAME/>但是，那是用世界灭亡换来的!
","
<SURNAME/>希巴尔巴中有我们进化的秘密。
<SURNAME/>没有希巴尔巴，无法期望进一步进化…<pause:30/>
<SURNAME/>但是，那是与世界灭亡交换的!
 || 
<SURNAME/>希巴尔巴有我们进化的秘密。
<SURNAME/>没有希巴尔巴，无法指望进一步进化…<pause:30/>
<SURNAME/>但那是与世界灭亡交换的!
"
dup:658834523c13,"
<SURNAME/>神谕的成就暗示着希巴尔巴复活和世界灭亡!
<SURNAME/>正因为得出了这个结论，橿原老师
<SURNAME/>才封印了世纪大发现…!!
","
<SURNAME/>预言的实现，暗示希巴尔巴复活和世界灭亡!
<SURNAME/>正因为得出这结论，橿原老师才
<SURNAME/>封印了这世纪大发现…!!
 || 
<SURNAME/>预言的实现，暗示着希巴尔巴复活和世界灭亡!
<SURNAME/>正因为得出了这个结论，橿原老师
<SURNAME/>才封印了世纪大发现…!!
"
dup:5eb43d93b2bd,"
<SURNAME/>玛雅人是从昴宿星团飞来的。
<SURNAME/>他们在两个部族之间，
<SURNAME/>长年反复抗争…
","
<SURNAME/>玛雅人是从昴宿星团飞来的。
<SURNAME/>他们两部落间，
<SURNAME/>长年反复抗争…
 || 
<SURNAME/>玛雅人是从昴宿星团飞来的。
<SURNAME/>他们在两个部族之间，
<SURNAME/>长年进行着抗争…
"
dup:b27e644d538f,"
<SURNAME/>在玛雅被尊为光之神的奥斯拉夫提克…<pause:30/>
<SURNAME/>以及被畏惧为冥府之神的波隆提克…
","
<SURNAME/>在玛雅被尊为光之神的奥什拉夫恩提克…<pause:30/>
<SURNAME/>以及被畏惧为冥府之神的博隆提克…
 || 
<SURNAME/>在玛雅被尊为光之神的奥修拉洪提克…<pause:30/>
<SURNAME/>以及被畏惧为冥府之神的波隆提克…
"
dup:1bf86cc9d9a1,"
<SURNAME/>他们的战争也卷入了这个太阳系，
<SURNAME/>然后，奥斯拉夫提克灭亡了…<pause:30/>
<SURNAME/>那个记忆，是世界共通的神话和洪水传说
","
<SURNAME/>他们的战争甚至卷入了这个太阳系，
<SURNAME/>然后，奥什拉夫恩提克灭亡了…<pause:30/>
<SURNAME/>那个记忆成为了全世界共通的神话和洪水传说
 || 
<SURNAME/>他们的战争，连这太阳系也卷入，
<SURNAME/>然后，奥修拉洪提克灭亡了…<pause:30/>
<SURNAME/>那记忆成了全世界共通的神话和洪水传说
"
dup:958b61b36147,"
<SURNAME/>但是，波隆提克们也因力量之源耗尽
<SURNAME/>而不得不陷入沉睡!!
","
<SURNAME/>但是，博隆提克他们也因为力量之源耗尽，
<SURNAME/>不得不陷入沉睡!!
 || 
<SURNAME/>但波隆提克们，也因力量源耗尽，
<SURNAME/>不得不陷入沉睡!!
"
dup:474fa196e43e,"
<SURNAME/>梦想着有一天再次储存理想能量，
<SURNAME/>复活的日子，
<SURNAME/>他们至今仍沉睡在这座城市之下!!
","
<SURNAME/>为了有朝一日再次积蓄理想能量，
<SURNAME/>梦想着复活的日子，
<SURNAME/>他们至今仍沉睡在这座城市之下!!
 || 
<SURNAME/>他们梦想着有朝一日，
<SURNAME/>积蓄理想能量后复活，
<SURNAME/>至今仍沉睡在这城市地下!!
"
dup:b6936121316e,"
<SURNAME/>理想能量是我们生物拥有的思念之力…<pause:30/>
<SURNAME/>是理想的心理能量。
","
<SURNAME/>理想能量是我们生物所拥有的意念之力…<pause:30/>
<SURNAME/>就是理想的心理能量。
 || 
<SURNAME/>理想能量是我们生物拥有的意念之力…<pause:30/>
<SURNAME/>是理想的心理能量。
"
dup:7cf474534769,"
<SURNAME/>那种能量，在燃烧理想时，
<SURNAME/>或梦想实现时，最高涨。<pause:30/>
<SURNAME/>常说的充满活力的状态就是那个。
","
<SURNAME/>那种能量，在燃烧理想时，
<SURNAME/>或梦想实现时，会达到最高。<pause:30/>
<SURNAME/>通常所说的充满活力的状态就是那个。
 || 
<SURNAME/>那能量在燃烧理想时，
<SURNAME/>或梦想实现时，最高涨。<pause:30/>
<SURNAME/>常说充满活力就是那种状态。
"
dup:4dded04c932d,"
<SURNAME/>那是通往希巴尔巴的钥匙，也是动力源!!
<SURNAME/>掌控希巴尔巴和理想能量的人，
<SURNAME/>就能掌控人类历史!!
","
<SURNAME/>那是通往希巴尔巴的钥匙，也是动力源!!
<SURNAME/>掌控希巴尔巴和理想能量的人，
<SURNAME/>就能掌控人类的历史!!
 || 
<SURNAME/>那是通往希巴尔巴的钥匙，也是动力源！！
<SURNAME/>控制希巴尔巴和理想能量的人，
<SURNAME/>就能掌控人类的历史！！
"
dup:bb828f5da76b,"
<SURNAME/>什么!?
<SURNAME/>你想知道他们的什么?
","
<SURNAME/>什么！？
<SURNAME/>你想知道他们的什么？
"
dup:138a5d3c20d5,"
<SURNAME/>引发第二次世界大战的罪魁祸首，
<SURNAME/>本世纪最大最坏的独裁者!!<pause:30/>
<SURNAME/>这点事你应该知道吧?
","
<SURNAME/>引发第二次世界大战的罪魁祸首，
<SURNAME/>本世纪最大最坏的独裁者！！<pause:30/>
<SURNAME/>这个你总该知道吧？
 || 
<SURNAME/>引发第二次世界大战的罪魁祸首，
<SURNAME/>本世纪最大最恶的独裁者!!<pause:30/>
<SURNAME/>这点你应该知道吧?
"
dup:d5e3fcfabbe4,"
<SURNAME/>那么，你知道他为什么发动世界大战吗?
<SURNAME/>他真正的目的是将人类推向毁灭边缘，
<SURNAME/>以促进进化!
","
<SURNAME/>那么，他为什么发动世界大战你知道吗？
<SURNAME/>他真正的目的是将人类推向毁灭边缘，
<SURNAME/>以此来促进进化！
 || 
<SURNAME/>那么，你知道他为什么发动世界大战吗?
<SURNAME/>他真正的目的是将人类推向毁灭边缘，
<SURNAME/>以此来促进进化!
"
dup:c0c8a726af00,"
<SURNAME/>他自己，言外之意就是这么说的!<pause:30/>
<SURNAME/>从玛雅咒术师那里学习魔术，
<SURNAME/>寻求世界各地遗迹秘密的不死魔术师!
","
<SURNAME/>他自己，言外之意就是这么说的!<pause:30/>
<SURNAME/>从玛雅咒术师那里学习魔术，
<SURNAME/>追求世界各地遗迹秘密的不死魔术师!
 || 
<SURNAME/>他自己，言外之意就是这么说的！<pause:30/>
<SURNAME/>他从玛雅咒术师那里学习魔术，
<SURNAME/>追求世界各地遗迹秘密的不死魔术师！
"
dup:b54c39683bde,"
<SURNAME/>在表面历史中说是自杀了，
<SURNAME/>但其实还活着!!
<SURNAME/>这种传闻不绝于耳。
","
<SURNAME/>在表面历史上他是自杀的，
<SURNAME/>但其实还活着！！
<SURNAME/>这种传闻不绝于耳。
 || 
<SURNAME/>在表面历史上说是自杀了，
<SURNAME/>但其实还活着!!
<SURNAME/>这种传闻不绝于耳。
"
dup:461b6b81d83d,"
<SURNAME/>Last Battalion，
<SURNAME/>现在还在南极或南美的秘密基地潜伏着，
<SURNAME/>策划着希特勒的野心实现呢!!
","
<SURNAME/>最后军团，
<SURNAME/>至今仍潜伏在南极或南美的秘密基地，
<SURNAME/>策划着实现希特勒的野心!!
 || 
<SURNAME/>最后营队，
<SURNAME/>至今仍潜伏在南极或南美的秘密基地，
<SURNAME/>图谋实现希特勒的野心！！
"
dup:af8da76858d0,"
<SURNAME/>他们准备了各种高科技武器和
<SURNAME/>超人部队，等待时机成熟!
","
<SURNAME/>他们准备了各种高科技武器和
<SURNAME/>超人部队，等待时机成熟！
 || 
<SURNAME/>他们准备了各种高科技武器和
<SURNAME/>超人部队，等待着时机成熟!
"
dup:897516f09e26,"
<SURNAME/>其中最可怕的是，
<SURNAME/>构成最后营核心的，
<SURNAME/>被称为圣枪骑士团的秘密部队…
","
<SURNAME/>其中最可怕的是，
<SURNAME/>构成最后军团核心的，
<SURNAME/>被称为圣枪骑士团的秘密部队…
 || 
<SURNAME/>其中最可怕的是，
<SURNAME/>构成最后营队核心的，
<SURNAME/>被称为圣枪骑士团的秘密部队…
"
dup:6709a9210dc9,"
<SURNAME/>据说圣枪骑士团发现了
<SURNAME/>体现基督奇迹的朗基努斯之枪!!
","
<SURNAME/>据说圣枪骑士团发现了体现基督奇迹的，
<SURNAME/>朗基努斯之枪！！
 || 
<SURNAME/>据说圣枪骑士团发现了，
<SURNAME/>体现基督奇迹的朗基努斯之枪!!
"
dup:56fc36d06abd,"
<SURNAME/>据说能让持有者成为世界支配者的命运之枪…
<SURNAME/>小心点!!
","
<SURNAME/>据说能让持有者成为世界统治者的命运之枪…
<SURNAME/>小心点!!
 || 
<SURNAME/>据说能让持有者成为世界统治者的命运之枪…
<SURNAME/>小心点！！
"
dup:eeb50419c992,"
<SURNAME/>没事就别叫老子!!
","
<SURNAME/>如果没事就别叫我!!
 || 
<SURNAME/>没事就别叫我！！
"
dup:207765621f06,"
<SURNAME/>那里打不开喵♥
<SURNAME/>放弃吧喵♥","
<SURNAME/>那里打不开喵♥
<SURNAME/>放弃喵♥ || 
<SURNAME/>那里打不开喵～♥
<SURNAME/>放弃吧喵～♥"
dup:ee8abfd0acb1,"
<option:6/>阅读报告书
阅读日记1
阅读日记2
阅读日记3
阅读日记4
不予理会
<option_end/>","
<option:6/>阅读报告
阅读日记1
阅读日记2
阅读日记3
阅读日记4
不管它
<option_end/> || 
<option:6/>阅读报告
阅读日记1
阅读日记2
阅读日记3
阅读日记4
放着不管
<option_end/>"
dup:2a4feba29413,"
<SURNAME/>1989年<SURNAME/>X月X日作成
<SURNAME/>委托人<SURNAME/>:橿原<SURNAME/>纯子
<SURNAME/>调查内容:丈夫橿原<SURNAME/>明成品行调查
","
<SURNAME/>1989年<SURNAME/>X月X日作成
<SURNAME/>委托人<SURNAME/>:橿原<SURNAME/>纯子
<SURNAME/>调查内容:丈夫、橿原<SURNAME/>明成的品行调查
"
dup:00c1a11bd23a,"<c1d:11/>调查报告No.32<c1d:1/>
<SURNAME/>经两周跟踪调查对象品行，
<SURNAME/>未发现委托人担忧之结果。
","<c1d:11/>调查报告No.32<c1d:1/>
<SURNAME/>经过两周对调查对象的品行调查，
<SURNAME/>未发现委托人所担忧的结果。
 || <c1d:11/>调查报告No.32<c1d:1/>
<SURNAME/>经过两周对调查对象的品行调查，
<SURNAME/>没有获得委托人担忧的结果。
"
dup:3a232842d9e7,"<c1d:11/>调查报告No.32<c1d:1/>
<SURNAME/>对象于职场外接触者，
<SURNAME/>仅同事冈村教师与须藤学生二人，
<SURNAME/>与冈村间亦未见男女关系迹象。
","<c1d:11/>调查报告No.32<c1d:1/>
<SURNAME/>对象在职场外接触的，
<SURNAME/>只有名为冈村的同事教师和名为须藤的学生，
<SURNAME/>与冈村之间也没有男女关系。
 || <c1d:11/>调查报告No.32<c1d:1/>
<SURNAME/>对象在职场外接触的，
<SURNAME/>只有名为冈村的同事教师和须藤这名学生，
<SURNAME/>与冈村之间也未发现男女关系。
"
dup:87d84a8ddc51,"<c1d:11/>调查报告No.32<c1d:1/>
<SURNAME/>然此三人行为存疑点，
<SURNAME/>如避人耳目探索市内文化遗产与蜗牛山，
<SURNAME/>举动颇为异常。
","<c1d:11/>调查报告No.32<c1d:1/>
<SURNAME/>但同三人避开他人视线，
<SURNAME/>在市内文化遗产和蜗牛山探索等，
<SURNAME/>发现了几处可疑之处。
 || <c1d:11/>调查报告No.32<c1d:1/>
<SURNAME/>但是，这三人似乎避开他人视线，
<SURNAME/>探索市内的文化遗产和蜗牛山等，
<SURNAME/>发现了一些奇异之处。
"
dup:7db6937af6bb,"
<SURNAME/>1989年<SURNAME/>○月○○日<SURNAME/>晴
<SURNAME/>饥肠辘辘中，吾辈今日续查橿原。
<SURNAME/>原疑冈村女子为情妇，实非如此。
","
<SURNAME/>1989年<SURNAME/>○月○○日<SURNAME/>晴
<SURNAME/>在饥饿中，我辈今天也进行橿原的调查。
<SURNAME/>本以为叫冈村的女人是情妇，但似乎不是。
 || 
<SURNAME/>1989年<SURNAME/>○月○○日<SURNAME/>晴
<SURNAME/>饿着肚子，我辈今日也调查橿原。
<SURNAME/>怀疑冈村这女人是情人，但似乎不对。
"
dup:1a739461e909,"<c1d:11/>轰<SURNAME/>大助日记<c1d:1/>
<SURNAME/>未见美艳夫人所述之
<SURNAME/>外遇征兆。
<SURNAME/>那般怯懦男子岂有偷情胆量
","<c1d:11/>轰<SURNAME/>大助的日记<c1d:1/>
<SURNAME/>没发现那位美人夫人所说的，
<SURNAME/>外遇的迹象。
<SURNAME/>大概，那种懦弱的男人也搞不了外遇吧
 || <c1d:11/>轰<SURNAME/>大助的日记<c1d:1/>
<SURNAME/>没有看到那位美丽夫人所说的，
<SURNAME/>出轨的迹象。
<SURNAME/>大概，那种懦弱的男人不可能出轨吧
"
dup:1dddaa1fbe33,"<c1d:11/>轰<SURNAME/>大助日记<c1d:1/>
<SURNAME/>橿原今日仍在咖啡馆，
<SURNAME/>与冈村热切谈论席尔瓦如何、舞耶如何，
<SURNAME/>后返家而去。
","<c1d:11/>轰<SURNAME/>大助的日记<c1d:1/>
<SURNAME/>橿原今天也在咖啡店，
<SURNAME/>和冈村热切谈论Silver如何了、Maya如何了，
<SURNAME/>然后回家了。
 || <c1d:11/>轰<SURNAME/>大助的日记<c1d:1/>
<SURNAME/>橿原今天也在咖啡店，
<SURNAME/>和冈村热烈谈论着银怎么了、玛雅怎么了，
<SURNAME/>然后回家了。
"
dup:d7a0f08db3d5,"
<SURNAME/>1989年<SURNAME/>X月XX日<SURNAME/>阴
<SURNAME/>吾辈今日续查橿原。
<SURNAME/>预付金已如银珠美梦消散…
","
<SURNAME/>1989年<SURNAME/>X月XX日<SURNAME/>曇り
<SURNAME/>我辈今天也进行橿原的调查。
<SURNAME/>委托的预付款，已如银弹之梦般消散…
 || 
<SURNAME/>1989年<SURNAME/>X月XX日<SURNAME/>阴
<SURNAME/>我辈今日也调查橿原。
<SURNAME/>委托的定金，如梦幻泡影般消失了…
"
dup:54ac6206b670,"<c1d:11/>轰<SURNAME/>大助日记<c1d:1/>
<SURNAME/>吾辈腹中空空如也，
<SURNAME/>橿原却与冈村同游蜗牛山。
<SURNAME/>本以为是捉奸现场，然非也。
","<c1d:11/>轰<SURNAME/>大助的日记<c1d:1/>
<SURNAME/>我辈明明饿着肚子，
<SURNAME/>橿原却似乎要和冈村去蜗牛山远足。
<SURNAME/>以为是决定性现场，但错了。
 || <c1d:11/>轰<SURNAME/>大助的日记<c1d:1/>
<SURNAME/>我辈正饿着肚子，
<SURNAME/>橿原却和冈村去蜗牛山远足的样子。
<SURNAME/>本以为会是决定性现场，但并非如此。
"
dup:cd8c7ffac74b,"<c1d:11/>轰<SURNAME/>大助日记<c1d:1/>
<SURNAME/>二人调查怪岩地形后，
<SURNAME/>兴奋下山。
<SURNAME/>莫非在搜寻埋藏金？
","<c1d:11/>轰<SURNAME/>大助的日记<c1d:1/>
<SURNAME/>两人调查了奇怪的岩石和地形，
<SURNAME/>兴奋地下山了。
<SURNAME/>莫非是在寻找埋藏金吧。
 || <c1d:11/>轰<SURNAME/>大助的日记<c1d:1/>
<SURNAME/>二人调查了奇怪的岩石和地形，
<SURNAME/>兴奋地下山了。
<SURNAME/>莫非是在找埋藏金吧。
"
dup:89338d1a015a,"
<SURNAME/>1989年<SURNAME/>△月△△日<SURNAME/>晴
<SURNAME/>吾辈今日续查橿原。
<SURNAME/>前日登山调查致腰痛旧疾加剧。
","
<SURNAME/>1989年<SURNAME/>△月△△日<SURNAME/>晴
<SURNAME/>我辈今天也进行橿原的调查。
<SURNAME/>前几天的登山调查，让老毛病腰痛加剧了。
 || 
<SURNAME/>1989年<SURNAME/>△月△△日<SURNAME/>晴
<SURNAME/>我辈今日也调查橿原。
<SURNAME/>因前几天的登山调查，老毛病腰痛加剧。
"
dup:71197cdb6a67,"<c1d:11/>轰<SURNAME/>大助日记<c1d:1/>
<SURNAME/>橿原于七夕川行动至傍晚，
<SURNAME/>见冈村慌张赶来后，
<SURNAME/>激动返回七姊妹学园。
","<c1d:11/>轰<SURNAME/>大助的日记<c1d:1/>
<SURNAME/>橿原在七夕川忙到傍晚，
<SURNAME/>但冈村慌张赶来后，
<SURNAME/>他兴奋地返回了七姊妹学园。
 || <c1d:11/>轰<SURNAME/>大助的日记<c1d:1/>
<SURNAME/>橿原在七夕川忙到傍晚，
<SURNAME/>慌张的冈村来了后，
<SURNAME/>兴奋地返回七姊妹学园了。
"
dup:9785080a85eb,"<c1d:11/>轰<SURNAME/>大助日记<c1d:1/>
<SURNAME/>乔装家长潜入，见其于中庭石旁，
<SURNAME/>再度热议席尔瓦如何云云。
","<c1d:11/>轰<SURNAME/>大助的日记<c1d:1/>
<SURNAME/>伪装成家长潜入后，在中庭石头旁，
<SURNAME/>又在讨论银怎么了。
 || <c1d:11/>轰<SURNAME/>大助的日记<c1d:1/>
<SURNAME/>伪装成家长潜入，在中庭石头周围，
<SURNAME/>又在谈论Silver如何了。
"
dup:ec622ce2b6d2,"<c1d:11/>轰<SURNAME/>大助日记<c1d:1/>
<SURNAME/>必是在寻埋藏金无疑。
<SURNAME/>若如此，吾辈美梦
<SURNAME/>或可顺带成真矣。
","<c1d:11/>轰<SURNAME/>大助的日记<c1d:1/>
<SURNAME/>果然，一定是在寻找埋藏金。
<SURNAME/>如果那样，希望我辈的梦想
<SURNAME/>也能顺便实现。
 || <c1d:11/>轰<SURNAME/>大助的日记<c1d:1/>
<SURNAME/>果然，一定是在找埋藏金。
<SURNAME/>如果那样，我辈的梦想
<SURNAME/>也顺便想实现呢。
"
dup:529860499fa2,"
<SURNAME/>1989年<SURNAME/>□月□□日<SURNAME/>雨
<SURNAME/>橿原调查今告终。
<SURNAME/>顺带方知其妻为女优。
","
<SURNAME/>1989年<SURNAME/>□月□□日<SURNAME/>雨
<SURNAME/>今天，橿原的调查也结束了。
<SURNAME/>顺便，今天才知道夫人是女演员。
 || 
<SURNAME/>1989年<SURNAME/>□月□□日<SURNAME/>雨
<SURNAME/>今日橿原的调查也结束。
<SURNAME/>顺便，今天才知道夫人是女演员。
"
dup:8972eef6044f,"<c1d:11/>轰<SURNAME/>大助日记<c1d:1/>
<SURNAME/>学园事件后，橿原足不出户。
<SURNAME/>据其妻言，似在热衷执笔写作。
<SURNAME/>然今日携子外出。
","<c1d:11/>轰<SURNAME/>大助的日记<c1d:1/>
<SURNAME/>学校事件后，橿原不再外出。
<SURNAME/>据夫人说，似乎在热心地写作什么。
<SURNAME/>但今天要和儿子外出。
 || <c1d:11/>轰<SURNAME/>大助的日记<c1d:1/>
<SURNAME/>学校那件事以来，橿原不再外出。
<SURNAME/>据夫人说，似乎在热心撰写什么。
<SURNAME/>但今天似乎要和儿子外出。
"
dup:233074c73014,"<c1d:11/>轰<SURNAME/>大助日记<c1d:1/>
<SURNAME/>橿原携子至七姊妹学园，
<SURNAME/>察觉吾辈后仓皇遁入校地。
<SURNAME/>竟识破吾辈天才尾行术!!
","<c1d:11/>轰<SURNAME/>大助的日记<c1d:1/>
<SURNAME/>橿原和儿子来到七姊妹学园，
<SURNAME/>发现我辈后，慌张地消失在校园内。
<SURNAME/>竟能察觉我辈的天才尾随术!!
 || <c1d:11/>轰<SURNAME/>大助的日记<c1d:1/>
<SURNAME/>橿原和儿子来到七姊妹学园，
<SURNAME/>发现我辈，慌张地消失在校园里。
<SURNAME/>竟能察觉我辈天才的尾行术!!
"
dup:d847b95f3dcf,"<c1d:11/>轰<SURNAME/>大助日记<c1d:1/>
<SURNAME/>无奈隐于附近守候，
<SURNAME/>未料橿原竟意外身亡…
<SURNAME/>尾款尚未收取啊…
","<c1d:11/>轰<SURNAME/>大助的日记<c1d:1/>
<SURNAME/>无奈只好躲藏等待，
<SURNAME/>没想到橿原竟以那种方式事故死…
<SURNAME/>委托的尾款还没收到呢…
 || <c1d:11/>轰<SURNAME/>大助的日记<c1d:1/>
<SURNAME/>无奈，决定躲藏附近等待，
<SURNAME/>没想到橿原竟那样事故死了…
<SURNAME/>委托的尾款还没收到呢…
"
dup:e7144a762a71,"
<SURNAME/>哎呀，欢迎光临~。
<SURNAME/>欢迎来到艾特利亚♥
<SURNAME/>那么，今天您想要什么服务呢?","
<SURNAME/>哎呀，欢迎光临〜。
<SURNAME/>欢迎来到艾特利亚♥
<SURNAME/>今天想做什么呢?"
dup:3607e57eafc4,"
<SURNAME/>哎呀呀?
<SURNAME/>但各位看起来很健康呢?
<SURNAME/>应该不需要治疗吧…","
<SURNAME/>哎呀呀?
<SURNAME/>但大家看起来很健康呢?
<SURNAME/>不需要治疗吧…"
dup:7a51bcd2e30b,"
<SURNAME/>明白了。
<SURNAME/>那么那么呃……
<SURNAME/>总共是1200日元。","
<SURNAME/>明白了。
<SURNAME/>那么嗯…
<SURNAME/>总共1200日元。"
dup:e4e08b456642,"
<SURNAME/>咦?<SURNAME/>为什么?
<SURNAME/>莫非你不相信以太美容?
<SURNAME/>信者得救哦。不，是真的啦。","
<SURNAME/>咦?<SURNAME/>为什么?
<SURNAME/>难道不相信以太美容?
<SURNAME/>信者得救哦。不，我是说真的。"
dup:bf7928185ee9,"
<SURNAME/>OK!<SURNAME/>那么请放松身体…<pause:15/>
<SURNAME/>这就是本店独创的美容疗法!
<SURNAME/>以太美容哦!","
<SURNAME/>OK!<SURNAME/>那么放松身体…<pause:15/>
<SURNAME/>这就是本店原创美容!
<SURNAME/>以太美容!"
dup:795cc6c3414a,"
<SURNAME/>哎呀呀呀，
<SURNAME/>但钱好像不够呢…
<SURNAME/>首先得有钱才行啊。抱歉了♥","
<SURNAME/>哎呀呀呀，
<SURNAME/>但钱好像不够呢…
<SURNAME/>首先得有钱才行。抱歉♥"
dup:887e8c5483b6,"
<SURNAME/>身体不舒服的话随时来哦。
<SURNAME/>你也通过以太美容
<SURNAME/>获得美貌和健康吧。","
<SURNAME/>不舒服时随时来哦。
<SURNAME/>你也通过以太美容
<SURNAME/>获得美颜和健康吧。"
dup:2fb668cb9081,无法携带更多,持有数已达上限 || 无法再持有 || 无法持有更多
dup:fe3e5226d235,所持金不足,金钱不足
dup:614807570d1b,愚蠢,愚钝
dup:76886e04bdaf,"
<SURNAME/>我是贝拉多娜〜♪<pause:30/>
<SURNAME/>挑战自身魔物、歌颂武士之歌者〜♪","
<SURNAME/>我是贝拉多娜〜♪<pause:30/>
<SURNAME/>歌颂挑战自身魔物的勇士之歌姬〜♪"
dup:187321829e14,"
<SURNAME/>我是恶魔画师。<pause:30/>
<SURNAME/>描绘人心所居之神与恶魔的画师。","
<SURNAME/>我是恶魔画师。<pause:30/>
<SURNAME/>描绘人心中居住的神与恶魔的画师。"
dup:7d11e8be3b92,"
<SURNAME/>喂，<c12/>…<pause:30/>
<SURNAME/>待在这儿，总感觉…<pause:30/>
<SURNAME/>跟召唤Persona时一个样儿，对吧?","
<SURNAME/>喂，<c12/>…<pause:30/>
<SURNAME/>待在这儿，总感觉…<pause:30/>
<SURNAME/>跟召唤Persona时一个样，对吧？"
dup:d7bb0e045a87,"
<SURNAME/>从自己里头，好像有啥往上涌的感觉，
<SURNAME/>力量喷涌而出似的…","
<SURNAME/>从自己里面，好像有什么东西涌上来，
<SURNAME/>力量喷发出来似的…"
dup:ea328e9c9366,"
<SURNAME/>菲勒蒙是主人…?<pause:30/>
<SURNAME/>新Persona是说…<pause:30/>
<SURNAME/>Persona，原来有好多个啊!!","
<SURNAME/>菲莱蒙是主人…？<pause:30/>
<SURNAME/>新Persona…<pause:30/>
<SURNAME/>Persona原来不止一个啊!!"
dup:63a46ec03de7,"
<SURNAME/>要得到那个，
<SURNAME/>这些人会帮忙的啦!<pause:30/>
<SURNAME/>喂<c13/>，好好听听他们说话嘛。","
<SURNAME/>要得到那个，
<SURNAME/>这些人会帮我们的！<pause:30/>
<SURNAME/>喂<c13/>，好好听听他们说话吧。"
dup:6eae08f69523,"
<SURNAME/>似乎有什么想问的事呢?
<SURNAME/>请尽管提问。","
<SURNAME/>看来您有什么想问的？
<SURNAME/>请尽管提问。"
dup:d3da641bb176,"
<SURNAME/>安抚你们的心灵是我的职责〜♪<pause:30/>
<SURNAME/>为此，我自己必须只倾听内心的乐音，
<SURNAME/>侧耳倾听〜♪","
<SURNAME/>平息你们的心绪是我的职责〜♪<pause:30/>
<SURNAME/>为此，我自己必须只倾听，
<SURNAME/>内心的乐音〜♪"
dup:243b4bed320f,"
<SURNAME/>因此，这耳朵听不到现世的声音〜♪
<SURNAME/>您想说的话〜♪
<SURNAME/>看您凛凛的嘴角就能明白〜♪","
<SURNAME/>因此，这耳朵听不见现世之音〜♪
<SURNAME/>你想说的话〜♪
<SURNAME/>看那凛然的嘴角便知〜♪"
dup:3ce500e6ae8b,"
<SURNAME/>我编织的音色，
<SURNAME/>是为了打开你们Persona使者的心扉。","
<SURNAME/>我编织的音色，
<SURNAME/>是为了开启你们Persona使者的心扉。"
dup:5502b5c18486,"<c1d:11/>纳纳西<c1d:1/>
<SURNAME/>为此，我自己必须面对自己的内心。<pause:30/>
<SURNAME/>正因如此，我自行闭目，
<SURNAME/>已经过了九万一百五十五个夜晚。","<c1d:11/>无名<c1d:1/>
<SURNAME/>为此，我自己必须直面内心。<pause:30/>
<SURNAME/>正因如此，我自封双眼，
<SURNAME/>已度过九万又一百五十五个夜晚。"
dup:ad8cef6c0274,"
<SURNAME/>这里是意识与无意识之间漂浮的房间。
<SURNAME/>只有感性丰富的人才能发现通往这里的门…<pause:60/>
<SURNAME/>那么，请问有何贵干？","
<SURNAME/>此处是意识与无意识夹缝间漂流的房间。
<SURNAME/>唯有感性丰富者，方能发现通往此处的门扉…<pause:60/>
<SURNAME/>那么，请问有何贵干? || 
<SURNAME/>这里是意识与无意识夹缝中漂浮的房间。
<SURNAME/>只有感性丰富的人，才能发现这里的门扉…<pause:60/>
<SURNAME/>那么，让我来听听您有何贵干吧。"
dup:e205e9ef1261,"
<SURNAME/>嗯？
<SURNAME/>像你这样的年轻人，
<SURNAME/>找我这无家可归的老头有什么事吗？","
<SURNAME/>嗯？
<SURNAME/>像你这样的年轻人，
<SURNAME/>找我这无家可归的老头有事？"
dup:d0b7404f5c84,"
<SURNAME/>我现在在倾听社会的那些低语呢。
<SURNAME/>只要听听传闻，
<SURNAME/>世间的伪善和欺骗就都一清二楚了。","
<SURNAME/>我在倾听社会的低语。
<SURNAME/>听听传闻，
<SURNAME/>世间的伪善和欺骗就了如指掌。"
dup:580c98adeb25,"
<SURNAME/>你如果知道有趣的传闻，也告诉我好吗？
<SURNAME/>作为交换，我会告诉你我知道的传闻。","
<SURNAME/>你知道有趣传闻，也告诉我好吗？
<SURNAME/>作为交换，我告诉你我知道的传闻。"
dup:a4c78ef643b1,"
<SURNAME/>那个传闻啊…好。
<SURNAME/>那么，先告诉我你知道的传闻吧。","
<SURNAME/>那个传闻啊…好。
<SURNAME/>那么，就从你知道的传闻开始告诉我吧。"
dup:5fdd31d5e6e3,"
<SURNAME/>哦…<pause:30/>
<SURNAME/>七姊妹的校长，突然长头发了？
<SURNAME/>可能是向小丑大人许愿了吧。","
<SURNAME/>哦…<pause:30/>
<SURNAME/>七姊妹学园的校长，突然长头发了？
<SURNAME/>可能是向小丑大人许愿了吧。"
dup:a585e1c914fa,"
<SURNAME/>那么轮到我了。
<SURNAME/>这个莲华台，有个叫Lotus的商场吧？","
<SURNAME/>那么轮到我了。
<SURNAME/>在这个莲华台，有个叫莲花的商场吧？"
dup:9d190ed892ba,"
<SURNAME/>那里的，<c1d:13/>时间城<c1d:1/>那个古董商的谜之店主…
<SURNAME/>其实，<c1d:13/>在秘密贩卖真武器<c1d:1/>呢。
<SURNAME/>嘛，<c1d:13/>质量和价格都普通<c1d:1/>的传闻啦。","
<SURNAME/>那里的，<c1d:13/>时间城<c1d:1/>那家神秘古董店…
<SURNAME/>其实，好像在偷偷卖<c1d:13/>真武器<c1d:1/>呢。
<SURNAME/>嘛，<c1d:13/>质量和价格都普通<c1d:1/>的传闻啦。"
dup:63af95c3a550,"
<SURNAME/>说话像能看透人心似的，
<SURNAME/>还自称伯爵，真是个可疑的家伙。
<SURNAME/>会有这种传闻也不奇怪啊。","
<SURNAME/>说话像能看透人心似的，
<SURNAME/>还自称伯爵，真是个可疑的家伙。
<SURNAME/>传出这种传闻，也不奇怪啊。"
dup:b44676d7387b,"
<SURNAME/>什么什么？<SURNAME/>七姊妹的钟楼里，
<SURNAME/>有真正的幽灵？<SURNAME/>嗯——，学校的怪谈啊…
<SURNAME/>好吧。那么该我的料了。","
<SURNAME/>什么什么？<SURNAME/>七姊妹的钟楼里，
<SURNAME/>有真幽灵？<SURNAME/>唔，学校的怪谈啊…
<SURNAME/>嘛，好吧。那该我的料了。"
dup:0056cf95abcd,"
<SURNAME/>你知道梦崎区的<c1d:13/>托尼店<c1d:1/>吗？
<SURNAME/>那里好像在卖<c1d:13/>真武器<c1d:1/>哦。
<SURNAME/><c1d:13/>品种齐全但回收价便宜<c1d:1/>据说。","
<SURNAME/>知道梦崎区的<c1d:13/>托尼的店<c1d:1/>吗？
<SURNAME/>好像在那里卖<c1d:13/>真武器<c1d:1/>呢。
<SURNAME/><c1d:13/>货品齐全，但回收价很低<c1d:1/>哦。"
dup:90e569b0daea,"
<SURNAME/>嘛，从他那里没听到什么好传闻呢。
<SURNAME/>最近，据说他甚至被说是
<SURNAME/>某个黑手党的成员。嘛，可能是真的吧。","
<SURNAME/>嘛，从他那儿听不到什么好传闻呢。
<SURNAME/>最近，甚至有人说他是某个黑手党的成员。
<SURNAME/>嘛，说不定是真的哦。"
dup:2a09e3141088,"
<SURNAME/>渣校的死神番长…引退？<pause:15/>
<SURNAME/>哦，年轻人可能感兴趣的信息呢。
<SURNAME/>好，那么告诉你我的情报。","
<SURNAME/>渣校的死神番长…引退了？<pause:15/>
<SURNAME/>哦，年轻人可能对这信息感兴趣呢。
<SURNAME/>好。那该分享我的料了。"
dup:06d6011af94d,"
<SURNAME/>你知道青华区的<c1d:13/>克莱尔·德·吕讷<c1d:1/>吗？
<SURNAME/>据说在那里能买到<c1d:13/>真武器<c1d:1/>哦。
<SURNAME/><c1d:13/>品种虽然一般但回收价好<c1d:1/>据说。","
<SURNAME/>知道青华区的<c1d:13/>克莱尔·德·吕讷<c1d:1/>吗？
<SURNAME/>据说在那里能买到<c1d:13/>真武器<c1d:1/>呢。
<SURNAME/><c1d:13/>货品一般，但回收价不错<c1d:1/>哦。"
dup:42c292b97dc5,"
<SURNAME/>据说那里的服务生，用刀击退了
<SURNAME/>来店的混混，还说下次要准备步枪
<SURNAME/>呢。不是普通人啊。","
<SURNAME/>听说那里的服务生，用刀赶走了来店的混混，
<SURNAME/>还放话说下次要准备步枪。
<SURNAME/>不是一般人啊。"
dup:595f5febbd92,"
<SURNAME/>什么，那个艺术家制作人
<SURNAME/>其实是假面党员之一？<SURNAME/>那是厉害的信息啊。
<SURNAME/>好，我也不能输呢。","
<SURNAME/>什么，那个艺人制作人，
<SURNAME/>其实是假面党的一员？<SURNAME/>那真是劲爆信息啊。
<SURNAME/>好，这边也不能输呢。"
dup:f57457f6a8fb,"
<SURNAME/>港南区的<c1d:13/>Jolly Roger<c1d:1/>这家咖啡店呢，
<SURNAME/>听说在那里能买到<c1d:13/>真正的武器<c1d:1/>哦。<pause:15/>
<SURNAME/>据说<c1d:13/>质量和价格都普通<c1d:1/>。","
<SURNAME/>港南区的<c1d:13/>快乐罗杰<c1d:1/>这家咖啡店，
<SURNAME/>好像在那里能买到<c1d:13/>真武器<c1d:1/>呢。<pause:15/>
<SURNAME/><c1d:13/>质量和价格都普通<c1d:1/>的传闻啦。"
dup:9989fe673ef2,"
<SURNAME/>据说Jolly Roger就是
<SURNAME/>骷髅旗的意思。店里装饰得像帆船，还有眼罩…
<SURNAME/>店主曾是海盗的传闻似乎也是真的呢。","
<SURNAME/>听说快乐罗杰就是骷髅旗的意思。
<SURNAME/>店里像帆船内部，还戴眼罩…
<SURNAME/>店主是前海盗的传闻，似乎是真的呢。"
dup:f50d4d23d425,"
<SURNAME/>哦…<pause:30/>
<SURNAME/>第七时钟动了的话，会发生大事？
<SURNAME/>哈哈，总不至于世界会毁灭吧。","
<SURNAME/>哦…<pause:30/>
<SURNAME/>七姊妹的钟动了，会发生大事？
<SURNAME/>哈哈，总不会是世界毁灭吧"
dup:11e7bf8f1576,"
<SURNAME/>那么轮到我了。
<SURNAME/>这个莲华台的Lotus商场呢…","
<SURNAME/>那么轮到我了。
<SURNAME/>这个莲华台的，叫莲花的商场啊…"
dup:b0b40c7495d0,"
<SURNAME/>有家叫<c1d:13/>Rosacandita<c1d:1/>的精品店吧？
<SURNAME/>其实，听说在那里能买到<c1d:13/>真正的防具<c1d:1/>呢。
<SURNAME/>嘛，传闻说<c1d:13/>质量和价格都普通<c1d:1/>。","
<SURNAME/>有家叫<c1d:13/>玫瑰坎迪塔<c1d:1/>的精品店吧？
<SURNAME/>其实，在那里能买到<c1d:13/>真防具<c1d:1/>呢。
<SURNAME/>嘛，<c1d:13/>质量和价格都普通<c1d:1/>的传闻啦。"
dup:270cde524876,"
<SURNAME/>据说今年的流行是铠甲呢。
<SURNAME/>刚才还在的那位外地人说的哦。","
<SURNAME/>听说今年的流行是铠甲呢。
<SURNAME/>刚才还在的乡下人说的哦。"
dup:8050048d90bb,"
<SURNAME/>哦，Zodiac里面有秘密俱乐部？
<SURNAME/>虽然听说过传闻，但真的存在啊…
<SURNAME/>好好，那么我来分享我的情报吧。","
<SURNAME/>哦，黄道十二宫里有个秘密俱乐部？
<SURNAME/>传闻是听过，但真存在啊…
<SURNAME/>好好，那分享我的信息吧。"
dup:ec94367d9613,"
<SURNAME/>知道梦崎区的<c1d:13/>Anima Mundi<c1d:1/>吗？
<SURNAME/>听说那里在卖<c1d:13/>真正的防具<c1d:1/>。
<SURNAME/>据说<c1d:13/>质量和价格都普通<c1d:1/>。","
<SURNAME/>知道梦崎区的<c1d:13/>世界之魂<c1d:1/>吗？
<SURNAME/>据说在那里卖<c1d:13/>真防具<c1d:1/>呢。
<SURNAME/><c1d:13/>质量和价格都普通<c1d:1/>哦。"
dup:62220b2a86c9,"
<SURNAME/>据说，那里的模特
<SURNAME/>对来的客人说要把铠甲
<SURNAME/>作为今年的新款…","
<SURNAME/>听说，那里的模特人偶
<SURNAME/>对客人说要把铠甲
<SURNAME/>定为今年的新款…"
dup:f589e0a1b021,"
<SURNAME/>哦，春日山高中的新头目，
<SURNAME/>原来是前死神番长的小弟啊。<pause:15/>
<SURNAME/>这就是所谓的下克上吧…<pause:15/>好，那么轮到我的料了。","
<SURNAME/>哦，春日山高中的新头目，
<SURNAME/>是原死神番长的小弟啊。<pause:15/>
<SURNAME/>下克上那种吧…<pause:15/>好，那该我的料了。"
dup:4012dc0b8ab0,"
<SURNAME/>青华区也有<c1d:13/>Rosacandita<c1d:1/>的分店呢，
<SURNAME/>听说在那里卖<c1d:13/>真正的防具<c1d:1/>。<pause:15/>
<SURNAME/>据说<c1d:13/>品种虽少，但回收价格不错<c1d:1/>。","
<SURNAME/>青华区也有<c1d:13/>玫瑰坎迪塔<c1d:1/>的分店，
<SURNAME/>据说，在卖<c1d:13/>真防具<c1d:1/>呢。<pause:15/>
<SURNAME/><c1d:13/>货品少，但回收价不错<c1d:1/>哦。"
dup:50f9650645ee,"
<SURNAME/>葛华侦探事务所的招财猫会说话？
<SURNAME/>哈哈哈，这料女孩子会喜欢吧。
<SURNAME/>嘛好吧。那么来分享这边的料。","
<SURNAME/>葛华侦探事务所的招财猫会说话？
<SURNAME/>哈哈，女孩子会喜欢的料呢。
<SURNAME/>嘛，好吧。那分享这边的料。"
dup:d473473f9f9d,"
<SURNAME/>港南区有家叫<c1d:13/>伦敦屋<c1d:1/>的西式店铺。<pause:10/>
<SURNAME/>听说在那里能买到<c1d:13/>真正的防具<c1d:1/>。<pause:15/>
<SURNAME/>据说<c1d:13/>品种齐全，但回收价格便宜<c1d:1/>。","
<SURNAME/>港南区有家叫<c1d:13/>伦敦屋<c1d:1/>的西式店。<pause:10/>
<SURNAME/>好像在那里能买到<c1d:13/>真防具<c1d:1/>呢。<pause:15/>
<SURNAME/><c1d:13/>货品齐全，但回收价很低<c1d:1/>哦。"
dup:65fea28efcae,"
<SURNAME/>店主的宣传语说从铠甲到婚纱都能订做，
<SURNAME/>似乎是真的呢。","
<SURNAME/>店主的口号“从铠甲到婚纱都能订做”，
<SURNAME/>似乎是真的呢。"
dup:af6455001928,"
<SURNAME/>葛华侦探事务所的环小姐的本职是，
<SURNAME/>恶魔召唤师？<SURNAME/>是什么特殊工作吗？
<SURNAME/>没听说过这种职业呢…嘛好吧。","
<SURNAME/>葛华侦探事务所的环酱本业是，
<SURNAME/>恶魔召唤师？<SURNAME/>什么特殊工作啊？
<SURNAME/>没听过这种职业…嘛，好吧。"
dup:f33c7612c0c3,"
<SURNAME/>那么轮到老子了。<c1d:13/>悬赏杂志<c1d:1/>知道吧？
<SURNAME/><c1d:13/>听说有人收到真家伙武器和珍品<c1d:1/>了。
<SURNAME/><c1d:13/>虽然难中但寄来的都是好货<c1d:1/>哦。","
<SURNAME/>那么轮到我了。<c1d:13/>悬赏杂志<c1d:1/>知道吧？
<SURNAME/>好像有人收到了<c1d:13/>真武器或珍品<c1d:1/>呢。
<SURNAME/><c1d:13/>难中奖但东西好<c1d:1/>哦。"
dup:385f6a4da0fb,"
<SURNAME/>哦…恶魔真的存在？<pause:30/>
<SURNAME/>这传闻可够离谱的。
<SURNAME/>魔物啊，就该藏在人心里才对嘛。","
<SURNAME/>哦…真的有恶魔吗?<pause:30/>
<SURNAME/>那还真是个离奇的传闻啊。
<SURNAME/>我认为，魔就潜藏在人的心中呢。"
dup:df10b35cdb87,"
<SURNAME/>那轮到老子了。
<SURNAME/>梦崎区有家叫穆大陆的大型游戏中心，
<SURNAME/>你晓得吗？","
<SURNAME/>那么轮到我了。
<SURNAME/>梦崎区有家叫“穆大陆”的大型游戏厅，你知道吗？"
dup:d1f1133c65ed,"
<SURNAME/>在那<c1d:13/>穆大陆<c1d:1/>里头，
<SURNAME/>好像能玩<c1d:13/>真赌场<c1d:1/>呢。
<SURNAME/>据说<c1d:13/>玩扑克最容易赢钱<c1d:1/>哦。","
<SURNAME/>在那个<c1d:13/>穆大陆<c1d:1/>，
<SURNAME/>好像能玩到<c1d:13/>真正的赌场<c1d:1/>呢。
<SURNAME/>传闻说<c1d:13/>扑克最容易中奖<c1d:1/>。"
dup:ad9155440b6c,"
<SURNAME/>目前为止，我知道的传闻就这些了。
<SURNAME/>如果有新素材，我会再告诉你。
<SURNAME/>你也准备些有趣的信息吧。","
<SURNAME/>目前为止，我知道的传闻就这些了。
<SURNAME/>有新料的话，我再告诉你。
<SURNAME/>你也准备些有趣的信息吧。"
dup:0c0620b90a2e,"
<SURNAME/>是吗。
<SURNAME/>想再听传闻时就来吧。
<SURNAME/>我总在这里，望着天空呢。","
<SURNAME/>是吗。
<SURNAME/>想听传闻时再来吧。
<SURNAME/>我总是一直在这里望着天空。"
dup:f7da493dcd46,"
<SURNAME/>听说了吗？<SURNAME/>七姊妹学园有
<SURNAME/>那个妖怪花子出没。<pause:15/>好可怕但真想
<SURNAME/>见一次真身啊。","
<SURNAME/>听说了吗？<SURNAME/>七姊妹学园里
<SURNAME/>出现那个妖怪花子哦。<pause:15/>
<SURNAME/>怕归怕，但想见见本尊呢。"
dup:62ac803071f4,"
<SURNAME/>知道吗？<SURNAME/>春日山高中有，
<SURNAME/>那个妖怪布奇米出没。<pause:15/>
<SURNAME/>到底有多诡异呢。","
<SURNAME/>知道不？<SURNAME/>春日山高中有
<SURNAME/>那个妖怪诡异酱出没哦。<pause:15/>
<SURNAME/>到底有多诡异呢？"
dup:55aaa680e66d,"
<SURNAME/>野外音乐堂前的公园，有以前在那里失踪的
<SURNAME/>偶像的幽灵出没。<pause:15/>
<SURNAME/>那里花会说话之类的恐怖故事很多。","
<SURNAME/>听说野外音乐堂前的公园，有以前在那儿失踪的
<SURNAME/>偶像的幽灵出没。<pause:15/>
<SURNAME/>那儿花会说话之类的恐怖传闻可不少呢。"
dup:46a597f302e6,"
<SURNAME/>木恩托吧。<pause:15/>
<SURNAME/>港南区那个废工厂，有诅咒的出租车
<SURNAME/>在呢。","
<SURNAME/>真的吗？<pause:15/>
<SURNAME/>港南区的废弃工厂里，
<SURNAME/>好像有诅咒出租车哦。"
dup:144c3d512782,"
<SURNAME/>港南区的废工厂，有诅咒的私人出租车
<SURNAME/>在呢。<pause:15/>但诅咒出租车和
<SURNAME/>诅咒私人出租车有啥区别？","
<SURNAME/>港南区的废弃工厂，好像有
<SURNAME/>诅咒个人出租车。<pause:15/>但诅咒出租车和
<SURNAME/>诅咒个人出租车有啥区别？"
dup:1b4a272c4c1f,"
<SURNAME/>听说岩户山有妖怪裂口女出没。
<SURNAME/>但那不是吓人的妖怪吗？
<SURNAME/>在那种没人的地方干啥呢？","
<SURNAME/>听说岩户山有妖怪裂口女出没。
<SURNAME/>可那不是吓人的妖怪吗？
<SURNAME/>在那种没人的地方干啥呢？"
dup:90fcc14ccdb1,"
<SURNAME/>蜗牛山有跳跃爷爷出没，<pause:15/>
<SURNAME/>…呃，我不认识那妖怪…
<SURNAME/>真就名字那样在山里跳来跳去？","
<SURNAME/>听说蜗牛山有跳跃老头出没，<pause:15/>
<SURNAME/>...等等，我都不认识那个妖怪...
<SURNAME/>它真的像名字一样在山里跳来跳去吗？"
dup:4a613a8762fd,"
<SURNAME/>哇啊…<pause:10/>好可怕的故事…<pause:15/>
<SURNAME/>咦？<SURNAME/>问听了啥？<SURNAME/><pause:15/>库、库丹啦…<pause:10/>
<SURNAME/>废工厂有库丹…啊，想起来都怕…","
<SURNAME/>哇啊...<pause:10/>听了恐怖故事啊...<pause:15/>
<SURNAME/>咦？<SURNAME/>问我听了啥？<SURNAME/><pause:15/>是、是裤裆啦...<pause:10/>
<SURNAME/>废工厂有裤裆怪...啊啊，想起来都怕..."
dup:17ff5c08f3d2,"
<SURNAME/>Giga Matchyo除了普通CD还卖秘密
<SURNAME/>隐藏CD。<pause:15/>
<SURNAME/>不太懂，但好像曲子很有趣。","
<SURNAME/>听说Giga Matchy除了普通CD，还卖秘密的
<SURNAME/>隐藏CD呢。<pause:15/>
<SURNAME/>虽然不太懂，但好像曲子很有趣哦。"
dup:5d5a0423833a,"
<SURNAME/>听说废工厂有妖怪柜子婆婆
<SURNAME/>出没。<pause:15/>迷路的小孩被
<SURNAME/>“进来吧！”吼过。","
<SURNAME/>据说废工厂有妖怪衣柜老太婆
<SURNAME/>出没。<pause:15/>迷路进去的小孩
<SURNAME/>被吼“给我进来！”呢。"
dup:24dca50d5c87,"
<SURNAME/>时间城好像在卖真武器。
<SURNAME/>质量和价格都算普通。
<SURNAME/>不是普通古董店呢。","
<SURNAME/>听说时间城在卖真武器。
<SURNAME/>质量和价格嘛，据说都普通。
<SURNAME/>原来不是普通的古董店啊"
dup:708ffadbc267,"
<SURNAME/>时间城好像在卖真武器。
<SURNAME/>质量不错，但价格高。
<SURNAME/>不是普通古董店呢。","
<SURNAME/>听说时间城在卖真武器。
<SURNAME/>质量不错，但价格好像很高哦。
<SURNAME/>原来不是普通的古董店啊"
dup:a9ec9db77852,"
<SURNAME/>时间城好像在卖真武器。
<SURNAME/>价格便宜，但质量一般。
<SURNAME/>不是普通古董店呢。","
<SURNAME/>听说时间城在卖真武器。
<SURNAME/>价格便宜，但质量据说一般般。
<SURNAME/>原来不是普通的古董店啊"
dup:d4ada0c9232f,"
<SURNAME/>梦崎区的托尼店，
<SURNAME/>好像在黑市卖真武器。
<SURNAME/>品种齐全，但回收价低。","
<SURNAME/>听说梦崎区的Tony店，
<SURNAME/>在偷偷卖真武器呢。
<SURNAME/>品种齐全，但回收价很低哦"
dup:d7f26ef66577,"
<SURNAME/>梦崎区的托尼店
<SURNAME/>好像在黑市卖真武器。
<SURNAME/>价格便宜但质量差。","
<SURNAME/>听说梦崎区的Tony店
<SURNAME/>在偷偷卖真武器呢。
<SURNAME/>价格便宜但质量不好啦。"
dup:7072803826e1,"
<SURNAME/>梦崎区的托尼店
<SURNAME/>好像在黑市卖真武器。
<SURNAME/>质量和价格都算普通。","
<SURNAME/>听说梦崎区的Tony店
<SURNAME/>在偷偷卖真武器呢。
<SURNAME/>质量和价格嘛，都算普通哦。"
dup:057b69f024ff,"
<SURNAME/>梦崎区的托尼店
<SURNAME/>好像在黑市卖真武器。
<SURNAME/>质量不错，但太贵了。","
<SURNAME/>听说梦崎区的Tony店
<SURNAME/>在偷偷卖真武器呢。
<SURNAME/>质量好是好，但据说很贵啦。"
dup:d6c3f8b4d492,"
<SURNAME/>青华区的Claire de Lune，在卖真武器
<SURNAME/>？
<SURNAME/>品种少，但回收价不错。","
<SURNAME/>青华区的Claire de Lune在卖真武器
<SURNAME/>是真的吗？
<SURNAME/>品种少，但回收价不错哦"
dup:c6412552d88a,"
<SURNAME/>青华区的Claire de Lune，在卖真武器
<SURNAME/>？
<SURNAME/>价格便宜但质量差。","
<SURNAME/>青华区的Claire de Lune在卖真武器
<SURNAME/>是真的吗？
<SURNAME/>价格便宜，但质量不好啦。"
dup:bf517a68b147,"
<SURNAME/>青华区的Claire de Lune，在卖真武器
<SURNAME/>？<SURNAME/>质量相当好，
<SURNAME/>但太贵了。","
<SURNAME/>青华区的Claire de Lune在卖真武器
<SURNAME/>是真的吗？<SURNAME/>质量相当好，
<SURNAME/>但听说很贵呢。"
dup:6581da9cefe3,"
<SURNAME/>青华区的Claire de Lune，在卖真武器
<SURNAME/>？<SURNAME/>品种齐全，
<SURNAME/>但回收价低。","
<SURNAME/>青华区的Claire de Lune在卖真武器
<SURNAME/>是真的吗？<SURNAME/>品种齐全，
<SURNAME/>但听说回收价很低。"
dup:3e6f089cab50,"
<SURNAME/>听说在青华区的克莱尔·德·吕讷卖真武器？
<SURNAME/>质量和价格好像都一般…","
<SURNAME/>青华区的Claire de Lune在卖真武器
<SURNAME/>是真的吗？
<SURNAME/>质量和价格，好像都普通啦..."
dup:68094188d834,"
<SURNAME/>听说在港南区的乔利·罗杰，有卖真武器。
<SURNAME/>要不要去一次呢…
<SURNAME/>质量和价格都说是普通的样子。","
<SURNAME/>港南区的Jolly Roger在卖真武器
<SURNAME/>呢。要不要去一趟看看...
<SURNAME/>质量和价格都普通的样子。"
dup:b697bb68b15a,"
<SURNAME/>听说在港南区的乔利·罗杰，有卖真武器。
<SURNAME/>要不要去一次呢…
<SURNAME/>听说质量差，但价格便宜。","
<SURNAME/>港南区的Jolly Roger在卖真武器
<SURNAME/>呢。要不要去一趟看看...
<SURNAME/>听说质量差但价格便宜。"
dup:cd6849f62211,"
<SURNAME/>听说在港南区的乔利·罗杰，有卖真武器。
<SURNAME/>要不要去一次呢…
<SURNAME/>回收价格便宜，但商品种类好像不错。","
<SURNAME/>港南区的Jolly Roger在卖真武器
<SURNAME/>呢。要不要去一趟看看...
<SURNAME/>回收价低，但品种齐全哦。"
dup:21e1fd2d4ec4,"
<SURNAME/>听说在港南区的乔利·罗杰，有卖真武器。
<SURNAME/>要不要去一次呢…
<SURNAME/>商品种类少，但回收价格高。","
<SURNAME/>港南区的Jolly Roger在卖真武器
<SURNAME/>呢。要不要去一趟看看...
<SURNAME/>品种少但回收价很高呢"
dup:50a9451244ba,"
<SURNAME/>听说在港南区的乔利·罗杰，有卖真武器。
<SURNAME/>要不要去一次呢…
<SURNAME/>价格高，但质量好像不错。","
<SURNAME/>港南区的Jolly Roger在卖真武器
<SURNAME/>呢。要不要去一趟看看...
<SURNAME/>价格贵，但质量好像不错。"
dup:014abcf125d2,"
<SURNAME/>听说在罗萨坎迪塔有卖真防具？
<SURNAME/>金托，真的吗？<SURNAME/>质量和价格都说是普通。
<SURNAME/>在精品店能买到防具，感觉世道末日了。","
<SURNAME/>Rosacandita在卖真防具的
<SURNAME/>传闻是真的？<SURNAME/>质量和价格都普通啦。
<SURNAME/>精品店能买防具，感觉世道变了"
dup:c4414ff63f05,"
<SURNAME/>听说在罗萨坎迪塔有卖真防具？
<SURNAME/>金托，真的吗？<SURNAME/>便宜但质量差。
<SURNAME/>在精品店能买到防具，感觉世道末日了。","
<SURNAME/>Rosacandita在卖真防具的
<SURNAME/>传闻是真的？<SURNAME/>便宜但质量差啦。
<SURNAME/>精品店能买防具，感觉世道变了"
dup:907842d76d84,"
<SURNAME/>听说在罗萨坎迪塔有卖真防具？
<SURNAME/>金托？<SURNAME/>听说质量好但价格高。
<SURNAME/>在精品店能买到防具，感觉世道末日了。","
<SURNAME/>Rosacandita在卖真防具的
<SURNAME/>传闻？<SURNAME/>听说质量好但价格高。
<SURNAME/>精品店能买防具，感觉世道变了"
dup:b10bb2c22745,"
<SURNAME/>听说在梦崎区的阿尼玛蒙迪，真防具
<SURNAME/>能买到吧？<SURNAME/>质量和价格都说是普通。
<SURNAME/>要不要也告诉朋友呢。","
<SURNAME/>梦崎区的Anima Mundi能买到真防具
<SURNAME/>对吧？<SURNAME/>质量和价格都普通啦。
<SURNAME/>要不要告诉朋友呢。"
dup:a69c9e6b1476,"
<SURNAME/>听说在梦崎区的阿尼玛蒙迪，真防具
<SURNAME/>能买到吧？<SURNAME/>便宜但质量差。
<SURNAME/>要不要也告诉朋友呢。","
<SURNAME/>梦崎区的Anima Mundi能买到真防具
<SURNAME/>对吧？<SURNAME/>便宜但质量差啦。
<SURNAME/>要不要告诉朋友呢。"
dup:a60a42cdf481,"
<SURNAME/>听说在梦崎区的阿尼玛蒙迪，真防具
<SURNAME/>能买到吧？<SURNAME/>商品种类好但回收价格
<SURNAME/>便宜。要不要也告诉朋友呢。","
<SURNAME/>梦崎区的Anima Mundi能买到真防具
<SURNAME/>对吧？<SURNAME/>品种齐全但回收价
<SURNAME/>很低啦。要不要告诉朋友呢。"
dup:80f5375d1db6,"
<SURNAME/>听说在梦崎区的阿尼玛蒙迪，真防具
<SURNAME/>能买到吧？<SURNAME/>质量好但价格
<SURNAME/>高。要不要也告诉朋友呢。","
<SURNAME/>梦崎区的Anima Mundi能买到真防具
<SURNAME/>对吧？<SURNAME/>质量好但价格
<SURNAME/>很高啦。要不要告诉朋友呢。"
dup:523da0cb0526,"
<SURNAME/>听说在青华区的罗萨坎迪塔，不只衣服，
<SURNAME/>连真防具都卖。
<SURNAME/>商品种类差，但回收价格高。","
<SURNAME/>青华区的Rosacandita不只卖衣服，
<SURNAME/>连真防具都卖呢。
<SURNAME/>品种少，但回收价高哦"
dup:a79a97dee4bd,"
<SURNAME/>听说在青华区的罗萨坎迪塔，不只衣服，
<SURNAME/>连真防具都卖。
<SURNAME/>质量和价格，都算普通。","
<SURNAME/>青华区的Rosacandita不只卖衣服，
<SURNAME/>连真防具都卖呢。
<SURNAME/>质量和价格，都算普通啦。"
dup:401c736d4cfe,"
<SURNAME/>听说在青华区的罗萨坎迪塔，不只衣服，
<SURNAME/>连真防具都卖。
<SURNAME/>质量好，但价格高。","
<SURNAME/>青华区的罗莎坎迪塔不仅卖衣服，
<SURNAME/>还卖真正的防具呢。
<SURNAME/>听说质量好，但价格高。"
dup:9f8dd289e11e,"
<SURNAME/>听说在青华区的罗萨坎迪塔，不只衣服，
<SURNAME/>连真防具都卖。
<SURNAME/>便宜，但质量差。","
<SURNAME/>青华区的罗莎坎迪塔不仅卖衣服，
<SURNAME/>还卖真正的防具呢。
<SURNAME/>听说便宜，但质量差。"
dup:cba48497291f,"
<SURNAME/>听说在青华区的罗萨坎迪塔，不只衣服，
<SURNAME/>连真防具都卖。商品种类
<SURNAME/>好，但回收价格便宜。","
<SURNAME/>青华区的罗莎坎迪塔不仅卖衣服，
<SURNAME/>还卖真正的防具呢。货品齐全，
<SURNAME/>但回收价低。"
dup:61db202790bb,"
<SURNAME/>听说在港南区的伦敦屋，连防具都做？
<SURNAME/>商品种类好但回收价格便宜。
<SURNAME/>是追求最强而非最高级的绅士服吗？","
<SURNAME/>港南区的伦敦屋，连防具都做吗？
<SURNAME/>听说货品齐全但回收价低。
<SURNAME/>他们是在追求最强而非最好的绅士服吗？"
dup:255d17ef9d05,"
<SURNAME/>听说在港南区的伦敦屋，连防具都做？
<SURNAME/>便宜，但质量一般。
<SURNAME/>是追求最强而非最高级的绅士服吗？","
<SURNAME/>港南区的伦敦屋，连防具都做吗？
<SURNAME/>听说便宜，但质量一般。
<SURNAME/>他们是在追求最强而非最好的绅士服吗？"
dup:9fa1f5f4bbf9,"
<SURNAME/>听说在港南区的伦敦屋，连防具都做？
<SURNAME/>价格高，但质量好。
<SURNAME/>是追求最强而非最高级的绅士服吗？","
<SURNAME/>港南区的伦敦屋，连防具都做吗？
<SURNAME/>听说价格高，但质量好。
<SURNAME/>他们是在追求最强而非最好的绅士服吗？"
dup:e765b5b57093,"
<SURNAME/>听说在港南区的伦敦屋，连防具都做？
<SURNAME/>质量和价格，都算过得去。
<SURNAME/>是追求最强而非最高级的绅士服吗？","
<SURNAME/>港南区的伦敦屋，连防具都做吗？
<SURNAME/>听说质量和价格都一般。
<SURNAME/>他们是在追求最强而非最好的绅士服吗？"
dup:294bdfc59422,"
<SURNAME/>听说在港南区的伦敦屋，连防具都做？
<SURNAME/>商品种类少但回收价格好。
<SURNAME/>是追求最强而非最高级的绅士服吗？","
<SURNAME/>港南区的伦敦屋，连防具都做吗？
<SURNAME/>听说货品少但回收价好。
<SURNAME/>他们是在追求最强而非最好的绅士服吗？"
dup:d0dae1f62334,"
<SURNAME/>听说悬赏杂志中奖的话，真武器会
<SURNAME/>送来。虽说不容易中，
<SURNAME/>但听说会送不错的东西。","
<SURNAME/>听说中了抽奖杂志的奖，
<SURNAME/>会收到真正的武器呢。虽然不太容易中，
<SURNAME/>但听说会收到相当好的东西。"
dup:437700682d69,"
<SURNAME/>听说悬赏杂志中奖的话，真武器会
<SURNAME/>送来。虽说很少中，
<SURNAME/>但听说会送相当稀有的东西。","
<SURNAME/>听说中了抽奖杂志的奖，
<SURNAME/>会收到真正的武器呢。虽然很少中，
<SURNAME/>但听说会收到相当稀有的东西。"
dup:f151457e70ac,"
<SURNAME/>听说悬赏杂志中奖的话，真武器会
<SURNAME/>送来。虽说容易中但
<SURNAME/>送来的东西不怎么样。","
<SURNAME/>听说中了抽奖杂志的奖，
<SURNAME/>会收到真正的武器呢。虽然容易中，
<SURNAME/>但听说不会收到什么了不起的东西。"
dup:550982bfb845,"
<SURNAME/>听说在梦崎区的穆大陆，能玩
<SURNAME/>赌场。好像有人用扑克
<SURNAME/>大赚一笔。","
<SURNAME/>听说在梦崎区的姆大陆，
<SURNAME/>可以玩赌场呢。好像有人在扑克上
<SURNAME/>大赚了一笔。"
dup:18bf8ff42209,"
<SURNAME/>听说在梦崎区的穆大陆，能玩
<SURNAME/>赌场。好像有人用老虎机
<SURNAME/>大赚一笔。","
<SURNAME/>听说在梦崎区的姆大陆，
<SURNAME/>可以玩赌场呢。好像有人在老虎机上
<SURNAME/>大赚了一笔。"
dup:37a646e840ff,"
<SURNAME/>听说在梦崎区的穆大陆，能玩
<SURNAME/>赌场。好像有人用二十一点
<SURNAME/>大赚一笔。","
<SURNAME/>听说在梦崎区的姆大陆，
<SURNAME/>可以玩赌场呢。好像有人在二十一点上
<SURNAME/>大赚了一笔。"
dup:dac8b8a3ba29,"
<SURNAME/>听说在拉面白石，
<SURNAME/>卖传说武器。
<SURNAME/>到底是什么武器呢。","
<SURNAME/>听说在拉面白石，
<SURNAME/>卖着传说中的武器呢。
<SURNAME/>到底是什么武器啊？"
dup:84a62bd3fd29,"
<SURNAME/>听说在克莱尔·德·吕讷卖传说武器。
<SURNAME/>既然是传说级的，果然很贵吧…","
<SURNAME/>听说在克莱尔·德·吕讷，
<SURNAME/>卖着传说中的武器呢。
<SURNAME/>既然是传说，大概很贵吧…"
dup:6bea02d97062,"
<SURNAME/>时间城的传说武器，
<SURNAME/>好像被恶魔偷走了。
<SURNAME/>明明不可能有恶魔，真是怪事。","
<SURNAME/>时间城的传说武器，
<SURNAME/>好像被恶魔偷走了呢。
<SURNAME/>明明不可能有恶魔，真奇怪啊。"
dup:8d13a57aade5,"
<SURNAME/>时间城的传说武器是花吧？
<SURNAME/>听说某个不幸的女人，
<SURNAME/>已经买走了。","
<SURNAME/>时间城的传说武器是花吧？
<SURNAME/>听说某个看起来不幸的女人，
<SURNAME/>已经买走了。"
dup:00107dd5b9b9,"
<SURNAME/>时间城的传说武器是「花」吧？
<SURNAME/>那里的店主，把它送给短发的女性
<SURNAME/>当礼物了。","
<SURNAME/>时间城的传说武器是“花”吧？
<SURNAME/>那个店主，好像把它送给了
<SURNAME/>短发的女性。"
dup:7545829c2401,"
<SURNAME/>秘密俱乐部只有二楼特别大，
<SURNAME/>里面像迷宫一样。
<SURNAME/>但听说有人在半路上捡到了好东西。","
<SURNAME/>秘密俱乐部的二楼特别宽敞，
<SURNAME/>里面像迷宫一样呢。但有人在路上
<SURNAME/>捡到了好东西。"
dup:c66b9e921a1d,"
<SURNAME/>你知道吗？<SURNAME/>青华公园的花
<SURNAME/>好像会说话。像人一样，有好的家伙
<SURNAME/>也有坏的家伙。","
<SURNAME/>你知道吗？<SURNAME/>听说青华公园的花
<SURNAME/>会说话呢。像人一样，有好家伙
<SURNAME/>和坏家伙。"
dup:90c89b651edb,"
<SURNAME/>第38届<SURNAME/>七夕川大型烟花大会
<SURNAME/>65536发烟花盛大点亮夜空!!
<SURNAME/>日期<SURNAME/>X月X日<SURNAME/><SURNAME/>地点<SURNAME/>莲华台·七夕桥沿岸","
<SURNAME/>第38届<SURNAME/>七夕川大烟花大会
<SURNAME/>65536发烟花，盛大地点缀夜空!!
<SURNAME/>日期<SURNAME/>X月X日<SURNAME/><SURNAME/>地点<SURNAME/>莲华台・七夕桥沿岸"
dup:bae2bcff8aed,"
<SURNAME/>那人也是假面党员吗?
<SURNAME/>…不过，还挺帅的吧?
<SURNAME/>当然，<c13/>更胜一筹啦♥
","
<SURNAME/>那个人，果然也是假面党员吧?
<SURNAME/>…不过，不是挺帅的吗?
<SURNAME/>当然，<c13/>绝对更棒啦♥
 || 
<SURNAME/>那人也是假面党员?
<SURNAME/>…不过挺帅的耶~
<SURNAME/>当然<c13/>更棒啦♥
"
dup:60b78bfed45f,"
<SURNAME/>看到我们就逃，
<SURNAME/>怎么想都可疑!
<SURNAME/><c12/>，赶紧追!
","
<SURNAME/>看到咱们的脸就逃，
<SURNAME/>怎么想都可疑!
<SURNAME/><c12/>，快追上去!
 || 
<SURNAME/>看到老子的脸就逃跑，
<SURNAME/>怎么想都很可疑!
<SURNAME/><c12/>、赶紧追上去!
"
dup:6bd8e2267c1b,"
<SURNAME/>刚才那人…<pause:30/>
<SURNAME/>总觉得在哪见过～?
<SURNAME/>算了，总之先追吧!
","
<SURNAME/>刚才那个人…<pause:30/>
<SURNAME/>总觉得在哪见过～?
<SURNAME/>算了，总之先追上去!
 || 
<SURNAME/>刚才那人…<pause:30/>
<SURNAME/>总觉得在哪见过~
<SURNAME/>算了先追吧!
"
dup:1b0888cc4927,"
<SURNAME/>若那家伙是假面党员，
<SURNAME/>就是套小丑情报的机会。
<SURNAME/>先逮住问个明白。
","
<SURNAME/>如果刚才那家伙是假面党员，
<SURNAME/>就是套出小丑情报的机会。
<SURNAME/>总之先抓住确认身份吧。
 || 
<SURNAME/>若他是假面党员
<SURNAME/>就是套小丑情报的机会
<SURNAME/>先逮住问个明白
"
dup:5da3573e03a6,逃走,分析
dup:4b9eace022ac,普通,无个性
dup:f1256471d4fd,卡纳罗亚,卡纳洛阿
dup:9f1da4c62644,<SURNAME/>刚才前辈已经把他破坏掉了， <SURNAME/>这个房间的徽章是最后一个了!! <SURNAME/>得快点破坏其他房间的!!,<SURNAME/>既然刚才前辈破坏掉了， <SURNAME/>这间房间里的徽章就是最后一个了!! <SURNAME/>得快点破坏其他房间的!!
dup:b5b79967f773,<SURNAME/>不抓紧时间的话连我也要患上怪病了!<pause:10/> <SURNAME/>拜托了，把职员室的徽章也破坏掉!,<SURNAME/>动作不快点的话、连我也会得怪病的!<pause:10/> <SURNAME/>求您了，把职员室的徽章也破坏掉!
dup:604c3e6abdca,"
<SURNAME/>哟!<SURNAME/>好久不见!<pause:15/><SURNAME/>...啊是初次见面...<pause:15/>
<SURNAME/>哟!<SURNAME/>初次见面!<SURNAME/><pause:15/>喋喋喋!<pause:15/>
<SURNAME/>接下来该自我介绍了...","
<SURNAME/>哟！<SURNAME/>好久不见！<pause:15/><SURNAME/>…啊，是第一次见吧…<pause:15/>
<SURNAME/>哟！<SURNAME/>初次见面！<SURNAME/><pause:15/>嘿嘿嘿！<pause:15/>
<SURNAME/>那么，该自我介绍了…"
dup:b75968de7c1f,"
<SURNAME/>嘛~理所当然啦~当今最红的
<SURNAME/>全能艺人布朗大人怎么可能有人不认识~
<SURNAME/>那就用本名自我介绍了~","
<SURNAME/>嘛，当然啦。现如今，作为多才艺人
<SURNAME/>大活跃中的这位布朗大人，不知道的家伙
<SURNAME/>不存在吧。那么用本名自我介绍吧。"
dup:3df255d6b7b7,"
<SURNAME/>老子就是布朗，本名上杉<SURNAME/>秀彦~
<SURNAME/>雪野的老朋友~
<SURNAME/>综艺节目和老子都请多指教啦!","
<SURNAME/>我是布朗，本名上杉<SURNAME/>秀彦。
<SURNAME/>是雪野的老朋友。
<SURNAME/>所以，请多关照我的常规节目！"
dup:caa018680b8c,"
<SURNAME/>好嘞!<SURNAME/>为了让子孙后代都记住
<SURNAME/>就在这好好自我介绍吧!!<pause:15/>
<SURNAME/>...老子叫上杉~请多指教~","
<SURNAME/>好嘞！<SURNAME/>为了让孙子辈都能传颂，
<SURNAME/>就在这里好好自我介绍一下吧！！<pause:15/>
<SURNAME/>…所以我是上杉。请多关照。"
dup:668b297dd5af,"
<SURNAME/>我很忙的。明白吗？<SURNAME/>就连像这样跟你说话的
<SURNAME/>时间，也有导演说就算出几千万美元也不可惜呢？<SURNAME/>你应该感到荣幸。","
<SURNAME/>我很忙的。明白吗？<SURNAME/>像这样说话的时间，
<SURNAME/>就算花几千万美元也不可惜的导演们
<SURNAME/>都在等着呢？<SURNAME/>感到荣幸吧。"
dup:1e2d804b592a,"
<SURNAME/>欢迎光临。
<SURNAME/>欢迎来到珠闲瑠电视台。","
<SURNAME/>欢迎光临。
<SURNAME/>珠瑠电视台欢迎您。"
dup:ef2f01d38b29,"
<SURNAME/>非常抱歉，楼上所有区域
<SURNAME/>非相关人员禁止入内，
<SURNAME/>请勿使用电梯。","
<SURNAME/>非常抱歉，楼上所有区域
<SURNAME/>都禁止非相关人员进入，
<SURNAME/>请勿使用电梯。"
dup:b6d2fa5ca0ae,"
<SURNAME/>珠闲瑠电视台的模型。
<SURNAME/>细节部分也制作得非常精美。","
<SURNAME/>珠瑠电视台的模型。
<SURNAME/>细节部分制作得非常精致。"
dup:b9e848f5e454,"
<SURNAME/>「俺ってブラウン」
<SURNAME/>似乎是多才多艺的布朗担任常驻嘉宾的
<SURNAME/>综艺节目。","
<SURNAME/>《我就是布朗》
<SURNAME/>由多才艺人布朗担任固定班底的
<SURNAME/>综艺节目。"
dup:5a92fd27d69d,"
<SURNAME/>「ゲットだぜ电视购物」
<SURNAME/>似乎是介绍各种商品并在电视上
<SURNAME/>销售的节目。","
<SURNAME/>《Get 电视购物》
<SURNAME/>在电视上介绍并销售
<SURNAME/>各种商品的节目。"
dup:f960780dfa7c,"
<SURNAME/>「激论!!<SURNAME/>各种事情」
<SURNAME/>似乎是每周探讨各种问题，在专家参与下，
<SURNAME/>寻求解决之道的节目。","
<SURNAME/>《激辩！！<SURNAME/>各种内情》
<SURNAME/>每周探讨不同问题，在专家参与下，
<SURNAME/>寻求解决之道的节目。"
dup:d00f260209b3,"
<SURNAME/>「黄金巴特勒<SURNAME/>希卡利昂」
<SURNAME/>是正义感强烈的少年「诚君」变身为黄金巴特勒，
<SURNAME/>对抗邪恶组织的动画节目。","
<SURNAME/>《黄金斗士<SURNAME/>光龙》
<SURNAME/>正义感强的少年“诚君”变身为黄金斗士，
<SURNAME/>对抗邪恶组织的动画节目。"
dup:8e74c8a464f8,"
<SURNAME/>'这次就让我说吧!!'
<SURNAME/>黑须<SURNAME/>纯子担任常规主持的谈话节目。
<SURNAME/>她的毒舌谈话似乎很受欢迎。","
<SURNAME/>《这次就让我直说吧！！》
<SURNAME/>黑须<SURNAME/>纯子担任固定班底的脱口秀。
<SURNAME/>她的毒舌风格很受欢迎。"
dup:8157698bc984,"
<SURNAME/>「虹色的小丑」
<SURNAME/>是拥有七种人格的杀手小丑活跃的电视剧。
<SURNAME/>下周最终回「梦寐以求的第八种颜色」。","
<SURNAME/>《彩虹小丑》
<SURNAME/>拥有七重人格的杀手小丑活跃的剧集。
<SURNAME/>下周最终回“梦寐以求的第八色”。"
dup:ffbf862c67c0,<SURNAME/>啊〜说起来，2楼的职员室也装饰着<SURNAME/>徽章来着…<pause:15/>但那里有老师在，<SURNAME/>被说了什么的话，不是很讨厌吗?,<SURNAME/>啊〜说起来，2楼的职员室也装饰着<SURNAME/>徽章来着…<pause:15/>但那里有老师在， <SURNAME/>被说了什么的话，不是很讨厌吗?
dup:5fad7d62964e,"
<SURNAME/>最后堡垒…真是意外的卡啊。<pause:15/>
<SURNAME/>看来整个城市都成了赌注。
<SURNAME/>决定命运的…是卡吗…","
<SURNAME/>最后军团…真是意外之牌啊。<pause:15/>
<SURNAME/>看来整座城市都成了赌注。
<SURNAME/>决定命运的…是纸牌吗…"
dup:18a1e8977117,"
<SURNAME/>前方正在清扫中。
<SURNAME/>咦?<SURNAME/>说反正永远在清扫?
<SURNAME/>好、好敏锐…","
<SURNAME/>前方正在清扫中。
<SURNAME/>咦？<SURNAME/>你说反正一直都是在清扫中？
<SURNAME/>好、好敏锐… || 
<SURNAME/>前面正在清扫中。
<SURNAME/>诶？<SURNAME/>说反正一直清扫中？
<SURNAME/>好、好敏锐…"
dup:ae73d1de1c8f,"
<SURNAME/>欢迎光临。欢迎来到姆大陆。
<SURNAME/>硬币兑换和奖品交换，
<SURNAME/>由我负责。尽管说。","
<SURNAME/>欢迎光临。欢迎来到姆大陆。
<SURNAME/>代币兑换和奖品交换，
<SURNAME/>由本店负责。尽管吩咐。"
dup:b5dd34277124,"
<SURNAME/>诶—，还有什么事吗？<pause:15/>
<SURNAME/>…啊，不不。
<SURNAME/>尽管说。","
<SURNAME/>欸—还有事吗?<pause:15/>
<SURNAME/>…啊不不。
<SURNAME/>尽管说。"
dup:f2fd56edc1d7,"
<SURNAME/>嘛，虽然可能有些事，
<SURNAME/>但再来玩吧。
<SURNAME/>我会欢迎的。","
<SURNAME/>嘛，虽然状况不少，
<SURNAME/>但再来玩啊。
<SURNAME/>还是会欢迎的。"
dup:98b6eb2a6fc3,"
<SURNAME/>扑克
<SURNAME/>「WILD<SURNAME/>9」
<SURNAME/>01号机有。","
<SURNAME/>扑克
<SURNAME/>「WILD<SURNAME/>9」
<SURNAME/>01号机。 || 
<SURNAME/>扑克
<SURNAME/>「WILD<SURNAME/>9」
<SURNAME/>有01号台。"
dup:c8f1019998a2,"
<SURNAME/>扑克
<SURNAME/>「WILD<SURNAME/>9」
<SURNAME/>02号机有。","
<SURNAME/>扑克
<SURNAME/>「WILD<SURNAME/>9」
<SURNAME/>02号机。 || 
<SURNAME/>扑克
<SURNAME/>「WILD<SURNAME/>9」
<SURNAME/>有02号台。"
dup:9aa2867999e4,"
<SURNAME/>扑克
<SURNAME/>「WILD<SURNAME/>9」
<SURNAME/>03号机有。","
<SURNAME/>扑克
<SURNAME/>「WILD<SURNAME/>9」
<SURNAME/>02号机有。 || 
<SURNAME/>扑克
<SURNAME/>「WILD<SURNAME/>9」
<SURNAME/>03号机。"
dup:6a30e5934f5e,"
<SURNAME/>扑克
<SURNAME/>「WILD<SURNAME/>9」
<SURNAME/>04号机有。","
<SURNAME/>扑克
<SURNAME/>「WILD<SURNAME/>9」
<SURNAME/>03号机有。 || 
<SURNAME/>扑克
<SURNAME/>「WILD<SURNAME/>9」
<SURNAME/>04号机。"
dup:f30493d2e824,"
<SURNAME/>扑克
<SURNAME/>「WILD<SURNAME/>9」
<SURNAME/>05号机有。","
<SURNAME/>扑克
<SURNAME/>「WILD<SURNAME/>9」
<SURNAME/>04号机有。 || 
<SURNAME/>扑克
<SURNAME/>「WILD<SURNAME/>9」
<SURNAME/>05号机。"
dup:449083d2819c,"
<SURNAME/>扑克
<SURNAME/>「WILD<SURNAME/>9」
<SURNAME/>06号机有。","
<SURNAME/>扑克
<SURNAME/>「WILD<SURNAME/>9」
<SURNAME/>05号机有。 || 
<SURNAME/>扑克
<SURNAME/>「WILD<SURNAME/>9」
<SURNAME/>06号机。"
dup:4f16380da651,"
<SURNAME/>扑克
<SURNAME/>「WILD<SURNAME/>9」
<SURNAME/>07号机有。","
<SURNAME/>扑克
<SURNAME/>「WILD<SURNAME/>9」
<SURNAME/>06号机有。 || 
<SURNAME/>扑克
<SURNAME/>「WILD<SURNAME/>9」
<SURNAME/>07号机。"
dup:af95fbf22bb2,"
<SURNAME/>扑克
<SURNAME/>「WILD<SURNAME/>9」
<SURNAME/>08号机有。","
<SURNAME/>扑克
<SURNAME/>「WILD<SURNAME/>9」
<SURNAME/>07号机有。 || 
<SURNAME/>扑克
<SURNAME/>「WILD<SURNAME/>9」
<SURNAME/>08号机。"
dup:73e23ee4687b,"
<SURNAME/>扑克
<SURNAME/>「WILD<SURNAME/>9」
<SURNAME/>09号机有。","
<SURNAME/>扑克
<SURNAME/>「WILD<SURNAME/>9」
<SURNAME/>08号机有。 || 
<SURNAME/>扑克
<SURNAME/>「WILD<SURNAME/>9」
<SURNAME/>09号机。"
dup:3fbf32e5b157,"
<SURNAME/>扑克
<SURNAME/>「WILD<SURNAME/>9」
<SURNAME/>10号机有。","
<SURNAME/>扑克
<SURNAME/>「WILD<SURNAME/>9」
<SURNAME/>09号机有。 || 
<SURNAME/>扑克
<SURNAME/>「WILD<SURNAME/>9」
<SURNAME/>10号机。"
dup:4f71ddf0a646,"
<SURNAME/>二十一点
<SURNAME/>「JOIN<SURNAME/>FORCES」有。","
<SURNAME/>Black Jack
<SURNAME/>「JOIN<SURNAME/>FORCES」有。 || 
<SURNAME/>二十一点
<SURNAME/>「JOIN<SURNAME/>FORCES」"
dup:425c6b6e493d,"
<SURNAME/>老虎机
<SURNAME/>「AROUSE<SURNAME/>BLANK」
<SURNAME/>01号机有。","
<SURNAME/>老虎机
<SURNAME/>「AROUSE<SURNAME/>BLANK」
<SURNAME/>01号机。"
dup:4f590c9f5e9e,"
<SURNAME/>老虎机
<SURNAME/>「AROUSE<SURNAME/>BLANK」
<SURNAME/>02号机有。","
<SURNAME/>老虎机
<SURNAME/>「AROUSE<SURNAME/>BLANK」
<SURNAME/>02号机。"
dup:cfb083c795cf,"
<SURNAME/>老虎机
<SURNAME/>「AROUSE<SURNAME/>BLANK」
<SURNAME/>03号机有。","
<SURNAME/>老虎机
<SURNAME/>「AROUSE<SURNAME/>BLANK」
<SURNAME/>03号机。"
dup:8b1aefea4d79,"
<SURNAME/>老虎机
<SURNAME/>「AROUSE<SURNAME/>BLANK」
<SURNAME/>04号机有。","
<SURNAME/>老虎机
<SURNAME/>「AROUSE<SURNAME/>BLANK」
<SURNAME/>04号机。"
dup:865a4bbb1558,"
<SURNAME/>老虎机
<SURNAME/>「AROUSE<SURNAME/>BLANK」
<SURNAME/>有05号台。","
<SURNAME/>老虎机
<SURNAME/>「AROUSE<SURNAME/>BLANK」
<SURNAME/>05号机。 || 
<SURNAME/>老虎机
<SURNAME/>「AROUSE<SURNAME/>BLANK」
<SURNAME/>05号机有。"
dup:effe82e7a883,"
<SURNAME/>老虎机
<SURNAME/>「AROUSE<SURNAME/>BLANK」
<SURNAME/>有06号台。","
<SURNAME/>老虎机
<SURNAME/>「AROUSE<SURNAME/>BLANK」
<SURNAME/>06号机。 || 
<SURNAME/>老虎机
<SURNAME/>「AROUSE<SURNAME/>BLANK」
<SURNAME/>06号机有。"
dup:58d031046940,"
<SURNAME/>老虎机
<SURNAME/>「AROUSE<SURNAME/>BLANK」
<SURNAME/>有07号台。","
<SURNAME/>老虎机
<SURNAME/>「AROUSE<SURNAME/>BLANK」
<SURNAME/>07号机。 || 
<SURNAME/>老虎机
<SURNAME/>「AROUSE<SURNAME/>BLANK」
<SURNAME/>有07号机。"
dup:71229e8ae88e,"
<SURNAME/>老虎机
<SURNAME/>「AROUSE<SURNAME/>BLANK」
<SURNAME/>有08号台。","
<SURNAME/>老虎机
<SURNAME/>「AROUSE<SURNAME/>BLANK」
<SURNAME/>有08号机。"
dup:d3477ce0fc83,"
<SURNAME/>宾果游戏
<SURNAME/>「FORTUNE'S<SURNAME/>REEL」有。","
<SURNAME/>宾果游戏
<SURNAME/>有「FORTUNE'S<SURNAME/>REEL」。 || 
<SURNAME/>有宾果游戏
<SURNAME/>「FORTUNE'S<SURNAME/>REEL」。"
dup:eb5f78da1279,<pause:0/><c1e:0/>限量100个,<pause:0/><c1e:0/>限量生产100个
dup:0d413383fc7d,<pause:0/><c1e:0/>带凯蒂猫标,<pause:0/><c1e:0/>带凯蒂猫标志 || <pause:0/><c1e:0/>带凯蒂猫标记 || <pause:0/><c1e:0/>带有凯蒂猫标志
dup:d0f126712e06,<pause:0/><c1e:0/>电池没电了,<pause:0/><c1e:0/>好像没电了 || <pause:0/><c1e:0/>电池好像没电了 || <pause:0/><c1e:0/>电池耗尽
dup:e438348a2820,<pause:0/><c1e:0/>天君的骷髅？,<pause:0/><c1e:0/>天○的骷髅？ || <pause:0/><c1e:0/>天恩的头骨？ || <pause:0/><c1e:0/>天恩的骷髅？
dup:c4182ed23f59,"<pause:0/><c1e:0/>水晶骷髅
不知是否地属性","<pause:0/><c1e:0/>水晶头骨
不知为何有大地属性 || <pause:0/><c1e:0/>水晶骷髅
不知为何像地属性 || <pause:0/><c1e:0/>水晶骷髅
产地不明"
dup:45056cb70a35,"<pause:0/><c1e:0/>水晶骷髅
似乎是火属性","<pause:0/><c1e:0/>水晶头骨
似乎是火属性 || <pause:0/><c1e:0/>水晶骷髅
火属性"
dup:485dbc5ede75,"<pause:0/><c1e:0/>水晶骷髅
内有水...却不流","<pause:0/><c1e:0/>水晶头骨
内有水却...不流动 || <pause:0/><c1e:0/>水晶骷髅
仔细看水...没有流动 || <pause:0/><c1e:0/>水晶骷髅
内部无水流动"
dup:573029cb86e1,"<pause:0/><c1e:0/>水晶骷髅
有微暖的风...","<pause:0/><c1e:0/>水晶制成的骷髅
温暖的风... || <pause:0/><c1e:0/>水晶头骨
有温暖的风... || <pause:0/><c1e:0/>水晶骷髅
散发暖风"
dup:dcec06b16f52,<pause:0/><c1e:0/>可爱？,<pause:0/><c1e:0/>可怜？
dup:d4c6c4b6f333,<pause:0/><c1e:0/>不知道,<pause:0/><c1e:0/>未知
dup:4a3cf93bf6b0,<pause:0/><c1e:0/>青春的欢欣与悲伤？,<pause:0/><c1e:0/>青春之喜与悲？ || <pause:0/><c1e:0/>青春悲欢？ || <pause:0/><c1e:0/>青春的喜与悲？
dup:bbb5b4015256,<pause:0/><c1e:0/>隐约的喜悦？,<pause:0/><c1e:0/>微小的喜悦？ || <pause:0/><c1e:0/>微悦？ || <pause:0/><c1e:0/>隐约之喜？
dup:d5d6bb6401c1,<pause:0/><c1e:0/>是什么？,<pause:0/><c1e:0/>什么呢？
dup:a2e0f21e2883,<pause:0/><c1e:0/>什么，是镀金的,<pause:0/><c1e:0/>什么啊，镀金的 || <pause:0/><c1e:0/>什么嘛，镀金的啊 || <pause:0/><c1e:0/>是镀金的啊
dup:dc2c98127417,<pause:0/><c1e:0/>这个也是假的？,<pause:0/><c1e:0/>这个也假？
dup:8fae5f9630c9,<pause:0/><c1e:0/>啊，这是真货,<pause:0/><c1e:0/>啊，这是真的
dup:c1e4e79a4378,"<pause:0/><c1e:0/>这个也是真货...
不，只是镀层厚","<pause:0/><c1e:0/>这个也是真的……
不，只是镀层厚 || <pause:0/><c1e:0/>这个也真...
不，镀层厚而已 || <pause:0/><c1e:0/>这个也真货…
不，镀层厚而已"
dup:4e029120e5e5,<pause:0/><c1e:0/>真是谜,<pause:0/><c1e:0/>确实是个谜 || <pause:0/><c1e:0/>确是个谜
dup:03a335d67987,<pause:0/><c1e:0/>健康第一 少吸为妙,<pause:0/><c1e:0/>为健康勿吸烟过度 || <pause:0/><c1e:0/>为健康勿吸过度 || <pause:0/><c1e:0/>为健康请勿过量吸烟
dup:7996686bab8f,"<pause:0/><c1e:0/>炎上预告卡
名副其实","<pause:0/><c1e:0/>火灾预告卡
名副其实 || <pause:0/><c1e:0/>预示火灾的卡
名副其实"
dup:67f33cc1cbbf,<pause:0/><c1e:0/>炎上预告卡·通,<pause:0/><c1e:0/>火灾预告卡·通 || <pause:0/><c1e:0/>火灾预告卡通 || <pause:0/><c1e:0/>预示火灾的卡通
dup:9d1daeaad309,<pause:0/><c1e:0/>炎上预告卡SUN,<pause:0/><c1e:0/>火灾预告卡SUN || <pause:0/><c1e:0/>预示火灾的卡SUN
dup:b9b5b7074e75,<pause:0/><c1e:0/>今日起 你也是红鹰,<pause:0/><c1e:0/>今日起你也是红鹰
dup:2f661da79518,<pause:0/><c1e:0/>今日起 你也是黄猫头鹰,<pause:0/><c1e:0/>今日起你也是黄猫头鹰 || <pause:0/><c1e:0/>今日起你也是黄鸮
dup:6a6e1d6d203f,<pause:0/><c1e:0/>今日起 你也是粉红阿萨斯,<pause:0/><c1e:0/>今日起你也是粉红阿撒斯 || <pause:0/><c1e:0/>今日起你也是粉红阿萨斯 || <pause:0/><c1e:0/>今日起你也是粉红鹫
dup:a107bed06264,<pause:0/><c1e:0/>今日起 你也是蓝天鹅,<pause:0/><c1e:0/>今日起你也是蓝天鹅
dup:16d88a89e5a1,<pause:0/><c1e:0/>软饭,<pause:0/><c1e:0/>小白脸
dup:87bd3c90d7a9,<pause:0/><c1e:0/>已过期,<pause:0/><c1e:0/>保质期过了啊 || <pause:0/><c1e:0/>喂，保质期过了 || <pause:0/><c1e:0/>已过期了哦
dup:35a5b2b07c26,<pause:0/><c1e:0/>此物存在之谜,<pause:0/><c1e:0/>为何有此物是个谜 || <pause:0/><c1e:0/>为何有这东西真谜 || <pause:0/><c1e:0/>此物为何存在是个谜
dup:5d31e05aba3b,<pause:0/><c1e:0/>请勿戴头上,<pause:0/><c1e:0/>别戴头上 || <pause:0/><c1e:0/>别戴头上哦 || <pause:0/><c1e:0/>注意别戴头上
dup:ab45fb0bf664,<pause:0/><c1e:0/>巨大,<pause:0/><c1e:0/>好大
dup:9760ccdae8fc,<pause:0/><c1e:0/>中○考寒博士,<pause:0/><c1e:0/>中○博士考寒
dup:6b30928022d1,<pause:0/><c1e:0/>意外珍品,<pause:0/><c1e:0/>不经意成珍品 || <pause:0/><c1e:0/>不经意间成珍品
dup:c2965c59358d,<pause:0/><c1e:0/>的哥帽子<SURNAME/>By富永,<pause:0/><c1e:0/>出租车司机帽<SURNAME/>By富永 || <pause:0/><c1e:0/>出租车司机帽<SURNAME/>by富永 || <pause:0/><c1e:0/>出租车帽<SURNAME/>By富永
dup:ef896b61210a,<pause:0/><c1e:0/>海潮香,<pause:0/><c1e:0/>海潮香气 || <pause:0/><c1e:0/>潮之香
dup:2da4007378f4,<pause:0/><c1e:0/>我才想问,<pause:0/><c1e:0/>这边才想问呢 || <pause:0/><c1e:0/>问这个
dup:da490e124af6,<pause:0/><c1e:0/>意外地不可爱,<pause:0/><c1e:0/>意外不可爱
dup:a14e888879f3,\n<SURNAME/>传奇女演员，吉川小百合的日历。 \n<SURNAME/>仔细一看，居然是30年前的东西了!! \n<SURNAME/>不知为何，嘴唇部分湿漉漉的…,"
<SURNAME/>传奇女演员吉川小百合的海报。
<SURNAME/>嘴唇部分，不知为何泡涨了… || <SURNAME/>传奇女演员，吉川小百合的海报。 <SURNAME/>不知为何，嘴唇部分湿漉漉的…"
dup:66f8a4ed4720,\n<SURNAME/>传奇女演员，吉川小百合的日历。 \n<SURNAME/>仔细一看，居然是30年前的东西了!! \n<SURNAME/>不知为何，嘴唇部分湿漉漉的…,"
<SURNAME/>传奇女演员吉川小百合的日历。
<SURNAME/>仔细一看，是30年前的东西!!
<SURNAME/>嘴唇部分，不知为何泡涨了… || <SURNAME/>传奇女演员，吉川小百合的日历。 <SURNAME/>仔细一看，居然是30年前的东西了!! <SURNAME/>不知为何，嘴唇部分湿漉漉的…"
dup:938a0aec2cf3,\n<SURNAME/>箱子里，不知为何放着粗绳和蜡烛… \n<SURNAME/>但愿只是应急用的…,"
<SURNAME/>里面，不知为何有粗绳和蜡烛…
<SURNAME/>想当作是紧急用的… || <SURNAME/>箱子里，不知为何放着粗绳和蜡烛… <SURNAME/>但愿只是应急用的…"
dup:d545d5431a6f,\n<SURNAME/>旧电视机。<pause:30/>\n<SURNAME/>调频还是旋钮式的。,"
<SURNAME/>旧电视。<pause:30/>
<SURNAME/>频道还是转盘式的。 || <SURNAME/>旧电视机。<pause:30/> <SURNAME/>调频还是旋钮式的。"
dup:bfccd7047483,\n<SURNAME/>在成堆的吉川小百合的写真照里头……<pause:60/>\n<SURNAME/>竟还夹杂着一张吉川小百合的剪报……,"
<SURNAME/>在吉川小百合的照片中混着…<pause:60/>
<SURNAME/>有吉川小百合的剪报… || \n<SURNAME/>在吉川小百合的照片中…<pause:60/>\n<SURNAME/>找到了混在其中的小百合的剪报…"
dup:d3038e4e87e6,\n<SURNAME/>放着保鲜膜包好的菜肴。,"
<SURNAME/>里面有保鲜膜包着的小菜。 || <SURNAME/>放着保鲜膜包好的菜肴。"
dup:96f3eae6a8d4,<SURNAME/>里面什么也没有。,"
<SURNAME/>什么也没有。 || 
<SURNAME/>里面什么都没有。"
dup:2345251c11f4,\n<SURNAME/>放着被褥。,"
<SURNAME/>放着被褥。"
dup:704f7a561c33,\n<SURNAME/>这个浮雕…<pause:30/>\n<SURNAME/>是在表示4个神殿的事吧？\n<SURNAME/>是什么呢…顺序…平衡…？\n,"
<SURNAME/>这个浮雕…<pause:30/>
<SURNAME/>是在表现四个神殿的事吧？
<SURNAME/>是什么呢…顺序…平衡…？
 || 
<SURNAME/>这个浮雕…<pause:30/>
<SURNAME/>是在表示4个神殿的事吧？
<SURNAME/>是什么呢…顺序…平衡…？
"
dup:fa8bb28fd6fc,\n<SURNAME/>地水火风…四大元素。<pause:30/>\n<SURNAME/>地是金牛…水是天蝎…火是狮子…风是水瓶…\n,"
<SURNAME/>地水火风…四大元素。<pause:30/>
<SURNAME/>地是金牛…水是天蝎…火是狮子…风是水瓶…
"
dup:40bae0cc34f1,\n<SURNAME/>这个浮雕，\n<SURNAME/>是在指示每个元素，\n<SURNAME/>与其他元素的关系。\n,"
<SURNAME/>这个浮雕，
<SURNAME/>是在指示每个元素，
<SURNAME/>与其他元素的关系。
"
dup:dfef5f1e2f4e,\n<SURNAME/>原来如此…<pause:30/>\n<SURNAME/>大致明白了。\n,"
<SURNAME/>原来如此…<pause:30/>
<SURNAME/>大致明白了。
"
dup:7d8fbd74801e,\n<SURNAME/>按刚才的例子，从神殿移走火之骷髅，\n<SURNAME/>水就因失去支配对象而变弱，\n<SURNAME/>风则因不再被支配而变强\n,"
<SURNAME/>按刚才的例子，从神殿移走火之骷髅，
<SURNAME/>水就因失去支配对象而变弱，
<SURNAME/>风则因不再被支配而变强
"
dup:f4396866c496,\n<SURNAME/>要说这和什么相关的话，\n<SURNAME/>大概和每座神殿的结构，\n<SURNAME/>或是恶魔的强度有关吧…我是这么想的。\n,"
<SURNAME/>要说这和什么相关的话，
<SURNAME/>大概和每座神殿的结构，
<SURNAME/>或是恶魔的强度有关吧…我是这么想的。
"
dup:647d24aa07b7,\n<SURNAME/>好了…<pause:30/>\n<SURNAME/>哭也好笑也好，只剩最后一个了。\n<SURNAME/>打起精神出发吧！！\n,"
<SURNAME/>好了…<pause:30/>
<SURNAME/>哭也好笑也好，只剩最后一个了。
<SURNAME/>打起精神出发吧！！
"
dup:a44facd42d0d,\n<SURNAME/>这是你们与自己的战斗…<pause:30/>\n<SURNAME/>最终能战胜自我的，\n<SURNAME/>是你们自己的心啊。\n,"
<SURNAME/>这是你们与自己的战斗…<pause:30/>
<SURNAME/>最终能战胜自我的，
<SURNAME/>是你们自己的心啊。
"
dup:6fffd00e0d22,\n<SURNAME/>象征大十字的四个星座，\n<SURNAME/>分别被分配了\n<SURNAME/>地水火风四大元素…\n,\n<SURNAME/>象征大十字的四个星座，\n<SURNAME/>分别被赋予了\n<SURNAME/>地水火风四大元素…\n
dup:69309532330f,\n<SURNAME/>由地水火风四大元素，世界平衡得以保持，\n<SURNAME/>各元素间存在强弱关系…<pause:30/>\n<SURNAME/>是以前听父亲说的，神秘哲学的思想。\n,"
<SURNAME/>由地水火风四大元素，世界平衡得以保持，
<SURNAME/>各元素间存在强弱关系…<pause:30/>
<SURNAME/>是以前听父亲说的，神秘哲学的思想。
"
dup:6d2bc8393628,\n<SURNAME/>父亲…?\n<SURNAME/>是啊…<pause:30/>\n<SURNAME/>是父亲…\n,"
<SURNAME/>父亲…?
<SURNAME/>是啊…<pause:30/>
<SURNAME/>是父亲…
 || \n<SURNAME/>父亲…？\n<SURNAME/>是啊…<pause:30/>\n<SURNAME/>是父亲…\n"
dup:99ce7f1532bf,\n<SURNAME/>为了那些孩子，\n<SURNAME/>我必须阻止父亲…<pause:30/>\n<SURNAME/>绝不能当一辈子傀儡!!\n,\n<SURNAME/>为了那些孩子们，\n<SURNAME/>我必须阻止父亲…<pause:30/>\n<SURNAME/>绝不能当一辈子傀儡!!\n
dup:648aacc0d877,\n<SURNAME/>还剩一个了…<pause:30/>\n<SURNAME/>还剩一个，除天之水晶骷髅外，\n<SURNAME/>所有骷髅就集齐了。\n,\n<SURNAME/>还剩一个了…<pause:30/>\n<SURNAME/>剩一个，除了天之水晶骷髅，\n<SURNAME/>所有骷髅就都集齐了。\n || \n<SURNAME/>还剩一个了…<pause:30/>\n<SURNAME/>还剩一个，除天之水晶骷髅外，\n<SURNAME/>所有的骷髅就都集齐了。\n
dup:e8aeb1bbca57,\n<SURNAME/>之后便是…<pause:30/>\n<SURNAME/>打倒父亲。\n,"
<SURNAME/>之后…<pause:30/>
<SURNAME/>就只剩打倒父亲了。
 || \n<SURNAME/>之后…<pause:30/>\n<SURNAME/>就只剩打倒父亲了。\n"
dup:3ca048539151,请选择要使用的魔法\n,"请选择要使用的魔法
"
dup:a411140ff785,巨蟹座,巨蟹
dup:cff0e17ee3ad,库存已满,无法再持有
dup:281f1a77e168,等级不足,召唤等级不足
dup:dee3ad39c90e,已持有该Persona,已存在相同Persona || 已有相同Persona || 相同的Persona已经存在
dup:363a98ddc0ca,相性不佳无法使用,相性差无法使用 || 相性差，无法使用
dup:c36ea6fd6e2b,装备中Persona无法卸下,已降魔Persona无法卸下 || 装备中的Persona无法卸下
dup:6a07c0420a11,无法删除装备中的Persona,已降魔Persona无法删除 || 装备中的Persona无法删除
dup:c7579ac0085f,无法变异装备中的Persona,已降魔Persona无法变异 || 装备中的Persona无法变异
dup:18e824331d6d,请选择种族,选择种族
dup:c4721479b316,请选择召唤的Persona,请选择召唤Persona || 请选择要召唤的Persona || 选择召唤的Persona
dup:0a0349420b3a,请选择要添加的卡片,请选择要添加卡片 || 选择要添加的卡片
dup:bb5f380a1f78,请选择要替换的Persona,请选择替换Persona || 选择替换的Persona
dup:e8a54fdadc6c,请选择要删除的Persona,请选择删除Persona || 选择删除的Persona
dup:2ca7faeb7292,确定删除吗?,确定删除吗？ || 确定要删除吗？ || 确认删除吗？
dup:c264bf3d8966,请选择要变异的Persona,请选择要重生的Persona || 请选择重生Persona || 选择要重生的Persona
dup:c6581517fe23,将变异为此Persona:○键确定,变异为此Persona:○键决定 || 变异为此Persona：○键确定 || 将变异为此Persona：○键确定
dup:c08577fb2e45,方向键左右选择数量 ○键确定,方向键左右选择数量 ○键决定
dup:0345aa8a48cb,将召唤的Persona:○键确定,召唤的Persona:○键决定 || 将召唤的Persona：○键确定 || 要召唤的Persona：○键确定
dup:001a13c042c6,没有自由塔罗牌,无自由塔罗牌
dup:e8c3937fc3ba,米诺陶洛斯,米诺陶
dup:a53ac4585cf0,"
<SURNAME/>悬赏就是抽选送东西那种。
<SURNAME/>应募的话有一定概率
<SURNAME/>能拿到物品。中了就幸运啦!","
<SURNAME/>悬赏啊，就是抽选
<SURNAME/>送东西的那种。报名的话，有一定概率
<SURNAME/>能获得物品。中奖了就幸运了！ || 
<SURNAME/>悬赏就是抽奖送东西的活动呀。
<SURNAME/>申请了就有机会拿道具。
<SURNAME/>中奖就算赚到啦！"
dup:344c0bc2188b,"
<SURNAME/>步骤是在佐富正商店买悬赏杂志。
<SURNAME/>把杂志交给我。我代替应募。
<SURNAME/>在丽莎家领取的感觉。","
<SURNAME/>步骤是，在里见正购买
<SURNAME/>悬赏杂志。把杂志交给我。我代替报名。
<SURNAME/>在丽莎酱家领取的感觉。 || 
<SURNAME/>步骤是：去里见书店买悬赏杂志。
<SURNAME/>把杂志交给我，我替你申请。
<SURNAME/>最后去丽莎家领奖～就这样。"
dup:34e38829a2f6,"
<SURNAME/>还有一次能应募最多99本份。
<SURNAME/>果然送得多更容易中哦。
<SURNAME/>我个人推荐每次挑战99本份!","
<SURNAME/>还有，一次能报名
<SURNAME/>最多99本份。果然，送得多
<SURNAME/>更容易中奖哦。我个人推荐每次挑战99本份！ || 
<SURNAME/>还有，单次最多申请99本。
<SURNAME/>多投才容易中奖呀。
<SURNAME/>我强烈推荐每次都投满99本！"
dup:fa83113e6ba8,"
<SURNAME/>来了啊…
<SURNAME/>今日有何贵干？","
<SURNAME/>来了啊…
<SURNAME/>今天什么事？ || 
<SURNAME/>来了啊…
<SURNAME/>今天有什么事？"
dup:2b9d3dd451b0,"
<SURNAME/>还有其他事吗？","
<SURNAME/>还有其他事吗? || 
<SURNAME/>还有其他事？"
dup:ffa2901f1fea,"
<SURNAME/>我们能做的只是操纵传闻。
<SURNAME/>剩下的就看你们了。
<SURNAME/>那么…再见。","
<SURNAME/>我们顶多操作下传闻。
<SURNAME/>之后看你们了。
<SURNAME/>那就…保重。"
dup:292beea44511,"
<SURNAME/>悬赏啊…
<SURNAME/>找环希应征就行。
<SURNAME/>去和她商量吧。","
<SURNAME/>悬赏啊…
<SURNAME/>报名的话，找环纪就行了吧。
<SURNAME/>去和她商量看看。 || 
<SURNAME/>悬赏啊…
<SURNAME/>报名的话，拜托玉木就行了吧。
<SURNAME/>去和她商量看看。"
dup:e4bd64bdc798,"
<SURNAME/>玛雅人的力量之源也是那种能量…<pause:30/>
<SURNAME/>水晶头骨是为了收集它，
<SURNAME/>他们投入人类历史的OOPARTS!
","
<SURNAME/>玛雅人的力量之源也是那种能量…<pause:30/>
<SURNAME/>水晶骷髅是为了收集它，
<SURNAME/>他们投入人类历史的超古代遗物!
"
dup:63568658003e,"
<SURNAME/>他察觉到了希巴尔巴的秘密!!
<SURNAME/>为了自己成为神的梦想，一定会采取行动!
","
<SURNAME/>他已经察觉到了希巴尔巴的秘密!!
<SURNAME/>为了自己成为神的梦想，他一定会行动!
"
dup:f307f82f4184,"
<SURNAME/>嗨嗨，欢迎光临，客人桑。
<SURNAME/>我是善良的留学生。这样卖自制的饰品，
<SURNAME/>赚生活费，很努力吧。","
<SURNAME/>嗨嗨，欢迎光临，客人。
<SURNAME/>我是善良的留学生。这样卖自制饰品，
<SURNAME/>赚点钱，很努力吧。"
dup:04563c522330,"
<SURNAME/>呵呵，我是西西里黑手党的走私贩子呢。
<SURNAME/>话说，西西里黑手党是什么？
<SURNAME/>不太懂但就是那样。买武器吗？","
<SURNAME/>呵呵，我是西西里黑手党的走私贩。
<SURNAME/>话说，西西里黑手党是啥?
<SURNAME/>不太懂但就是那样。买武器吗?"
dup:9927f0e267c4,"
<SURNAME/>Okay, okay。
<SURNAME/>还有其他什么事吗？","
<SURNAME/>Okay~Okay~
<SURNAME/>还有其他事吗?"
dup:d3d236362eef,"
<SURNAME/>要走了吗？
<SURNAME/>好寂寞啊。
<SURNAME/>所以下次再来哦。","
<SURNAME/>要走了吗?
<SURNAME/>好寂寞啊~
<SURNAME/>下次再来玩哦~"
dup:39e15ad126c0,"
<SURNAME/>还有什么事吗?","
<SURNAME/>还有事？"
dup:bf834d89cfea,"
<SURNAME/>赶紧滚。","
<SURNAME/>赶紧滚蛋。"
dup:a973e6760834,\n<SURNAME/>姐姐，城市在天上飞啊!\n<SURNAME/>这城市到底怎么了!?\n,"
<SURNAME/>姐姐，城市在天上飞啊!
<SURNAME/>这城市到底怎么了!?
"
dup:908b8be5fe01,\n<SURNAME/>而且…<pause:30/>\n<SURNAME/>我的爸爸妈妈都不见了…\n,"
<SURNAME/>而且…<pause:30/>
<SURNAME/>我的爸爸妈妈都不见了…
"
dup:f78016889075,\n<SURNAME/>仔细想想，\n<SURNAME/>爸爸妈妈之前明明还在的…<pause:30/>\n<SURNAME/>现在回家也只有我一个人…\n,"
<SURNAME/>仔细想想，
<SURNAME/>爸爸妈妈之前明明还在的…<pause:30/>
<SURNAME/>现在回家也只有我一个人…
"
dup:b985fe66ddc0,\n<SURNAME/>爸爸妈妈总是吵架。\n<SURNAME/>但即使这样…<pause:30/>他们也是我的爸爸妈妈!\n,"
<SURNAME/>爸爸妈妈总是吵架。
<SURNAME/>但即使这样…<pause:30/>他们也是我的爸爸妈妈!
"
dup:73ea2ed266e7,\n<SURNAME/>哥哥，姐姐!\n<SURNAME/>打倒坏人，\n<SURNAME/>把爸爸妈妈变回来吧!!\n,"
<SURNAME/>哥哥，姐姐!
<SURNAME/>打倒坏人，
<SURNAME/>把爸爸妈妈变回来吧!!
"
dup:86a83424cae3,\n<SURNAME/>呐，你们!\n<SURNAME/>长大想做什么，\n<SURNAME/>告诉姐姐们好不好?\n,"
<SURNAME/>呐，你们!
<SURNAME/>长大想做什么，
<SURNAME/>告诉姐姐们好不好?
"
dup:d4ffc39b1675,\n<SURNAME/>我绝对要当歌手!\n<SURNAME/>还上了舞蹈学校呢!\n,"
<SURNAME/>我绝对要当歌手!
<SURNAME/>还上了舞蹈学校呢!
"
dup:24f4b8796a5a,\n<SURNAME/>那个啊，这些哥哥们\n<SURNAME/>会教你们实现梦想的咒语哦!\n,"
<SURNAME/>那个啊，这些哥哥们
<SURNAME/>会教你们实现梦想的咒语哦!
"
dup:af1826b4b8f2,\n<SURNAME/>那个…<pause:30/>\n<SURNAME/>是叫Persona大人来着…\n,"
<SURNAME/>那个…<pause:30/>
<SURNAME/>是叫Persona大人来着…
"
dup:398c5a6fdc94,\n<SURNAME/>Persona大人，Persona大人，请降临吧。\n,"
<SURNAME/>Persona大人，Persona大人，请降临吧。
"
dup:fb8a9f41748d,"
<SURNAME/>那是什么花？
","
<SURNAME/>那是什么花?
"
dup:2366d52abfa4,\n<SURNAME/>是“希望”之花哦。\n,"
<SURNAME/>是“希望”之花哦。
"
dup:0dc98babc404,"
<SURNAME/>这也是传闻的错吗？<SURNAME/><pause:15/>传闻成真了，
<SURNAME/>那校长回来了吗？<pause:15/>
<SURNAME/>喂喂…真的假的…","
<SURNAME/>又是传闻搞的鬼?<SURNAME/><pause:15/>传闻成真，
<SURNAME/>那校长真回来了?<pause:15/>
<SURNAME/>喂喂…真的假的… || 
<SURNAME/>这也是传闻的错吗？<SURNAME/><pause:15/>传闻成真了，
<SURNAME/>那个校长回来了吗？<pause:15/>
<SURNAME/>喂喂…真的假的…"
dup:8d26192ed4f4,"
<SURNAME/>那校长装了加速装置吗？
<SURNAME/>之前战斗时的力量也还在啊…
<SURNAME/>靠，变成个不得了的校长了。","
<SURNAME/>那个校长，难道装了加速装置吗？
<SURNAME/>之前战斗时的力量也还留着的样子…
<SURNAME/>真是的，变成个不得了的校长了啊。 || 
<SURNAME/>那校长装了加速装置不成?
<SURNAME/>上次打架时的力量也还在…
<SURNAME/>靠，变成不得了的校长了啊。"
dup:85063391b4ec,"
<SURNAME/>般若校长…老师…<pause:15/>怎么回事？<pause:15/>
<SURNAME/>那倒下的最后营，
<SURNAME/>是般若校长干掉的吗？","
<SURNAME/>般若校长…老师…<pause:15/>怎么回事?<pause:15/>
<SURNAME/>那么那些倒下的Last Battalion、
<SURNAME/>是般若校长打倒的吗? || 
<SURNAME/>般若校长…老师…<pause:15/>怎么回事？<pause:15/>
<SURNAME/>那么那个倒下的Last Battalion，
<SURNAME/>是般若校长干掉的吗？"
dup:19f59f719879,"
<SURNAME/>啊咧？<pause:10/>
<SURNAME/>又是般若校长…","
<SURNAME/>咦?<pause:10/>
<SURNAME/>又是般若校长… || 
<SURNAME/>咦？<pause:10/>
<SURNAME/>又是般若校长…"
dup:4a4d7f5095ae,"
<SURNAME/>那位校长先生…<pause:15/>
<SURNAME/>总觉得变得超好的老师了…<pause:15/>
<SURNAME/>啊!<SURNAME/>该不会这也是传闻的错吧?","
<SURNAME/>那位校长…<pause:15/>
<SURNAME/>虽然变得像位好老师…<pause:15/>
<SURNAME/>啊!<SURNAME/>该不会又是传闻作祟?"
dup:bb89d1988f51,"
<SURNAME/>看，怪病事件解决时，在七姊妹里，
<SURNAME/>不是流传校长先生是英雄的传闻吗？<pause:15/>
<SURNAME/>那个变成现实了!","
<SURNAME/>看，怪病事件解决时，七姊妹里
<SURNAME/>不是流传校长是英雄的传闻吗?<pause:15/>
<SURNAME/>那个变成现实了!"
dup:e6724c8f28f7,"
<SURNAME/>这里也有校长先生!?<pause:15/>
<SURNAME/>明明刚才还在别的教室…<pause:15/>
<SURNAME/>什么时候被超过去的啊…","
<SURNAME/>这里也有校长!?<pause:15/>
<SURNAME/>可刚才还在别的教室…<pause:15/>
<SURNAME/>什么时候超过去的啊…"
dup:fc23efbd5846,"
<SURNAME/>哦哦，<c12/>啊。那时你的拳头，
<SURNAME/>深深震撼了我的心。<pause:15/>能这样回到这里
<SURNAME/>也是托你们的福。<pause:15/>容我再次道谢。","
<SURNAME/>哦，<c12/>啊。那时你的拳头，
<SURNAME/>深深震撼了我的心。<pause:15/>我能这样回来
<SURNAME/>也是托你们的福。<pause:15/>再次道谢。 || 
<SURNAME/>噢，<c12/>啊。你那一拳，
<SURNAME/>深深震撼了吾心。<pause:15/>能重返此地
<SURNAME/>也是托诸位的福。<pause:15/>容吾再次致谢。"
dup:f8ed28231fa1,"
<SURNAME/>大致情况也从学生那听说了。<pause:15/>
<SURNAME/>你们快去救冈村老师。<pause:15/>
<SURNAME/>别担心，这学园的和平由我来守护。","
<SURNAME/>大致情况也从学生那里听说了。<pause:15/>
<SURNAME/>你们快去救冈村老师。<pause:15/>
<SURNAME/>别担心。这个学园的和平由我来守护。 || 
<SURNAME/>大致情况已从学生处听闻。<pause:15/>
<SURNAME/>尔等速去救助冈村老师。<pause:15/>
<SURNAME/>无需担忧，学园和平由吾守护。"
dup:0e5fba418006,"
<SURNAME/>嗯？<SURNAME/><pause:8/>在干什么。<pause:10/>
<SURNAME/>学园的事别担心。
<SURNAME/>快去救冈村老师!","
<SURNAME/>嗯？<SURNAME/><pause:8/>在做什么。<pause:10/>
<SURNAME/>学园的事不用担心。
<SURNAME/>快去救冈村老师！ || 
<SURNAME/>嗯？<SURNAME/><pause:8/>在干什么。<pause:10/>
<SURNAME/>学园的事不用担心。
<SURNAME/>快去救冈村老师！"
dup:486e1d7d218c,天蝎座,天蝎
dup:b7bb4bab9165,\n<SURNAME/>咳! <SURNAME/>感觉这里好脏啊…<pause:30/>\n<SURNAME/>本大爷完美的发型要被弄脏了。\n,"
<SURNAME/>呃！
<SURNAME/>一股霉味啊…<pause:30/>
<SURNAME/>老子的完美发型要弄脏了。
"
dup:90d96fb40cc2,\n<SURNAME/>Mr.般若似乎也不在， \n<SURNAME/>还是赶紧把大钟砸了， \n<SURNAME/>然后跟这地方说再见吧。\n,"
<SURNAME/>般若校长也不在，
<SURNAME/>赶紧砸了大钟，
<SURNAME/>和这鬼地方拜拜吧。
"
dup:380c50ad4dae,"
<SURNAME/>刚才的感觉…<pause:30/>
<SURNAME/>到底是什么啊…？
","
<SURNAME/>那么，刚才那股感觉…<pause:30/>
<SURNAME/>到底是怎么回事呢…?
"
dup:1db1bbb591de,\n<SURNAME/>内、内、内裤番长! \n<SURNAME/>后后后、后面、后面后面啊!!\n,"
<SURNAME/>内、内裤番长！
<SURNAME/>呜哇，后面后面后面啊！！
"
dup:32d23a7b2628,"
<SURNAME/>……明明……
","
<SURNAME/>…告诉过…
"
dup:8aa73b2f9b99,"
<SURNAME/>……啊？
","
<SURNAME/>…诶?
"
dup:f5862da92b6f,"
<SURNAME/>…时间<pause:30/>…不能<pause:30/>…动…<pause:30/>
<SURNAME/>…明明那么<pause:30/>…说过…
","
<SURNAME/>…时间<pause:30/>…不可<pause:30/>…再动…<pause:30/>
<SURNAME/>…我已<pause:30/>…千叮万嘱…
"
dup:3664ec2afc9a,"
<SURNAME/>消失了…<pause:30/>
<SURNAME/>但刚才那人好像在哪…
","
<SURNAME/>消失了…<pause:30/>
<SURNAME/>不过，刚才那人好像在哪儿…
"
dup:9f77d9e3575a,"
<SURNAME/>…见过！！
","
<SURNAME/>…见过!!
"
dup:5f95a28cef72,"
<SURNAME/>哈哈哈哈！
<SURNAME/>
","
<SURNAME/>哈哈哈哈!
<SURNAME/>
"
dup:6f1f3a51dbf3,\n<SURNAME/>这声音是…般若!?\n<SURNAME/>在上面!\n,"
<SURNAME/>这声音…般若！？
<SURNAME/>在上面吗！
"
dup:bda9ab65833c,\n<SURNAME/>JOKER!!\n,"
<SURNAME/>小丑！！
"
dup:7b5428bee5e2,\n<SURNAME/>那就是…JOKER!?\n,"
<SURNAME/>…那是小丑！？
"
dup:53fb6e2759ab,\n<SURNAME/>般若校长!! \n<SURNAME/>果然你跟JOKER勾结上了!\n,"
<SURNAME/>般若校长!!
<SURNAME/>果然你和JOKER勾结在一起啊!
"
dup:371c726b88c5,\n<SURNAME/>纹章诅咒，还有大家变得不正常， \n<SURNAME/>都是你跟JOKER搞的鬼对吧!? \n<SURNAME/>给我老实交待!!\n,"
<SURNAME/>纹章诅咒也是、大家变得奇怪也是
<SURNAME/>都是你和JOKER联手造成的吧!?
<SURNAME/>快坦白啊!!
"
dup:de8e7c63798b,"
<SURNAME/>胡说什么、这个笨蛋!!
<SURNAME/>「纹章诅咒」是学生们行为不端
<SURNAME/>招来的天罚!
","
<SURNAME/>你说什么呢，臭丫头!!
<SURNAME/>「纹章诅咒」乃是学生品行招致的
<SURNAME/>天罚!
"
dup:28f289fc24b0,\n<SURNAME/>你们这帮家伙，忘记了作为学生的本分 \n<SURNAME/>一天到晚浑浑噩噩， \n<SURNAME/>满脑子只想着异性和外表!\n,"
<SURNAME/>你们这些家伙、忘了学生本分
<SURNAME/>过着懒散日子
<SURNAME/>关心的只有异性和外表!
"
dup:6ee7cff6740a,\n<SURNAME/>这样的你们被诅咒了也是自作自受! \n<SURNAME/>不过呢，虽说是因为渣高学生的嫉妒而产生的传闻， \n<SURNAME/>我倒是没想到它真的会成真呢...\n,"
<SURNAME/>被诅咒也是自作自受!
<SURNAME/>不过、渣校生的嫉妒诞生的传闻
<SURNAME/>没想到会成真啊…
"
dup:a429a960dde1,\n<SURNAME/>但是，只要拜托JOKER大人， \n<SURNAME/>学生们的脸就能瞬间恢复如初。\n,"
<SURNAME/>但拜托JOKER大人
<SURNAME/>学生们的脸就能恢复原样。
"
dup:d1a95bbf7646,\n<SURNAME/>不仅如此，只要追随JOKER大人， \n<SURNAME/>就能拥有更有意义的人生!\n,"
<SURNAME/>不仅如此、服从JOKER大人
<SURNAME/>还能抓住更有意义的人生!
"
dup:c1f10068be4c,\n<SURNAME/>那你呢，你靠JOKER的力量 \n<SURNAME/>又得到了什么!?\n,"
<SURNAME/>那你用JOKER的力量
<SURNAME/>得到了什么啊!?
"
dup:638a756efd47,<SURNAME/>哈哈哈!<SURNAME/>你问我? <SURNAME/>我不仅成为了受学生爱戴的校长，还得到…<pause:30/> <SURNAME/>这一头浓密的头发!!,"
<SURNAME/>哈哈哈!<SURNAME/>我吗?
<SURNAME/>成为受学生爱戴的校长…<pause:30/>
<SURNAME/>还有这浓密的头发!!
"
dup:9e743a53da77,\n<SURNAME/>JOKER!! \n<SURNAME/>你的目的， \n<SURNAME/>不是对我们复仇吗!?\n,"
<SURNAME/>JOKER!!
<SURNAME/>你的目的
<SURNAME/>不是向我们复仇吗!?
"
dup:bf67ec00b4f4,\n<SURNAME/>实现这么个蠢老头的理想， \n<SURNAME/>到底有什么意义!?\n,"
<SURNAME/>实现那种笨蛋老爹的理想
<SURNAME/>到底有什么意义啊!?
"
dup:62d556ecf317,"
<SURNAME/>在天空中闪烁<SURNAME/>的昂星
<SURNAME/>当它时<SURNAME/>开始移动…
","
<SURNAME/>天空闪耀的<SURNAME/>昴之星，
<SURNAME/>唤动了<SURNAME/>停滞的时间…
"
dup:7a7a829c6925,"
<SURNAME/>我的目的、不止是复仇。
","
<SURNAME/>我的目的，不仅仅是复仇。
"
dup:e43c89300dd8,\n<SURNAME/>这是身为「赐予者」的我， \n<SURNAME/>与身为「祈求者」的你…<pause:30/>\n<SURNAME/><c12/><SURNAME/><c13/>之间，赌上梦想的战斗!\n,"
<SURNAME/>这是作为给予者的我
<SURNAME/>与作为接受者的你…<pause:30/>
<SURNAME/><c12/><SURNAME/><c13/>以梦为赌注的战斗!
"
dup:3c6b9879fa64,\n<SURNAME/>我绝不让你再次夺走我的梦现…<pause:30/>\n<SURNAME/>绝不让同样的错误再次重演!\n,"
<SURNAME/>绝不会再让你破坏梦想…<pause:30/>
<SURNAME/>绝不会再让错误重演!
"
dup:cd5a306c84a9,"
<SURNAME/>那孩子、在哭…?
","
<SURNAME/>那孩子，在哭…?
"
dup:47d1071ac456,\n<SURNAME/>时间已再度开始流动…<pause:30/>\n<SURNAME/>聆听这宣告梦想的钟声吧!,"
<SURNAME/>时间再次流动…<pause:30/>
<SURNAME/>倾听宣告梦想的钟声!
"
dup:1e6ffc3c4987,\n<SURNAME/>可恶!!\n<SURNAME/>怎么能逃跑呢！\n,"
<SURNAME/>可恶!!
<SURNAME/>别想逃啊!
 || \n<SURNAME/>可恶!! \n<SURNAME/>别想逃!\n"
dup:477c3420c808,\n<SURNAME/>嘿，那边那几个! \n<SURNAME/>我要训导你们呀!!\n,"
<SURNAME/>喂、那边!
<SURNAME/>指导哦!!
"
dup:eeba1b8f1deb,\n<SURNAME/>滚啊! \n<SURNAME/>别挡道!!\n,"
<SURNAME/>啊!
<SURNAME/>别碍事!!
"
dup:e224df3430fe,\n<SURNAME/>来吧，臭小子们! \n<SURNAME/>此处就是你们的训导室! \n<SURNAME/>假面党，万岁!!\n,"
<SURNAME/>来吧、这些笨蛋!
<SURNAME/>这里是你们的指导室!
<SURNAME/>来吧!!
"
dup:822c82ae88ad,"
<SURNAME/>What?<NAME/><NAME/>怎么了、everybody?
<SURNAME/>我脸上有什么吗…
","
<SURNAME/>What?<NAME/><NAME/>怎么了，everybody?
<SURNAME/>本大爷脸上沾了什么…
"
dup:b92d71dca3b1,"
<SURNAME/>黄金手指〜!!<pause:30/>
<SURNAME/>欢迎来到富永按摩院。
<SURNAME/>我就是拥有黄金之指的男人，Mr.富。","
<SURNAME/>黄金手指〜!!<pause:30/>
<SURNAME/>欢迎来到富永按摩院。
<SURNAME/>我是拥有黄金之指的男人，Mr.富。"
dup:d307dc7cbd3f,"
<SURNAME/>嗯？<SURNAME/>不过大家看起来都很健康啊。<pause:15/>
<SURNAME/>过犹不及。<pause:10/>
<SURNAME/>应该不需要治疗吧。","
<SURNAME/>嗯?<SURNAME/>不过大家都很健康啊。<pause:15/>
<SURNAME/>过犹不及。<pause:10/>
<SURNAME/>不需要治疗吧。"
dup:f11770f02957,"
<SURNAME/>哦，这太糟糕了。<pause:10/>脊椎明显歪了。<pause:10/>
<SURNAME/>确实需要矫正啊。<pause:15/>
<SURNAME/>顺便说一下，治疗费大概1200日元…","
<SURNAME/>哦，这很严重。<pause:10/>脊椎明显歪了。<pause:10/>
<SURNAME/>确实需要矫正啊。<pause:15/>
<SURNAME/>顺便说，治疗费大约1200日元…"
dup:f326a6a2c6cf,"
<SURNAME/>嗯？<SURNAME/>不是刚治疗过吗？
<SURNAME/>大家都健康得很。<pause:10/>
<SURNAME/>不需要治疗吧。","
<SURNAME/>嗯?<SURNAME/>不是刚治疗过吗。
<SURNAME/>全员都很健康。<pause:10/>
<SURNAME/>不需要治疗吧。"
dup:b9916c1635f7,"
<SURNAME/>什么…<pause:10/>
<SURNAME/>要是让我的黄金手指来，
<SURNAME/>这种伤也能治好…<pause:15/>别勉强啊。","
<SURNAME/>什么…<pause:10/>
<SURNAME/>如果交给黄金手指，
<SURNAME/>那伤也能治好…<pause:15/>别勉强啊。"
dup:c9de923a3e09,"
<SURNAME/>明白了。<pause:10/>那么…用魔术做个记号…<pause:15/>
<SURNAME/>上吧!!<SURNAME/><pause:10/>传家宝刀!!<pause:10/>
<SURNAME/>黄金手指啊啊啊!!!","
<SURNAME/>明白了。<pause:10/>那么…用魔法做个标记…<pause:15/>
<SURNAME/>来了!!<SURNAME/><pause:10/>传家宝刀!!<pause:10/>
<SURNAME/>黄金手指啊啊啊!!!"
dup:33aab3f83217,"
<SURNAME/>唔唔唔唔!!<pause:10/>
<SURNAME/>可惜啊，钱好像不够呢。<pause:15/>
<SURNAME/>这样可治不了病。","
<SURNAME/>唔唔唔唔!!<pause:10/>
<SURNAME/>可惜钱不够啊。<pause:15/>
<SURNAME/>这样没法治疗。"
dup:de3b6b8e4a39,"
<SURNAME/>累了的话再来吧。<pause:10/>
<SURNAME/>我的黄金手指没有治不好的病!<pause:15/>
<SURNAME/>黄金手指〜!!","
<SURNAME/>累了就再来吧。<pause:10/>
<SURNAME/>我的黄金手指没有治不好的东西!<pause:15/>
<SURNAME/>黄金手指〜!!"
dup:20cab89eeb42,<c1c:13/><pause:0/><c1e:0/>神圣系无效,<c1c:13/><pause:0/><c1e:0/>使神圣丝无效 || <c1c:13/><pause:0/><c1e:0/>神圣属性无效
dup:f820f916df5d,<c1c:13/><pause:0/><c1e:0/>全攻击抗性,<c1c:13/><pause:0/><c1e:0/>全攻击耐性
dup:00722513d7ec,"<c1c:13/><pause:0/><c1e:0/>物理攻击抗性
魔法攻击弱点","<c1c:13/><pause:0/><c1e:0/>物攻抗性
魔攻弱点 || <c1c:13/><pause:0/><c1e:0/>物攻耐性
魔攻弱 || <c1c:13/><pause:0/><c1e:0/>物理耐性
魔法弱点"
dup:8c4247646b47,"<c1c:13/><pause:0/><c1e:0/>物理攻击无效
魔法攻击弱点","<c1c:13/><pause:0/><c1e:0/>物攻无效
魔攻弱 || <c1c:13/><pause:0/><c1e:0/>物攻无效
魔攻弱点 || <c1c:13/><pause:0/><c1e:0/>物理无效
魔法弱点"
dup:7d34b2814646,"<c1c:13/><pause:0/><c1e:0/>物理攻击反射
魔法攻击弱点","<c1c:13/><pause:0/><c1e:0/>物攻反射
魔攻弱 || <c1c:13/><pause:0/><c1e:0/>物攻反射
魔攻弱点 || <c1c:13/><pause:0/><c1e:0/>物理反射
魔法弱点"
dup:540fe7b129a7,<c1c:13/><pause:0/><c1e:0/>斩击/战技系无效,<c1c:13/><pause:0/><c1e:0/>剑击/战技属性无效 || <c1c:13/><pause:0/><c1e:0/>剑击/战技系无效
dup:2c8a8327fe39,<c1c:13/><pause:0/><c1e:0/>斩击/战技系反射,<c1c:13/><pause:0/><c1e:0/>剑击/战技属性反射 || <c1c:13/><pause:0/><c1e:0/>剑击/战技系反射
dup:15a257c45413,<c1c:13/><pause:0/><c1e:0/>射击/投掷系无效,<c1c:13/><pause:0/><c1e:0/>飞具/投具属性无效 || <c1c:13/><pause:0/><c1e:0/>飞具/投具系无效
dup:be72d8b2be30,<c1c:13/><pause:0/><c1e:0/>射击/投掷系反射,<c1c:13/><pause:0/><c1e:0/>飞具/投具属性反射 || <c1c:13/><pause:0/><c1e:0/>飞具/投具系反射
dup:c1df10e6c601,"<c1c:13/><pause:0/><c1e:0/>魔法攻击强
物理攻击弱","<c1c:13/><pause:0/><c1e:0/>魔攻抗性
物攻弱点 || <c1c:13/><pause:0/><c1e:0/>魔攻耐性
物攻弱 || <c1c:13/><pause:0/><c1e:0/>魔法攻击抗性
物理攻击弱点 || <c1c:13/><pause:0/><c1e:0/>魔法耐性
物理弱点"
dup:91cb6cddf26c,"<c1c:13/><pause:0/><c1e:0/>魔法攻击无效
物理攻击弱点","<c1c:13/><pause:0/><c1e:0/>魔攻无效
物攻弱 || <c1c:13/><pause:0/><c1e:0/>魔攻无效
物攻弱点 || <c1c:13/><pause:0/><c1e:0/>魔法无效
物理弱点"
dup:c90a68925acc,"<c1c:13/><pause:0/><c1e:0/>魔法攻击反射
物理攻击弱点","<c1c:13/><pause:0/><c1e:0/>魔攻反射
物攻弱 || <c1c:13/><pause:0/><c1e:0/>魔攻反射
物攻弱点 || <c1c:13/><pause:0/><c1e:0/>魔法反射
物理弱点"
dup:04afa8682ef2,"<c1c:13/><pause:0/><c1e:0/>火焰系抗性
水击系弱点","<c1c:13/><pause:0/><c1e:0/>火炎抗性
水击弱点 || <c1c:13/><pause:0/><c1e:0/>火炎耐性
水击弱 || <c1c:13/><pause:0/><c1e:0/>火炎耐性
水击弱点"
dup:eadcec663707,"<c1c:13/><pause:0/><c1e:0/>火焰系无效
水击系弱点","<c1c:13/><pause:0/><c1e:0/>火炎无效
水击弱 || <c1c:13/><pause:0/><c1e:0/>火炎无效
水击弱点"
dup:d9796dbb64e5,"<c1c:13/><pause:0/><c1e:0/>反射火炎
弱水击","<c1c:13/><pause:0/><c1e:0/>反射火属性
弱点：水 || <c1c:13/><pause:0/><c1e:0/>火炎反射
水击弱点"
dup:f0e948db78a9,"<c1c:13/><pause:0/><c1e:0/>吸收火炎
弱水击","<c1c:13/><pause:0/><c1e:0/>吸收火属性

弱点：水 || <c1c:13/><pause:0/><c1e:0/>火炎吸收
水击弱点"
dup:d92591083cdb,"<c1c:13/><pause:0/><c1e:0/>火炎/核热无效
弱水击","<c1c:13/><pause:0/><c1e:0/>火/核热无效

弱点：水 || <c1c:13/><pause:0/><c1e:0/>火炎/核热无效
水击弱点 || <c1c:13/><pause:0/><c1e:0/>火炎/核热系无效
水击弱点"
dup:c32f84a987b5,"<c1c:13/><pause:0/><c1e:0/>火炎无效<NAME/><NAME/>反射核热
弱水击","<c1c:13/><pause:0/><c1e:0/>火无效<NAME/><NAME/>核热反射

弱点：水 || <c1c:13/><pause:0/><c1e:0/>火炎无效<NAME/><NAME/>核热反射
水击弱点 || <c1c:13/><pause:0/><c1e:0/>火炎系无效<NAME/><NAME/>核热系反射
水击弱点"
dup:26c3edf0eb9e,"<c1c:13/><pause:0/><c1e:0/>火炎无效<NAME/><NAME/>吸收核热
弱水击","<c1c:13/><pause:0/><c1e:0/>火无效<NAME/><NAME/>核热吸收

弱点：水 || <c1c:13/><pause:0/><c1e:0/>火炎属性无效<NAME/><NAME/>核热属性吸收
水击属性弱点 || <c1c:13/><pause:0/><c1e:0/>火炎无效<NAME/><NAME/>核热吸收
水击弱点"
dup:cf4c5d34f5cc,"<c1c:13/><pause:0/><c1e:0/>耐水击
弱火炎","<c1c:13/><pause:0/><c1e:0/>水击属性抗性
火炎属性弱点 || <c1c:13/><pause:0/><c1e:0/>水击抗性
火炎弱点 || <c1c:13/><pause:0/><c1e:0/>耐水属性

弱点：火"
dup:85346a85ef96,"<c1c:13/><pause:0/><c1e:0/>水击无效
弱火炎","<c1c:13/><pause:0/><c1e:0/>水击属性无效
火炎属性弱点 || <c1c:13/><pause:0/><c1e:0/>水击无效
火炎弱点 || <c1c:13/><pause:0/><c1e:0/>水无效

弱点：火"
dup:d53408da679d,"<c1c:13/><pause:0/><c1e:0/>反射水击
弱火炎","<c1c:13/><pause:0/><c1e:0/>反射水属性

弱点：火 || <c1c:13/><pause:0/><c1e:0/>水击反射
火炎弱点 || <c1c:13/><pause:0/><c1e:0/>水击属性反射
火炎属性弱点"
dup:cdb65863e9d5,"<c1c:13/><pause:0/><c1e:0/>吸收水击
弱火炎","<c1c:13/><pause:0/><c1e:0/>吸收水属性

弱点：火 || <c1c:13/><pause:0/><c1e:0/>水击吸收
火炎弱点 || <c1c:13/><pause:0/><c1e:0/>水击属性吸收
火炎属性弱点"
dup:5917c41cc9aa,"<c1c:13/><pause:0/><c1e:0/>水击/冰结无效
弱火炎","<c1c:13/><pause:0/><c1e:0/>水/冰无效

弱点：火 || <c1c:13/><pause:0/><c1e:0/>水击/冰结属性无效
火炎属性弱点 || <c1c:13/><pause:0/><c1e:0/>水击/冰结无效
火炎弱点"
dup:e078b9612f09,"<c1c:13/><pause:0/><c1e:0/>水击无效<NAME/><NAME/>反射冰结
弱火炎","<c1c:13/><pause:0/><c1e:0/>水击属性无效<NAME/><NAME/>冰结属性反射
火炎属性弱点 || <c1c:13/><pause:0/><c1e:0/>水击无效<NAME/><NAME/>冰结反射
火炎弱点 || <c1c:13/><pause:0/><c1e:0/>水无效<NAME/><NAME/>冰反射

弱点：火"
dup:e2b299980723,"<c1c:13/><pause:0/><c1e:0/>水击无效<NAME/><NAME/>吸收冰结
弱火炎","<c1c:13/><pause:0/><c1e:0/>水击属性无效<NAME/><NAME/>冰结属性吸收
火炎属性弱点 || <c1c:13/><pause:0/><c1e:0/>水击无效<NAME/><NAME/>冰结吸收
火炎弱点 || <c1c:13/><pause:0/><c1e:0/>水无效<NAME/><NAME/>冰吸收

弱点：火"
dup:5ee2137e5c93,"<c1c:13/><pause:0/><c1e:0/>耐疾风
弱地变","<c1c:13/><pause:0/><c1e:0/>疾风属性抗性
地变属性弱点 || <c1c:13/><pause:0/><c1e:0/>疾风强
地变弱 || <c1c:13/><pause:0/><c1e:0/>耐风属性

弱点：地"
dup:fb0d074473cb,"<c1c:13/><pause:0/><c1e:0/>疾风无效
弱地变","<c1c:13/><pause:0/><c1e:0/>疾风属性无效
地变属性弱点 || <c1c:13/><pause:0/><c1e:0/>疾风无效
地变弱 || <c1c:13/><pause:0/><c1e:0/>风无效

弱点：地"
dup:9cec0213643c,"<c1c:13/><pause:0/><c1e:0/>反射疾风
弱地变","<c1c:13/><pause:0/><c1e:0/>反射风属性

弱点：地 || <c1c:13/><pause:0/><c1e:0/>疾风反射
地变弱 || <c1c:13/><pause:0/><c1e:0/>疾风属性反射
地变属性弱点"
dup:8bbf52586256,"<c1c:13/><pause:0/><c1e:0/>吸收疾风
弱地变","<c1c:13/><pause:0/><c1e:0/>吸收风属性

弱点：地 || <c1c:13/><pause:0/><c1e:0/>疾风吸收
地变弱 || <c1c:13/><pause:0/><c1e:0/>疾风属性吸收
地变属性弱点"
dup:ffeb4cea94e0,"<c1c:13/><pause:0/><c1e:0/>疾风/电击无效
弱地变","<c1c:13/><pause:0/><c1e:0/>疾风/电击属性无效
地变属性弱点 || <c1c:13/><pause:0/><c1e:0/>疾风/电击无效
地变弱 || <c1c:13/><pause:0/><c1e:0/>风/电无效

弱点：地"
dup:6ee8277ae57b,"<c1c:13/><pause:0/><c1e:0/>疾风无效<NAME/><NAME/>反射电击
弱地变","<c1c:13/><pause:0/><c1e:0/>疾风属性无效<NAME/><NAME/>电击属性反射
地变属性弱点 || <c1c:13/><pause:0/><c1e:0/>疾风无效<NAME/><NAME/>电击反射
地变弱 || <c1c:13/><pause:0/><c1e:0/>风无效<NAME/><NAME/>电反射

弱点：地"
dup:f3fa97dd1124,"<c1c:13/><pause:0/><c1e:0/>疾风无效<NAME/><NAME/>吸收电击
弱地变","<c1c:13/><pause:0/><c1e:0/>疾风属性无效<NAME/><NAME/>电击属性吸收
地变属性弱点 || <c1c:13/><pause:0/><c1e:0/>疾风无效<NAME/><NAME/>电击吸收
地变弱 || <c1c:13/><pause:0/><c1e:0/>风无效<NAME/><NAME/>电吸收

弱点：地"
dup:367218744e5b,"<c1c:13/><pause:0/><c1e:0/>耐地变
弱疾风","<c1c:13/><pause:0/><c1e:0/>地变属性抗性
疾风属性弱点 || <c1c:13/><pause:0/><c1e:0/>地变强
疾风弱 || <c1c:13/><pause:0/><c1e:0/>耐地属性

弱点：风"
dup:301292d0f2a9,"<c1c:13/><pause:0/><c1e:0/>地变无效
弱疾风","<c1c:13/><pause:0/><c1e:0/>地变属性无效
疾风属性弱点 || <c1c:13/><pause:0/><c1e:0/>地变无效
疾风弱 || <c1c:13/><pause:0/><c1e:0/>地无效

弱点：风"
dup:af760c5ec1d4,"<c1c:13/><pause:0/><c1e:0/>反射地变
弱疾风","<c1c:13/><pause:0/><c1e:0/>反射地属性

弱点：风 || <c1c:13/><pause:0/><c1e:0/>地变反射
疾风弱 || <c1c:13/><pause:0/><c1e:0/>地变属性反射
疾风属性弱点"
dup:718c993c50b4,"<c1c:13/><pause:0/><c1e:0/>吸收地变
弱疾风","<c1c:13/><pause:0/><c1e:0/>吸收地属性

弱点：风 || <c1c:13/><pause:0/><c1e:0/>地变吸收
疾风弱 || <c1c:13/><pause:0/><c1e:0/>地变属性吸收
疾风属性弱点"
dup:d1be30771b93,"<c1c:13/><pause:0/><c1e:0/>地变无效<NAME/><NAME/>弱疾风
耐冰结/电击/核热","<c1c:13/><pause:0/><c1e:0/>地变属性无效<NAME/><NAME/>疾风属性弱点
冰结/电击/核热属性抗性 || <c1c:13/><pause:0/><c1e:0/>地变无效<NAME/><NAME/>疾风弱
冰结/电击/核热强 || <c1c:13/><pause:0/><c1e:0/>地无效<NAME/><NAME/>弱点：风

耐冰/电/核热"
dup:d2ba0ec47d07,"<c1c:13/><pause:0/><c1e:0/>地变无效<NAME/><NAME/>弱疾风
反射冰结/电击/核热","<c1c:13/><pause:0/><c1e:0/>地变属性无效<NAME/><NAME/>疾风属性弱点
冰结/电击/核热属性反射 || <c1c:13/><pause:0/><c1e:0/>地变无效<NAME/><NAME/>疾风弱
冰结/电击/核热反射 || <c1c:13/><pause:0/><c1e:0/>地无效<NAME/><NAME/>弱点：风

反射冰/电/核热"
dup:7ff34fed6ef6,"<c1c:13/><pause:0/><c1e:0/>地变无效<NAME/><NAME/>弱疾风
吸收冰结/电击/核热","<c1c:13/><pause:0/><c1e:0/>地变属性无效<NAME/><NAME/>疾风属性弱点
冰结/电击/核热属性吸收 || <c1c:13/><pause:0/><c1e:0/>地变无效<NAME/><NAME/>疾风弱
冰结/电击/核热吸收 || <c1c:13/><pause:0/><c1e:0/>地系无效<NAME/><NAME/>弱风系
吸收冰/电/核系"
dup:66c1c7b9c22c,"<c1c:13/><pause:0/><c1e:0/>神圣无效
弱暗黑","<c1c:13/><pause:0/><c1e:0/>圣系无效
弱暗系 || <c1c:13/><pause:0/><c1e:0/>神圣属性无效
暗黑属性弱点 || <c1c:13/><pause:0/><c1e:0/>神圣无效
暗黑弱"
dup:8a017d0326c7,"<c1c:13/><pause:0/><c1e:0/>反射神圣
弱暗黑","<c1c:13/><pause:0/><c1e:0/>反射圣系
弱暗系 || <c1c:13/><pause:0/><c1e:0/>神圣反射
暗黑弱 || <c1c:13/><pause:0/><c1e:0/>神圣属性反射
暗黑属性弱点"
dup:839c4c262a72,"<c1c:13/><pause:0/><c1e:0/>暗黑无效
弱神圣","<c1c:13/><pause:0/><c1e:0/>暗系无效
弱圣系 || <c1c:13/><pause:0/><c1e:0/>暗黑属性无效
神圣属性弱点 || <c1c:13/><pause:0/><c1e:0/>暗黑无效
神圣弱"
dup:7a7a2f3e6d11,"<c1c:13/><pause:0/><c1e:0/>反射暗黑
弱神圣","<c1c:13/><pause:0/><c1e:0/>反射暗系
弱圣系 || <c1c:13/><pause:0/><c1e:0/>暗黑反射
神圣弱 || <c1c:13/><pause:0/><c1e:0/>暗黑属性反射
神圣属性弱点"
dup:666b4b286c37,<c1c:13/><pause:0/><c1e:0/>神圣/暗黑无效,<c1c:13/><pause:0/><c1e:0/>圣/暗系无效 || <c1c:13/><pause:0/><c1e:0/>神圣/暗黑属性无效
dup:a45d13e120e2,<c1c:13/><pause:0/><c1e:0/>反射神圣/暗黑,<c1c:13/><pause:0/><c1e:0/>反射圣/暗系 || <c1c:13/><pause:0/><c1e:0/>神圣/暗黑反射 || <c1c:13/><pause:0/><c1e:0/>神圣/暗黑属性反射
dup:de8aa9516fe7,"<c1c:13/><pause:0/><c1e:0/>强火炎
神圣/暗黑无效","<c1c:13/><pause:0/><c1e:0/>抗火系
圣/暗系无效 || <c1c:13/><pause:0/><c1e:0/>火炎强
神圣/暗黑无效 || <c1c:13/><pause:0/><c1e:0/>火焰属性抗性
神圣/暗黑属性无效"
dup:ca88491f8e2b,"<c1c:13/><pause:0/><c1e:0/>强水击
神圣/暗黑无效","<c1c:13/><pause:0/><c1e:0/>冰结强
神圣/暗黑无效 || <c1c:13/><pause:0/><c1e:0/>抗水系
圣/暗系无效 || <c1c:13/><pause:0/><c1e:0/>水击属性抗性
神圣/暗黑属性无效"
dup:22abc27db01f,"<c1c:13/><pause:0/><c1e:0/>强疾风
神圣/暗黑无效","<c1c:13/><pause:0/><c1e:0/>抗风系
圣/暗系无效 || <c1c:13/><pause:0/><c1e:0/>疾风属性抗性
神圣/暗黑属性无效 || <c1c:13/><pause:0/><c1e:0/>疾风强
神圣/暗黑无效"
dup:2ff5966b1907,"<c1c:13/><pause:0/><c1e:0/>强地变
神圣/暗黑无效","<c1c:13/><pause:0/><c1e:0/>地变属性抗性
神圣/暗黑属性无效 || <c1c:13/><pause:0/><c1e:0/>地变强
神圣/暗黑无效 || <c1c:13/><pause:0/><c1e:0/>抗地系
圣/暗系无效"
dup:a6a0e83e44e1,<c1c:13/><pause:0/><c1e:0/>神经/精神无效,<c1c:13/><pause:0/><c1e:0/>神经/精神属性无效 || <c1c:13/><pause:0/><c1e:0/>神经/精神系无效
dup:fea5e61d10c8,<c1c:13/><pause:0/><c1e:0/>反射神经/精神,<c1c:13/><pause:0/><c1e:0/>反射神经/精神系 || <c1c:13/><pause:0/><c1e:0/>神经/精神属性反射 || <c1c:13/><pause:0/><c1e:0/>神经/精神系反射
dup:6d8a0b1ac94e,"<c1c:13/><pause:0/><c1e:0/>强剑击/战技
弱飞具/地变","<c1c:13/><pause:0/><c1e:0/>剑击/战技属性抗性
飞具/地变属性弱点 || <c1c:13/><pause:0/><c1e:0/>抗斩/战技系
弱射击/地系 || <c1c:13/><pause:0/><c1e:0/>斩击/战技系强
飞具/地变系弱"
dup:0800de147597,"<c1c:13/><pause:0/><c1e:0/>强剑击/战技/火炎
弱飞具/水击/地变","<c1c:13/><pause:0/><c1e:0/>剑击/战技/火焰抗性
飞具/水击/地变弱点 || <c1c:13/><pause:0/><c1e:0/>抗斩/战技/火系
弱射击/水/地系 || <c1c:13/><pause:0/><c1e:0/>斩击/战技/火炎系强
飞具/水击/地变系弱"
dup:f52d1e42b775,"<c1c:13/><pause:0/><c1e:0/>强剑击/战技/水击
弱飞具/火炎/地变","<c1c:13/><pause:0/><c1e:0/>剑击/战技/水击抗性
飞具/火焰/地变弱点 || <c1c:13/><pause:0/><c1e:0/>抗斩/战技/水系
弱射击/火/地系 || <c1c:13/><pause:0/><c1e:0/>斩击/战技/水击系强
飞具/火炎/地变系弱"
dup:42d1ab188ec0,"<c1c:13/><pause:0/><c1e:0/>强剑击/战技/疾风
弱飞具/地变","<c1c:13/><pause:0/><c1e:0/>剑击/战技/疾风抗性
飞具/地变属性弱点 || <c1c:13/><pause:0/><c1e:0/>抗斩/战技/风系
弱射击/地系 || <c1c:13/><pause:0/><c1e:0/>斩击/战技/疾风系强
飞具/地变系弱"
dup:35815cdffab6,"<c1c:13/><pause:0/><c1e:0/>强剑击/战技/暗黑
弱飞具/地变","<c1c:13/><pause:0/><c1e:0/>剑击/战技/暗黑抗性
飞具/地变属性弱点 || <c1c:13/><pause:0/><c1e:0/>抗斩/战技/暗系
弱射击/地系 || <c1c:13/><pause:0/><c1e:0/>斩击/战技/暗黑系强
飞具/地变系弱"
dup:9ac2fcbd1aa2,"<c1c:13/><pause:0/><c1e:0/>强冰结/电击/核热
弱打击/战技","<c1c:13/><pause:0/><c1e:0/>冰结/电击/核热抗性
打击/战技属性弱点 || <c1c:13/><pause:0/><c1e:0/>冰结/电击/核热系强
打击/战技系弱 || <c1c:13/><pause:0/><c1e:0/>抗冰/电/核系
弱打击/战技系"
dup:d9b239dcd113,"<c1c:13/><pause:0/><c1e:0/>稍强物理
弱神经/精神","<c1c:13/><pause:0/><c1e:0/>物攻稍强
弱神经/精神系 || <c1c:13/><pause:0/><c1e:0/>物理攻击稍强
神经/精神属性弱点 || <c1c:13/><pause:0/><c1e:0/>物理攻击较强
神经/精神系弱"
dup:84e7ee961cfe,"<c1c:13/><pause:0/><c1e:0/>强物理<NAME/><NAME/>暗黑无效
弱火炎/神圣","<c1c:13/><pause:0/><c1e:0/>物攻强<NAME/><NAME/>暗系无效
弱火/圣系 || <c1c:13/><pause:0/><c1e:0/>物理强<NAME/><NAME/>暗黑系无效
火炎/神圣系弱 || <c1c:13/><pause:0/><c1e:0/>物理抗性<NAME/><NAME/>暗黑无效
火焰/神圣属性弱点"
dup:21d00e79b909,"<c1c:13/><pause:0/><c1e:0/>剑击外物理无效
弱剑击/神圣","<c1c:13/><pause:0/><c1e:0/>斩击外物理攻击无效
斩击/神圣系弱 || <c1c:13/><pause:0/><c1e:0/>非剑击物理无效
剑击/神圣属性弱点 || <c1c:13/><pause:0/><c1e:0/>非斩击物攻无效
弱斩/圣系"
dup:c966a1b58c4c,"<c1c:13/><pause:0/><c1e:0/>强暗黑
弱神圣","<c1c:13/><pause:0/><c1e:0/>抗暗系
弱圣系 || <c1c:13/><pause:0/><c1e:0/>暗黑属性抗性
神圣属性弱点 || <c1c:13/><pause:0/><c1e:0/>暗黑系强
神圣系弱"
dup:0763be33b2d3,"<c1c:13/><pause:0/><c1e:0/>精神/神经无效
弱电击","<c1c:13/><pause:0/><c1e:0/>精神/神经无效
电击属性弱点 || <c1c:13/><pause:0/><c1e:0/>精神/神经系无效
弱电系 || <c1c:13/><pause:0/><c1e:0/>精神/神经系无效
电击弱"
dup:db73d44c44ea,"<c1c:13/><pause:0/><c1e:0/>投具/战技/神圣/暗黑/
精神/神经无效","<c1c:13/><pause:0/><c1e:0/>投具/战技/圣/暗/
精神/神经系无效 || <c1c:13/><pause:0/><c1e:0/>投具/战技/神圣/暗黑/
精神/神经属性无效 || <c1c:13/><pause:0/><c1e:0/>投具/战技/神圣/暗黑/
精神/神经系无效"
dup:9179405d5c27,"<c1c:13/><pause:0/><c1e:0/>神圣/暗黑/
<SURNAME/><SURNAME/><SURNAME/><SURNAME/><SURNAME/>精神/神经无效","<c1c:13/><pause:0/><c1e:0/>神圣/暗黑/
<SURNAME/><SURNAME/><SURNAME/><SURNAME/><SURNAME/>精神/神经系无效"
dup:c49b9ce096f1,<c1c:13/><pause:0/><c1e:0/>(保留),<c1c:13/><pause:0/><c1e:0/>(备用) || <c1c:13/><pause:0/><c1e:0/>(预留) || <c1c:13/><pause:0/><c1e:0/>（保留）
dup:305639b13fe8,"<c1c:13/><pause:0/><c1e:0/>火炎无效<NAME/><NAME/>核热强
水击弱","<c1c:13/><pause:0/><c1e:0/>火焰系无效<NAME/><NAME/>对核热系强
对水击系弱 || <c1c:13/><pause:0/><c1e:0/>火焰系无效<NAME/><NAME/>核热系强
水击系弱"
dup:d043cab830a2,"<c1c:13/><pause:0/><c1e:0/>神圣/暗黑/神经/精神
无效","<c1c:13/><pause:0/><c1e:0/>神圣/暗黑/神经/精神系
无效 || <c1c:13/><pause:0/><c1e:0/>神圣/暗黑/神经/精神系
无效化"
dup:39e2658beeaa,<c1c:13/><pause:0/><c1e:0/>暗黑无效,<c1c:13/><pause:0/><c1e:0/>暗黑系无效 || <c1c:13/><pause:0/><c1e:0/>暗黑系无效化
dup:27003a6c3a0c,"<c1c:13/><pause:0/><c1e:0/>神圣无效
易回复","<c1c:13/><pause:0/><c1e:0/>神圣系无效
回复易生效 || <c1c:13/><pause:0/><c1e:0/>神圣系无效化
易恢复"
dup:8d87861b182b,"<c1c:13/><pause:0/><c1e:0/>火炎反射<NAME/><NAME/>核热强
水击弱","<c1c:13/><pause:0/><c1e:0/>火焰系反射<NAME/><NAME/>对核热系强
对水击系弱 || <c1c:13/><pause:0/><c1e:0/>火焰系反射<NAME/><NAME/>核热系强
水击系弱"
dup:26e9904a4bb0,"<c1c:13/><pause:0/><c1e:0/>疾风反射<NAME/><NAME/>暗黑无效
电击弱","<c1c:13/><pause:0/><c1e:0/>疾风系反射<NAME/><NAME/>暗黑系无效
对电击系弱 || <c1c:13/><pause:0/><c1e:0/>疾风系反射<NAME/><NAME/>暗黑系无效
电击系弱"
dup:878502eb8bb7,"<c1c:13/><pause:0/><c1e:0/>火炎/神圣无效
水击/冰结/暗黑弱","<c1c:13/><pause:0/><c1e:0/>火焰/神圣系无效
水击/冰结/暗黑系弱 || <c1c:13/><pause:0/><c1e:0/>火焰/神圣系无效化
对水击/冰结/暗黑系弱"
dup:49803f3ab4c0,"<c1c:13/><pause:0/><c1e:0/>火炎/核热/神圣/暗黑无效
水击/冰结弱","<c1c:13/><pause:0/><c1e:0/>火焰/核热/神圣/暗黑无效
对水击/冰结系弱 || <c1c:13/><pause:0/><c1e:0/>火焰/核热/神圣/暗黑无效
水击/冰结系弱"
dup:68b62e9fce40,"<c1c:13/><pause:0/><c1e:0/>反射魔法
物理攻击弱","<c1c:13/><pause:0/><c1e:0/>反射魔法
对物理攻击弱 || <c1c:13/><pause:0/><c1e:0/>魔法反射
物理攻击弱"
dup:98427d1776f0,"<c1c:13/><pause:0/><c1e:0/>无效水击/神圣属性
弱点火焰/核热/暗黑属性","<c1c:13/><pause:0/><c1e:0/>无效水击/神圣
弱点火焰/核热/暗黑 || <c1c:13/><pause:0/><c1e:0/>水击/神圣系无效
火焰/核热/暗黑系弱 || <c1c:13/><pause:0/><c1e:0/>水击/神圣系无效化
对火焰/核热/暗黑系弱"
dup:810707dd5d5d,"<c1c:13/><pause:0/><c1e:0/>无效水击/神圣/暗黑属性
弱点火焰属性","<c1c:13/><pause:0/><c1e:0/>无效水击/神圣/暗黑
弱点火焰 || <c1c:13/><pause:0/><c1e:0/>水击/神圣/暗黑系无效
对火焰系弱 || <c1c:13/><pause:0/><c1e:0/>水击/神圣/暗黑系无效
火焰系弱"
dup:f32a3ad11ad0,"<c1c:13/><pause:0/><c1e:0/>无效地变/神圣属性
弱点疾风/冰结/暗黑属性","<c1c:13/><pause:0/><c1e:0/>地变/神圣系无效
疾风/冰结/暗黑系弱 || <c1c:13/><pause:0/><c1e:0/>地变/神圣系无效化
对疾风/冰结/暗黑系弱 || <c1c:13/><pause:0/><c1e:0/>无效地变/神圣
弱点疾风/冰结/暗黑"
dup:94224464ab4d,"<c1c:13/><pause:0/><c1e:0/>无效地变/神圣/暗黑属性
弱点疾风属性","<c1c:13/><pause:0/><c1e:0/>地变/神圣/暗黑系无效
对疾风系弱 || <c1c:13/><pause:0/><c1e:0/>地变/神圣/暗黑系无效
疾风系弱 || <c1c:13/><pause:0/><c1e:0/>无效地变/神圣/暗黑
弱点疾风"
dup:826c05f06f88,"<c1c:13/><pause:0/><c1e:0/>吸收火焰<NAME/><NAME/>无效核热/神圣
弱点水击/冰结属性","<c1c:13/><pause:0/><c1e:0/>吸收火焰<NAME/><NAME/>无效核热/神圣
弱点水击/冰结 || <c1c:13/><pause:0/><c1e:0/>火炎吸收<NAME/><NAME/>核热/神圣无效
水击/冰结系弱点 || <c1c:13/><pause:0/><c1e:0/>火焰吸收<NAME/><NAME/>核热/神圣无效
水击/冰结系弱"
dup:82111154c158,"<c1c:13/><pause:0/><c1e:0/>无效疾风/神圣/暗黑属性
弱点地变属性","<c1c:13/><pause:0/><c1e:0/>无效疾风/神圣/暗黑
弱点地变 || <c1c:13/><pause:0/><c1e:0/>疾风/神圣/暗黑系无效
地变系弱 || <c1c:13/><pause:0/><c1e:0/>疾风/神圣/暗黑系无效
地变系弱点"
dup:ece8b74c3615,"<c1c:13/><pause:0/><c1e:0/>Boss相性帮助
1234567890123","<c1c:13/><pause:0/><c1e:0/>BOSS相性帮助显示
1234567890123 || <c1c:13/><pause:0/><c1e:0/>BOSS相性帮助显示部分
1234567890123 || <c1c:13/><pause:0/><c1e:0/>Boss相性帮助显示
1234567890123 || <c1c:13/><pause:0/><c1e:0/>Boss相性帮助显示部分
1234567890123 || <c1c:13/><pause:0/><c1e:0/>ボス用の相性へルプ表示部分
1234567890123 || <c1c:13/><pause:0/><c1e:0/>用于首领的属性帮助显示部分
1234567890123"
dup:854c98d570e2,"
<SURNAME/>啊，那台其他客人在用。
<SURNAME/>不好意思，客人你用中间那台红色的行吗？求你了。","
<SURNAME/>啊，那个其他客人正在用呢。
<SURNAME/>不好意思，客人你能用中间那个
<SURNAME/>红色的吗?<SURNAME/>拜托了。"
dup:9e5262db1070,"
<SURNAME/>欢迎光临。<pause:15/>
<SURNAME/>话说，大白天就上网？
<SURNAME/>客人你可真闲啊？<SURNAME/>算了，无所谓。","
<SURNAME/>欢迎光临。<pause:15/>
<SURNAME/>话说，大白天就上网?
<SURNAME/>客人你挺闲的嘛?<SURNAME/>嘛无所谓啦。"
dup:327c081e0363,"
<SURNAME/>好啦…<pause:15/>
<SURNAME/>然后，还有啥事？","
<SURNAME/>嗯…<pause:15/>
<SURNAME/>然后，还有啥事吗?"
dup:398997e6f583,"
<SURNAME/>反正我也闲，下次再来吧。
<SURNAME/>不然我请你吃点东西。
<SURNAME/>不过开玩笑啦…那种事无所谓。","
<SURNAME/>总之我这也闲，再来玩啊。
<SURNAME/>要不行，我请你吃饭。
<SURNAME/>嘛开玩笑的…无所谓啦。"
dup:e73feb2ac1ea,"
<SURNAME/>看来你是头一回来啊。<pause:15/>我叫鲍芙。
<SURNAME/>是这个主页的管理员。","
<SURNAME/>似乎是生面孔啊。<pause:15/>我是帕乌夫。
<SURNAME/>这个HP(主页)的管理者。"
dup:df5e8240f860,"<c1d:11/>鲍芙
<SURNAME/>开设传闻主页、出没于网络的传闻屋。
<SURNAME/>其真实身份完全成谜，
<SURNAME/>似乎是为了某个目的在收集传闻。<c1d:1/>","<c1d:11/>帕乌夫
<SURNAME/>开设传闻主页，游走网络的传闻贩子。
<SURNAME/>真实身份成谜，
<SURNAME/>似乎为某个目的收集着传闻。<c1d:1/>"
dup:449e0094f149,"<c1d:11/>传闻屋鲍芙<c1d:1/>
<SURNAME/>你来这里，是想打听什么传闻？
<SURNAME/>还是说有料要爆？","<c1d:11/>传闻贩子帕乌夫<c1d:1/>
<SURNAME/>来此是想打听传闻？
<SURNAME/>还是手头有料？"
dup:7a409a5a03cf,"<c1d:11/>传闻屋鲍芙<c1d:1/>
<SURNAME/>嗯，哪种都欢迎…<pause:15/>
<SURNAME/>如果你手头有什么传闻的料，
<SURNAME/>要不要跟我手里的传闻料交换？","<c1d:11/>传闻贩子帕乌夫<c1d:1/>
<SURNAME/>嘛，两种都欢迎…<pause:15/>
<SURNAME/>若你有传闻素材，
<SURNAME/>要不要和我交换情报？"
dup:acf78a3a57a6,"<c1d:11/>传闻屋鲍芙<c1d:1/>
<SURNAME/>你对传闻感兴趣吧？<SURNAME/><pause:15/>我也是。<pause:15/>
<SURNAME/>有兴趣的话，就给我发情报。
<SURNAME/>期待有趣的消息。","<c1d:11/>传闻贩子帕乌夫<c1d:1/>
<SURNAME/>对传闻感兴趣吧？<SURNAME/><pause:15/>我也一样。<pause:15/>
<SURNAME/>有意的话就发情报来。
<SURNAME/>期待你的猛料。"
dup:29cd8a8fe1da,"
<SURNAME/>哟，又来啦。","
<SURNAME/>哟，又来了啊。"
dup:63250440ee25,"
<SURNAME/>知道了。
<SURNAME/>请输入要提供的情报。
<SURNAME/>输入后请直接等待。","
<SURNAME/>已受理。
<SURNAME/>请输入要提供的情报。
<SURNAME/>输入后请保持当前状态。"
dup:05aef59a21e2,"
<SURNAME/>数据，发送中。
<SURNAME/>…<pause:15/>…<pause:15/>…<pause:15/>…<pause:15/>…<pause:15/>…<pause:15/>
<SURNAME/>发送结束。","
<SURNAME/>数据发送中。
<SURNAME/>…<pause:15/>…<pause:15/>…<pause:15/>…<pause:15/>…<pause:15/>…<pause:15/>
<SURNAME/>发送完毕。"
dup:7f49e3ee623e,"
<SURNAME/>这样啊…渣校的荣吉不当番长了吗…
<SURNAME/>虽然是地方性话题但也罢。
<SURNAME/>给你这份情报。","
<SURNAME/>这样啊…渣校的荣吉金盆洗手不当老大了…
<SURNAME/>虽是地方性小料也凑合吧。
<SURNAME/>给，这是回礼的情报。"
dup:acd12447b7a5,"<c1d:11/>传闻屋帕乌夫<c1d:1/>
<SURNAME/>地点<SURNAME/><pause:15/><c1d:13/>青华区・克莱尔·德·吕讷<c1d:1/><pause:15/>
<SURNAME/>传闻<SURNAME/><SURNAME/><pause:15/><c1d:13/>似乎能买到真武器。<c1d:1/><pause:15/>
<SURNAME/>备注<pause:15/><SURNAME/><c1d:13/>商品齐全。回收价低廉。<c1d:1/>","<c1d:11/>传闻贩子帕乌夫<c1d:1/>
<SURNAME/>地点<SURNAME/><pause:15/><c1d:13/>青华区·月之水晶<c1d:1/><pause:15/>
<SURNAME/>传闻<SURNAME/><SURNAME/><pause:15/><c1d:13/>据说能买到真家伙。<c1d:1/><pause:15/>
<SURNAME/>备注<pause:15/><SURNAME/><c1d:13/>货品齐全。回收价低。<c1d:1/>"
dup:6497f56a50fa,"
<SURNAME/>那个佐佐木<SURNAME/>银次是假面党员…？
<SURNAME/>这个情报可靠吗？<SURNAME/>好，我这边也稍微
<SURNAME/>调查一下。那么，这是我的情报。","
<SURNAME/>那个佐佐木<SURNAME/>银次是假面党…?
<SURNAME/>情报可靠吗？<SURNAME/>行，我这边也
<SURNAME/>会去查证。给，交换情报。"
dup:6b21951f1ea0,"<c1d:11/>传闻屋帕奥夫<c1d:1/>
<SURNAME/>地点<pause:15/><SURNAME/><c1d:13/>港南区・乔利罗杰<c1d:1/><pause:15/>
<SURNAME/>传闻<pause:15/><SURNAME/><SURNAME/><c1d:13/>似乎能买到真武器。<c1d:1/><pause:15/>
<SURNAME/>备注<SURNAME/><pause:15/><c1d:13/>商品种类少。回收价格好。<c1d:1/>","<c1d:11/>传闻贩子帕乌夫<c1d:1/>
<SURNAME/>地点<pause:15/><SURNAME/><c1d:13/>港南区·快乐罗杰<c1d:1/><pause:15/>
<SURNAME/>传闻<pause:15/><SURNAME/><SURNAME/><c1d:13/>据说能买到真家伙。<c1d:1/><pause:15/>
<SURNAME/>备注<SURNAME/><pause:15/><c1d:13/>货品稀少。回收价高。<c1d:1/>"
dup:df9c776146fb,"
<SURNAME/>…。<pause:20/>嚯，渣校新头目
<SURNAME/>是原番长的小弟啊。<pause:15/>讽刺啊。<pause:15/>
<SURNAME/>给你这份情报。","
<SURNAME/>…。<pause:20/>哦，渣校的新头目是
<SURNAME/>番长以前的小弟啊。<pause:15/>真是讽刺。<pause:15/>
<SURNAME/>那么，给你这个情报吧。"
dup:10063bfc3a42,"<c1d:11/>传闻屋帕乌夫<c1d:1/>
<SURNAME/>地点<pause:15/><SURNAME/><c1d:13/>青华区・罗莎坎迪塔青华店<c1d:1/><pause:15/>
<SURNAME/>传闻<pause:15/><SURNAME/><SURNAME/><c1d:13/>似乎能买到真防具。<c1d:1/><pause:15/>
<SURNAME/>备注<pause:15/><SURNAME/><c1d:13/>价格低廉。品质低劣。<c1d:1/>","<c1d:11/>传闻屋Pao Fu<c1d:1/>
<SURNAME/>地点<pause:15/><SURNAME/><c1d:13/>青华区・Rosakandita青华店<c1d:1/><pause:15/>
<SURNAME/>传闻<pause:15/><SURNAME/><SURNAME/><c1d:13/>好像能买到真正的防具。<c1d:1/><pause:15/>
<SURNAME/>备注<pause:15/><SURNAME/><c1d:13/>价格便宜。品质差。<c1d:1/>"
dup:fb60cc487a5c,"
<SURNAME/>…。<pause:20/>侦探所的招财猫会说话?<pause:15/>
<SURNAME/>从哪搞来这种怪谈?<pause:15/>
<SURNAME/>也罢。给你情报。","
<SURNAME/>…。<pause:20/>侦探事务所的招财猫会说话？<pause:15/>
<SURNAME/>真是的，从哪儿搞来这种消息？<pause:15/>
<SURNAME/>算了，给你这个情报吧。"
dup:f882f0a64c60,"<c1d:11/>传闻屋帕乌夫<c1d:1/>
<SURNAME/>地点<pause:15/><SURNAME/><c1d:13/>港南区・伦敦屋<c1d:1/><pause:15/>
<SURNAME/>传闻<pause:15/><SURNAME/><SURNAME/><c1d:13/>似乎能买到真防具。<c1d:1/><pause:15/>
<SURNAME/>备注<pause:15/><SURNAME/><c1d:13/>品质价格都普通。<c1d:1/>","<c1d:11/>传闻屋Pao Fu<c1d:1/>
<SURNAME/>地点<pause:15/><SURNAME/><c1d:13/>港南区・伦敦屋(ロンドンヤ)<c1d:1/><pause:15/>
<SURNAME/>传闻<pause:15/><SURNAME/><SURNAME/><c1d:13/>好像能买到真正的防具。<c1d:1/><pause:15/>
<SURNAME/>备注<pause:15/><SURNAME/><c1d:13/>品质、价格都普通。<c1d:1/>"
dup:fef30baba225,"
<SURNAME/>抱歉，我掌握的情报就这些。
<SURNAME/>有新情报会再联系。
<SURNAME/>稍等片刻。","
<SURNAME/>抱歉，这就是我所有的情报了。
<SURNAME/>有新消息再联系。
<SURNAME/>请稍等。"
dup:b9cf2b99bd10,"
<SURNAME/>在双斜线酒吧吗?
<SURNAME/>有事时请再通过
<SURNAME/>那台电脑联系。","
<SURNAME/>在双斜线吗？
<SURNAME/>那么有需要时，
<SURNAME/>再从那个电脑联系我吧。"
dup:2b301fbbe9a3,"
<SURNAME/>七姊妹学园出现妖怪花子哦。
<SURNAME/>以前只听过传闻…<pause:15/>
<SURNAME/>嘿～原来真有啊。","
<SURNAME/>听说在七姊妹学园，妖怪花子会出现呢。
<SURNAME/>之前只是听说过传闻…<pause:15/>
<SURNAME/>嘿…真的存在啊。"
dup:5892dfd30c60,"
<SURNAME/>刚在网上看到，
<SURNAME/>平坂区的春日山高中有
<SURNAME/>叫怖美酱的妖怪呢。","
<SURNAME/>刚才在网上看到的信息，
<SURNAME/>在平坂区的春日山高中，
<SURNAME/>有个叫诡异酱的妖怪呢。"
dup:4bbef23f5535,"
<SURNAME/>网友告诉我，
<SURNAME/>青华公园会出现
<SURNAME/>过世偶像的幽灵。<pause:15/>去拍照吧。","
<SURNAME/>网上认识的孩子告诉我的，
<SURNAME/>在青华公园，有个以前死去的偶像的
<SURNAME/>幽灵会出现呢。<pause:15/>要不要去拍照呢。"
dup:1a8f809ebc98,"
<SURNAME/>知道诅咒出租车吗?<pause:15/>
<SURNAME/>夜里会撞死人的恐怖车哦。<pause:15/>
<SURNAME/>据说停在废弃工厂。","
<SURNAME/>嘿，你知道诅咒出租车吗？<pause:15/>
<SURNAME/>是辆一到晚上就去撞死人的可怕车子。<pause:15/>
<SURNAME/>那家伙好像停在废弃工厂里。"
dup:002598d191af,"
<SURNAME/>刚看到网上致歉声明。<pause:15/>
<SURNAME/>说废弃工厂里的不是诅咒出租车
<SURNAME/>而是诅咒个体出租车。","
<SURNAME/>刚才网上流出了更正道歉。<pause:15/>
<SURNAME/>说是废弃工厂里的不是诅咒出租车，
<SURNAME/>而是诅咒的私人出租车。"
dup:28a201f54645,"
<SURNAME/>刚看到网上说岩户山有
<SURNAME/>著名的裂口女。<pause:15/>假面党也是，
<SURNAME/>这城市啥都有呢。","
<SURNAME/>现在在网上看到的，
<SURNAME/>岩户山上有那个有名的裂口女在呢。<pause:15/>假面党也是，
<SURNAME/>真的，这个城市里什么都有呢。"
dup:893285e613a8,"
<SURNAME/>知道跳跃老头吗?
<SURNAME/>好像是妖怪，
<SURNAME/>就在蜗牛山上。","
<SURNAME/>你知道跳跃爷爷吗？
<SURNAME/>好像是个妖怪，说是在那个蜗牛山上
<SURNAME/>呢。"
dup:036e7c19aea0,"
<SURNAME/>是啊…被这么一说真可怕…<pause:15/>
<SURNAME/>咦?<SURNAME/><pause:10/>什么可怕?废话。<pause:15/>
<SURNAME/>哈啊，这种晦气事早点忘掉最好。","
<SURNAME/>是啊…被那么一说真可怕啊…<pause:15/>
<SURNAME/>嗯？<SURNAME/><pause:10/>说什么？就是刚才的事啊。<pause:15/>
<SURNAME/>哈啊，这种讨厌的话题，还是早点忘掉的好。"
dup:da2baeb2d289,"
<SURNAME/>呵呵，我对地下情报
<SURNAME/>也挺在行。听说在GIGA音像店
<SURNAME/>卖隐藏CD呢。","
<SURNAME/>呵呵呵，我其实对黑市货也挺着迷的。
<SURNAME/>听说在Giga Matchyo有卖一种叫隐藏CD的东西。
<SURNAME/>"
dup:26f4462cc176,"
<SURNAME/>里面有什么曲子呢…<pause:15/>
<SURNAME/>无论如何都得搞到手。","
<SURNAME/>里面是什么曲子呢…<pause:15/>
<SURNAME/>无论如何都得搞到手。"
dup:431dd103aed0,"
<SURNAME/>壁橱婆婆是什么东西？<SURNAME/><pause:15/>是那种妖怪
<SURNAME/>吗？<SURNAME/><pause:15/>我脑子里想象出
<SURNAME/>一个可怕的样子…<pause:15/>真想看看真身啊。","
<SURNAME/>箪笥婆是什么东西？<SURNAME/><pause:15/>是那种妖怪
<SURNAME/>吗？<SURNAME/><pause:15/>我脑子里
<SURNAME/>想象出一个可怕的样子…<pause:15/>真想看看真货啊。"
dup:6840f55e8002,"
<SURNAME/>网上在传，说在时间城这家
<SURNAME/>古董店里卖真武器。<SURNAME/>而且质量和价格都普通。","
<SURNAME/>网上流传说，在叫时间城的古董店
<SURNAME/>有卖真武器。
<SURNAME/>而且质量和价格都普通，据说。"
dup:01340b7f902d,"
<SURNAME/>网上在传，说在时间城这家
<SURNAME/>古董店里卖真武器。<SURNAME/>而且质量好但价格高。","
<SURNAME/>网上流传说，在叫时间城的古董店
<SURNAME/>有卖真武器。
<SURNAME/>而且质量好但贵，据说。"
dup:efbfad4825b3,"
<SURNAME/>网上在传，说在时间城这家
<SURNAME/>古董店里卖真武器。<SURNAME/>而且便宜但质量差。","
<SURNAME/>网上流传说，在叫时间城的古董店
<SURNAME/>有卖真武器。
<SURNAME/>而且便宜但质量差，据说。"
dup:271056e6fddc,"
<SURNAME/>托尼啊，就是那个骗子老外吧。
<SURNAME/>那人好像在偷偷卖武器。<SURNAME/>品种齐全但回收价很低。","
<SURNAME/>托尼啊，就是那个骗人的老外吧。
<SURNAME/>那个人，其实好像在搞武器走私什么的。
<SURNAME/>品种挺全，但回收价很低的样子。"
dup:caffa8567756,"
<SURNAME/>托尼啊，就是那个骗子老外吧。
<SURNAME/>那人好像在偷偷卖武器。<SURNAME/>便宜但质量差。","
<SURNAME/>托尼啊，就是那个骗人的老外吧。
<SURNAME/>那个人，其实好像在搞武器走私什么的。
<SURNAME/>便宜是便宜，但质量很差的样子。"
dup:d5cb96096cf9,"
<SURNAME/>托尼啊，就是那个骗子老外吧。
<SURNAME/>那人好像在偷偷卖武器。<SURNAME/>质量和价格都普通。","
<SURNAME/>托尼啊，就是那个骗人的老外吧。
<SURNAME/>那个人，其实好像在搞武器走私什么的。
<SURNAME/>质量和价格都一般般。"
dup:1cca96ef26a8,"
<SURNAME/>托尼啊，就是那个骗子老外吧。
<SURNAME/>那人好像在偷偷卖武器。<SURNAME/>质量好但价格高。","
<SURNAME/>托尼啊，就是那个骗人的老外吧。
<SURNAME/>那个人，其实好像在搞武器走私什么的。
<SURNAME/>质量不错，但价格很高。"
dup:9d3f03732a21,"
<SURNAME/>去青华区的克雷尔·德·吕讷，
<SURNAME/>好像能买到真武器。<pause:15/>
<SURNAME/>品种少但回收价很高。","
<SURNAME/>去青华区的克蕾尔·德·露恩的话，
<SURNAME/>好像能买到真武器。<pause:15/>
<SURNAME/>品种不多，但回收价挺高的样子。"
dup:51e2e85362dd,"
<SURNAME/>去青华区的克雷尔·德·吕讷，
<SURNAME/>好像能买到真武器。<pause:15/>
<SURNAME/>便宜但质量不好。","
<SURNAME/>去青华区的克蕾尔·德·露恩的话，
<SURNAME/>好像能买到真武器。<pause:15/>
<SURNAME/>便宜是便宜，但质量不怎么样。"
dup:5e79c0f8377c,"
<SURNAME/>去青华区的克雷尔·德·吕讷，
<SURNAME/>好像能买到真武器。<pause:15/>
<SURNAME/>质量好但价格高。","
<SURNAME/>去青华区的克蕾尔·德·露恩的话，
<SURNAME/>好像能买到真武器。<pause:15/>
<SURNAME/>质量好但价格高。"
dup:b420c4ebcbc5,"
<SURNAME/>去青华区的克雷尔·德·吕讷，
<SURNAME/>好像能买到真武器。<pause:15/>
<SURNAME/>品种齐全但回收价很低。","
<SURNAME/>去青华区的克蕾尔·德·露恩的话，
<SURNAME/>好像能买到真武器。<pause:15/>
<SURNAME/>品种齐全，但回收价很低。"
dup:d11049482b4b,"
<SURNAME/>去青华区的克雷尔·德·吕讷，
<SURNAME/>好像能买到真武器。<pause:15/>
<SURNAME/>质量和价格都普通。","
<SURNAME/>去青华区的克蕾尔·德·露恩的话，
<SURNAME/>好像能买到真武器。<pause:15/>
<SURNAME/>质量和价格都一般。"
dup:cf93760ecada,"
<SURNAME/>总觉得危险的情报好多啊。<pause:15/>刚才也
<SURNAME/>有情报说在乔利罗杰能买到武器。<pause:15/>
<SURNAME/>质量和价格都普通。","
<SURNAME/>危险的情报真多啊。<pause:15/>刚才也有传言说
<SURNAME/>在欢乐罗杰能买到武器。<pause:15/>质量价格都一般。"
dup:bdbe2618b86a,"
<SURNAME/>总觉得危险的情报好多啊。<pause:15/>刚才也
<SURNAME/>有情报说在乔利罗杰能买到武器。<pause:15/>
<SURNAME/>便宜但质量差。","
<SURNAME/>危险的情报真多啊。<pause:15/>刚才也有传言说
<SURNAME/>在欢乐罗杰能买到武器。<pause:15/>便宜但质量差。"
dup:75bf54ecfe69,"
<SURNAME/>总觉得危险的情报好多啊。<pause:15/>刚才也
<SURNAME/>有情报说在乔利罗杰能买到武器。<pause:15/>
<SURNAME/>商品种类好但回收便宜。","
<SURNAME/>危险的情报真多啊。<pause:15/>刚才也有传言说
<SURNAME/>在欢乐罗杰能买到武器。<pause:15/>品种齐全但折价低。"
dup:86674f9ab6b1,"
<SURNAME/>总觉得危险的情报好多啊。<pause:15/>刚才也
<SURNAME/>有情报说在乔利罗杰能买到武器。<pause:15/>
<SURNAME/>商品种类差但回收贵。","
<SURNAME/>危险的情报真多啊。<pause:15/>刚才也有传言说
<SURNAME/>在欢乐罗杰能买到武器。<pause:15/>品种少但折价高。"
dup:e901a22cbd7a,"
<SURNAME/>总觉得危险的情报好多啊。<pause:15/>刚才也
<SURNAME/>有情报说在乔利罗杰能买到武器。<pause:15/>
<SURNAME/>质量好但贵。","
<SURNAME/>危险的情报真多啊。<pause:15/>刚才也有传言说
<SURNAME/>在欢乐罗杰能买到武器。<pause:15/>质量好但贵。"
dup:6bb883275d81,"
<SURNAME/>莲华台的罗萨坎迪塔，
<SURNAME/>有传言在卖真防具。<pause:15/>
<SURNAME/>质量和价格都普通。","
<SURNAME/>在莲华台的罗莎·坎迪塔，
<SURNAME/>有传闻说在卖真防具。<pause:15/>
<SURNAME/>质量和价格都一般。"
dup:a7338a8b6e05,"
<SURNAME/>莲华台的罗萨坎迪塔，
<SURNAME/>有传言在卖真防具。<pause:15/>
<SURNAME/>便宜但质量不咋地。","
<SURNAME/>在莲华台的罗莎·坎迪塔，
<SURNAME/>有传闻说在卖真防具。<pause:15/>
<SURNAME/>便宜是便宜，但质量差强人意。"
dup:5abf7f22fc41,"
<SURNAME/>莲华台的罗萨坎迪塔，
<SURNAME/>有传言在卖真防具。<pause:15/>
<SURNAME/>质量好但价格高。","
<SURNAME/>在莲华台的罗莎·坎迪塔，
<SURNAME/>有传闻说在卖真防具。<pause:15/>
<SURNAME/>质量不错，但价格高。"
dup:34748fd2a964,"
<SURNAME/>没怎么见过防具流行的信息啊…<pause:15/>
<SURNAME/>听说在阿尼玛蒙迪卖防具。<SURNAME/>质量和价格都普通。","
<SURNAME/>没怎么见过防具流行的信息啊…<pause:15/>
<SURNAME/>好像在阿尼玛·蒙迪有卖防具。
<SURNAME/>质量和价格都一般。"
dup:6f8864d3f384,"
<SURNAME/>没怎么见过防具流行的信息啊…<pause:15/>
<SURNAME/>听说在阿尼玛蒙迪卖防具。<SURNAME/>便宜但质量不好。","
<SURNAME/>没怎么见过防具流行的信息啊…<pause:15/>
<SURNAME/>好像在阿尼玛·蒙迪有卖防具。
<SURNAME/>便宜是便宜，但质量不好。"
dup:16162a399a3d,"
<SURNAME/>没怎么见过防具流行的信息啊…<pause:15/>
<SURNAME/>听说在阿尼玛蒙迪卖防具。<SURNAME/>品种齐全但回收价很低。","
<SURNAME/>没怎么见过防具流行的信息啊…<pause:15/>
<SURNAME/>好像在阿尼玛·蒙迪有卖防具。
<SURNAME/>品种齐全，但回收价很低。"
dup:702266fe8845,"
<SURNAME/>没怎么见过防具流行的信息啊…<pause:15/>
<SURNAME/>听说在阿尼玛蒙迪卖防具。<SURNAME/>质量好但价格高。","
<SURNAME/>没怎么见过防具流行的信息啊…<pause:15/>
<SURNAME/>好像在阿尼玛·蒙迪有卖防具。
<SURNAME/>质量好但价格高。"
dup:afdeac850c30,"
<SURNAME/>说起来，我有个熟人被那对姐妹弄哭了
<SURNAME/>哭着回来了…<pause:15/>就是罗萨坎迪塔的
<SURNAME/>店主姐妹啊。<pause:15/>这个区也有分店吧","
<SURNAME/>说起来，有个熟人被那对姐妹
<SURNAME/>弄哭了回来…<pause:15/>就是罗萨坎迪塔的
<SURNAME/>店主姐妹。<pause:15/>这个区也有分店吧 || 
<SURNAME/>说起来，有个熟人被那对姐妹弄哭
<SURNAME/>回来了…<pause:15/>就是罗莎·坎迪塔的
<SURNAME/>店主姐妹啦。<pause:15/>这个区也有分店吧"
dup:d9a46e7c0ea4,"
<SURNAME/>听说那里连
<SURNAME/>真防具都卖。<pause:15/>
<SURNAME/>品种少但回收价很高。","
<SURNAME/>总之在那里，
<SURNAME/>好像连真防具都卖。<pause:15/>
<SURNAME/>品种不多，但回收价挺高。"
dup:cc31ba565602,"
<SURNAME/>听说那里连
<SURNAME/>真防具都卖。<pause:15/>
<SURNAME/>质量和价格都普通。","
<SURNAME/>总之在那里，
<SURNAME/>好像连真防具都卖。<pause:15/>
<SURNAME/>质量和价格都一般。"
dup:e5064ebc3d57,"
<SURNAME/>据说那里，
<SURNAME/>似乎连真防具都卖。<pause:15/>
<SURNAME/>质量好但贵。","
<SURNAME/>总之在那里，
<SURNAME/>好像连真防具都卖。<pause:15/>
<SURNAME/>质量不错，但价格高。"
dup:01ca6048259f,"
<SURNAME/>据说那里，
<SURNAME/>似乎连真防具都卖。<pause:15/>
<SURNAME/>便宜但质量差。","
<SURNAME/>总之在那里，
<SURNAME/>好像连真防具都卖。<pause:15/>
<SURNAME/>便宜是便宜，但质量差。"
dup:bacaa5eb0413,"
<SURNAME/>据说那里，
<SURNAME/>似乎连真防具都卖。<pause:15/>
<SURNAME/>商品种类好但回收便宜。","
<SURNAME/>听说那里什么都卖，
<SURNAME/>连真防具都有。<pause:15/>
<SURNAME/>品种齐全，但回收价很低。"
dup:ce018be39a72,"
<SURNAME/>听说有在做铠甲的裁缝，
<SURNAME/>一查发现是港南区的伦敦屋。<pause:15/>
<SURNAME/>品种齐全但回收价低，据说。","
<SURNAME/>听说有做铠甲的裁缝，
<SURNAME/>一查是港南区的伦敦屋。<pause:15/>
<SURNAME/>品种齐全，但回收价很低。"
dup:f2fac12ade2d,"
<SURNAME/>听说有在做铠甲的裁缝，
<SURNAME/>一查发现是港南区的伦敦屋。<pause:15/>
<SURNAME/>便宜但质量差，据说。","
<SURNAME/>听说有做铠甲的裁缝，
<SURNAME/>一查是港南区的伦敦屋。<pause:15/>
<SURNAME/>便宜但质量差。"
dup:489721a60a86,"
<SURNAME/>听说有在做铠甲的裁缝，
<SURNAME/>一查发现是港南区的伦敦屋。<pause:15/>
<SURNAME/>质量好但价格高，据说。","
<SURNAME/>听说有做铠甲的裁缝，
<SURNAME/>一查是港南区的伦敦屋。<pause:15/>
<SURNAME/>质量好但贵。"
dup:ac6f955784ba,"
<SURNAME/>听说有在做铠甲的裁缝，
<SURNAME/>一查发现是港南区的伦敦屋。<pause:15/>
<SURNAME/>质量和价格都一般，据说。","
<SURNAME/>听说有做铠甲的裁缝，
<SURNAME/>一查是港南区的伦敦屋。<pause:15/>
<SURNAME/>质量和价格都一般。"
dup:463ee3198408,"
<SURNAME/>听说有在做铠甲的裁缝，
<SURNAME/>一查发现是港南区的伦敦屋。<pause:15/>
<SURNAME/>品种少但回收价高，据说。","
<SURNAME/>听说有做铠甲的裁缝，
<SURNAME/>一查是港南区的伦敦屋。<pause:15/>
<SURNAME/>品种少但回收价高。"
dup:7ea774c213a6,"
<SURNAME/>…你也去应征悬赏杂志的抽奖
<SURNAME/>来获得真品武器吧…<pause:15/>怎么样？<pause:15/>我在看相当地下的
<SURNAME/>页面，这靠谱吗？","
<SURNAME/>…你也去应征悬赏杂志的奖品
<SURNAME/>搞到真武器吧…<pause:15/>呢。<pause:15/>我在看相当地下的
<SURNAME/>页面，这真的吗？"
dup:852f378d2ccb,"
<SURNAME/>传闻说，虽然很难中奖，
<SURNAME/>但会送来相当好的东西。<pause:15/>
<SURNAME/>要不要试着寄一次看看…","
<SURNAME/>听说很难中奖，
<SURNAME/>但东西不错。<pause:15/>
<SURNAME/>送一次试试也行…"
dup:754c71041720,"
<SURNAME/>传闻说，虽然很少中奖，
<SURNAME/>但会送来相当稀有的东西。<pause:15/>
<SURNAME/>要不要试着寄一次看看…","
<SURNAME/>听说很少中奖，
<SURNAME/>但会来稀罕物。<pause:15/>
<SURNAME/>送一次试试也行…"
dup:c3afb332baea,"
<SURNAME/>传闻说，虽然容易中奖，
<SURNAME/>但只会送来破烂货。<pause:15/>
<SURNAME/>要不要试着寄一次看看…","
<SURNAME/>听说经常中奖，
<SURNAME/>但只来破烂货。<pause:15/>
<SURNAME/>送一次试试也行…"
dup:87d23c5b96c7,"
<SURNAME/>咦？<SURNAME/><pause:10/>在穆大陆能玩真赌场…<pause:15/>
<SURNAME/>这种帖子，谁发的啊？<pause:15/>
<SURNAME/>不过确实听过这种传闻。","
<SURNAME/>咦?<SURNAME/><pause:10/>穆大陆能玩真赌场…<pause:15/>
<SURNAME/>谁写的这帖子?<pause:15/>
<SURNAME/>但确实听过这种传闻。"
dup:8f18ec7b5ae4,"
<SURNAME/>尤其听说扑克容易赢…<pause:15/>
<SURNAME/>要不要去试试看。","
<SURNAME/>尤其扑克容易赢…<pause:15/>
<SURNAME/>去试试看吧。"
dup:96d2112f655b,"
<SURNAME/>尤其听说老虎机容易中…<pause:15/>
<SURNAME/>要不要去试试看。","
<SURNAME/>尤其老虎机容易中…<pause:15/>
<SURNAME/>去试试看吧。"
dup:72d4efd07b64,"
<SURNAME/>尤其听说玩21点赢的时候
<SURNAME/>奖金很高…<pause:15/>
<SURNAME/>要不要去试试看。","
<SURNAME/>尤其21点赢时
<SURNAME/>赔率高…<pause:15/>
<SURNAME/>去试试看吧。"
dup:54db073877b9,"
<SURNAME/>说是传说武器…<pause:15/>
<SURNAME/>简直像游戏世界里的东西。
<SURNAME/>那种东西真在拉面店有吗？","
<SURNAME/>传说武器…<pause:15/>
<SURNAME/>几乎只在游戏世界吧。
<SURNAME/>真在拉面屋有吗?"
dup:8ff81e05caa4,"
<SURNAME/>克莱尔·德·吕讷，是那家餐厅
<SURNAME/>对吧？<pause:15/><SURNAME/>有情报说那里有传说武器。
<SURNAME/>","
<SURNAME/>克雷尔·德·吕讷，是那家餐厅
<SURNAME/>吧?<pause:15/><SURNAME/>那里有传说武器的
<SURNAME/>情报在传。"
dup:2c99a0d29b1e,"
<SURNAME/>原来如此～<SURNAME/><pause:15/>时间城那店主，装傻
<SURNAME/>想抬高传说武器的价格吧？<pause:15/>
<SURNAME/>赶紧把这情报发到网上。","
<SURNAME/>原来如此～<SURNAME/><pause:15/>时间城那家伙，装傻
<SURNAME/>想抬高传说武器的价?<pause:15/>
<SURNAME/>马上把这情报发网上。"
dup:e3cb534f00b9,"
<SURNAME/>查了一下，本该送到时间城的传说武器，
<SURNAME/>好像还在卖家手里。<pause:15/>时间城的店主
<SURNAME/>没去取。","
<SURNAME/>查了一下，时间城该到的传说武器，
<SURNAME/>卖家还拿着。<pause:15/>时间城店主
<SURNAME/>没去取。"
dup:41e5be156f97,"
<SURNAME/>诶!?<SURNAME/><pause:10/>那、恶魔真的存在吗？<pause:15/>
<SURNAME/>因、因为时间城的传说武器，
<SURNAME/>被他们偷走了吧？","
<SURNAME/>诶!?<SURNAME/><pause:10/>那，恶魔真存在?<pause:15/>
<SURNAME/>因、因为时间城的传说武器，被那些家伙
<SURNAME/>偷走了吧?"
dup:7865b749cea1,"
<SURNAME/>听说时间城有的传说武器，
<SURNAME/>被某个看起来不幸的女人买走了。
<SURNAME/>找到她的话，或许能让给我…","
<SURNAME/>听说时间城的传说武器，
<SURNAME/>被某个不幸相的女人买走了。
<SURNAME/>找到她，能让给我吧…"
dup:288d017f8418,"
<SURNAME/>听说了吗？<SURNAME/>时间城有的传说武器，
<SURNAME/>那店主送给了一个短发女孩。
<SURNAME/>据说。","
<SURNAME/>听说了吗?<SURNAME/>时间城的传说武器，
<SURNAME/>店主送给短发女孩
<SURNAME/>了。"
dup:7b2b86fa304c,"
<SURNAME/>据说占星馆的二楼
<SURNAME/>是个大迷宫。
<SURNAME/>好像有人在里面捡到宝物。","
<SURNAME/>听说Zodiac二楼是
<SURNAME/>个大迷宫。
<SURNAME/>有人捡到宝贝。"
dup:78d6efcd4086,"
<SURNAME/>听说青华公园开的花，
<SURNAME/>似乎会说话。虽然像童话，
<SURNAME/>但现实中有点可怕呢。","
<SURNAME/>据说青华公园开的花，
<SURNAME/>会说话。有点童话，
<SURNAME/>现实的话有点吓人。"
dup:f15d7c47d505,"
<SURNAME/>好嘞。
<SURNAME/>想吃点啥呀〜？","
<SURNAME/>来啦。
<SURNAME/>吃点啥不〜？"
dup:c026bf885fad,"
<SURNAME/>还有啥要点的吗〜？","
<SURNAME/>还要点啥不〜？"
dup:121fe5b1fdb1,"
<SURNAME/>好嘞～<pause:10/>
<SURNAME/>下次再来哦～","
<SURNAME/>好嘞〜<pause:10/>
<SURNAME/>下次再来哦〜"
dup:e69361c9576e,傲慢,高傲 || 高慢
dup:b263ce8da5bb,喜新,喜新厌旧
dup:243b02812c14,● 空白,"● 空白
"
dup:a6105af8521b,"
<SURNAME/>谢谢。
<SURNAME/>随时再来吧。
<SURNAME/>反正这艘船已经不会再动了…","
<SURNAME/>谢谢。
<SURNAME/>随时再来吧。
<SURNAME/>因为这艘船不会再动了…"
dup:2fa0a83fb89f,"
<SURNAME/>哎呀，欢迎光临。<pause:10/>
<SURNAME/>怎么样？<SURNAME/><pause:10/>这里只放漂亮的衣服。<pause:15/>
<SURNAME/>所以别犹豫，买走吧。","
<SURNAME/>哎呀，欢迎光临。<pause:10/>
<SURNAME/>怎么样？<SURNAME/><pause:10/>这里只放漂亮的衣服哦。<pause:15/>
<SURNAME/>所以别犹豫，买下来吧。"
dup:b0cfe9f6d121,"
<SURNAME/>还有其他事吗？","
<SURNAME/>还有其他事吗? || 
<SURNAME/>还有其他什么事吗？"
dup:1ae8b31ab097,"
<SURNAME/>一旦看了我们的商品，
<SURNAME/>就再也无法在其他店购物了哦。
<SURNAME/>请再来光临吧。","
<SURNAME/>一旦看了我们店的商品，
<SURNAME/>就再也无法在其他店购物了呢。
<SURNAME/>请再来光顾哦。"
dup:c8c2b6961b99,"
<SURNAME/>喂。<pause:10/>
<SURNAME/>那里是更衣室哦。<pause:10/>
<SURNAME/>没事别进去。","
<SURNAME/>喂。<pause:10/>
<SURNAME/>那里是更衣室哦。<pause:10/>
<SURNAME/>没事别随便进去。"
dup:a898d860fb23,<pause:0/><c1e:0/>一定时间内敏捷提升5点,<pause:0/><c1e:0/>一定时间内AGI+5 || <pause:0/><c1e:0/>一定期间AGI提升5 || <pause:0/><c1e:0/>一段时间内AGI+5
dup:42dd8cd309d4,<pause:0/><c1e:0/>暂时提升体力2点,<pause:0/><c1e:0/>一定时间体力提升2点 || <pause:0/><c1e:0/>一定时间内VIT+2 || <pause:0/><c1e:0/>一定时间内体力+2 || <pause:0/><c1e:0/>一定期间VIT提升2 || <pause:0/><c1e:0/>一段时间内VIT+2 || <pause:0/><c1e:0/>暂时VIT提升2
dup:3ec67e805ec4,<pause:0/><c1e:0/>一定时间内TEC+1,<pause:0/><c1e:0/>一定时间内技巧+1 || <pause:0/><c1e:0/>一定时间技巧提升1点 || <pause:0/><c1e:0/>一定期间TEC提升1 || <pause:0/><c1e:0/>一段时间内TEC+1 || <pause:0/><c1e:0/>暂时TEC提升1
dup:372a0c8d4929,<pause:0/><c1e:0/>一定时间内VIT+4,<pause:0/><c1e:0/>一定期间VIT提升4 || <pause:0/><c1e:0/>一段时间内VIT+4
dup:f0c9f724dc03,<pause:0/><c1e:0/>暂时提升力量2点,<pause:0/><c1e:0/>一定时间内STR+2 || <pause:0/><c1e:0/>一定时间内力量+2 || <pause:0/><c1e:0/>一定时间力量提升2点 || <pause:0/><c1e:0/>一定期间STR提升2 || <pause:0/><c1e:0/>一段时间内STR+2 || <pause:0/><c1e:0/>暂时STR提升2
dup:feed8a087aaa,<pause:0/><c1e:0/>一定时间内AGI+7,<pause:0/><c1e:0/>一定期间AGI提升7 || <pause:0/><c1e:0/>一段时间内AGI+7
dup:82e1f167f850,<pause:0/><c1e:0/>暂时提升力量3点,<pause:0/><c1e:0/>一定时间内STR+3 || <pause:0/><c1e:0/>一定时间内STR提升3点 || <pause:0/><c1e:0/>一定时间力量提升3点 || <pause:0/><c1e:0/>一定期间STR提升3 || <pause:0/><c1e:0/>一定期间STR提升3点 || <pause:0/><c1e:0/>一段时间内STR+3
dup:43d005bda8d8,<pause:0/><c1e:0/>一定时间内VIT+8,<pause:0/><c1e:0/>一定期间VIT提升8 || <pause:0/><c1e:0/>一段时间内VIT+8
dup:53e0f777f3a3,<pause:0/><c1e:0/>暂时提升体力3点,<pause:0/><c1e:0/>一定时间体力提升3点 || <pause:0/><c1e:0/>一定时间内VIT+3 || <pause:0/><c1e:0/>一定时间内体力+3 || <pause:0/><c1e:0/>一定期间VIT提升3 || <pause:0/><c1e:0/>一段时间内VIT+3 || <pause:0/><c1e:0/>暂时VIT提升3
dup:e34c82995161,<pause:0/><c1e:0/>暂时提升敏捷4点,<pause:0/><c1e:0/>一定时间内AGI+4 || <pause:0/><c1e:0/>一定时间内AGI提升4点 || <pause:0/><c1e:0/>一定时间内敏捷+4 || <pause:0/><c1e:0/>一定期间AGI提升4点 || <pause:0/><c1e:0/>一段时间内AGI+4
dup:f2bf135e32b8,<pause:0/><c1e:0/>一定时间内STR+5,<pause:0/><c1e:0/>一定时间内力量+5 || <pause:0/><c1e:0/>一段时间内STR+5
dup:4b5d944fb420,<pause:0/><c1e:0/>暂时提升技巧3点,<pause:0/><c1e:0/>一定时间内TEC+3 || <pause:0/><c1e:0/>一定时间内TEC提升3点 || <pause:0/><c1e:0/>一定时间内技巧+3 || <pause:0/><c1e:0/>一定时间技巧提升3点 || <pause:0/><c1e:0/>一段时间内TEC+3 || <pause:0/><c1e:0/>暂时TEC提升3
dup:c056c35682d8,<pause:0/><c1e:0/>一定时间内AGI+8,<pause:0/><c1e:0/>一定时间内敏捷+8 || <pause:0/><c1e:0/>一段时间内AGI+8
dup:b3137c4bf623,<pause:0/><c1e:0/>暂时提升技巧4点,<pause:0/><c1e:0/>一定时间内TEC+4 || <pause:0/><c1e:0/>一定时间内技巧+4 || <pause:0/><c1e:0/>一定时间技巧提升4点 || <pause:0/><c1e:0/>一段时间内TEC+4 || <pause:0/><c1e:0/>暂时TEC提升4
dup:a997c95d9d7c,<pause:0/><c1e:0/>暂时提升力量1点,<pause:0/><c1e:0/>一定时间内STR+1 || <pause:0/><c1e:0/>一定时间内STR提升1点 || <pause:0/><c1e:0/>一定时间内力量+1 || <pause:0/><c1e:0/>一定时间力量提升1点 || <pause:0/><c1e:0/>一段时间内STR+1 || <pause:0/><c1e:0/>暂时STR提升1
dup:9f3ab75b10f9,<pause:0/><c1e:0/>一定时间内TEC+5,<pause:0/><c1e:0/>一定时间内技巧+5 || <pause:0/><c1e:0/>一段时间内TEC+5 || <pause:0/><c1e:0/>暂时TEC提升5
dup:3a30371a65fb,<pause:0/><c1e:0/>一定时间内STR+6,<pause:0/><c1e:0/>一定时间内力量+6 || <pause:0/><c1e:0/>一段时间内STR+6 || <pause:0/><c1e:0/>暂时STR提升6
dup:5d494f0bae89,<pause:0/><c1e:0/>暂时提升敏捷3点,<pause:0/><c1e:0/>一定时间内AGI+3 || <pause:0/><c1e:0/>一定时间内AGI提升3点 || <pause:0/><c1e:0/>一定时间内敏捷+3 || <pause:0/><c1e:0/>一定时间敏捷提升3点 || <pause:0/><c1e:0/>一段时间内AGI+3 || <pause:0/><c1e:0/>暂时AGI提升3
dup:44cd2da56a60,<pause:0/><c1e:0/>暂时提升敏捷2点,<pause:0/><c1e:0/>一定时间内AGI+2 || <pause:0/><c1e:0/>一定时间内AGI提升2点 || <pause:0/><c1e:0/>一定时间内敏捷+2 || <pause:0/><c1e:0/>一定时间敏捷提升2点 || <pause:0/><c1e:0/>一定期间AGI提升2点 || <pause:0/><c1e:0/>一段时间内AGI+2 || <pause:0/><c1e:0/>暂时AGI提升2
dup:f380c2beaab7,<pause:0/><c1e:0/>暂时提升力量4点,<pause:0/><c1e:0/>一定时间内STR+4 || <pause:0/><c1e:0/>一定时间内力量+4 || <pause:0/><c1e:0/>一定时间力量提升4点 || <pause:0/><c1e:0/>一段时间内STR+4 || <pause:0/><c1e:0/>暂时STR提升4
dup:714bee9125bc,<pause:0/><c1e:0/>暂时提升体力1点,<pause:0/><c1e:0/>一定时间体力提升1点 || <pause:0/><c1e:0/>一定时间内VIT+1 || <pause:0/><c1e:0/>一定时间内VIT提升1点 || <pause:0/><c1e:0/>一定时间内体力+1 || <pause:0/><c1e:0/>一定期间VIT提升1点 || <pause:0/><c1e:0/>暂时VIT提升1
dup:5ff1f6cf127a,<pause:0/><c1e:0/>一定时间内TEC+7,<pause:0/><c1e:0/>一定时间内技巧+7 || <pause:0/><c1e:0/>一定时间技巧提升7点 || <pause:0/><c1e:0/>暂时TEC提升7
dup:88b424eebde1,<pause:0/><c1e:0/>暂时提升技巧2点,<pause:0/><c1e:0/>一定时间内TEC+2 || <pause:0/><c1e:0/>一定时间内TEC提升2点 || <pause:0/><c1e:0/>一定时间内技巧+2 || <pause:0/><c1e:0/>一定时间技巧提升2点 || <pause:0/><c1e:0/>一定期间TEC提升2点 || <pause:0/><c1e:0/>暂时TEC提升2
dup:ebfff5c0e6dd,<pause:0/><c1e:0/>一定时间内AGI+6,<pause:0/><c1e:0/>一定时间内敏捷+6 || <pause:0/><c1e:0/>一定时间敏捷提升6点 || <pause:0/><c1e:0/>暂时AGI提升6
dup:9c8d8b8e3523,<pause:0/><c1e:0/>暂时提升敏捷1点,<pause:0/><c1e:0/>一定时间内敏捷+1 || <pause:0/><c1e:0/>一定时间敏捷提升1点 || <pause:0/><c1e:0/>暂时AGI提升1
dup:e7a2db3afea3,<pause:0/><c1e:0/>暂时提升技巧8点,<pause:0/><c1e:0/>一定时间内技巧+8 || <pause:0/><c1e:0/>一定时间技巧提升8点 || <pause:0/><c1e:0/>暂时TEC提升8
dup:b7518d1530e0,<pause:0/><c1e:0/>暂时提升体力7点,<pause:0/><c1e:0/>一定时间体力提升7点 || <pause:0/><c1e:0/>一定时间内体力+7 || <pause:0/><c1e:0/>暂时VIT提升7
dup:32ddd4568162,<pause:0/><c1e:0/>暂时提升力量7点,<pause:0/><c1e:0/>一定时间内STR提升7点 || <pause:0/><c1e:0/>一定时间力量提升7点 || <pause:0/><c1e:0/>暂时STR提升7
dup:1a176859db99,<pause:0/><c1e:0/>暂时提升技巧6点,<pause:0/><c1e:0/>一定时间内TEC提升6点 || <pause:0/><c1e:0/>一定时间技巧提升6点 || <pause:0/><c1e:0/>暂时TEC提升6
dup:2de0ee5c7a9e,<pause:0/><c1e:0/>暂时提升力量8点,<pause:0/><c1e:0/>一定时间内STR提升8点 || <pause:0/><c1e:0/>一定时间力量提升8点 || <pause:0/><c1e:0/>一定期间STR提升8点
dup:6db3190ba5c6,<pause:0/><c1e:0/>暂时提升体力5点,<pause:0/><c1e:0/>一定时间体力提升5点 || <pause:0/><c1e:0/>一定时间内VIT提升5点 || <pause:0/><c1e:0/>一定期间VIT提升5点
dup:f11d39dd09aa,<pause:0/><c1e:0/>暂时提升体力6点,<pause:0/><c1e:0/>一定时间内VIT提升6点 || <pause:0/><c1e:0/>一定期间VIT提升6点
dup:76a1cc377567,调试,デバッグ
dup:b24a40205c4a,魔法防御,魔法DBG
dup:6a72c61d210a,换P,Persona切换
dup:1bf2e465a92d,魔封,封魔
dup:f9bd95aed83e,感电,触电
dup:b695baa292c2,普通,通常
dup:d20ef88ab68d,单次,单人
dup:81ea6e755c03,作战,战术
dup:479ac1d8d9b7,解说,说明
dup:4a8493a725e4,持有道具,持有物品
dup:da2b756a8b26,急躁,性急
dup:eda4aca98c28,胆小,懦弱
dup:efd4f2c2fc1a,激昂,强势 || 强硬
dup:9a3b0b1cca87,忧郁,阴郁
dup:f5210ff20d52,等人,们
dup:342377181015,逃跑了！,逃跑了!
dup:263a39c2146a,摔倒了！,摔倒了!
dup:1ac24c538731,合体魔法警告,组合魔法警告
dup:89ee1cbe0288,记忆光标位置,光标记忆
dup:0ee3131a9f1f,确定,决定
dup:c7a5d5c9953c,支离灭裂,支离破碎
dup:dd823e1f2251,贪多,爱占便宜
dup:69c31dc80b11,勤奋型,踏实型
dup:950b5524d379,自意识过剩,自我意识过剩 || 自我过剩
dup:05fcfd248077,"
<SURNAME/>学校建设当初出土的巨岩。
<SURNAME/>岩质是萨马泰特，
<SURNAME/>但检测到磁气异常。","
<SURNAME/>建校时出土的巨岩。
<SURNAME/>岩质是萨玛泰特，
<SURNAME/>但检测到磁气异常。"
dup:1e480f016b47,<c1d:11/>鸣罗门石<c1d:1/> <SURNAME/>传说中，是比丽文上人 <SURNAME/>将名为鸣罗门火手怖的邪鬼 <SURNAME/>封印于此的守护石。,"<c1d:11/>鸣罗门石<c1d:1/>
<SURNAME/>传说中，是比丽文上人(ひれもんしょうにん)
<SURNAME/>封印了名为鸣罗门火手怖(なるらとほてふ)的邪鬼
<SURNAME/>的守护石。"
dup:42e43dcd1dc6,"
<SURNAME/>「看着我!!<SURNAME/>服从我!!<SURNAME/>别依赖我!!」
<SURNAME/>如此矛盾的名言被刻着。
<SURNAME/>看着看着，莫名火大起来…","
<SURNAME/>「看着我!!<SURNAME/>服从我!!<SURNAME/>别依赖我!!」
<SURNAME/>刻着如此矛盾的迷言。
<SURNAME/>看着就莫名火大……"
dup:038f20ba638b,"
<SURNAME/>知道流行的'小丑大人'咒语吗?<pause:15/>
<SURNAME/>据说用了就能实现理想。<pause:10/>
<SURNAME/>我也试试看好了～","
<SURNAME/>你知道流行的咒语'小丑大人'吗？<pause:15/>
<SURNAME/>据说做了它，理想就能实现。<pause:10/>
<SURNAME/>我也试试看吧。"
dup:80df009c5c13,"
<SURNAME/>话说您有事?<pause:15/>
<SURNAME/>在找人?<pause:10/>
<SURNAME/>咦，冴子老师?","
<SURNAME/>话说你怎么了？<pause:15/>
<SURNAME/>在找谁吗？<pause:10/>
<SURNAME/>诶，冴子老师？"
dup:0ea63e06b48f,"
<SURNAME/>这么说来，
<SURNAME/>刚才在楼梯口看到过…<pause:15/>
<SURNAME/>可能在二楼?","
<SURNAME/>说起来，
<SURNAME/>刚才在楼梯那儿看到了…<pause:15/>
<SURNAME/>不是在二楼吗？"
dup:3ced85af2360,"
<SURNAME/>对了，
<SURNAME/>刚才看到你上楼梯了。<pause:10/>
<SURNAME/>应该是在三楼吧?","
<SURNAME/>说起来，
<SURNAME/>刚才看到上楼梯去了。<pause:10/>
<SURNAME/>不是在三楼吗？"
dup:439f695aa27e,"
<SURNAME/>对了，
<SURNAME/>刚才看到你进中庭了。<pause:15/>
<SURNAME/>好像在找谁的样子…","
<SURNAME/>说起来，
<SURNAME/>刚才看到进中庭去了。<pause:15/>
<SURNAME/>好像在找谁的样子…"
dup:3820dce5e55a,"
<SURNAME/>老师的话，
<SURNAME/>刚才看到往停车场方向去了。<pause:15/>
<SURNAME/>应该还在那儿吧?","
<SURNAME/>如果是老师的话，
<SURNAME/>刚才看到往自行车停车场去了。<pause:15/>
<SURNAME/>应该还在那儿吧？"
dup:87c9b4edf743,"
<SURNAME/>那个…<pause:10/><c12/>前辈，
<SURNAME/>是在和丽莎交往吗?<pause:15/>
<SURNAME/>没，我听她说过这事…","
<SURNAME/>那个…<pause:10/><c12/>前辈，
<SURNAME/>您是在和丽莎交往吗?<pause:15/>
<SURNAME/>不，我听到她在说那样的事…"
dup:fbfa4b93b375,"
<SURNAME/>倒没什么特别理由，
<SURNAME/>就是有点在意…<pause:15/>
<SURNAME/>话说前辈在干嘛呢?","
<SURNAME/>没什么特别理由，
<SURNAME/>只是有点在意…<pause:15/>
<SURNAME/>对了前辈，您在做什么呢?"
dup:a2bc0bc863d0,"
<SURNAME/>咦?<pause:10/><SURNAME/>找冴子老师?<pause:15/>
<SURNAME/>那应该在一楼吧。<pause:15/>
<SURNAME/>刚才看到老师下楼梯了。","
<SURNAME/>咦?<pause:10/><SURNAME/>找冴子老师吗?<pause:15/>
<SURNAME/>那她应该在一楼。<pause:15/>
<SURNAME/>因为我刚才看到她从楼梯下去了。"
dup:2305f58857c5,"
<SURNAME/>咦?<pause:10/><SURNAME/>冴子老师吗?<pause:15/>
<SURNAME/>老师刚才上楼去了，
<SURNAME/>我想是在三楼吧。","
<SURNAME/>咦?<pause:10/><SURNAME/>是冴子老师吗?<pause:15/>
<SURNAME/>老师的话，刚才上楼梯去了，
<SURNAME/>所以应该在二楼吧。"
dup:d10466a7738e,"
<SURNAME/>哎，在找冴子老师?<pause:15/>
<SURNAME/>说起来，老师好像也在找人…<pause:15/>
<SURNAME/>说是要去中庭来着。","
<SURNAME/>啊，您在找冴子老师吗?<pause:15/>
<SURNAME/>说起来，老师好像也在找谁…<pause:15/>
<SURNAME/>她说要去中庭来着。"
dup:6300383f5abb,"
<SURNAME/>咦?<SURNAME/><pause:10/>找冴子老师?<pause:15/>
<SURNAME/>说起来老师也在找前辈哦。<pause:15/>
<SURNAME/>好像去停车场看了…","
<SURNAME/>咦?<SURNAME/><pause:10/>找冴子老师吗?<pause:15/>
<SURNAME/>说起来老师也在找前辈呢。<pause:15/>
<SURNAME/>她好像去自行车停车场了…"
dup:d8be240024ba,"
<SURNAME/>哟，<c12/>。<pause:15/>
<SURNAME/>听说你被渣校的内裤番长盯上了?<pause:15/>
<SURNAME/>你好像也挺能打，小心点啊。","
<SURNAME/>哟，<c12/>。<pause:15/>
<SURNAME/>听说你被渣校的死神番长盯上了?<pause:15/>
<SURNAME/>你好像也挺强的，但小心点啊。"
dup:cba124992524,"
<SURNAME/>话说你在搞啥?<pause:15/>
<SURNAME/>找人呢?","
<SURNAME/>话说你在干嘛?<pause:15/>
<SURNAME/>在找谁吗?"
dup:a0125de9d661,"
<SURNAME/>啥?<SURNAME/><pause:10/>找冴子老师?<pause:15/>
<SURNAME/>那刚才好像看到了…<pause:15/>
<SURNAME/>下楼去了，在一楼吧?","
<SURNAME/>咦?<SURNAME/><pause:10/>在找冴子老师吗?<pause:15/>
<SURNAME/>那，我刚才好像看到了…<pause:15/>
<SURNAME/>她下楼梯去了，所以在一楼吧?"
dup:50202d141073,"
<SURNAME/>冴子老师?<pause:10/>
<SURNAME/>终于肯去升学面谈了?<pause:15/>
<SURNAME/>那去二楼看看。刚才瞅见了。","
<SURNAME/>冴子老师?<pause:10/>
<SURNAME/>你终于要参加那个升学面谈了?<pause:15/>
<SURNAME/>那去二楼看看吧。我刚才看到她了。"
dup:09b8c25994ff,"
<SURNAME/>啥?<SURNAME/><pause:10/>冴子老师?<pause:15/>
<SURNAME/>说起来刚见过。<pause:15/>
<SURNAME/>好像说要去中庭来着。","
<SURNAME/>咦?<SURNAME/><pause:10/>冴子老师?<pause:15/>
<SURNAME/>说起来刚才看到了。<pause:15/>
<SURNAME/>她说要去中庭来着。"
dup:012c87fd90ad,"
<SURNAME/>找冴子老师对吧?<pause:15/>
<SURNAME/>老子说可能在停车场。<pause:10/>
<SURNAME/>现在去还赶得上吧?","
<SURNAME/>在找冴子老师吧?<pause:15/>
<SURNAME/>我告诉她可能在自行车停车场了。<pause:10/>
<SURNAME/>现在应该还在吧?"
dup:8b00c1b6f086,菲尼克斯,凤凰
dup:ccb38a5238f6,"
<SURNAME/>嘛、嘛啊…<pause:30/>
<SURNAME/>我朋友很多呢?<pause:30/>
<SURNAME/>经常一起去玩呢…","
<SURNAME/>嘛，是啊…<pause:30/>
<SURNAME/>我朋友很多哦?<pause:30/>
<SURNAME/>经常一起出去玩呢…"
dup:b9f60bd25392,"
<SURNAME/>呜哟哟。
<SURNAME/>还要点啥不？","
<SURNAME/>呜呼呼。
<SURNAME/>还有别的事吗?"
dup:d905b1bbf655,"
<SURNAME/>谢啦～
<SURNAME/>下次再来啊～
<SURNAME/>呜哟哟哟～","
<SURNAME/>谢谢啦。
<SURNAME/>下次再来啊。
<SURNAME/>呜呼呼呼。"
dup:cfaf32dfba39,"
<SURNAME/>呜嘿嘿呼。
<SURNAME/>嗨，欢迎光临〜
<SURNAME/>要点什么？","
<SURNAME/>呜哟哟哟。
<SURNAME/>来啦～欢迎光临～
<SURNAME/>要点啥？"
dup:b008c10ef96a,\n<SURNAME/>啊，客人！\n<SURNAME/>现在啊，那个不能玩哦。\n<SURNAME/>因为店这样子，抱歉啦。\n,"
<SURNAME/>啊，客人!
<SURNAME/>现在啊，那个玩不了呢。
<SURNAME/>店里这状况，抱歉啦。
 || 
<SURNAME/>啊，客人！
<SURNAME/>现在啊，那个不能玩哦。
<SURNAME/>因为店这样子，抱歉啦。
"
dup:2d96e40ae219,久延毘古,库埃勒普雷
dup:556c6ce6198c,"
<SURNAME/>姐姐～!
","
<SURNAME/>姐姐——!
"
dup:e4e86bbcfb5a,"
<SURNAME/>是的，天野…
","
<SURNAME/>嗯，天野…
"
dup:05d488bcbe7d,"
<SURNAME/>那个传闻吗。
<SURNAME/>了解，收到！
<SURNAME/>那么先告诉我那边的信息吧。","
<SURNAME/>那个传闻吗。
<SURNAME/>了解收到!
<SURNAME/>请先告诉我那边的信息吧。"
dup:50d9a65fb6ff,"
<SURNAME/>诶？<SURNAME/>般若校长的头发是真的！？
<SURNAME/>千佳琳本来打算拼死检查假发的，
<SURNAME/>这下不用查假发就得到真相了啦","
<SURNAME/>哈?<SURNAME/>般若校长的头发是真的!?
<SURNAME/>千佳琳本打算豁出去检查假发，
<SURNAME/>但这下真相大白啦～"
dup:2a06b05c8901,"
<SURNAME/>相当不错的手艺呢…<pause:15/>
<SURNAME/>那么，这边的料也告诉你吧。<pause:15/>
<SURNAME/>好吗？<SURNAME/>请把耳朵掏干净听着。","
<SURNAME/>手法不错嘛…<pause:15/>
<SURNAME/>那我也告诉你这边的料吧。<pause:15/>
<SURNAME/>听好了?<SURNAME/>耳朵竖起来哦。"
dup:d15e2801b1b2,"
<SURNAME/>那家<c1d:13/>时间城<c1d:1/>的店啊，
<SURNAME/>听说除了钟表还卖<c1d:13/>武器<c1d:1/>呢。
<SURNAME/><c1d:13/>价格实惠但都是劣质品<c1d:1/>哦。","
<SURNAME/>那个<c1d:13/>时间城<c1d:1/>那家店啊，
<SURNAME/>除了钟表还卖<c1d:13/>武器<c1d:1/>哦。
<SURNAME/><c1d:13/>价格实惠但质量差<c1d:1/>的啦。"
dup:98890803c3e5,"
<SURNAME/>咦？<SURNAME/>在七姊妹的钟楼？
<SURNAME/>看到真幽灵了！<SURNAME/>看到了吗？
<SURNAME/>真的看到了？<SURNAME/>是真的吗？","
<SURNAME/>诶?<SURNAME/>在七姊妹的钟楼?
<SURNAME/>看到真幽灵了!<SURNAME/>看到了吗?
<SURNAME/>真的看到了?<SURNAME/>没骗人?"
dup:6b3c0620a821,"
<SURNAME/>呜哇～，千佳琳最怕怪谈题材了，
<SURNAME/>之前都没好好调查过呢。<pause:15/>
<SURNAME/>但现在清楚啦。<pause:15/>那轮到这边了！","
<SURNAME/>呜哇～，千佳琳最怕怪谈题材了，
<SURNAME/>一直没敢去查呢。<pause:15/>
<SURNAME/>但这下清楚了。<pause:15/>轮到我的料了!"
dup:7b7c09087fde,"
<SURNAME/>梦崎区有家<c1d:13/>托尼的店<c1d:1/>哦，听说
<SURNAME/>在那里能买到<c1d:13/>真武器<c1d:1/>呢。<pause:15/>
<SURNAME/><c1d:13/>价格和质量都一般般<c1d:1/>哦。","
<SURNAME/>梦崎区有家<c1d:13/>托尼的店<c1d:1/>哦，那里
<SURNAME/><c1d:13/>能买到真武器<c1d:1/>的传闻啦。<pause:15/>
<SURNAME/><c1d:13/>价格和质量都普通<c1d:1/>的哦。"
dup:3c6757a2695a,"
<SURNAME/>哎呀呀，春日山高中的内裤番长要金盆洗手？<pause:15/>
<SURNAME/>真的吗？<SURNAME/>大新闻呢。
<SURNAME/>果然学生话题最棒了。那交换情报！","
<SURNAME/>哎呀呀，春日山高中的内裤番长要金盆洗手?<pause:15/>
<SURNAME/>真的吗?<SURNAME/>大新闻啦。
<SURNAME/>果然学生话题最棒啦。交换情报!"
dup:9157fd940d43,"
<SURNAME/>青华区的<c1d:13/>克萊爾·德·呂訥<c1d:1/>知道吗？<pause:15/>
<SURNAME/>听说那里居然能买到<c1d:13/>真武器<c1d:1/>哦。
<SURNAME/><c1d:13/>质量不错但超贵<c1d:1/>呢。","
<SURNAME/>青华区的<c1d:13/>克萊爾·德·呂訥<c1d:1/>知道吗?<pause:15/>
<SURNAME/>那里居然能买<c1d:13/>真武器<c1d:1/>哦。
<SURNAME/><c1d:13/>质量好但贵<c1d:1/>的啦。"
dup:81a98e7cf0db,"
<SURNAME/>咦!?<SURNAME/>什么!?
<SURNAME/>艺人制作人佐佐木<SURNAME/>银次，
<SURNAME/>其实是假面党员!?<SURNAME/>呀，大新闻啊!","
<SURNAME/>诶！？<SURNAME/>你说什么？
<SURNAME/>艺人制作人佐佐木<SURNAME/>银次，
<SURNAME/>其实是假面党员！？<SURNAME/>呀～，特大新闻啊～！"
dup:fcda8a3801ca,"
<SURNAME/>那港南区的<c1d:13/>乔利·罗杰<c1d:1/>咖啡店，
<SURNAME/>听说在卖<c1d:13/>真武器<c1d:1/>哦？<pause:15/>
<SURNAME/><c1d:13/>种类丰富但回收价不咋地<c1d:1/>呢。","
<SURNAME/>那港南区的<c1d:13/>乔利罗杰<c1d:1/>咖啡店
<SURNAME/><c1d:13/>卖真武器<c1d:1/>的传闻，知道吗?<pause:15/>
<SURNAME/><c1d:13/>种类多但回收价一般<c1d:1/>哦。"
dup:5e82ef93e2d4,"
<SURNAME/>拉面白石的大妈？<pause:15/>
<SURNAME/>是前俄罗斯女特工？<SURNAME/><pause:15/>呀，简直像
<SURNAME/>电影一样嘛。<pause:15/>人都有过去呢。","
<SURNAME/>拉面白石的老板娘?<pause:15/>
<SURNAME/>曾是俄罗斯女间谍?<SURNAME/><pause:15/>呀，
<SURNAME/>像电影一样呢。<pause:15/>人都有历史啦。"
dup:74c5df3d5cb1,"
<SURNAME/>莲华台的<c1d:13/>罗莎坎迪塔<c1d:1/>啊，连<c1d:13/>真防具<c1d:1/>都
<SURNAME/>在热卖中哦。
<SURNAME/><c1d:13/>品质好但贵死<c1d:1/>了。","
<SURNAME/>莲华台的<c1d:13/>罗萨坎迪塔<c1d:1/>啊，<c1d:13/>真防具<c1d:1/>也
<SURNAME/>在热卖中哦。
<SURNAME/><c1d:13/>品质好但贵<c1d:1/>的啦。"
dup:6678613be13b,"
<SURNAME/>诶？<SURNAME/>佐迪亚克深处居然有秘密俱乐部？
<SURNAME/>而且通道像迷宫一样？
<SURNAME/>哎呀呀，真是厉害的情报呢。那我也来一个。","
<SURNAME/>诶?<SURNAME/>黄道十二宫后面有秘密俱乐部?
<SURNAME/>而且通道像迷宫?<SURNAME/>
<SURNAME/>哎呀呀，劲爆情报啦。换我的料了。"
dup:d9558a4ae56c,"
<SURNAME/>本区有家叫<c1d:13/>阿尼玛蒙迪<c1d:1/>的店，
<SURNAME/>听说在卖<c1d:13/>真防具<c1d:1/>哦。<pause:15/><c1d:13/>种类齐全，
<SURNAME/>收购价便宜<c1d:1/>呢。","
<SURNAME/>这区的<c1d:13/>阿尼玛蒙迪<c1d:1/>店，
<SURNAME/><c1d:13/>卖真防具<c1d:1/>哦。<pause:15/><c1d:13/>种类齐全，
<SURNAME/>收购价便宜<c1d:1/>的啦。"
dup:26e6dbb1849a,"
<SURNAME/>春日山高中的新老大…
<SURNAME/>是原内裤番长的小弟？
<SURNAME/>哇，下克上呢。<pause:15/>那这边也不输阵。","
<SURNAME/>春日山高中的新老大…
<SURNAME/>是原内裤番长的小弟?
<SURNAME/>哇，下克上啦。<pause:15/>那我也来爆料。"
dup:50065e26ec4a,"
<SURNAME/>青华区也有<c1d:13/>罗莎坎迪塔<c1d:1/>知道吗？<pause:15/>
<SURNAME/>听说那里连<c1d:13/>真防具<c1d:1/>都卖
<SURNAME/>哦。<c1d:13/>质量好但价格高<c1d:1/>呢","
<SURNAME/>青华区也有<c1d:13/>罗萨坎迪塔<c1d:1/>知道吗?<pause:15/>
<SURNAME/>那里啊，<c1d:13/>真防具<c1d:1/>都能买
<SURNAME/>到哦。<c1d:13/>质量好但价格高<c1d:1/>的啦"
dup:a48855219ec6,"
<SURNAME/>咦？<SURNAME/>葛华侦探事务所的招财猫
<SURNAME/>会说话，是个狠角色？<pause:15/>
<SURNAME/>呀～～，好可爱，好想看看呢。","
<SURNAME/>诶?<SURNAME/>葛华侦探事务所的招财猫
<SURNAME/>会说话、很酷的家伙?<pause:15/>
<SURNAME/>呀～好可爱，好想看看啦。"
dup:3a863a8a2929,"
<SURNAME/>那交换。<pause:15/>港南区有家叫<c1d:13/>伦敦屋<c1d:1/>的店，
<SURNAME/>听说连<c1d:13/>防具<c1d:1/>都能定制哦。<pause:15/>
<SURNAME/><c1d:13/>质量不错但价格高<c1d:1/>呢。","
<SURNAME/>那么交换吧。<pause:15/>港南区有家叫<c1d:13/>伦敦屋<c1d:1/>的店，
<SURNAME/>据说连<c1d:13/>防具<c1d:1/>都能定制哦。<pause:15/>
<SURNAME/><c1d:13/>质量是不错，但价格很高<c1d:1/>呢。"
dup:6c522a3e9e2e,"
<SURNAME/>哈？<SURNAME/><pause:15/>侦探事务所的玉纪酱，
<SURNAME/>其实是恶魔召唤师？<pause:15/>
<SURNAME/>但但，恶魔召唤师是啥？","
<SURNAME/>咦？<SURNAME/><pause:15/>侦探事务所的环酱，
<SURNAME/>其实是恶魔召唤师吗？<pause:15/>
<SURNAME/>但是但是，恶魔召唤师是什么呀？"
dup:ae52bd4908d5,"
<SURNAME/>啊，请等等！<SURNAME/>那部分，
<SURNAME/>千佳琳以传闻屋之名亲自调查！
<SURNAME/>所以呢，这边情报奉上哦。","
<SURNAME/>啊，请等一下！<SURNAME/>从那里开始，
<SURNAME/>我千佳琳要以八卦屋之名亲自调查哦！
<SURNAME/>那么，这边的信息，我就发布啦。"
dup:b224a1956fd5,"
<SURNAME/><c1d:13/>悬赏杂志<c1d:1/>中奖的话，<c1d:13/>真武器或
<SURNAME/>道具<c1d:1/>会送上门哦。<pause:15/><c1d:13/>挺容易中
<SURNAME/>但送来的东西不咋样<c1d:1/>呢","
<SURNAME/><c1d:13/>悬赏杂志<c1d:1/>的抽奖中奖后，<c1d:13/>真家伙武器什么的
<SURNAME/>道具<c1d:1/>会送上门哦。<pause:15/><c1d:13/>好像挺容易中奖
<SURNAME/>的，但送来的东西不咋样<c1d:1/>呢"
dup:9fa2ab2ca657,"
<SURNAME/>咦？<SURNAME/>春日山高中的内裤番长，<pause:15/>
<SURNAME/>要组摇滚乐队？","
<SURNAME/>诶？<SURNAME/>春日山高中的内裤番长，<pause:15/>
<SURNAME/>在搞摇滚乐队吗？"
dup:128f0d247ca2,"
<SURNAME/>哇～千佳琳也想加入呢。<pause:15/>
<SURNAME/>啊，但被脱内裤咋办。
<SURNAME/>呀～～。<pause:15/>那爆料这边情报哦。","
<SURNAME/>哇～千佳琳也想加入呢。<pause:15/>
<SURNAME/>啊，但要是被脱了内裤可咋办。
<SURNAME/>呀——。<pause:15/>那，这边信息告诉你哦。"
dup:b28307327494,"
<SURNAME/>梦崎区的<c1d:13/>穆大陆<c1d:1/>啊，其实是<c1d:13/>赌场<c1d:1/>
<SURNAME/>哦！<SURNAME/><pause:15/>听说有人玩<c1d:13/>二十一点<c1d:1/>
<SURNAME/>赚翻了哦。","
<SURNAME/>梦崎区的<c1d:13/>姆大陆<c1d:1/>，里面是<c1d:13/>赌场<c1d:1/>
<SURNAME/>哦！<SURNAME/><pause:15/>据说有人在<c1d:13/>二十一点<c1d:1/>上
<SURNAME/>大赚了一笔呢。"
dup:6f8a8156964b,"
<SURNAME/>千佳琳知道的素材就这些了哦。
<SURNAME/>啊，不过请放心。有新素材进来，
<SURNAME/>我会立刻通知您的。","
<SURNAME/>千佳琳知道的料就这些啦。
<SURNAME/>啊，但请放心。有新料进来，
<SURNAME/>我立马通知您哦。"
dup:c47ba8ccf994,"
<SURNAME/>明白了。
<SURNAME/>千佳琳随时都在这里，
<SURNAME/>请再来看我哦。<pause:15/>Bye-bye!","
<SURNAME/>知道啦。
<SURNAME/>千佳琳一直在这儿，
<SURNAME/>请再来找我玩哦。<pause:15/>拜拜！"
dup:47faebc859f3,"
<SURNAME/>欢迎光临和平餐厅。
<SURNAME/>那么，您要点些什么？","
<SURNAME/>和平餐厅，欢迎光临。
<SURNAME/>来，要点些什么？"
dup:85d61ef55cba,"
<SURNAME/>感激不尽。<pause:15/>
<SURNAME/>那么，恭候
<SURNAME/>您再次光临。","
<SURNAME/>多谢惠顾。<pause:15/>
<SURNAME/>那么恭候
<SURNAME/>您再次光临。"
dup:a54fbdbc05d4,"
<SURNAME/>是。<c12/>前辈！
<SURNAME/>前辈主动搭话，超感动！
<SURNAME/>因为前辈超帅，我一直憧憬着您呢〜","
<SURNAME/>是。<c12/>前辈!
<SURNAME/>前辈主动搭话、超兴奋的说!
<SURNAME/>前辈超帅、我一直憧憬的哟〜 || 
<SURNAME/>是的。<c12/>前辈!
<SURNAME/>前辈主动跟我说话，超兴奋的说!
<SURNAME/>因为前辈超酷的，我一直很崇拜的说〜"
dup:67f371a31231,"
<SURNAME/>太感激了！<SURNAME/>太感激了！
<SURNAME/>一直担心的雀斑消失了！
<SURNAME/>这也是实现梦想的咒语的功劳啊！","
<SURNAME/>太感激了!<SURNAME/>太感激了!
<SURNAME/>一直担心的雀斑消失了!
<SURNAME/>这也是多亏了实现梦想的咒语啊! || 
<SURNAME/>太感激了!<SURNAME/>太感激了!
<SURNAME/>一直担心的雀斑消失了!
<SURNAME/>这都多亏实现梦想的咒语啊!"
dup:e889c4af57d7,"
<SURNAME/>学园祭快到了呢…<pause:15/>
<SURNAME/>听说很多女生是奔着前辈来的…<pause:15/>
<SURNAME/>但今年估计没戏了吧…","
<SURNAME/>学园祭快到了呢…<pause:15/>
<SURNAME/>听说很多女孩是奔着前辈来的…<pause:15/>
<SURNAME/>但今年不行了吧…"
dup:b28831c5efb6,"
<SURNAME/>我也变成这副模样了…<pause:15/>
<SURNAME/>本来还想沾点光的…<pause:15/>
<SURNAME/>明明特意选了这所学校为了学园祭的…","
<SURNAME/>我也变成这副模样了…<pause:15/>
<SURNAME/>本想沾点光的…<pause:15/>
<SURNAME/>好不容易选了这学校呢…"
dup:a114868ead6c,"
<SURNAME/>别老盯着我看！
<SURNAME/>我也不想这副样子来学校啊。
<SURNAME/>但最喜欢的校长说不准请假…","
<SURNAME/>别一直盯着我看!
<SURNAME/>我也不想这样来学校啊。
<SURNAME/>但最爱的校长说别请假… || 
<SURNAME/>请不要一直盯着我看!
<SURNAME/>我也不想这副样子来学校的。
<SURNAME/>但是，我最喜欢的校长先生说不要请假…"
dup:13c2373a7a66,皮克希,皮克西
dup:b7979d7b5aac,\n<SURNAME/><c14/>!!\n<SURNAME/>你，是今天的老大吧!?\n<SURNAME/>说她不准去，命令她别去啊!\n,"
<SURNAME/><c14/>!!
<SURNAME/>你，是今天的头儿吧!?
<SURNAME/>快下令说不行，不能走啊!
"
dup:37c8635f0c26,\n<SURNAME/>淳!!\n<SURNAME/>你也说点什么啊!!\n<SURNAME/>和大姐姐分开，真的好吗!?\n,"
<SURNAME/>纯!!
<SURNAME/>你也说点啥啊!
<SURNAME/>和姐姐分开，真的好吗!?
"
dup:f3e3cb54f422,"
<SURNAME/>不让你走…<pause:30/>
<SURNAME/>就不让你走!!
","
<SURNAME/>不让她去…<pause:30/>
<SURNAME/>就是不让她去!!
"
dup:aad23017dc9e,\n<SURNAME/>如果把她关在神社直到明天，\n<SURNAME/>大姐姐，就哪里也去不了啦!!\n,"
<SURNAME/>把你关在神社到明天，
<SURNAME/>姐姐，就哪儿也去不了啦!!
"
dup:7a81c6e77592,"
<SURNAME/><c1d:9/>里面什么也没有。<c1d:1/>
","
<SURNAME/><c1d:9/>空无一物。<c1d:1/>
 || 
<SURNAME/><c1d:9/>里面什么都没有。<c1d:1/>
"
dup:154645c98405,"<pause:0/><c1e:0/>召唤【MAGICIAN】
Persona所需","<pause:0/><c1e:0/>【MAGICIAN(マジシャン)】
Persona召唤所需 || <pause:0/><c1e:0/>【MAGICIAN(魔术师)】
Persona召唤所需 || <pause:0/><c1e:0/>召唤【魔术师】
Persona所需"
dup:40bc84e5dc07,"<pause:0/><c1e:0/>召唤【PRIESTESS】
Persona所需","<pause:0/><c1e:0/>【PRIESTESS(プリエステス)】
Persona召唤所需 || <pause:0/><c1e:0/>【PRIESTESS(女祭司)】
Persona召唤所需 || <pause:0/><c1e:0/>召唤【女祭司】
Persona所需"
dup:c9acc3ff5e84,"<pause:0/><c1e:0/>召唤【EMPRESS】
Persona所需","<pause:0/><c1e:0/>【EMPRESS(エンプレス)】
Persona召唤所需 || <pause:0/><c1e:0/>【EMPRESS(皇后)】
Persona召唤所需 || <pause:0/><c1e:0/>召唤【女皇】
Persona所需"
dup:daaf74752f2f,"<pause:0/><c1e:0/>召唤【EMPEROR】
Persona所需","<pause:0/><c1e:0/>【EMPEROR(エンペラー)】
Persona召唤所需 || <pause:0/><c1e:0/>【EMPEROR(皇帝)】
Persona召唤所需 || <pause:0/><c1e:0/>召唤【皇帝】
Persona所需"
dup:2dd464ad8b63,"<pause:0/><c1e:0/>召唤【HIEROPHANT】
Persona所需","<pause:0/><c1e:0/>【HIEROPHANT(ハイエロファント)】
Persona召唤所需 || <pause:0/><c1e:0/>【HIEROPHANT(教皇)】
Persona召唤所需 || <pause:0/><c1e:0/>召唤【教皇】
Persona所需"
dup:6072172b624f,"<pause:0/><c1e:0/>召唤【LOVERS】
Persona所需","<pause:0/><c1e:0/>【LOVERS(ラバーズ)】
Persona召唤所需 || <pause:0/><c1e:0/>【LOVERS(恋人)】
Persona召唤所需 || <pause:0/><c1e:0/>召唤【恋人】
Persona所需"
dup:b68ab71c86e4,"<pause:0/><c1e:0/>召唤【CHARIOT】
Persona所需","<pause:0/><c1e:0/>【CHARIOT(チャリオット)】
Persona召唤所需 || <pause:0/><c1e:0/>【CHARIOT(战车)】
Persona召唤所需 || <pause:0/><c1e:0/>召唤【战车】
Persona所需"
dup:fc983ee18c7f,"<pause:0/><c1e:0/>召唤【STRENGTH】
Persona所需","<pause:0/><c1e:0/>【STRENGTH(ストレングス)】
Persona召唤所需 || <pause:0/><c1e:0/>【STRENGTH(力量)】
Persona召唤所需 || <pause:0/><c1e:0/>召唤【力量】
Persona所需"
dup:941e6471ca8b,"<pause:0/><c1e:0/>召唤【HERMIT】
Persona所需","<pause:0/><c1e:0/>【HERMIT(ハーミット)】
Persona召唤所需 || <pause:0/><c1e:0/>【HERMIT(隐者)】
Persona召唤所需 || <pause:0/><c1e:0/>召唤【隐者】
Persona所需"
dup:fb2ad6e0fe0b,"<pause:0/><c1e:0/>【FORTUNE】的
Persona召唤所需","<pause:0/><c1e:0/>【FORTUNE(フォーチューン)】
Persona召唤所需 || <pause:0/><c1e:0/>【FORTUNE(命运之轮)】
Persona召唤所需 || <pause:0/><c1e:0/>召唤【命运之轮】
Persona所需"
dup:7ea4c6893e3e,"<pause:0/><c1e:0/>【JUSTICE】的
Persona召唤所需","<pause:0/><c1e:0/>【JUSTICE(ジャスティス)】
Persona召唤所需 || <pause:0/><c1e:0/>【JUSTICE(正义)】
Persona召唤所需 || <pause:0/><c1e:0/>召唤【正义】
Persona所需"
dup:cbf12464667d,"<pause:0/><c1e:0/>【HANGEDMAN】的
Persona召唤所需","<pause:0/><c1e:0/>【HANGEDMAN(ハングドマン)】
Persona召唤所需 || <pause:0/><c1e:0/>【HANGEDMAN(倒吊人)】
Persona召唤所需 || <pause:0/><c1e:0/>召唤【倒吊人】
Persona所需"
dup:428535ec4652,"<pause:0/><c1e:0/>【DEATH】的
Persona召唤所需","<pause:0/><c1e:0/>【DEATH(デス)】
Persona召唤所需 || <pause:0/><c1e:0/>【DEATH(死神)】
Persona召唤所需 || <pause:0/><c1e:0/>召唤【死神】
Persona所需"
dup:a23e93600c5e,"<pause:0/><c1e:0/>【TEMPERANCE】的
Persona召唤所需","<pause:0/><c1e:0/>【TEMPERANCE(テンペランス)】
Persona召唤所需 || <pause:0/><c1e:0/>【TEMPERANCE(节制)】
Persona召唤所需 || <pause:0/><c1e:0/>召唤【节制】
Persona所需"
dup:90bcf10ded18,"<pause:0/><c1e:0/>【DEVIL】的
Persona召唤所需","<pause:0/><c1e:0/>【DEVIL(恶魔)】
Persona召唤所需 || <pause:0/><c1e:0/>召唤【DEVIL】
Persona所需 || <pause:0/><c1e:0/>召唤【恶魔】
Persona所需"
dup:2ccc47c03e94,"<pause:0/><c1e:0/>【TOWER】的
Persona召唤所需","<pause:0/><c1e:0/>【TOWER(塔)】
Persona召唤所需 || <pause:0/><c1e:0/>召唤【TOWER】
Persona所需 || <pause:0/><c1e:0/>召唤【塔】
Persona所需"
dup:77bdc283c1ef,"<pause:0/><c1e:0/>【STAR】的
Persona召唤所需","<pause:0/><c1e:0/>【STAR(星星)】
Persona召唤所需 || <pause:0/><c1e:0/>召唤【STAR】
Persona所需 || <pause:0/><c1e:0/>召唤【星星】
Persona所需"
dup:f5281e5c5ac5,"<pause:0/><c1e:0/>【MOON】的
Persona召唤所需","<pause:0/><c1e:0/>【MOON(月亮)】
Persona召唤所需 || <pause:0/><c1e:0/>召唤【MOON】
Persona所需 || <pause:0/><c1e:0/>召唤【月亮】
Persona所需"
dup:4431eb759542,"<pause:0/><c1e:0/>【SUN】的
Persona召唤所需","<pause:0/><c1e:0/>【SUN(太阳)】
Persona召唤所需 || <pause:0/><c1e:0/>召唤【SUN】
Persona所需 || <pause:0/><c1e:0/>召唤【太阳】
Persona所需"
dup:55e52fdac191,"<pause:0/><c1e:0/>【JUDGEMENT】的
Persona召唤所需","<pause:0/><c1e:0/>【JUDGEMENT(审判)】
Persona召唤所需 || <pause:0/><c1e:0/>召唤【JUDGEMENT】
Persona所需 || <pause:0/><c1e:0/>召唤【审判】
Persona所需"
dup:3e084622409b,"<pause:0/><c1e:0/>【WORLD】的
Persona召唤所需","<pause:0/><c1e:0/>召唤【WORLD】
Persona所需 || <pause:0/><c1e:0/>召唤【世界】
Persona所需 || <pause:0/><c1e:0/>召唤【世界】
所需的卡牌"
dup:dd077667b8b5,"<pause:0/><c1e:0/>【FOOL】的
Persona召唤所需","<pause:0/><c1e:0/>召唤【FOOL】
Persona所需 || <pause:0/><c1e:0/>召唤【愚者】
Persona所需 || <pause:0/><c1e:0/>召唤【愚者】
所需的卡牌"
dup:4935f4c96270,"<pause:0/><c1e:0/>空白塔罗卡。
带到某处的话...?","<pause:0/><c1e:0/>空白塔罗牌。
带到某处的话...? || <pause:0/><c1e:0/>空白的塔罗牌。
带到某处可能...？ || <pause:0/><c1e:0/>空白的塔罗牌。
带到某处的话...?"
dup:527bd3bbcddf,"<pause:0/><c1e:0/>【PRIESTESS】拉克什米
召唤所需卡","<pause:0/><c1e:0/>【PRIESTESS】拉克什米
召唤所需卡片 || <pause:0/><c1e:0/>【女祭司】拉克什米
召唤所需卡片 || <pause:0/><c1e:0/>召唤【女教皇】拉克什米
所需的卡牌"
dup:51a41fe8c6c0,"<pause:0/><c1e:0/>【PRIESTESS】伊邪那美
召唤所需卡","<pause:0/><c1e:0/>【PRIESTESS】伊邪那美
召唤所需卡片 || <pause:0/><c1e:0/>【女祭司】伊邪那美
召唤所需卡片 || <pause:0/><c1e:0/>召唤【女教皇】伊邪那美
所需的卡牌"
dup:0a85dedd7a2e,"<pause:0/><c1e:0/>【EMPRESS】盖亚
召唤所需卡","<pause:0/><c1e:0/>【EMPRESS】盖亚
召唤所需卡片 || <pause:0/><c1e:0/>【女皇】盖亚的
召唤所需卡片 || <pause:0/><c1e:0/>召唤【女皇】盖亚
所需的卡牌"
dup:f467c9c712b4,"<pause:0/><c1e:0/>【EMPRESS】迦梨
召唤所需卡","<pause:0/><c1e:0/>【EMPRESS】迦梨
召唤所需卡片 || <pause:0/><c1e:0/>【女皇】迦梨的
召唤所需卡片 || <pause:0/><c1e:0/>召唤【女皇】迦梨
所需的卡牌"
dup:d962989bff2d,"<pause:0/><c1e:0/>【EMPEROR】毗湿奴
召唤所需卡","<pause:0/><c1e:0/>【EMPEROR】毗湿奴
召唤所需卡片 || <pause:0/><c1e:0/>【皇帝】毗湿奴的
召唤所需卡片 || <pause:0/><c1e:0/>召唤【皇帝】毗湿奴
所需的卡牌"
dup:2e2c83343a81,"<pause:0/><c1e:0/>【EMPEROR】奥丁
召唤所需卡","<pause:0/><c1e:0/>【EMPEROR】奥丁
召唤所需卡片 || <pause:0/><c1e:0/>【皇帝】奥丁的
召唤所需卡片 || <pause:0/><c1e:0/>召唤【皇帝】奥丁
所需的卡牌"
dup:d01bf7570f43,"<pause:0/><c1e:0/>【HIEROPHANT】梵天
召唤所需卡","<pause:0/><c1e:0/>【HIEROPHANT】梵天
召唤所需卡片 || <pause:0/><c1e:0/>【教皇】梵天的
召唤所需卡片 || <pause:0/><c1e:0/>召唤【教皇】梵天
所需的卡牌"
dup:f5dc62d17b7c,"<pause:0/><c1e:0/>【HIEROPHANT】释迦
召唤所需卡","<pause:0/><c1e:0/>【HIEROPHANT】释迦
召唤所需卡片 || <pause:0/><c1e:0/>【教皇】释迦的
召唤所需卡片 || <pause:0/><c1e:0/>召唤【教皇】释迦
所需的卡牌"
dup:d3e53498f032,"<pause:0/><c1e:0/>【CHARIOT】湿婆
召唤所需卡","<pause:0/><c1e:0/>【CHARIOT】湿婆
召唤所需卡片 || <pause:0/><c1e:0/>【战车】湿婆的
召唤所需卡片 || <pause:0/><c1e:0/>召唤【战车】湿婆
所需的卡牌"
dup:100fde270b8b,"<pause:0/><c1e:0/>【FORTUNE】诗寇蒂
召唤所需卡","<pause:0/><c1e:0/>【FORTUNE】斯库尔德
召唤所需卡片 || <pause:0/><c1e:0/>【命运】斯库尔德的
召唤所需卡片 || <pause:0/><c1e:0/>召唤【命运】诗寇蒂
所需的卡牌"
dup:84e98dac3275,"<pause:0/><c1e:0/>【JUSTICE】毗沙门天
召唤所需卡","<pause:0/><c1e:0/>【JUSTICE】毗沙门天
召唤所需卡片 || <pause:0/><c1e:0/>【正义】毗沙门天的
召唤所需卡片 || <pause:0/><c1e:0/>召唤【正义】毗沙门天
所需的卡牌"
dup:f63ad4e26fcb,<pause:0/><c1e:0/>【JUSTICE】哪吒\n召唤所需卡片,"<pause:0/><c1e:0/>【JUSTICE】哪吒的\n召唤所需的卡片 || <pause:0/><c1e:0/>【正义】哪吒的
召唤所需卡片 || <pause:0/><c1e:0/>召唤【正义】哪吒
所需的卡牌"
dup:685a006c7335,"<pause:0/><c1e:0/>【DEATH】卡戎的
召唤所需的卡片","<pause:0/><c1e:0/>【DEATH】卡戎
召唤所需卡片 || <pause:0/><c1e:0/>【死亡】卡戎的
召唤所需卡片 || <pause:0/><c1e:0/>召唤【死亡】卡戎
所需的卡牌"
dup:e70302dccbe9,"<pause:0/><c1e:0/>【TEMPERANCE】朱雀的
召唤所需的卡片","<pause:0/><c1e:0/>【TEMPERANCE】朱雀
召唤所需卡片 || <pause:0/><c1e:0/>【节制】朱雀的
召唤所需卡片 || <pause:0/><c1e:0/>召唤【节制】朱雀
所需的卡牌"
dup:e19e23242dd8,"<pause:0/><c1e:0/>【DEVIL】路西法的
召唤所需的卡片","<pause:0/><c1e:0/>【DEVIL】路西法
召唤所需卡片 || <pause:0/><c1e:0/>【恶魔】路西法的
召唤所需卡片 || <pause:0/><c1e:0/>召唤【恶魔】路西法
所需的卡牌"
dup:05c2a039e819,"<pause:0/><c1e:0/>【STAR】伊里斯的
召唤所需的卡片","<pause:0/><c1e:0/>【STAR】伊里斯
召唤所需卡片 || <pause:0/><c1e:0/>【星星】伊里斯的
召唤所需卡片 || <pause:0/><c1e:0/>召唤【星星】伊丽丝
所需的卡牌"
dup:90d6d2fd0a54,"<pause:0/><c1e:0/>【MOON】南纳尔的
召唤所需的卡片","<pause:0/><c1e:0/>【MOON】Nannarl
召唤所需的卡牌 || <pause:0/><c1e:0/>【月亮】南纳尔的
召唤所需卡片 || <pause:0/><c1e:0/>召唤【月亮】南纳尔
所需的卡牌"
dup:81e76392e726,"<pause:0/><c1e:0/>【SUN】毗卢遮那的
召唤所需的卡片","<pause:0/><c1e:0/>【SUN】Virochana
召唤所需的卡牌 || <pause:0/><c1e:0/>【太阳】毗卢遮那的
召唤所需卡片 || <pause:0/><c1e:0/>召唤【太阳】毗卢遮那
所需的卡牌"
dup:3949724a22d9,"<pause:0/><c1e:0/>【SUN】伊尔达纳赫的
召唤所需的卡片","<pause:0/><c1e:0/>【SUN】Ildanach
召唤所需的卡牌 || <pause:0/><c1e:0/>【太阳】伊尔达纳的
召唤所需卡片 || <pause:0/><c1e:0/>召唤【太阳】伊尔达纳
所需的卡牌"
dup:1784780fe99a,"<pause:0/><c1e:0/>【JUDGEMENT】撒旦的
召唤所需的卡片","<pause:0/><c1e:0/>【JUDGEMENT】Satan
召唤所需的卡牌 || <pause:0/><c1e:0/>【审判】撒旦的
召唤所需卡片 || <pause:0/><c1e:0/>召唤【审判】撒旦
所需的卡牌"
dup:2f24712af268,"<pause:0/><c1e:0/>【WORLD】尼约德的
召唤所需的卡片","<pause:0/><c1e:0/>【WORLD】Njord
召唤所需的卡牌 || <pause:0/><c1e:0/>【世界】尼奥尔德的
召唤所需卡片 || <pause:0/><c1e:0/>召唤【世界】尼约德
所需的卡牌"
dup:ca9dfbade592,"<pause:0/><c1e:0/>【FOOL】风魔小太郎的
召唤所需的卡片","<pause:0/><c1e:0/>【FOOL】Fumakotaro
召唤所需的卡牌 || <pause:0/><c1e:0/>【愚者】风魔小太郎的
召唤所需卡片 || <pause:0/><c1e:0/>召唤【愚者】风魔小太郎
所需的卡牌"
dup:eb75ca52201e,"<pause:0/><c1e:0/>Persona的持有魔法中
添加亚基","<pause:0/><c1e:0/>Persona的持有魔法
可添加Agi || <pause:0/><c1e:0/>可习得
阿基 || <pause:0/><c1e:0/>向Persona的持有魔法中
添加Agi"
dup:069d70e81ef9,"<pause:0/><c1e:0/>Persona的持有魔法中
添加亚基拉欧","<pause:0/><c1e:0/>Persona的持有魔法
可添加Agilao || <pause:0/><c1e:0/>可习得
阿基拉欧 || <pause:0/><c1e:0/>向Persona的持有魔法中
添加Agilao"
dup:832ce0ea4835,"<pause:0/><c1e:0/>Persona的持有魔法中
添加亚基达因","<pause:0/><c1e:0/>Persona的持有魔法
可添加Agidyne || <pause:0/><c1e:0/>可习得
阿基达因 || <pause:0/><c1e:0/>向Persona的持有魔法中
添加Agidyne"
dup:f63eb217891e,"<pause:0/><c1e:0/>Persona的持有魔法中
添加玛哈拉基","<pause:0/><c1e:0/>Persona的持有魔法
可添加Maragi || <pause:0/><c1e:0/>可习得
玛哈拉基 || <pause:0/><c1e:0/>向Persona的持有魔法中
添加Maragi"
dup:70d20fe23ddb,"<pause:0/><c1e:0/>Persona的持有魔法中
添加玛哈拉基翁","<pause:0/><c1e:0/>Persona的持有魔法
可添加Maragion || <pause:0/><c1e:0/>可习得
玛哈拉基翁 || <pause:0/><c1e:0/>向Persona的持有魔法中
添加Maragion"
dup:6685490d3851,"<pause:0/><c1e:0/>Persona的持有魔法中
添加玛哈拉基达因","<pause:0/><c1e:0/>Persona的魔法中
可追加玛哈拉基达因 || <pause:0/><c1e:0/>可习得
玛哈拉基达因 || <pause:0/><c1e:0/>向Persona的持有魔法中
添加Maragidyne"
dup:8eb10ab75713,"<pause:0/><c1e:0/>Persona的持有魔法中
添加阿库阿","<pause:0/><c1e:0/>Persona的魔法中
可追加阿库亚 || <pause:0/><c1e:0/>可习得
阿夸 || <pause:0/><c1e:0/>向Persona的持有魔法中
添加Aqua"
dup:5ce1a03b4add,"<pause:0/><c1e:0/>Persona的持有魔法中
添加阿库埃斯","<pause:0/><c1e:0/>Persona的魔法中
可追加阿库艾斯 || <pause:0/><c1e:0/>可习得
阿库埃斯 || <pause:0/><c1e:0/>向Persona的持有魔法中
添加Aquas"
dup:927301353f5c,"<pause:0/><c1e:0/>Persona的持有魔法中
添加阿库阿达因","<pause:0/><c1e:0/>Persona的魔法中
可追加阿库亚达因 || <pause:0/><c1e:0/>可习得
阿夸达因 || <pause:0/><c1e:0/>向Persona的持有魔法中
添加Aquadyne"
dup:ad2be1984431,"<pause:0/><c1e:0/>Persona的持有魔法中
添加玛哈阿库阿","<pause:0/><c1e:0/>Persona的魔法中
可追加玛哈阿库亚 || <pause:0/><c1e:0/>可习得
玛哈阿夸 || <pause:0/><c1e:0/>向Persona的持有魔法中
添加Maha Aqua"
dup:146478ae0b15,"<pause:0/><c1e:0/>Persona的持有魔法中
添加玛哈阿库埃斯","<pause:0/><c1e:0/>Persona的魔法中
可追加玛哈阿库艾斯 || <pause:0/><c1e:0/>可习得
玛哈阿库埃斯 || <pause:0/><c1e:0/>向Persona的持有魔法中
添加Maha Aquas"
dup:61eb9c88c0a2,"<pause:0/><c1e:0/>Persona的持有魔法中
添加玛哈阿库达因","<pause:0/><c1e:0/>Persona的魔法中
可追加玛哈阿库达因 || <pause:0/><c1e:0/>可习得
玛哈阿库达因 || <pause:0/><c1e:0/>向Persona的持有魔法中
添加Maha Aquadyne"
dup:bcc5a7ab440b,"<pause:0/><c1e:0/>Persona的持有魔法中
添加加尔","<pause:0/><c1e:0/>Persona的魔法中
可追加加尔 || <pause:0/><c1e:0/>可习得
加尔 || <pause:0/><c1e:0/>向Persona的持有魔法中
添加Garu"
dup:2cd814b6b710,"<pause:0/><c1e:0/>Persona的持有魔法中
添加加鲁拉","<pause:0/><c1e:0/>Persona的魔法中
可追加加尔拉 || <pause:0/><c1e:0/>可习得
加尔拉 || <pause:0/><c1e:0/>向Persona的持有魔法中
添加Garula"
dup:811eb445f1b0,"<pause:0/><c1e:0/>Persona可习得魔法：
加尔达因","<pause:0/><c1e:0/>Persona的魔法中
可追加加尔达因 || <pause:0/><c1e:0/>可习得
加尔达因 || <pause:0/><c1e:0/>向Persona的持有魔法中
添加Garudyne"
dup:b4116bee8bca,"<pause:0/><c1e:0/>Persona可习得魔法：
玛哈加尔","<pause:0/><c1e:0/>Persona的魔法中
可追加玛哈加尔 || <pause:0/><c1e:0/>可习得
玛哈加尔 || <pause:0/><c1e:0/>向Persona的持有魔法中
添加Maha Garu"
dup:a1b7b0a54173,"<pause:0/><c1e:0/>Persona可习得魔法：
玛哈加尔拉","<pause:0/><c1e:0/>Persona的魔法中
可追加玛哈加尔拉 || <pause:0/><c1e:0/>可习得
玛哈加尔拉 || <pause:0/><c1e:0/>向Persona的持有魔法中
添加Maha Garula"
dup:98a5fec28e84,"<pause:0/><c1e:0/>Persona可习得魔法：
玛哈加尔达因","<pause:0/><c1e:0/>Persona的魔法中
可追加玛哈加尔达因 || <pause:0/><c1e:0/>可习得
玛哈加尔达因 || <pause:0/><c1e:0/>向Persona的持有魔法中
添加Maha Garudyne"
dup:8903626419fd,"<pause:0/><c1e:0/>Persona可习得魔法：
马格纳","<pause:0/><c1e:0/>Persona的魔法中
可追加玛格 || <pause:0/><c1e:0/>可习得
玛格纳 || <pause:0/><c1e:0/>向Persona的持有魔法中
添加Magna"
dup:4dedcf134904,"<pause:0/><c1e:0/>Persona可习得魔法：
马格纳斯","<pause:0/><c1e:0/>Persona的魔法中
可追加玛格斯 || <pause:0/><c1e:0/>Persona魔法中
可添加马格纳斯 || <pause:0/><c1e:0/>可习得
玛格纳斯"
dup:c5d52ae1516a,"<pause:0/><c1e:0/>Persona可习得魔法：
马格达因","<pause:0/><c1e:0/>Persona的魔法中
可追加玛格达因 || <pause:0/><c1e:0/>Persona魔法中
可添加马格达因 || <pause:0/><c1e:0/>可习得
玛格达因"
dup:f522c4e12cec,"<pause:0/><c1e:0/>Persona可习得魔法：
玛哈格纳","<pause:0/><c1e:0/>Persona的魔法中
可追加玛哈玛格 || <pause:0/><c1e:0/>Persona魔法中
可添加玛哈马格纳 || <pause:0/><c1e:0/>可习得
玛哈玛格纳"
dup:8d38689843ad,"<pause:0/><c1e:0/>Persona可习得魔法：
玛哈格纳斯","<pause:0/><c1e:0/>Persona的魔法中
可追加玛哈玛格斯 || <pause:0/><c1e:0/>Persona魔法中
可添加玛哈马格纳斯 || <pause:0/><c1e:0/>可习得
玛哈玛格纳斯"
dup:384ec03f1882,"<pause:0/><c1e:0/>Persona可习得魔法：
玛哈格达因","<pause:0/><c1e:0/>Persona的魔法中
可追加玛哈玛格达因 || <pause:0/><c1e:0/>Persona魔法中
可添加玛哈马格达因 || <pause:0/><c1e:0/>可习得
玛哈玛格达因"
dup:29826d51f476,"<pause:0/><c1e:0/>Persona可习得魔法：
布芙","<pause:0/><c1e:0/>Persona的魔法中
可追加布芙 || <pause:0/><c1e:0/>Persona魔法中
可添加布芙 || <pause:0/><c1e:0/>可习得
布芙"
dup:bcb86e1c7afa,"<pause:0/><c1e:0/>Persona可习得魔法：
布芙拉","<pause:0/><c1e:0/>Persona可添加
布芙拉 || <pause:0/><c1e:0/>Persona的魔法中
可追加布芙拉 || <pause:0/><c1e:0/>Persona魔法中
可添加布芙拉"
dup:6075d8c96474,"<pause:0/><c1e:0/>Persona可习得魔法：
布芙达因","<pause:0/><c1e:0/>Persona可添加
布芙达因 || <pause:0/><c1e:0/>Persona的魔法中
可追加布芙达因 || <pause:0/><c1e:0/>Persona魔法中
可添加布芙达因"
dup:7bc4ebcb6c4a,"<pause:0/><c1e:0/>Persona可习得魔法：
吉欧","<pause:0/><c1e:0/>Persona可添加
吉欧 || <pause:0/><c1e:0/>Persona的魔法中
可追加吉欧 || <pause:0/><c1e:0/>Persona魔法中
可添加吉欧"
dup:f94cc73c0213,"<pause:0/><c1e:0/>Persona可习得魔法：
吉欧加","<pause:0/><c1e:0/>Persona可添加
吉欧加 || <pause:0/><c1e:0/>Persona的魔法中
可追加吉欧加 || <pause:0/><c1e:0/>Persona魔法中
可添加吉欧加"
dup:ebaa51964259,"<pause:0/><c1e:0/>Persona可习得魔法：
吉欧达因","<pause:0/><c1e:0/>Persona可添加
吉欧达因 || <pause:0/><c1e:0/>Persona的魔法中
可追加吉欧达因 || <pause:0/><c1e:0/>Persona魔法中
可添加吉欧达因"
dup:71453acede28,"<pause:0/><c1e:0/>Persona可习得魔法：
芙雷","<pause:0/><c1e:0/>Persona可添加
芙雷 || <pause:0/><c1e:0/>Persona的魔法中
弗莱可以添加 || <pause:0/><c1e:0/>Persona魔法中
可添加芙蕾"
dup:e5a83b7c4d8c,"<pause:0/><c1e:0/>Persona可习得魔法：
芙雷拉","<pause:0/><c1e:0/>Persona可添加
芙雷拉 || <pause:0/><c1e:0/>Persona的魔法中
弗莱拉可以添加 || <pause:0/><c1e:0/>Persona魔法中
可添加芙蕾拉"
dup:9811b1db626c,"<pause:0/><c1e:0/>Persona可习得魔法：
芙雷达因","<pause:0/><c1e:0/>Persona可添加
芙雷达因 || <pause:0/><c1e:0/>Persona的魔法中
弗莱达因可以添加 || <pause:0/><c1e:0/>Persona魔法中
可添加芙蕾达因"
dup:30054702c94e,"<pause:0/><c1e:0/>Persona可习得魔法：
赞","<pause:0/><c1e:0/>Persona可添加
哉恩 || <pause:0/><c1e:0/>Persona的魔法中
赞可以添加 || <pause:0/><c1e:0/>Persona魔法中
可添加赞"
dup:8f657a983398,"<pause:0/><c1e:0/>Persona可习得魔法：
赞玛","<pause:0/><c1e:0/>Persona可添加
哉恩玛 || <pause:0/><c1e:0/>Persona的魔法中
赞玛可以添加 || <pause:0/><c1e:0/>Persona魔法中
可添加赞玛"
dup:af7c7be96c15,"<pause:0/><c1e:0/>Persona可习得魔法：
赞达因","<pause:0/><c1e:0/>Persona可添加
哉恩达因 || <pause:0/><c1e:0/>Persona的魔法中
赞达因可以添加 || <pause:0/><c1e:0/>Persona魔法中
可添加赞达因"
dup:d00bd5006983,"<pause:0/><c1e:0/>Persona可习得魔法：
古拉","<pause:0/><c1e:0/>Persona可添加
古拉 || <pause:0/><c1e:0/>Persona的魔法中
格拉可以添加 || <pause:0/><c1e:0/>Persona魔法中
可添加古拉"
dup:fcfcc1a5b6d8,"<pause:0/><c1e:0/>Persona可习得魔法：
古拉巴","<pause:0/><c1e:0/>Persona可添加
古拉巴 || <pause:0/><c1e:0/>Persona的魔法中
格拉巴可以添加 || <pause:0/><c1e:0/>Persona魔法中
可添加古拉巴"
dup:0ca5cf22222d,"<pause:0/><c1e:0/>Persona可习得魔法：
古拉达因","<pause:0/><c1e:0/>Persona可添加
古拉达因 || <pause:0/><c1e:0/>Persona的魔法中
格拉达因可以添加 || <pause:0/><c1e:0/>Persona魔法中
可添加古拉达因"
dup:94a5a3727b78,"<pause:0/><c1e:0/>Persona的持有魔法中
可以添加米吉多","<pause:0/><c1e:0/>Persona可添加
米吉多 || <pause:0/><c1e:0/>Persona的魔法中
梅基多可以添加 || <pause:0/><c1e:0/>Persona魔法中
可添加梅迪亚"
dup:d5ee0c8702cd,"<pause:0/><c1e:0/>Persona的持有魔法中
可以添加米吉多拉","<pause:0/><c1e:0/>Persona可添加
米吉多拉 || <pause:0/><c1e:0/>Persona的魔法中
梅基多拉可以添加 || <pause:0/><c1e:0/>Persona魔法中
可添加梅迪亚拉"
dup:a2839d1bf487,"<pause:0/><c1e:0/>Persona的持有魔法中
可以添加米吉多拉翁","<pause:0/><c1e:0/>Persona可添加
米吉多拉翁 || <pause:0/><c1e:0/>Persona的魔法中
梅基多拉翁可以添加 || <pause:0/><c1e:0/>Persona魔法中
可添加梅迪亚拉翁"
dup:240f2b625897,"<pause:0/><c1e:0/>Persona的持有魔法中
可以添加迪亚","<pause:0/><c1e:0/>Persona可添加
迪亚 || <pause:0/><c1e:0/>Persona的魔法中
迪亚可以添加 || <pause:0/><c1e:0/>Persona魔法中
可添加迪亚"
dup:784d38d3a44e,"<pause:0/><c1e:0/>Persona的持有魔法中
可以添加迪亚拉玛","<pause:0/><c1e:0/>Persona可添加
迪亚拉玛 || <pause:0/><c1e:0/>Persona的魔法中
迪亚拉玛可以添加 || <pause:0/><c1e:0/>Persona魔法中
可添加迪亚拉玛"
dup:9acbbf772a9d,"<pause:0/><c1e:0/>Persona的持有魔法中
可以添加迪亚拉翰","<pause:0/><c1e:0/>Persona可添加
迪亚拉翰 || <pause:0/><c1e:0/>Persona的魔法中
迪亚拉罕可以添加 || <pause:0/><c1e:0/>可给Persona添加魔法
迪亚拉翰"
dup:3c99bfa56a72,"<pause:0/><c1e:0/>Persona的持有魔法中
可以添加梅迪亚","<pause:0/><c1e:0/>Persona可添加
梅迪亚 || <pause:0/><c1e:0/>Persona的魔法中
梅迪亚可以添加 || <pause:0/><c1e:0/>可给Persona添加魔法
梅迪亚"
dup:6ed152af9d2b,"<pause:0/><c1e:0/>Persona的持有魔法中
可以添加梅迪拉玛","<pause:0/><c1e:0/>Persona可添加
梅迪拉玛 || <pause:0/><c1e:0/>Persona的魔法中
梅迪拉玛可以添加 || <pause:0/><c1e:0/>可给Persona添加魔法
梅迪拉玛"
dup:50ead55412fb,"<pause:0/><c1e:0/>Persona的持有魔法中
可以添加梅迪拉翰","<pause:0/><c1e:0/>Persona可添加
梅迪拉翰 || <pause:0/><c1e:0/>Persona的魔法中
梅迪亚拉罕可以添加 || <pause:0/><c1e:0/>可给Persona添加魔法
梅迪亚拉翰"
dup:591a3d83afdb,"<pause:0/><c1e:0/>Persona的持有魔法中
可以添加波兹姆迪","<pause:0/><c1e:0/>Persona可添加
波兹姆迪 || <pause:0/><c1e:0/>Persona的魔法中
波兹姆迪可以添加 || <pause:0/><c1e:0/>可给Persona添加魔法
波兹姆迪"
dup:ea1783486158,"<pause:0/><c1e:0/>Persona的持有魔法中
可以添加科托尔迪","<pause:0/><c1e:0/>Persona可添加
科托尔迪 || <pause:0/><c1e:0/>Persona的魔法中
科托尔迪可以添加 || <pause:0/><c1e:0/>可给Persona添加魔法
科托尔迪"
dup:53e60058a10c,"<pause:0/><c1e:0/>Persona的持有魔法中
可以添加帕特拉","<pause:0/><c1e:0/>Persona的魔法中
帕特拉可以添加 || <pause:0/><c1e:0/>Persona的魔法中
添加解混乱 || <pause:0/><c1e:0/>可给Persona添加魔法
帕特拉"
dup:1dfdcc10dde6,"<pause:0/><c1e:0/>Persona的持有魔法中
可以添加梅帕特拉","<pause:0/><c1e:0/>Persona的魔法中
梅帕特拉可以添加 || <pause:0/><c1e:0/>Persona的魔法中
添加群解混乱 || <pause:0/><c1e:0/>可给Persona添加魔法
梅帕特拉"
dup:4faaeb473302,"<pause:0/><c1e:0/>Persona的持有魔法中
可以添加利卡姆","<pause:0/><c1e:0/>Persona的魔法中
利卡姆可以添加 || <pause:0/><c1e:0/>Persona的魔法中
添加复活 || <pause:0/><c1e:0/>可给Persona添加魔法
利卡姆"
dup:45007d55afe9,"<pause:0/><c1e:0/>Persona的持有魔法中
可以添加萨玛利卡姆","<pause:0/><c1e:0/>Persona的魔法中
添加完全复活 || <pause:0/><c1e:0/>Persona的魔法中
萨玛利卡姆可以添加 || <pause:0/><c1e:0/>可给Persona添加魔法
萨玛利卡姆"
dup:3aef67cbcd5d,"<pause:0/><c1e:0/>Persona的持有魔法中
可以添加利卡姆多拉","<pause:0/><c1e:0/>Persona的魔法中
利卡姆德拉可以添加 || <pause:0/><c1e:0/>Persona的魔法中
添加牺牲复活 || <pause:0/><c1e:0/>可给Persona添加魔法
利卡姆朵拉"
dup:14a1abfd4e59,"<pause:0/><c1e:0/>Persona的持有魔法中
可以添加多鲁米纳","<pause:0/><c1e:0/>Persona的魔法中
添加睡眠 || <pause:0/><c1e:0/>可向Persona魔法列表
添加多珥米那 || <pause:0/><c1e:0/>可给Persona添加魔法
多尔米娜"
dup:31046b8849a6,"<pause:0/><c1e:0/>Persona的持有魔法中
可以添加波伊兹玛","<pause:0/><c1e:0/>Persona的魔法中
添加中毒 || <pause:0/><c1e:0/>可向Persona魔法列表
添加波伊兹玛 || <pause:0/><c1e:0/>可给Persona添加魔法
波伊兹玛"
dup:61a1d67f8027,"<pause:0/><c1e:0/>Persona的持有魔法中
可以添加玛琳卡琳","<pause:0/><c1e:0/>Persona的魔法中
添加魅惑 || <pause:0/><c1e:0/>可向Persona魔法列表
添加玛琳卡琳 || <pause:0/><c1e:0/>可给Persona添加魔法
马林卡林"
dup:473baba3de23,"<pause:0/><c1e:0/>Persona的持有魔法中
可以添加普林帕","<pause:0/><c1e:0/>Persona的魔法中
添加恐惧 || <pause:0/><c1e:0/>可向Persona魔法列表
添加普林帕 || <pause:0/><c1e:0/>可给Persona添加魔法
普林帕"
dup:7e14f8ff5318,"<pause:0/><c1e:0/>Persona的持有魔法中
可以添加玛芙伊","<pause:0/><c1e:0/>Persona的魔法中
添加沉默 || <pause:0/><c1e:0/>可向Persona魔法列表
添加玛芙 || <pause:0/><c1e:0/>可给Persona添加魔法
玛芙伊"
dup:7cc3529cb11d,"<pause:0/><c1e:0/>Persona的持有魔法中
可以添加巴尔扎克","<pause:0/><c1e:0/>Persona的魔法中
添加狂暴 || <pause:0/><c1e:0/>可向Persona魔法列表
添加巴尔扎克 || <pause:0/><c1e:0/>可给Persona添加魔法
巴尔扎克"
dup:bb0329d0558a,"<pause:0/><c1e:0/>Persona的持有魔法中
可以添加伊尔佐恩","<pause:0/><c1e:0/>Persona的魔法中
添加绝望 || <pause:0/><c1e:0/>可向Persona魔法列表
添加伊尔佐恩 || <pause:0/><c1e:0/>可给Persona添加魔法
伊尔佐恩"
dup:444d76442333,"<pause:0/><c1e:0/>Persona的持有魔法中
可以添加塔尔卡加","<pause:0/><c1e:0/>Persona的魔法中
添加攻击提升 || <pause:0/><c1e:0/>可向Persona魔法列表
添加塔尔卡加 || <pause:0/><c1e:0/>可给Persona添加魔法
塔尔卡加"
dup:c5357440396a,"<pause:0/><c1e:0/>Persona的持有魔法中
可以添加拉库卡加","<pause:0/><c1e:0/>Persona的魔法中
添加防御提升 || <pause:0/><c1e:0/>可向Persona魔法列表
添加拉库卡加 || <pause:0/><c1e:0/>可给Persona添加魔法
拉库卡加"
dup:55b3c023f485,"<pause:0/><c1e:0/>Persona的持有魔法中
添加魔加","<pause:0/><c1e:0/>Persona的魔法中
添加魔攻提升 || <pause:0/><c1e:0/>可向Persona魔法列表
添加玛哈卡加 || <pause:0/><c1e:0/>可给Persona添加魔法
玛卡卡加"
dup:21312458e66d,"<pause:0/><c1e:0/>Persona的持有魔法中
添加魔防加","<pause:0/><c1e:0/>Persona的魔法中
添加魔防提升 || <pause:0/><c1e:0/>可向Persona魔法列表
添加萨玛卡加 || <pause:0/><c1e:0/>可给Persona添加魔法
萨玛卡加"
dup:15ab0ffc3b89,"<pause:0/><c1e:0/>Persona的持有魔法中
添加速加","<pause:0/><c1e:0/>Persona的魔法中
添加速度提升 || <pause:0/><c1e:0/>可向Persona魔法列表
添加斯库卡加 || <pause:0/><c1e:0/>可给Persona添加魔法
斯库卡加"
dup:971a4e293a0a,"<pause:0/><c1e:0/>Persona的持有魔法中
添加解加","<pause:0/><c1e:0/>Persona的魔法中
添加解除强化 || <pause:0/><c1e:0/>可向Persona魔法列表
添加迪卡加 || <pause:0/><c1e:0/>可给Persona添加魔法
德卡加"
dup:b8500fb93a63,<pause:0/><c1e:0/>可给Persona添加魔法\n提特拉加,"<pause:0/><c1e:0/>Persona的持有魔法中
添加物攻加 || <pause:0/><c1e:0/>Persona的魔法中
添加物理反射 || <pause:0/><c1e:0/>可向Persona魔法列表
添加迪特拉加"
dup:b2687f65187b,"<pause:0/><c1e:0/>Persona的持有魔法中
添加物反","<pause:0/><c1e:0/>Persona可习得
四重结界 || <pause:0/><c1e:0/>Persona的魔法中
添加物理反射 || <pause:0/><c1e:0/>可向Persona魔法列表
添加迪特拉康"
dup:7b82c7f6f23f,"<pause:0/><c1e:0/>Persona的持有魔法中
添加魔反","<pause:0/><c1e:0/>Persona可习得
玛卡拉结界 || <pause:0/><c1e:0/>Persona的魔法中
添加魔法反射 || <pause:0/><c1e:0/>可向Persona魔法列表
添加玛卡拉康"
dup:0b7434226967,"<pause:0/><c1e:0/>Persona的持有魔法中
添加避敌","<pause:0/><c1e:0/>Persona可习得
艾斯托玛 || <pause:0/><c1e:0/>Persona的魔法中
添加避敌 || <pause:0/><c1e:0/>可向Persona魔法列表
添加艾斯托玛"
dup:a1b84dc47c4e,"<pause:0/><c1e:0/>Persona的持有魔法中
添加脱逃","<pause:0/><c1e:0/>Persona可习得
特拉芙莉 || <pause:0/><c1e:0/>Persona的魔法中
添加逃跑 || <pause:0/><c1e:0/>可向Persona魔法列表
添加特拉芙莉"
dup:005760a7bfbc,<pause:0/><c1e:0/>Persona的STR提升8,<pause:0/><c1e:0/>Persona力量提升8点 || <pause:0/><c1e:0/>Persona的STR+8 || <pause:0/><c1e:0/>提升Persona的STR 8点
dup:8551cffe93f4,<pause:0/><c1e:0/>Persona的VIT提升8,<pause:0/><c1e:0/>Persona体力提升8点 || <pause:0/><c1e:0/>Persona的VIT+8 || <pause:0/><c1e:0/>提升Persona的VIT 8点
dup:a42a299c673f,<pause:0/><c1e:0/>Persona的TEC提升8,<pause:0/><c1e:0/>Persona技巧提升8点 || <pause:0/><c1e:0/>Persona的TEC+8
dup:6718a69efdcd,<pause:0/><c1e:0/>Persona的AGI提升8,<pause:0/><c1e:0/>Persona敏捷提升8点 || <pause:0/><c1e:0/>Persona的AGI+8
dup:f13d9c85b015,<pause:0/><c1e:0/>Persona的LUC提升8,<pause:0/><c1e:0/>Persona的LUC+8 || <pause:0/><c1e:0/>Persona运气提升8点
dup:3451a0680ab5,<pause:0/><c1e:0/>Persona的基本能力各提升4,<pause:0/><c1e:0/>Persona全能力+4 || <pause:0/><c1e:0/>Persona全能力提升4点
dup:451c4f6d7f24,"
<SURNAME/><c1d:9/>上着锁。<c1d:1/>
","
<SURNAME/><c1d:9/>锁着。<c1d:1/>
"
dup:7cfa1ef74932,"
<option:2/>腾出空位
不腾出空位
<option_end/>","
<option:2/>腾出空位
保持现状
<option_end/>"
dup:695f591a5db4,"
<SURNAME/>唔可以！（嗯木～伊）不要不要不要！！
<SURNAME/>被那种色老头碰到，绝对不要！！<pause:30/>
<SURNAME/>肯定假借治疗名义，想做下流事啦！","
<SURNAME/>不可以！不要不要不要!!
<SURNAME/>被那种色老头碰，绝对不要!!<pause:30/>
<SURNAME/>肯定说什么治疗的名义，想做H的事！"
dup:652bcafafe37,"
<SURNAME/>那个模特儿算老几!?
<SURNAME/>超火大的吧?","
<SURNAME/>那个人偶算老几!?
<SURNAME/>超火大的吧?"
dup:4bfd1deb5110,"
<SURNAME/>你得再多培养点品味才行呢。<pause:15/>
<SURNAME/>下次好好给你上一课。<pause:15/>
<SURNAME/>再见。 ","
<SURNAME/>你得再多培养点品味才行。<pause:15/>
<SURNAME/>下次我好好给你上上课。<pause:15/>
<SURNAME/>再见。"
dup:8ff6ca34c44d,"
<SURNAME/>哎呀，欢迎光临。<pause:10/>
<SURNAME/>怎么样?<SURNAME/><pause:10/>这里只放漂亮的衣服哦。<pause:15/>
<SURNAME/>所以别犹豫，买走吧。","
<SURNAME/>哎呀，欢迎光临。<pause:10/>
<SURNAME/>怎么样？<SURNAME/><pause:10/>这里只有漂亮的衣服。<pause:15/>
<SURNAME/>所以别犹豫，买走吧。"
dup:6df66cb38949,"
<SURNAME/>…那个，这里有转校生吧？<pause:15/>
<SURNAME/>现在在哪儿，知道吗？","
<SURNAME/>…那，这里有转校生对吧?<pause:15/>
<SURNAME/>知道他现在在哪吗?"
dup:536bb8378e11,"
<SURNAME/>转校生？<SURNAME/>啊，那家伙啊…<pause:15/>
<SURNAME/>不，最近没来学校。<pause:15/>
<SURNAME/>是不是住院了？<SURNAME/>我不知道。","
<SURNAME/>转校生?<SURNAME/>啊，那家伙啊…<pause:15/>
<SURNAME/>不，最近没来学校。<pause:15/>
<SURNAME/>可能住院了吧?<SURNAME/>我不知道。"
dup:0de56eedc5d0,"
<SURNAME/>怎么了？<SURNAME/>荣吉君。<pause:15/>
<SURNAME/>那个转校生是你认识的人吗？","
<SURNAME/>怎么了?<SURNAME/>荣吉君。<pause:15/>
<SURNAME/>那个转校生是你认识的人吗?"
dup:50876d0a97d0,玛克西风暴,最大风暴
dup:ffd4e78e03b8,"
<SURNAME/>现在不就在说话吗!
<SURNAME/>何等无礼之人，哼!
<SURNAME/>怒发冲冠矣!<SURNAME/>哼!哼!","
<SURNAME/>现在不就在说话吗！
<SURNAME/>多么失礼的人类啊，噗！
<SURNAME/>怒发冲冠了啦！<SURNAME/>噗噗、噗噗！"
dup:70b4606790f4,"
<SURNAME/>喂<c14/>、<pause:15/>
<SURNAME/>假面党游戏里，药房这种地方
<SURNAME/>我们还没玩过吧？","
<SURNAME/>喂<c14/>、<pause:15/>
<SURNAME/>假面党游戏里，药铺这种
<SURNAME/>还没玩过呢。"
dup:dc1d865de9c2,"
<SURNAME/>喂<c13/>，等这个事件解决了，
<SURNAME/>我们再大家一起玩假面党游戏吧。<pause:15/>
<SURNAME/>说不定挺有趣的！","
<SURNAME/>喂<c13/>、等这个事件解决了
<SURNAME/>大家再一起玩假面党游戏吧。<pause:15/>
<SURNAME/>说不定挺有趣的！"
dup:cc07345dd280,"
<SURNAME/>就是啊，
<SURNAME/>如果米切先生出了什么事，
<SURNAME/>春日山高中就完蛋了！","
<SURNAME/>就是啊，
<SURNAME/>米切先生要是有个三长两短，
<SURNAME/>春日山高中就完蛋了！"
dup:be7d18539ad4,"
<SURNAME/>…搞什么突然这样…<pause:15/>
<SURNAME/>你们不是康夫的左右手吗？
<SURNAME/>不是一直把我当眼中钉吗？","
<SURNAME/>…搞什么突然…<pause:15/>
<SURNAME/>你们不是康夫的左右手吗？
<SURNAME/>不是总把老子当眼中钉吗？"
dup:23eea955028a,"
<SURNAME/>这、这完全是误会。
<SURNAME/>其实我们也对那个会长的任性妄为
<SURNAME/>感到非常头疼。","
<SURNAME/>哪里，那是天大的误会。
<SURNAME/>其实我们也对那位会长的任性
<SURNAME/>感到非常困扰。"
dup:5709d5c6a17d,"
<SURNAME/>如果趁此机会把那家伙打趴下，
<SURNAME/>这个学生会，乃至整个学校，
<SURNAME/>都会变得更加和平健全。","
<SURNAME/>趁此机会若能打倒那家伙，
<SURNAME/>这个学生会乃至整个学校，
<SURNAME/>都会更和平健全。"
dup:0f91e50123f5,"
<SURNAME/>那家伙似乎因为害怕你，
<SURNAME/>躲在学校某个地方。请设法找到他，
<SURNAME/>打倒那个邪恶的化身！","
<SURNAME/>那家伙似乎因惧怕您，
<SURNAME/>藏身在学校某处。请设法找出他，
<SURNAME/>打倒那个邪恶的化身！"
dup:f45b25cd03b4,"
<SURNAME/>知～道了，知～道了。<pause:15/>
<SURNAME/>那么，康夫躲在哪里，
<SURNAME/>你们有线索吗？","
<SURNAME/>知道啦，知道啦。<pause:15/>
<SURNAME/>那，康夫躲哪儿了，
<SURNAME/>有线索吗？"
dup:81d86bae2967,\n<SURNAME/>终于，现在、过去、未来，\n<SURNAME/>连绵的时间之环开始转动，\n<SURNAME/>希巴尔巴现出了身影。\n,"
<SURNAME/>终于，现在、过去、未来、
<SURNAME/>相连的时间之环开始转动，
<SURNAME/>希巴尔巴现出了其身影。
"
dup:965341b14fb9,\n<SURNAME/>从今往后，等待诸君的，\n<SURNAME/>是这伏行之混沌所编织的更残酷的命运…\n,\n<SURNAME/>今后等待诸君的，\n<SURNAME/>将是伏行而来的混沌所编织的、更为严酷的命运吧…\n
dup:abd02cda989f,\n<SURNAME/>伏行之混沌…<pause:30/>\n<SURNAME/>那究竟是什么…?<pause:30/>\n,\n<SURNAME/>伏行之混沌…<pause:30/>\n<SURNAME/>那到底是什么…?<pause:30/>\n
dup:608202c57dc2,\n<SURNAME/>还有太多不明白的事。<pause:30/>\n<SURNAME/>关于淳君的父亲、那个Persona…<pause:30/>\n<SURNAME/>为什么传闻会变成现实…\n,"
<SURNAME/>还有太多未解之事。<pause:30/>
<SURNAME/>淳君父亲的事，那个Persona的事…<pause:30/>
<SURNAME/>为何传闻会成真…
"
dup:64aa43b8bd93,"
<SURNAME/>终有一日会明白…<pause:30/>
<SURNAME/>若说有人能阻止那家伙的黑暗猖獗，
<SURNAME/>非诸位莫属。
","
<SURNAME/>终有一天，一切都会明了…<pause:30/>
<SURNAME/>若说有人能阻止那家伙…黑暗的猖獗，
<SURNAME/>那非诸君莫属。
"
dup:5fd31254405f,"
<SURNAME/>十年培育的思念之力…<pause:30/>
<SURNAME/>让那家伙见识诸位的可能性吧。
","
<SURNAME/>历经十年培育的思念之力…<pause:30/>
<SURNAME/>就让他见识一下诸君的可能性吧。
"
dup:c15febc2b277,\n<SURNAME/>将黛<SURNAME/>雪野的Persona能力，\n<SURNAME/>托付给黑须<SURNAME/>淳吧。\n,"
<SURNAME/>将黛<SURNAME/>雪野的Persona能力，
<SURNAME/>托付给黑须<SURNAME/>淳吧。
"
dup:f4f2f71946dd,\n<SURNAME/>吾乃赫尔墨斯…<pause:30/>\n<SURNAME/>赐予幸运与财富者，亦是亡魂的引路人…<pause:30/>\n<SURNAME/>吾之分身啊，以如风般无私之心去爱人吧…\n,"
<SURNAME/>吾乃赫尔墨斯…<pause:30/>
<SURNAME/>赐予幸运与财富者，亦是亡魂的引路人…<pause:30/>
<SURNAME/>吾之分身啊，以如风般无私之心去爱人吧…
"
dup:5e0b86f65777,\n<SURNAME/>好温暖…<pause:30/>\n<SURNAME/>黛小姐…谢谢你…<pause:30/>\n<SURNAME/>你的心意，我不会辜负…\n,"
<SURNAME/>好温暖…<pause:30/>
<SURNAME/>黛小姐…谢谢你…<pause:30/>
<SURNAME/>你的心意，我不会辜负…
"
dup:5b95dbe81c0e,\n<SURNAME/>其他诸君，似乎也找到了幼时改变自己的、\n<SURNAME/>真正的Persona…<pause:30/>\n<SURNAME/>那份思念，必将成为抓住明日的力量吧。\n,"
<SURNAME/>其他诸君，似乎也找到了幼时改变自己的、
<SURNAME/>真正的Persona…<pause:30/>
<SURNAME/>那份思念，必将成为抓住明日的力量吧。
"
dup:5082730f7dcd,\n<SURNAME/>吾即汝…汝即吾…<pause:30/>\n<SURNAME/>吾乃自汝心之海而生者…<pause:30/>\n<SURNAME/>烈日与苍穹之支配者阿波罗是也…\n,"
<SURNAME/>吾即汝…汝即吾…<pause:30/>
<SURNAME/>吾乃自汝心之海而生者…<pause:30/>
<SURNAME/>烈日与苍穹之支配者阿波罗是也…
"
dup:50d65eca8a33,\n<SURNAME/>吾乃阿尔忒弥斯…<pause:30/>\n<SURNAME/>朦胧、照耀诸行之月女神…<pause:30/>\n<SURNAME/>汝、纯洁之半身啊。莫要畏惧宿命\n,"
<SURNAME/>吾乃阿尔忒弥斯…<pause:30/>
<SURNAME/>朦胧、照耀诸行之月女神…<pause:30/>
<SURNAME/>汝、纯洁之半身啊。莫要畏惧宿命
"
dup:1a7f21132bfb,<SURNAME/>我跟你说啊… <SURNAME/>10年前，这座城市不是发生了连环纵火案吗? <SURNAME/>那时死了好多人，可犯人一直没抓到…,<SURNAME/>那个啊… <SURNAME/>10年前，这个城市不是发生了连环纵火案吗？ <SURNAME/>那时死了很多人，可是犯人一直没抓到…
dup:1940920a0940,<SURNAME/>啊对了<c12/>君、<pause:10/>职员室也有 <SURNAME/>校徽哦!<SURNAME/><pause:15/>这里交给我们收拾 <SURNAME/>，<c12/>君快去砸掉它。,<SURNAME/>啊对了<c12/>君、<pause:10/>职员室也有 <SURNAME/>校徽哦!<SURNAME/><pause:15/>这里交给我们收拾 <SURNAME/>，<c12/>君你快去砸掉它吧。
dup:42029126ca04,"
<SURNAME/>欢迎光临～。
<SURNAME/>呵呵。<pause:15/>
<SURNAME/>欢迎来到里见忠港南分店～♪","
<SURNAME/>欢迎光临〜。
<SURNAME/>呜嘿嘿嘿。<pause:15/>
<SURNAME/>欢迎来到佐富多田港南分店〜♪"
dup:0bc3da988833,"
<SURNAME/>还有其他什么事吗～？","
<SURNAME/>还有其他什么事吗〜?"
dup:12f2d77f7b98,"
<SURNAME/>好好，谢谢啦～
<SURNAME/>下次再来哦～","
<SURNAME/>好好，谢谢啦〜
<SURNAME/>请再来光临啊〜"
dup:563971b8adad,"
<SURNAME/>啊啊啊啊啊啊啊…!?<pause:30/>
<SURNAME/>住…住手啊啊啊啊啊…!!
","
<SURNAME/>啊啊啊啊啊啊…!?<pause:30/>
<SURNAME/>住…住手啊啊啊啊啊…!!
"
dup:16e7096b9cb0,"
<SURNAME/>Bonjour，先生。
<SURNAME/>欢迎来到Claire de Lune。<pause:15/>
<SURNAME/>今天要不要试试这边的套餐？","
<SURNAME/>日安，先生。
<SURNAME/>欢迎光临克莱尔·德·吕讷。<pause:15/>
<SURNAME/>今日可要试试本店套餐？"
dup:2cef4aa0d09c,"
<SURNAME/>还有其他需要吗？
<SURNAME/>请尽管吩咐。","
<SURNAME/>还有其他吩咐吗？
<SURNAME/>请尽管提出。"
dup:bf5182dd181c,"
<SURNAME/>Au revoir…<pause:15/>
<SURNAME/>衷心期待
<SURNAME/>您的再次光临。","
<SURNAME/>再会…<pause:15/>
<SURNAME/>衷心恭候
<SURNAME/>您的再度光临。 "
dup:73c1d998e537,"
<SURNAME/><c13/>君，
<SURNAME/>那边不是刚才进来的门吗？
<SURNAME/>从对面的门出去吧。
","
<SURNAME/><c13/>君，
<SURNAME/>那边不是刚才进来的门吗?
<SURNAME/>从对面的门出去吧。
 || 
<SURNAME/><c13/>，
<SURNAME/>那边不是刚才进来的门吗?
<SURNAME/>从反方向那扇出去吧。
"
dup:b9db304863df,埃什玛,阿埃什玛
dup:e35e8414bad9,<SURNAME/>就凭你这种人、别说世界了、连一个人都救不了。 <SURNAME/>若是只懂得随波逐流、那就趁早退出吧…<pause:30/> <SURNAME/>其实你心里、早就恨透了黑须吧。,<SURNAME/>就凭你这种家伙、别说拯救世界了、连一个人你都救不了。 <SURNAME/>要是连打这场战斗你都只是被人推着走、那就趁早退出吧…<pause:30/> <SURNAME/>其实你心里、早就恨透了黑须吧。
dup:dfbe29a73488,"<pause:0/><c1e:0/>【魔法】<SURNAME/>相性:??
普通的加尔拉和<SURNAME/>似乎有些不同啊...","<pause:0/><c1e:0/>【魔法】<SURNAME/>相性:??
和普通的加尔拉相比，<SURNAME/>似乎有些不同啊……"
dup:bb2f02ad578a,请选择进行接触的成员,请选择接触成员
dup:58dfb4c66cf5,请选择或组合成员,请选择成员：决定/组合
dup:cc4bacecf625,如果没问题，请决定,请确认决定
dup:9f526a072681,请选择接触命令,请选择接触指令
dup:29c3fbdda6de,论男子汉\n,"谈男子气
"
dup:549f429916d9,谈论亲情\n,"谈亲子
"
dup:4075a249ea0c,捧杀\n,"赞美至死
"
dup:245113b3fe63,抓拍丑态\n,拍照杀死\n
dup:a5ec4e739fc3,星座占卜\n,占星\n
dup:0b842379b930,笑里藏刀\n,用花杀死\n
dup:2518e0978298,<c5:0/><c1e:0/><c1d:11/>两人的关系<c1d:9/>\n 动手比动口快，性格相似的一对<c1d:1/>\n<c6/>\n,"<c5:0/><c1e:0/><c1d:11/>两人的关系<c1d:9/>
 动手比动口快的、相似的一对<c1d:1/>
<c6/>
"
dup:8946b443c14d,<c5:0/><c1e:0/><c1d:11/>三人的关系<c1d:9/>\n 三个女人奇妙的团结又怀揣竞争的女性心理？<c1d:1/>\n<c6/>\n,<c5:0/><c1e:0/><c1d:11/>三人的关系<c1d:9/>\n 三女奇妙团结又竞争的女心？<c1d:1/>\n<c6/>\n
dup:b5d9a1e8a384,<c5:0/><c1e:0/><c1d:11/>三人的关系<c1d:9/>\n 三个女人互相信任又相互竞争的微妙女性心理？<c1d:1/>\n<c6/>\n,<c5:0/><c1e:0/><c1d:11/>三人的关系<c1d:9/>\n 三女信任又竞争的女心？<c1d:1/>\n<c6/>\n
dup:e4d843e6baf7,\n<SURNAME/><c13/>…<pause:30/>\n<SURNAME/>一直…<pause:30/>\n<SURNAME/>都在为我留着吗…?\n,\n<SURNAME/><c13/>…<pause:30/>\n<SURNAME/>一直…<pause:30/>\n<SURNAME/>都在为我留着着吗…?\n
dup:109c04f6cb33,\n<SURNAME/>真没出息。<pause:30/>\n<SURNAME/>作为假面党的首领，竟接受敌人的怜悯吗?\n,\n<SURNAME/>真没出息。<pause:30/>\n<SURNAME/>作为假面党的首领、竟接受敌人的怜悯?\n
dup:cfc45d9a0f76,\n<SURNAME/>来吧淳…<pause:30/>\n<SURNAME/>完成复仇、开启通往理想乡的道路吧。\n,"
<SURNAME/>来吧淳…<pause:30/>
<SURNAME/>完成复仇，开启通往理想乡的道路吧。
"
dup:e9ff56168556,\n<SURNAME/>住手吧…爸爸…<pause:30/>\n<SURNAME/>我只是想像大姐姐那样，\n<SURNAME/>成为引导大家走向理想的人而已!\n,\n<SURNAME/>住手吧…爸爸…<pause:30/>\n<SURNAME/>我只是想像大姐姐那样、\n<SURNAME/>成为引导大家走向理想的人而已!\n
dup:829e6d5f519b,"
<SURNAME/>所以，我才赐予你那份力量与印·拉凯奇。
<SURNAME/>你的梦想，应该已经实现了。
<SURNAME/>为何要违抗我?
","
<SURNAME/>所以、我才赐予你那份力量与In Lak'ech。
<SURNAME/>你的梦想、应该已经实现了。
<SURNAME/>为何要违抗我?
"
dup:b3c8ee292a91,"
<SURNAME/>这次，轮到你实现我的梦想了…<pause:30/>
<SURNAME/>迷惑你的人，就由我这个父亲来排除。
<SURNAME/>来吧，过来。
","
<SURNAME/>这次、轮到你实现我的梦想了…<pause:30/>
<SURNAME/>迷惑你的家伙、就由我这个父亲来排除。
<SURNAME/>来吧、过来。
"
dup:552d896fa8ee,\n<SURNAME/>………<pause:60/>\n<SURNAME/>哼…好吧。<pause:30/>\n<SURNAME/>淳…你已经脱离了命运之轮。\n,"
<SURNAME/>………<pause:60/>
<SURNAME/>哼…好吧。<pause:30/>
<SURNAME/>淳…你已偏离了命运之轮。
"
dup:49194d83ce55,"
<SURNAME/>假面党由我率领。
<SURNAME/>与旧世界一同，成为新世界的基石吧…<pause:30/>
<SURNAME/>再见了，儿子。
","
<SURNAME/>假面党由我率领。
<SURNAME/>与旧世界一同、成为新世界的基石吧…<pause:30/>
<SURNAME/>再见了、儿子。
"
dup:be82fd6945f5,<SURNAME/>这里的校徽都处理完了。 <SURNAME/>接下来去哪儿?,<SURNAME/>这里的校徽，已经全部处理掉了。 <SURNAME/>那么接下来是哪里呢?
dup:93f1d4721e1d,<SURNAME/>对了，有学生说 <SURNAME/>职员室也有校徽。<pause:15/> <SURNAME/>那就只剩职员室的了吧?,<SURNAME/>说起来，有学生说， <SURNAME/>职员室也有校徽哦。<pause:15/> <SURNAME/>那剩下的就只有职员室里的那些了吧?
