classification,source_file,string_id,local_path,jp,local_content,candidate_contents_json,merged_contents_json
local_conflict_review,config:0x2b0,config:0x2b0,frontend/public/games/p2is/groups/config_0x2b0.json,<1103>EXIT,<1103>EXIT,"[""<1103>离开""]","[""<1103>离开""]"
local_conflict_review,config:0x360,config:0x360,frontend/public/games/p2is/groups/config_0x360.json,<1103>移動中のコマンド,<1103>移动中的命令,"[""<1103>移动中的指令""]","[""<1103>移动中的指令""]"
local_conflict_review,config:0x3ca,config:0x3ca,frontend/public/games/p2is/groups/config_0x3ca.json,<1103>方向キーで選択 ○ボタンで決定,<1103>方向键选择 ○键决定,"[""<1103>方向键选择 ○键确定""]","[""<1103>方向键选择 ○键确定""]"
local_conflict_review,config:0x5d0,config:0x5d0,frontend/public/games/p2is/groups/config_0x5d0.json,ONにすると振動ガ起こる場面で,设置为ON时，在振动场景中,"[""设置为ON时，会触发震动""]","[""设置为ON时，会触发震动""]"
local_conflict_review,config:0x87c,config:0x87c,frontend/public/games/p2is/groups/config_0x87c.json,<1103>セブンス,<1103>第七,"[""七姐妹校""]","[""七姐妹校""]"
merged_versions_conflict,field:1,field:1:0x58450,frontend/public/games/p2is/groups/field_1.json,先制攻撃のチャンス!\n,"先制攻击的机会！
","[""奇袭成功！\\n"", ""奇袭成功！""]","[""奇袭成功！\\n"", ""奇袭成功！""]"
merged_versions_conflict,field:1,field:1:0x58468,frontend/public/games/p2is/groups/field_1.json,の魔法を習得した\n,"学会了魔法
","[""的魔法已习得\\n"", ""的魔法已习得""]","[""的魔法已习得\\n"", ""的魔法已习得""]"
local_conflict_review,field:1,field:1:0x5847c,frontend/public/games/p2is/groups/field_1.json,2ランクレベルアップ\n,"等级提升了2级
","[""阶级提升了2级""]","[""阶级提升了2级""]"
merged_versions_conflict,field:1,field:1:0x58494,frontend/public/games/p2is/groups/field_1.json,パラメータガ上昇した\n,"参数上升了
","[""数值提升了\\n"", ""数值提升了""]","[""数值提升了\\n"", ""数值提升了""]"
local_conflict_review,field:1,field:1:0x584ac,frontend/public/games/p2is/groups/field_1.json,変異能力を身につけた\n,"掌握了变异能力
","[""掌握了变异能力\\n""]","[""掌握了变异能力\\n""]"
local_conflict_review,field:1,field:1:0x584de,frontend/public/games/p2is/groups/field_1.json,潜在的な能力ガ発動!\n,"潜在能力发动了！
","[""潜在能力发动了！\\n""]","[""潜在能力发动了！\\n""]"
merged_versions_conflict,field:1,field:1:0x584fe,frontend/public/games/p2is/groups/field_1.json,達は全滅した\n,"全员被全灭了
","[""们被全灭了\\n"", ""们被全灭了""]","[""们被全灭了\\n"", ""们被全灭了""]"
local_conflict_review,field:1,field:1:0x5850e,frontend/public/games/p2is/groups/field_1.json,舞耶「火ガ・・火ガ怖い!!」\n,"舞耶「火・・火好可怕!!」
","[""舞耶「火・・火好可怕!!」\\n\n""]","[""舞耶「火・・火好可怕!!」\\n\n""]"
local_conflict_review,field:1,field:1:0x58546,frontend/public/games/p2is/groups/field_1.json,逃げ出した\n,"逃跑了
","[""逃跑了\\n""]","[""逃跑了\\n""]"
local_conflict_review,field:1,field:1:0x58554,frontend/public/games/p2is/groups/field_1.json,こけた\n,"摔倒了
","[""摔倒了\\n""]","[""摔倒了\\n""]"
local_conflict_review,field:1,field:1:0x5862c,frontend/public/games/p2is/groups/field_1.json,行動を変更するメンバーを選択して下さい\n,"请选择要更改行动的成员
","[""请选择要更改行动的成员\\n""]","[""请选择要更改行动的成员\\n""]"
merged_versions_conflict,field:1,field:1:0x58656,frontend/public/games/p2is/groups/field_1.json,の行動を選択して下さい\n,"请选择[某人]的行动
","[""的行动进行选择\\n"", ""的行动进行选择""]","[""的行动进行选择\\n"", ""的行动进行选择""]"
local_conflict_review,field:1,field:1:0x58670,frontend/public/games/p2is/groups/field_1.json,対象を選択して下さい\n,"请选择目标
","[""请选择目标\\n""]","[""请选择目标\\n""]"
local_conflict_review,field:1,field:1:0x586a8,frontend/public/games/p2is/groups/field_1.json,使用するアイテムを選択して下さい\n,"请选择要使用的物品
","[""请选择要使用的物品\\n""]","[""请选择要使用的物品\\n""]"
local_conflict_review,field:1,field:1:0x586cc,frontend/public/games/p2is/groups/field_1.json,変更するペルソナを選択して下さい\n,"请选择要更改的人格面具
","[""请选择要更改的人格面具\\n""]","[""请选择要更改的人格面具\\n""]"
local_conflict_review,field:1,field:1:0x586f0,frontend/public/games/p2is/groups/field_1.json,アナライズする悪魔を選択して下さい\n,"请选择要分析的恶魔
","[""请选择要分析的恶魔\\n""]","[""请选择要分析的恶魔\\n""]"
merged_versions_conflict,field:1,field:1:0x58716,frontend/public/games/p2is/groups/field_1.json,3ポイントを振り分けて下さい\n,请分配3点\n,"[""请分配3点技能点\\n"", ""请分配3点技能点""]","[""请分配3点技能点\\n"", ""请分配3点技能点""]"
merged_versions_conflict,field:1,field:1:0x58850,frontend/public/games/p2is/groups/field_1.json,各種設定をしてください\n,请进行各种设置\n,"[""请进行各项设置\\n"", ""请进行各项设置""]","[""请进行各项设置\\n"", ""请进行各项设置""]"
local_conflict_review,field:1,field:1:0x588cc,frontend/public/games/p2is/groups/field_1.json,敵悪魔の詳細データを確認します\n,确认敌恶魔的详细数据\n,"[""确认敌方恶魔的详细数据\\n""]","[""确认敌方恶魔的详细数据\\n""]"
merged_versions_conflict,field:1,field:1:0x588ee,frontend/public/games/p2is/groups/field_1.json,戦闘に関する環境を設定します\n,设置战斗相关的环境\n,"[""对战斗相关的环境进行设置\\n"", ""对战斗相关的环境进行设置""]","[""对战斗相关的环境进行设置\\n"", ""对战斗相关的环境进行设置""]"
merged_versions_conflict,field:1,field:1:0x5895c,frontend/public/games/p2is/groups/field_1.json,発見した合体魔法の確認と<c20/>発動条件を設定します\n,确认发现的合体魔法和<c20/>设置发动条件\n,"[""确认已发现的合体魔法和<c20/>设置发动条件\\n"", ""确认已发现的合体魔法和<c20/>设置发动条件""]","[""确认已发现的合体魔法和<c20/>设置发动条件\\n"", ""确认已发现的合体魔法和<c20/>设置发动条件""]"
merged_versions_conflict,field:1,field:1:0x5898e,frontend/public/games/p2is/groups/field_1.json,ノーマル/シングルの切替えを行います\n,进行普通/单体的切换\n,"[""进行普通/单体模式的切换\\n"", ""进行普通/单体模式的切换""]","[""进行普通/单体模式的切换\\n"", ""进行普通/单体模式的切换""]"
merged_versions_conflict,field:1,field:1:0x58a2a,frontend/public/games/p2is/groups/field_1.json,のステータスを確認します\n,确认状态\n,"[""的状态确认\\n"", ""的状态确认""]","[""的状态确认\\n"", ""的状态确认""]"
merged_versions_conflict,field:1,field:1:0x58a46,frontend/public/games/p2is/groups/field_1.json,攻撃せず防御に専念します\n,不攻击，专心防御\n,"[""放弃攻击，专心防御\\n"", ""放弃攻击，专心防御""]","[""放弃攻击，专心防御\\n"", ""放弃攻击，专心防御""]"
merged_versions_conflict,field:1,field:1:0x58aa6,frontend/public/games/p2is/groups/field_1.json,この行動順で決定します\n,以此行动顺序决定\n,"[""确定该行动顺序\\n"", ""确定该行动顺序""]","[""确定该行动顺序\\n"", ""确定该行动顺序""]"
merged_versions_conflict,field:1,field:1:0x58ad6,frontend/public/games/p2is/groups/field_1.json,キャンセルされない限り戦闘を継続します\n,除非取消，否则继续战斗\n,"[""若未取消，则继续战斗\\n"", ""若未取消，则继续战斗""]","[""若未取消，则继续战斗\\n"", ""若未取消，则继续战斗""]"
merged_versions_conflict,field:1,field:1:0x58b32,frontend/public/games/p2is/groups/field_1.json,設定を終了し<c20/>「戦闘開始」に戻ります\n,结束设置<c20/>返回「战斗开始」\n,"[""结束设置<c20/>返回「开始战斗」\\n"", ""结束设置<c20/>返回「开始战斗」""]","[""结束设置<c20/>返回「开始战斗」\\n"", ""结束设置<c20/>返回「开始战斗」""]"
merged_versions_conflict,field:1,field:1:0x63a42,frontend/public/games/p2is/groups/field_1.json,答えられる状態ではありません\n,无法回答\n,"[""处于无法回答的状态\\n"", ""处于无法回答的状态""]","[""处于无法回答的状态\\n"", ""处于无法回答的状态""]"
local_conflict_review,field:1071,field:1071:0x134,frontend/public/games/p2is/groups/field_1071.json,達哉「漢を語る」用セリフ\n,达哉谈论男子汉的台词\n,"[""达哉谈论男子气概的台词\\n""]","[""达哉谈论男子气概的台词\\n""]"
local_conflict_review,field:1071,field:1071:0x150,frontend/public/games/p2is/groups/field_1071.json,達哉「目で殺す」用セリフ\n,达哉用眼神杀人的台词\n,"[""达哉用来眼神杀的台词\\n""]","[""达哉用来眼神杀的台词\\n""]"
local_conflict_review,field:1071,field:1071:0x16c,frontend/public/games/p2is/groups/field_1071.json,舞耶「インタビュー」用セリフ\n,舞耶采访的台词\n,"[""舞耶用来采访的台词\\n""]","[""舞耶用来采访的台词\\n""]"
local_conflict_review,field:1071,field:1071:0x1aa,frontend/public/games/p2is/groups/field_1071.json,舞耶「親子を語る」用セリフ\n,舞耶谈论亲子的台词\n,"[""舞耶用来谈论亲子的台词\\n""]","[""舞耶用来谈论亲子的台词\\n""]"
local_conflict_review,field:1071,field:1071:0x1c8,frontend/public/games/p2is/groups/field_1071.json,舞耶「褒め殺す」用セリフ\n,舞耶用赞美杀人的台词\n,"[""舞耶用来捧杀的台词\\n""]","[""舞耶用来捧杀的台词\\n""]"
local_conflict_review,field:1071,field:1071:0x1e4,frontend/public/games/p2is/groups/field_1071.json,栄吉「自分に酔う」用セリフ\n,荣吉自我陶醉的台词\n,"[""荣吉用来自我陶醉的台词\\n""]","[""荣吉用来自我陶醉的台词\\n""]"
local_conflict_review,field:1071,field:1071:0x202,frontend/public/games/p2is/groups/field_1071.json,栄吉「場を仕切る」用セリフ\n,荣吉掌控场面的台词\n,"[""荣吉用来掌控场面的台词\\n""]","[""荣吉用来掌控场面的台词\\n""]"
local_conflict_review,field:1071,field:1071:0x220,frontend/public/games/p2is/groups/field_1071.json,栄吉「人生を語る」用セリフ\n,荣吉谈论人生的台词\n,"[""荣吉用来谈论人生的台词\\n""]","[""荣吉用来谈论人生的台词\\n""]"
local_conflict_review,field:1071,field:1071:0x23e,frontend/public/games/p2is/groups/field_1071.json,栄吉「歌い殺す」用セリフ\n,荣吉用唱歌杀人的台词\n,"[""荣吉用来唱杀的台词\\n""]","[""荣吉用来唱杀的台词\\n""]"
local_conflict_review,field:1071,field:1071:0x274,frontend/public/games/p2is/groups/field_1071.json,ギンコ「カンフー」用セリフ\n,丽莎功夫的台词\n,"[""丽莎展示功夫的台词\\n""]","[""丽莎展示功夫的台词\\n""]"
local_conflict_review,field:1071,field:1071:0x2d0,frontend/public/games/p2is/groups/field_1071.json,淳「甘える」用セリフ\n,纯撒娇的台词\n,"[""淳撒娇的台词\\n""]","[""淳撒娇的台词\\n""]"
local_conflict_review,field:1071,field:1071:0x2e8,frontend/public/games/p2is/groups/field_1071.json,淳「星占いをする」用セリフ\n,纯做星座占卜的台词\n,"[""淳做星座占卜的台词\\n""]","[""淳做星座占卜的台词\\n""]"
local_conflict_review,field:1071,field:1071:0x306,frontend/public/games/p2is/groups/field_1071.json,淳「夢を語る」用セリフ\n,纯谈论梦想的台词\n,"[""淳谈论梦想的台词\\n""]","[""淳谈论梦想的台词\\n""]"
local_conflict_review,field:1071,field:1071:0x320,frontend/public/games/p2is/groups/field_1071.json,淳「花で殺す」用セリフ\n,纯用花杀人的台词\n,"[""淳笑里藏刀的台词\\n""]","[""淳笑里藏刀的台词\\n""]"
local_conflict_review,field:1071,field:1071:0x33a,frontend/public/games/p2is/groups/field_1071.json,ゆきの「諭す」用セリフ\n,雪乃开导的台词\n,"[""雪乃用来开导的台词\\n""]","[""雪乃用来开导的台词\\n""]"
local_conflict_review,field:1071,field:1071:0x354,frontend/public/games/p2is/groups/field_1071.json,ゆきの「叱る」用セリフ\n,雪乃训斥的台词\n,"[""雪乃用来训斥的台词\\n""]","[""雪乃用来训斥的台词\\n""]"
local_conflict_review,field:1071,field:1071:0x36e,frontend/public/games/p2is/groups/field_1071.json,ゆきの「拳で語る」用セリフ\n,黛 雪乃「用拳说话」用台词\n,"[""雪乃用拳头说话的台词\\n""]","[""雪乃用拳头说话的台词\\n""]"
local_conflict_review,field:1071,field:1071:0x38c,frontend/public/games/p2is/groups/field_1071.json,ゆきの「撮り殺す」用セリフ\n,黛 雪乃「拍照杀死」用台词\n,"[""雪乃抓拍丑态的台词\\n""]","[""雪乃抓拍丑态的台词\\n""]"
local_conflict_review,field:1071,field:1071:0x3ca,frontend/public/games/p2is/groups/field_1071.json,「Lov' in you」用セリフ\n,「Lov' in you」用台词\n,"[""「Lovin' in you」台词\\n""]","[""「Lovin' in you」台词\\n""]"
local_conflict_review,field:1071,field:1071:0x46a,frontend/public/games/p2is/groups/field_1071.json,「ボケの花」用セリフ\n,「呆子之花」用台词\n,"[""「装傻」用台词\\n""]","[""「装傻」用台词\\n""]"
local_conflict_review,field:1071,field:1071:0x4b6,frontend/public/games/p2is/groups/field_1071.json,「撃写Me!」用セリフ\n,「击写Me!」用台词\n,"[""「特写Me!」用台词\\n""]","[""「特写Me!」用台词\\n""]"
local_conflict_review,field:1071,field:1071:0x5d2,frontend/public/games/p2is/groups/field_1071.json,「ものまね」用「工事現場の音」\n,「模仿」用「工地音效」\n,"[""「模仿」用「工地施工音效」\\n""]","[""「模仿」用「工地施工音效」\\n""]"
local_conflict_review,field:1071,field:1071:0x63e,frontend/public/games/p2is/groups/field_1071.json,「悩殺する」等用「色っぽい曲」\n,「诱惑」等用「性感曲」\n,"[""「诱惑」等用「性感乐曲」\\n""]","[""「诱惑」等用「性感乐曲」\\n""]"
local_conflict_review,field:1104,field:1104:0x1034,frontend/public/games/p2is/groups/field_1104.json,<c5:0/><c1e:0/> 仮面党ごっこで、「お姉ちゃん」ガつけたもの。\n 不死鳥戦隊フェザーマンの、ブルースワンのお面。\n 様々な思い出ガ詰まっている…\n<c6/>\n,<c5:0/><c1e:0/> 假面游戏时、“姐姐”戴的东西。\n 不死鸟战队羽毛人的、蓝色天鹅的面具。\n 充满了各种回忆…\n<c6/>\n,"[""<c5:0/><c1e:0/> 10年前玩假面党扮演游戏时、「姐姐」戴过的东西。\\n 不死鸟战队翔羽侠里、蓝天鹅的面具。\\n 里面承载着数不清的回忆…\\n<c6/>\\n""]","[""<c5:0/><c1e:0/> 10年前玩假面党扮演游戏时、「姐姐」戴过的东西。\\n 不死鸟战队翔羽侠里、蓝天鹅的面具。\\n 里面承载着数不清的回忆…\\n<c6/>\\n""]"
local_conflict_review,field:1104,field:1104:0x10a,frontend/public/games/p2is/groups/field_1104.json,<c5:0/><c1e:0/> <c13/>ガ父からもらった高級腕時計。\n 淳ガ彼の父からもらったジッポーと交換していた。\n 淳も、永遠の友情の証としてずっと持っていた。\n<c6/>\n,<c5:0/><c1e:0/> <c13/>从父亲那里得到的高级手表。\n 淳用他从父亲那里得到的Zippo打火机交换了它。\n 淳也一直持有它，作为永恒友谊的证明。\n<c6/>\n,"[""<c5:0/><c1e:0/> <c13/>从父亲那里得到的名贵手表。\\n 淳用自己从父亲那得到的Zippo打火机换来了它。\\n 淳也一直珍藏它，视作永恒友情的见证。\\n<c6/>\\n""]","[""<c5:0/><c1e:0/> <c13/>从父亲那里得到的名贵手表。\\n 淳用自己从父亲那得到的Zippo打火机换来了它。\\n 淳也一直珍藏它，视作永恒友情的见证。\\n<c6/>\\n""]"
local_conflict_review,field:1104,field:1104:0x10c4,frontend/public/games/p2is/groups/field_1104.json,<c5:0/><c1e:0/> 空の科学館の中で見つけた丈夫なロープ。\n<c6/>\n,<c5:0/><c1e:0/> 在天空科学馆里找到的结实绳子。\n<c6/>\n,"[""<c5:0/><c1e:0/> 在天空科技馆中找到的结实绳索。\\n<c6/>\\n""]","[""<c5:0/><c1e:0/> 在天空科技馆中找到的结实绳索。\\n<c6/>\\n""]"
local_conflict_review,field:1104,field:1104:0x10fc,frontend/public/games/p2is/groups/field_1104.json,<c5:0/><c1e:0/> 舞耶の好物。想像ガ現実になったもの。\n<c6/>\n,<c5:0/><c1e:0/> 舞耶的喜好食物。想象变成现实的东西。\n<c6/>\n,"[""<c5:0/><c1e:0/> 舞耶爱吃的东西。想象化为现实的产物。\\n<c6/>\\n""]","[""<c5:0/><c1e:0/> 舞耶爱吃的东西。想象化为现实的产物。\\n<c6/>\\n""]"
local_conflict_review,field:1104,field:1104:0x1132,frontend/public/games/p2is/groups/field_1104.json,<c5:0/><c1e:0/> 「花子」と書いてある名札。\n チューリップの形をしている。\n<c6/>\n,<c5:0/><c1e:0/> 写着“花子”的名牌。\n 是郁金香的形状。\n<c6/>\n,"[""<c5:0/><c1e:0/> 写着「花子」的名牌。\\n 外形是郁金香的造型。\\n<c6/>\\n""]","[""<c5:0/><c1e:0/> 写着「花子」的名牌。\\n 外形是郁金香的造型。\\n<c6/>\\n""]"
local_conflict_review,field:1104,field:1104:0x117e,frontend/public/games/p2is/groups/field_1104.json,<c5:0/><c1e:0/> 「ブキミ」と書いてある名札。\n 便器の形をしている。\n<c6/>\n,<c5:0/><c1e:0/> 写着“诡异”的名牌。\n 是马桶的形状。\n<c6/>\n,"[""<c5:0/><c1e:0/> 写着「花子」的名牌。\\n 外形是马桶的造型。\\n<c6/>\\n""]","[""<c5:0/><c1e:0/> 写着「花子」的名牌。\\n 外形是马桶的造型。\\n<c6/>\\n""]"
local_conflict_review,field:1104,field:1104:0x11c4,frontend/public/games/p2is/groups/field_1104.json,<c5:0/><c1e:0/> ど派手なブラ。結構大きい…\n<c6/>\n,<c5:0/><c1e:0/> 非常花哨的胸罩。挺大的…\n<c6/>\n,"[""<c5:0/><c1e:0/> 贼花哨的胸罩。尺码还挺大…\\n<c6/>\\n""]","[""<c5:0/><c1e:0/> 贼花哨的胸罩。尺码还挺大…\\n<c6/>\\n""]"
local_conflict_review,field:1104,field:1104:0x11f0,frontend/public/games/p2is/groups/field_1104.json,<c5:0/><c1e:0/> 裏に血ガべったりついた、巨大なマスク。\n<c6/>\n,<c5:0/><c1e:0/> 背面沾满了血的、巨大的面具。\n<c6/>\n,"[""<c5:0/><c1e:0/> 背面沾满鲜血、巨大的面具。\\n<c6/>\\n""]","[""<c5:0/><c1e:0/> 背面沾满鲜血、巨大的面具。\\n<c6/>\\n""]"
local_conflict_review,field:1104,field:1104:0x1228,frontend/public/games/p2is/groups/field_1104.json,<c5:0/><c1e:0/> ジャンピングじじいの履いていたゲタ。\n<c6/>\n,<c5:0/><c1e:0/> 跳跃老爷爷穿着的木屐。\n<c6/>\n,"[""<c5:0/><c1e:0/> 跳跃老爷爷穿的木屐。\\n<c6/>\\n""]","[""<c5:0/><c1e:0/> 跳跃老爷爷穿的木屐。\\n<c6/>\\n""]"
local_conflict_review,field:1104,field:1104:0x1284,frontend/public/games/p2is/groups/field_1104.json,<c5:0/><c1e:0/> 呪いのタクシーガ落とした、運転手の帽子。\n<c6/>\n,<c5:0/><c1e:0/> 诅咒的出租车掉落的司机帽子。\n<c6/>\n,"[""<c5:0/><c1e:0/> 诅咒的出租车掉落的、司机的帽子。\\n<c6/>\\n""]","[""<c5:0/><c1e:0/> 诅咒的出租车掉落的、司机的帽子。\\n<c6/>\\n""]"
local_conflict_review,field:1104,field:1104:0x12be,frontend/public/games/p2is/groups/field_1104.json,<c5:0/><c1e:0/> 呪いの個人タクシーガ落とした、運転手の帽子。\n なぜかヨット帽。海ガ好きな運転手だったらしい。\n<c6/>\n,<c5:0/><c1e:0/> 诅咒的私人出租车掉落的司机帽子。\n 不知为何是游艇帽。似乎是喜欢海的司机。\n<c6/>\n,"[""<c5:0/><c1e:0/> 诅咒的私人出租车掉落的、司机的帽子。\\n 不知为何是顶游艇帽。看起来是个喜欢海的司机。\\n<c6/>\\n""]","[""<c5:0/><c1e:0/> 诅咒的私人出租车掉落的、司机的帽子。\\n 不知为何是顶游艇帽。看起来是个喜欢海的司机。\\n<c6/>\\n""]"
local_conflict_review,field:1104,field:1104:0x132e,frontend/public/games/p2is/groups/field_1104.json,<c5:0/><c1e:0/> 牛の角ガ生えた人の首。\n<c6/>\n,<c5:0/><c1e:0/> 长了牛角的人的头。\n<c6/>\n,"[""<c5:0/><c1e:0/> 长着牛角的人的头颅。\\n<c6/>\\n""]","[""<c5:0/><c1e:0/> 长着牛角的人的头颅。\\n<c6/>\\n""]"
local_conflict_review,field:1104,field:1104:0x1356,frontend/public/games/p2is/groups/field_1104.json,<c5:0/><c1e:0/> 舞耶ガ大事に持ち歩く、手作りらしきマスコット。\n かなり痛んでいるガ、大切なものらしい。\n<c6/>\n,<c5:0/><c1e:0/> 舞耶珍视地携带的、似乎是手工制作的吉祥物。\n 相当破旧，但似乎是重要的东西。\n<c6/>\n,"[""<c5:0/><c1e:0/> 舞耶一直悉心随身携带的、似乎是手工制作的布偶。\\n 已经很破旧，但似乎是无比重要的东西。\\n<c6/>\\n""]","[""<c5:0/><c1e:0/> 舞耶一直悉心随身携带的、似乎是手工制作的布偶。\\n 已经很破旧，但似乎是无比重要的东西。\\n<c6/>\\n""]"
local_conflict_review,field:1104,field:1104:0x13c0,frontend/public/games/p2is/groups/field_1104.json,<c5:0/><c1e:0/> 10年前から止まっていた、時計台のカギ。\n もうひとつは、ハンニャ校長ガ持っているらしい。\n<c6/>\n,<c5:0/><c1e:0/> 从10年前就停了的钟楼的钥匙。\n 另一个似乎由般若校长持有。\n<c6/>\n,"[""<c5:0/><c1e:0/> 从10年前就停摆了的钟楼的钥匙。\\n 另一个貌似在般若校长手里。\\n<c6/>\\n""]","[""<c5:0/><c1e:0/> 从10年前就停摆了的钟楼的钥匙。\\n 另一个貌似在般若校长手里。\\n<c6/>\\n""]"
local_conflict_review,field:1104,field:1104:0x142c,frontend/public/games/p2is/groups/field_1104.json,<c5:0/><c1e:0/> コンサートスタッフの、\n 身分を証明するIDカード。\n 関係者入り口から入ることガできる。\n<c6/>\n,<c5:0/><c1e:0/> 演唱会工作人员的、\n 证明身份的ID卡。\n 可以从工作人员入口进入。\n<c6/>\n,"[""<c5:0/><c1e:0/> 可以证明身份是、\\n 演唱会工作人员的ID卡。\\n 可凭此卡从工作人员通道入场。\\n<c6/>\\n""]","[""<c5:0/><c1e:0/> 可以证明身份是、\\n 演唱会工作人员的ID卡。\\n 可凭此卡从工作人员通道入场。\\n<c6/>\\n""]"
local_conflict_review,field:1104,field:1104:0x19c,frontend/public/games/p2is/groups/field_1104.json,<c5:0/><c1e:0/> 舞耶ガ7つ道具として持ち歩いているライト。\n 雑誌記者たるもの、あらゆる状況に\n 即座に対応できるよう備えるべし。\n\n<c6/>\n,<c5:0/><c1e:0/> 舞耶作为七种工具之一携带的手电筒。\n 作为杂志记者，必须准备好随时应对任何情况。\n\n<c6/>\n,"[""<c5:0/><c1e:0/> 舞耶作为“七道具”之一携带的手电筒。\\n 身为杂志记者，理应做好万全准备随时应对任何突发状况。\\n\\n<c6/>\\n""]","[""<c5:0/><c1e:0/> 舞耶作为“七道具”之一携带的手电筒。\\n 身为杂志记者，理应做好万全准备随时应对任何突发状况。\\n\\n<c6/>\\n""]"
local_conflict_review,field:1104,field:1104:0x222,frontend/public/games/p2is/groups/field_1104.json,<c5:0/><c1e:0/> ジヨーカーガ所持していた水晶製の髑髏。\n イデアルエナジーを集めるためのオーパーツ。\n イン・ラケチによると、異星人の技術らしい。\n<c6/>\n,<c5:0/><c1e:0/> Joker所持有的水晶髑髏。\n 用于收集理想能量的OOPArt。\n 据In Lak'ech所说，似乎是外星技术。\n<c6/>\n,"[""<c5:0/><c1e:0/> JOKER所持有的水晶骷髅。\\n 是用于收集理想能量的时代错误遗物(OOPArt)。\\n 据《因·拉凯什》所言，这是外星人的科技产物。\\n<c6/>\\n""]","[""<c5:0/><c1e:0/> JOKER所持有的水晶骷髅。\\n 是用于收集理想能量的时代错误遗物(OOPArt)。\\n 据《因·拉凯什》所言，这是外星人的科技产物。\\n<c6/>\\n""]"
merged_versions_conflict,field:1104,field:1104:0x2b6,frontend/public/games/p2is/groups/field_1104.json,<c5:0/><c1e:0/> プリンス・トーラスガ所持していた水晶製の髑髏。\n イデアルエナジーを集めるためのオーパーツ。\n イン・ラケチによると、異星人の技術らしい。\n<c6/>\n,<c5:0/><c1e:0/> Prince Taurus所持有的水晶髑髏。\n 用于收集理想能量的OOPArt。\n 据In Lak'ech所说，似乎是外星技术。\n<c6/>\n,"[""<c5:0/><c1e:0/> 金牛座王子所持有的水晶骷髅。\\n 是用于收集理想能量的时代错误遗物(OOPArt)。\\n 据《因·拉凯什》所言，这是外星人的科技产物。\\n<c6/>\\n"", ""<c5:0/><c1e:0/> 金牛亲王所持有的水晶骷髅。\\n 是用于收集理想能量的时代错误遗物(OOPArt)。\\n 据《因·拉凯什》所言，这是外星人的科技产物。\\n<c6/>\\n""]","[""<c5:0/><c1e:0/> 金牛座王子所持有的水晶骷髅。\\n 是用于收集理想能量的时代错误遗物(OOPArt)。\\n 据《因·拉凯什》所言，这是外星人的科技产物。\\n<c6/>\\n"", ""<c5:0/><c1e:0/> 金牛亲王所持有的水晶骷髅。\\n 是用于收集理想能量的时代错误遗物(OOPArt)。\\n 据《因·拉凯什》所言，这是外星人的科技产物。\\n<c6/>\\n""]"
merged_versions_conflict,field:1104,field:1104:0x352,frontend/public/games/p2is/groups/field_1104.json,<c5:0/><c1e:0/> キング・レオガ所持していた水晶製の髑髏。\n イデアルエナジーを集めるためのオーパーツ。\n<c6/>\n,<c5:0/><c1e:0/> King Leo所持有的水晶髑髏。\n 用于收集理想能量的OOPArt。\n<c6/>\n,"[""<c5:0/><c1e:0/> 狮子座国王所持有的水晶骷髅。\\n 是用于收集理想能量的时代错误遗物(OOPArt)。\\n<c6/>\\n"", ""<c5:0/><c1e:0/> 狮子国王所持有的水晶骷髅。\\n 是用于收集理想能量的时代错误遗物(OOPArt)。\\n<c6/>\\n""]","[""<c5:0/><c1e:0/> 狮子座国王所持有的水晶骷髅。\\n 是用于收集理想能量的时代错误遗物(OOPArt)。\\n<c6/>\\n"", ""<c5:0/><c1e:0/> 狮子国王所持有的水晶骷髅。\\n 是用于收集理想能量的时代错误遗物(OOPArt)。\\n<c6/>\\n""]"
merged_versions_conflict,field:1104,field:1104:0x3ba,frontend/public/games/p2is/groups/field_1104.json,<c5:0/><c1e:0/> レイディ・スコルピオンガ持っていた水晶の髑髏。\n イデアルエナジーを集めるためのオーパーツ。\n イン・ラケチによると、異星人の技術らしい。\n<c6/>\n,<c5:0/><c1e:0/> Lady Scorpion所持有的水晶髑髏。\n 用于收集理想能量的OOPArt。\n 据In Lak'ech所说，似乎是外星技术。\n<c6/>\n,"[""<c5:0/><c1e:0/> 天蝎座女士所持有的水晶骷髅。\\n 是用于收集理想能量的时代错误遗物(OOPArt)。\\n 据《因·拉凯什》所言，这是外星人的科技产物。\\n<c6/>\\n"", ""<c5:0/><c1e:0/> 天蝎女士所持有的水晶骷髅。\\n 是用于收集理想能量的时代错误遗物(OOPArt)。\\n 据《因·拉凯什》所言，这是外星人的科技产物。\\n<c6/>\\n""]","[""<c5:0/><c1e:0/> 天蝎座女士所持有的水晶骷髅。\\n 是用于收集理想能量的时代错误遗物(OOPArt)。\\n 据《因·拉凯什》所言，这是外星人的科技产物。\\n<c6/>\\n"", ""<c5:0/><c1e:0/> 天蝎女士所持有的水晶骷髅。\\n 是用于收集理想能量的时代错误遗物(OOPArt)。\\n 据《因·拉凯什》所言，这是外星人的科技产物。\\n<c6/>\\n""]"
merged_versions_conflict,field:1104,field:1104:0x456,frontend/public/games/p2is/groups/field_1104.json,<c5:0/><c1e:0/> クイーン・アクエリアスガ持っていた水晶の髑髏。\n イデアルエナジーを集めるためのオーパーツ。\n イン・ラケチによると、異星人の技術らしい。\n<c6/>\n,<c5:0/><c1e:0/> Queen Aquarius所持有的水晶髑髏。\n 用于收集理想能量的OOPArt。\n 据In Lak'ech所说，似乎是外星技术。\n<c6/>\n,"[""<c5:0/><c1e:0/> 水瓶座女王所持有的水晶骷髅。\\n 是用于收集理想能量的时代错误遗物(OOPArt)。\\n 据《因·拉凯什》所言，这是外星人的科技产物。\\n<c6/>\\n"", ""<c5:0/><c1e:0/> 水瓶女王所持有的水晶骷髅。\\n 是用于收集理想能量的时代错误遗物(OOPArt)。\\n 据《因·拉凯什》所言，这是外星人的科技产物。\\n<c6/>\\n""]","[""<c5:0/><c1e:0/> 水瓶座女王所持有的水晶骷髅。\\n 是用于收集理想能量的时代错误遗物(OOPArt)。\\n 据《因·拉凯什》所言，这是外星人的科技产物。\\n<c6/>\\n"", ""<c5:0/><c1e:0/> 水瓶女王所持有的水晶骷髅。\\n 是用于收集理想能量的时代错误遗物(OOPArt)。\\n 据《因·拉凯什》所言，这是外星人的科技产物。\\n<c6/>\\n""]"
local_conflict_review,field:1104,field:1104:0x4f2,frontend/public/games/p2is/groups/field_1104.json,<c5:0/><c1e:0/> 花言華は「復讐」。\n ジヨーカーガ<c13/>たちに放ったもの。\n 彼は、なぜ復讐しようとするのだろうか…\n<c6/>\n,<c5:0/><c1e:0/> 花言华是「复仇」。\n Joker向<c13/>等人释放的东西。\n 他为何要复仇呢…\n<c6/>\n,"[""<c5:0/><c1e:0/> 花语为「复仇」。\\n JOKER向<c13/>等人抛来的东西。\\n 他，究竟为何执意要复仇…\\n<c6/>\\n""]","[""<c5:0/><c1e:0/> 花语为「复仇」。\\n JOKER向<c13/>等人抛来的东西。\\n 他，究竟为何执意要复仇…\\n<c6/>\\n""]"
local_conflict_review,field:1104,field:1104:0x564,frontend/public/games/p2is/groups/field_1104.json,<c5:0/><c1e:0/> 花言華は「戦い」。\n ジヨーカーガ<c13/>たちに放ったもの。\n 彼の指す戦いとは、いかな意味であろうか…\n<c6/>\n,<c5:0/><c1e:0/> 花言华是「战斗」。\n Joker向<c13/>等人释放的东西。\n 他所指的战斗，究竟是何意呢…\n<c6/>\n,"[""<c5:0/><c1e:0/> 花语为「战斗」。\\n JOKER向<c13/>等人抛来的东西。\\n 他口中的 “战斗”，究竟有何深意…\\n<c6/>\\n""]","[""<c5:0/><c1e:0/> 花语为「战斗」。\\n JOKER向<c13/>等人抛来的东西。\\n 他口中的 “战斗”，究竟有何深意…\\n<c6/>\\n""]"
local_conflict_review,field:1104,field:1104:0x5d8,frontend/public/games/p2is/groups/field_1104.json,<c5:0/><c1e:0/> 花言華は「あの日のことを思い出す」。\n ジヨーカーガ<c13/>たちに渡せとキングに託した。\n 10年前の夏の日に、何ガあったのであろうか…\n<c6/>\n,<c5:0/><c1e:0/> 花言华是「回忆那天的事」。\n Joker托付给King，要他交给<c13/>等人。\n 10年前的那个夏日，究竟发生了什么…\n<c6/>\n,"[""<c5:0/><c1e:0/> 花语为「回忆起那日的往事」。\\n JOKER托付给国王，要他交给<c13/>等人。\\n 10年前的那个夏日，到底发生了什么…\\n<c6/>\\n""]","[""<c5:0/><c1e:0/> 花语为「回忆起那日的往事」。\\n JOKER托付给国王，要他交给<c13/>等人。\\n 10年前的那个夏日，到底发生了什么…\\n<c6/>\\n""]"
local_conflict_review,field:1104,field:1104:0x66c,frontend/public/games/p2is/groups/field_1104.json,<c5:0/><c1e:0/> 花言華は「あなたのことばかり思う」。\n ジヨーカーたる黒須 淳ガ残したもの。\n 黒須の苦しみと哀しみガ伝わってくるようだ…\n<c6/>\n,<c5:0/><c1e:0/> 花言华是「只想着你」。\n 作为Joker的黑须淳所留下的东西。\n 仿佛能感受到黑须的痛苦与哀伤…\n<c6/>\n,"[""<c5:0/><c1e:0/> 花语为「满心皆是你」。\\n 身为JOKER的黑须淳所留下的东西。\\n 仿佛能从中真切感受到黑须的痛苦与哀伤…\\n<c6/>\\n""]","[""<c5:0/><c1e:0/> 花语为「满心皆是你」。\\n 身为JOKER的黑须淳所留下的东西。\\n 仿佛能从中真切感受到黑须的痛苦与哀伤…\\n<c6/>\\n""]"
local_conflict_review,field:1104,field:1104:0x6f8,frontend/public/games/p2is/groups/field_1104.json,<c5:0/><c1e:0/> 花言華は「私はあなたを許す」。\n 舞耶ガ淳に渡したもの。\n 舞耶の万感の想いガ込められているようだ…\n<c6/>\n,<c5:0/><c1e:0/> 花言华是「我原谅你」。\n 舞耶交给淳的东西。\n 似乎饱含了舞耶的万般思绪…\n<c6/>\n,"[""<c5:0/><c1e:0/> 花语为「我原谅你」。\\n 是舞耶交给淳的东西。\\n 仿佛倾注了舞耶的万般思绪…\\n<c6/>\\n""]","[""<c5:0/><c1e:0/> 花语为「我原谅你」。\\n 是舞耶交给淳的东西。\\n 仿佛倾注了舞耶的万般思绪…\\n<c6/>\\n""]"
local_conflict_review,field:1104,field:1104:0x76e,frontend/public/games/p2is/groups/field_1104.json,<c5:0/><c1e:0/> 花言華は「深い後悔」。\n 子供の淳の幻影ガ残したもの。\n 淳も、本当は偽りの記憶に気づいているようだ…\n<c6/>\n,<c5:0/><c1e:0/> 花言华是「深深的后悔」。\n 孩童淳的幻影所留下的东西。\n 淳似乎也察觉到了虚假的记忆…\n<c6/>\n,"[""<c5:0/><c1e:0/> 花语为「深深悔恨」。\\n 孩童淳的幻影所留下的东西。\\n 淳似乎也察觉到，自己的记忆是虚假的…\\n<c6/>\\n""]","[""<c5:0/><c1e:0/> 花语为「深深悔恨」。\\n 孩童淳的幻影所留下的东西。\\n 淳似乎也察觉到，自己的记忆是虚假的…\\n<c6/>\\n""]"
local_conflict_review,field:1104,field:1104:0x7e6,frontend/public/games/p2is/groups/field_1104.json,<c5:0/><c1e:0/> 花言華は「君を忘れず」。\n 子供の淳の幻影ガ残したもの。\n 本当は<c13/>に助けを求めているに違いない…\n<c6/>\n,<c5:0/><c1e:0/> 花言华是「不会忘记你」。\n 孩童淳的幻影所留下的东西。\n 他一定是在向<c13/>求助…\n<c6/>\n,"[""<c5:0/><c1e:0/> 花语为「永不忘君」。\\n 孩童淳的幻影所留下的东西。\\n 他一定是在向<c13/>求助…\\n<c6/>\\n""]","[""<c5:0/><c1e:0/> 花语为「永不忘君」。\\n 孩童淳的幻影所留下的东西。\\n 他一定是在向<c13/>求助…\\n<c6/>\\n""]"
local_conflict_review,field:1104,field:1104:0x85a,frontend/public/games/p2is/groups/field_1104.json,<c5:0/><c1e:0/> 花言華は「希望」。\n 本当はアイテム{8ae}には乗らないけどねぇ〜\n シュビドゥバ!!\n<c6/>\n,<c5:0/><c1e:0/> 花言华是「希望」。\n 其实它不会搭载在物品{8ae}上啦〜\n 舒比杜巴!!\n<c6/>\n,"[""<c5:0/><c1e:0/> 花语为「希望」。\\n 其实它不会收录进道具{8ae}啦〜\\n 咻比嘟吧!!\\n<c6/>\\n""]","[""<c5:0/><c1e:0/> 花语为「希望」。\\n 其实它不会收录进道具{8ae}啦〜\\n 咻比嘟吧!!\\n<c6/>\\n""]"
local_conflict_review,field:1104,field:1104:0x8bc,frontend/public/games/p2is/groups/field_1104.json,<c5:0/><c1e:0/> 花言華は「門出」。\n 赤い〜スイ〜トピ〜♪\n は松田聖子。シュビドゥバ!!\n<c6/>\n,<c5:0/><c1e:0/> 花言华是「启程」。\n 红色〜甜〜豌豆〜♪\n 是松田圣子。舒比杜巴!!\n<c6/>\n,"[""<c5:0/><c1e:0/> 花语为「启程」。\\n 红色〜香〜豌豆〜♪\\n 是松田圣子的歌哦。咻比嘟吧!!\\n<c6/>\\n""]","[""<c5:0/><c1e:0/> 花语为「启程」。\\n 红色〜香〜豌豆〜♪\\n 是松田圣子的歌哦。咻比嘟吧!!\\n<c6/>\\n""]"
local_conflict_review,field:1104,field:1104:0x918,frontend/public/games/p2is/groups/field_1104.json,<c5:0/><c1e:0/> 橿原先生とイデアル先生ガ記した、\n 珠閒瑠市=マイヤ文明発祥説を説くトンデモ本。\n 須藤ガ電波で得た、マイヤの託宣ガ書かれている。\n<c6/><c2/> 空に瞬く昴の星に 止まった刻は動き出す\n 享楽の舞 影達の宴 異国の詠\n<c6/><c2/> 睹罪の迎え火は天を照らし\n 獅子の咆哮はあまねく響く\n<c6/><c2/> 冥府に輝くは五なる髑髏\n 天上に輝くは聖なる十字架\n<c6/><c2/> 天に昇りて星ガ動きを止める時\n マイヤの乙女の鼓動も止まる\n<c6/><c2/> 後に残るは地上の楽園\n そして刻は繰り返す\n<c6/>\n,<c5:0/><c1e:0/> 橿原先生和理想先生所写的、\n 阐述珠闲瑠市=玛雅文明发祥说的荒诞书籍。\n 须藤通过电波获得的、玛雅的预言被书写着。\n<c6/><c2/> 在天空中闪烁的昴星上 停止的时刻开始移动\n 享乐之舞 影子们的宴会 异国的咏唱\n<c6/><c2/> 目睹罪孽的迎火照亮天空\n 狮子的咆哮响彻四方\n<c6/><c2/> 在冥府闪耀的是五颗骷髅\n 在天上闪耀的是神圣的十字架\n<c6/><c2/> 当升上天空星星停止移动时\n 玛雅少女的心跳也停止\n<c6/><c2/> 留下的是地上的乐园\n 然后时刻重复\n<c6/>\n,"[""<c5:0/><c1e:0/> 由橿原老师与理想老师共同撰写、\\n 宣扬珠闲瑠市即为玛雅文明发源地的离谱伪科学书籍。\\n 书中记载着须藤通过电波接收到的玛雅神谕。\\n<c6/><c2/> 当那昴星耀于苍穹，凝滞时光再度流转\\n 享乐之舞，群影之宴，异国之咏叹\\n<c6/><c2/> 赎罪引魂火照亮长天\\n 雄狮的咆哮响彻寰宇\\n<c6/><c2/> 五颗骷髅头，闪耀冥府\\n 神圣十字架，熠于苍天\\n<c6/><c2/> 当升临天际、星辰停转之时\\n 玛雅少女的心跳也将归于沉寂\\n<c6/><c2/> 最终留存的，是地上的乐园\\n 而后，时光将再度轮回\\n<c6/>\\n""]","[""<c5:0/><c1e:0/> 由橿原老师与理想老师共同撰写、\\n 宣扬珠闲瑠市即为玛雅文明发源地的离谱伪科学书籍。\\n 书中记载着须藤通过电波接收到的玛雅神谕。\\n<c6/><c2/> 当那昴星耀于苍穹，凝滞时光再度流转\\n 享乐之舞，群影之宴，异国之咏叹\\n<c6/><c2/> 赎罪引魂火照亮长天\\n 雄狮的咆哮响彻寰宇\\n<c6/><c2/> 五颗骷髅头，闪耀冥府\\n 神圣十字架，熠于苍天\\n<c6/><c2/> 当升临天际、星辰停转之时\\n 玛雅少女的心跳也将归于沉寂\\n<c6/><c2/> 最终留存的，是地上的乐园\\n 而后，时光将再度轮回\\n<c6/>\\n""]"
local_conflict_review,field:1104,field:1104:0xae4,frontend/public/games/p2is/groups/field_1104.json,<c5:0/><c1e:0/> GOLDのスタッフ用セキュリティカード。\n 入れない場所に入れるようになる。\n<c6/>\n,<c5:0/><c1e:0/> GOLD的员工用安全卡。\n 能进入进不去的地方。\n<c6/>\n,"[""<c5:0/><c1e:0/> GOLD的员工门禁卡。\\n 可进入原本无权进入的区域。\\n<c6/>\\n""]","[""<c5:0/><c1e:0/> GOLD的员工门禁卡。\\n 可进入原本无权进入的区域。\\n<c6/>\\n""]"
local_conflict_review,field:1104,field:1104:0xb42,frontend/public/games/p2is/groups/field_1104.json,<c5:0/><c1e:0/> クラブ・ゾディアックの\n 秘密クラブに入るために必要らしい。\n 額に青い宝石ガ埋め込んであるガ…\n<c6/>\n,<c5:0/><c1e:0/> 进入黄道宫俱乐部的\n 秘密俱乐部所必需的。\n 额头上镶嵌着蓝宝石但…\n<c6/>\n,"[""<c5:0/><c1e:0/> 进入黄道俱乐部\\n 私密内场的必备凭证。\\n 额间镶嵌着一颗蓝宝石…\\n<c6/>\\n""]","[""<c5:0/><c1e:0/> 进入黄道俱乐部\\n 私密内场的必备凭证。\\n 额间镶嵌着一颗蓝宝石…\\n<c6/>\\n""]"
local_conflict_review,field:1104,field:1104:0xbb4,frontend/public/games/p2is/groups/field_1104.json,<c5:0/><c1e:0/> カス校の仮面舞踏会に出席するのに必要な仮面。\n 額に青い宝石のようなものガ埋め込まれているガ…\n<c6/>\n,<c5:0/><c1e:0/> 参加卡死校假面舞会所必需的面具。\n 额头上镶嵌着类似蓝宝石的东西但…\n<c6/>\n,"[""<c5:0/><c1e:0/> 参加渣校假面舞会所必需的面具。\\n 额间镶嵌着一颗类似蓝宝石的饰物…\\n<c6/>\\n""]","[""<c5:0/><c1e:0/> 参加渣校假面舞会所必需的面具。\\n 额间镶嵌着一颗类似蓝宝石的饰物…\\n<c6/>\\n""]"
local_conflict_review,field:1104,field:1104:0xc24,frontend/public/games/p2is/groups/field_1104.json,<c5:0/><c1e:0/> 舞耶ガ持っていたメンソールタバコ。\n どうやら親友のものらしい。\n<c6/>\n,<c5:0/><c1e:0/> 舞耶持有的薄荷香烟。\n 似乎是好友的东西。\n<c6/>\n,"[""<c5:0/><c1e:0/> 舞耶带着的薄荷香烟。\\n 似乎是好友的东西。\\n<c6/>\\n""]","[""<c5:0/><c1e:0/> 舞耶带着的薄荷香烟。\\n 似乎是好友的东西。\\n<c6/>\\n""]"
local_conflict_review,field:1104,field:1104:0xc76,frontend/public/games/p2is/groups/field_1104.json,<c5:0/><c1e:0/> 昴を戴く12の獣\n 革命と破壊の風吹きすさぶ時\n 人 皆笑みをたたえ 黄泉路の坂下らん\n<c6/>\n,<c5:0/><c1e:0/> 戴着昴星的十二兽\n 当革命与破坏之风狂吹时\n 人们皆面带笑容 走向黄泉路的下坡\n<c6/>\n,"[""<c5:0/><c1e:0/> 头戴昴星的十二兽\\n 当革命与破坏的狂风肆虐之时\\n 世人皆将面带笑意，步下黄泉长坡\\n<c6/>\\n""]","[""<c5:0/><c1e:0/> 头戴昴星的十二兽\\n 当革命与破坏的狂风肆虐之时\\n 世人皆将面带笑意，步下黄泉长坡\\n<c6/>\\n""]"
local_conflict_review,field:1104,field:1104:0xcde,frontend/public/games/p2is/groups/field_1104.json,<c5:0/><c1e:0/> 昴を戴く12の獣\n 死と再生の泉湧き出ずる時\n 夢の岬より、エル・ドラドへの道開かれん\n<c6/>\n,<c5:0/><c1e:0/> 戴着昴星的十二兽\n 当死与再生之泉涌出时\n 从梦之岬 通往黄金乡的道路开启\n<c6/>\n,"[""<c5:0/><c1e:0/> 头戴昴星的十二兽\\n 当死与重生之泉喷涌之时\\n 自梦之岬起，通往黄金乡的道路终将开启\\n<c6/>\\n""]","[""<c5:0/><c1e:0/> 头戴昴星的十二兽\\n 当死与重生之泉喷涌之时\\n 自梦之岬起，通往黄金乡的道路终将开启\\n<c6/>\\n""]"
local_conflict_review,field:1104,field:1104:0xd4,frontend/public/games/p2is/groups/field_1104.json,<c5:0/><c1e:0/> <c13/>の宝物。\n かなり古いものらしい。\n<c6/>\n,<c5:0/><c1e:0/> <c13/>的宝物。\n 似乎是相当古老的东西。\n<c6/>\n,"[""<c5:0/><c1e:0/> <c13/>的宝物。\\n 看起来是相当老的物件。\\n<c6/>\\n""]","[""<c5:0/><c1e:0/> <c13/>的宝物。\\n 看起来是相当老的物件。\\n<c6/>\\n""]"
local_conflict_review,field:1104,field:1104:0xda4,frontend/public/games/p2is/groups/field_1104.json,<c5:0/><c1e:0/> ゆきのガ住職から託された、藤井 俊介の宝物。\n レンズガ割れ、もはや使い物にならないガ、\n もっと大切なものガ写せるという…\n<c6/>\n,<c5:0/><c1e:0/> 雪乃从住持那里托付的、藤井俊介的宝物。\n 镜头碎了、已经不能用了但、\n 说是能拍出更重要的东西…\n<c6/>\n,"[""<c5:0/><c1e:0/> 雪野从住持手中受托保管的、藤井俊介的宝物。\\n 镜头已经碎裂，再也无法正常拍摄、\\n 但据说它能拍下比影像更重要的东西…\\n<c6/>\\n""]","[""<c5:0/><c1e:0/> 雪野从住持手中受托保管的、藤井俊介的宝物。\\n 镜头已经碎裂，再也无法正常拍摄、\\n 但据说它能拍下比影像更重要的东西…\\n<c6/>\\n""]"
local_conflict_review,field:1104,field:1104:0xe32,frontend/public/games/p2is/groups/field_1104.json,<c5:0/><c1e:0/> 本当はアイテム{8ae}には乗らないけどねぇ〜\n シュビドゥバ!!\n<c6/>\n,<c5:0/><c1e:0/> 其实不会出现在道具栏里啦〜\n 舒比杜巴!!\n<c6/>\n,"[""<c5:0/><c1e:0/> 其实它不会收录进道具{8ae}啦〜\\n 咻比嘟吧!!\\n<c6/>\\n""]","[""<c5:0/><c1e:0/> 其实它不会收录进道具{8ae}啦〜\\n 咻比嘟吧!!\\n<c6/>\\n""]"
local_conflict_review,field:1104,field:1104:0xe7e,frontend/public/games/p2is/groups/field_1104.json,<c5:0/><c1e:0/> 10年前の仮面党ごっこで、<c13/>ガつけたもの。\n 不死鳥戦隊フェザーマンの、レッドイーグルのお面。\n 様々な思い出ガ詰まっている…\n<c6/>\n,<c5:0/><c1e:0/> 10年前的假面游戏时、<c13/>戴的东西。\n 不死鸟战队羽毛人的、红色鹰的面具。\n 充满了各种回忆…\n<c6/>\n,"[""<c5:0/><c1e:0/> 10年前玩假面党扮演游戏时、<c13/>戴过的东西。\\n 不死鸟战队翔羽侠里、红鹰的面具。\\n 里面承载着数不清的回忆…\\n<c6/>\\n""]","[""<c5:0/><c1e:0/> 10年前玩假面党扮演游戏时、<c13/>戴过的东西。\\n 不死鸟战队翔羽侠里、红鹰的面具。\\n 里面承载着数不清的回忆…\\n<c6/>\\n""]"
local_conflict_review,field:1104,field:1104:0xf0e,frontend/public/games/p2is/groups/field_1104.json,<c5:0/><c1e:0/> 10年前の仮面党ごっこで、栄吉ガつけたもの。\n 不死鳥戦隊フェザーマンの、イエローアウルのお面。\n 様々な思い出ガ詰まっている…\n<c6/>\n,<c5:0/><c1e:0/> 10年前的假面游戏时、荣吉戴的东西。\n 不死鸟战队羽毛人的、黄色猫头鹰的面具。\n 充满了各种回忆…\n<c6/>\n,"[""<c5:0/><c1e:0/> 10年前玩假面党扮演游戏时、荣吉戴过的东西。\\n 不死鸟战队翔羽侠里、黄鸮的面具。\\n 里面承载着数不清的回忆…\\n<c6/>\\n""]","[""<c5:0/><c1e:0/> 10年前玩假面党扮演游戏时、荣吉戴过的东西。\\n 不死鸟战队翔羽侠里、黄鸮的面具。\\n 里面承载着数不清的回忆…\\n<c6/>\\n""]"
local_conflict_review,field:1104,field:1104:0xfa0,frontend/public/games/p2is/groups/field_1104.json,<c5:0/><c1e:0/> 10年前の仮面党ごっこで、ギンコガつけたもの。\n 不死鳥戦隊フェザーマンの、ピンクアーザスのお面。\n 様々な思い出ガ詰まっている…\n<c6/>\n,<c5:0/><c1e:0/> 10年前的假面游戏时、丽莎戴的东西。\n 不死鸟战队羽毛人的、粉色秃鹫的面具。\n 充满了各种回忆…\n<c6/>\n,"[""<c5:0/><c1e:0/> 10年前玩假面党扮演游戏时、银子戴过的东西。\\n 不死鸟战队翔羽侠里、粉斑雉的面具。\\n 里面承载着数不清的回忆…\\n<c6/>\\n""]","[""<c5:0/><c1e:0/> 10年前玩假面党扮演游戏时、银子戴过的东西。\\n 不死鸟战队翔羽侠里、粉斑雉的面具。\\n 里面承载着数不清的回忆…\\n<c6/>\\n""]"
local_conflict_review,field:1110,field:1110:0x1bae,frontend/public/games/p2is/groups/field_1110.json,巨大なイカ、若しくはタコの様な怪物\n<c6/>\n,外形如同巨型乌贼或是章鱼的怪物,"[""外形如同巨型乌贼或是章鱼的怪物\\n<c6/>\\n""]","[""外形如同巨型乌贼或是章鱼的怪物\\n<c6/>\\n""]"
local_conflict_review,field:1110,field:1110:0x1cee,frontend/public/games/p2is/groups/field_1110.json,ラスト・バタリオンのエスパー歩兵。\n精神改造され超能力を発揮する。\n<c6/>\n,最后军团的超能力步兵。\n通过精神改造可以施展超能力。\n<c6/>\n,"[""最后军团的超能力步兵。\\n通过精神改造可以发挥超能力。\\n<c6/>\\n""]","[""最后军团的超能力步兵。\\n通过精神改造可以发挥超能力。\\n<c6/>\\n""]"
merged_versions_conflict,field:1113_25d,field:1113_25d:0x93c0,frontend/public/games/p2is/groups/field_1113_25d.json,<c1d:11/>若い女<c1d:1/>\n<c20/>なんかさっきい、あの兵隊に見つかって、\n<c20/>アタシ激ヤバだったんだけどお、\n<c20/>仮面党員に助けられちゃったのよねぇ。<c6/><c2/><c1d:11/>若い女<c1d:1/>\n<c20/>なんかぁ、ジヨーカー様ガ街の人々を守れって、\n<c20/>仮面党員に命令したんだってぇ。<c5:15/>\n<c20/>アタシ、彼の事、誤解してたのかなぁ。<c6/><c2/><c1d:11/>若い女<c1d:1/>\n<c20/>木ントは天使みたいに\n<c20/>良い人だったりしてぇ。<c6/><c2/>,"<c1d:11/>年轻女子<c1d:1/>
<c20/>刚才被那些士兵发现，
<c20/>我超危险的，
<c20/>结果被假面党员救了。<c6/><c2/><c1d:11/>年轻女子<c1d:1/>
<c20/>听说小丑大人命令假面党员
<c20/>保护街上的人。<c5:15/>
<c20/>我是不是误会他了?<c6/><c2/><c1d:11/>年轻女子<c1d:1/>
<c20/>金特可能像天使一样
<c20/>是个好人呢。<c6/><c2/>","[""<c1d:11/>年轻女子<c1d:1/>\\n<c20/>刚才我差点被那些士兵逮住，\\n<c20/>超危险的，\\n<c20/>结果被假面党员救了。<c6/><c2/><c1d:11/>年轻女子<c1d:1/>\\n<c20/>听说Joker大人命令假面党员\\n<c20/>保护街上的人。<c5:15/>\\n<c20/>我是不是误会他了?<c6/><c2/><c1d:11/>年轻女子<c1d:1/>\\n<c20/>搞不好他其实是\\n<c20/>像天使一样温柔的好人呢。<c6/><c2/>"", ""<c1d:11/>年轻女子<c1d:1/>\\n<c20/>刚才被那些士兵发现，\\n<c20/>我超危险的，\\n<c20/>结果被假面党员救了。<c6/><c2/><c1d:11/>年轻女子<c1d:1/>\\n<c20/>听说小丑大人命令假面党员\\n<c20/>保护街上的人。<c5:15/>\\n<c20/>我是不是误会他了?<c6/><c2/><c1d:11/>年轻女子<c1d:1/>\\n<c20/>其实可能像天使一样\\n<c20/>是个好人呢。<c6/><c2/>""]","[""<c1d:11/>年轻女子<c1d:1/>\\n<c20/>刚才我差点被那些士兵逮住，\\n<c20/>超危险的，\\n<c20/>结果被假面党员救了。<c6/><c2/><c1d:11/>年轻女子<c1d:1/>\\n<c20/>听说Joker大人命令假面党员\\n<c20/>保护街上的人。<c5:15/>\\n<c20/>我是不是误会他了?<c6/><c2/><c1d:11/>年轻女子<c1d:1/>\\n<c20/>搞不好他其实是\\n<c20/>像天使一样温柔的好人呢。<c6/><c2/>"", ""<c1d:11/>年轻女子<c1d:1/>\\n<c20/>刚才被那些士兵发现，\\n<c20/>我超危险的，\\n<c20/>结果被假面党员救了。<c6/><c2/><c1d:11/>年轻女子<c1d:1/>\\n<c20/>听说小丑大人命令假面党员\\n<c20/>保护街上的人。<c5:15/>\\n<c20/>我是不是误会他了?<c6/><c2/><c1d:11/>年轻女子<c1d:1/>\\n<c20/>其实可能像天使一样\\n<c20/>是个好人呢。<c6/><c2/>""]"
merged_versions_conflict,field:1113_25d,field:1113_25d:0x9844,frontend/public/games/p2is/groups/field_1113_25d.json,<c1d:11/>下町おやじ<c1d:1/>\n<c20/>おうおう、聞くトコによると、\n<c20/>あのラーメンしらいしのオバチャンよお、\n<c20/>木ントにロシアの女スパイだったんだって?<c6/><c2/><c1d:11/>下町おやじ<c1d:1/>\n<c20/>それガ証拠に、バナナチャーシュー頼めば、\n<c20/>本当に武器を売ってくれるっていうじゃねぇか!<c5:15/>\n<c20/>あ、こりゃびっくらこいたねぇ〜。<c6/><c2/>,"<c1d:11/>老街大叔<c1d:1/>
<c20/>哦哦，听说拉面白石的大妈，
<c20/>其实是金特的俄罗斯女间谍?<c6/><c2/><c1d:11/>老街大叔<c1d:1/>
<c20/>证据是点香蕉叉烧，
<c20/>她真会卖武器!<c5:15/>
<c20/>啊，这可真吃惊啊〜。<c6/><c2/>","[""<c1d:11/>老街大叔<c1d:1/>\\n<c20/>哦哦，听说白石拉面店的大妈，\\n<c20/>其实是前俄罗斯女间谍?<c6/><c2/><c1d:11/>老街大叔<c1d:1/>\\n<c20/>证据是点香蕉叉烧，\\n<c20/>她真会卖武器!<c5:15/>\\n<c20/>啊，着实让我吃惊〜。<c6/><c2/>"", ""<c1d:11/>老街大叔<c1d:1/>\\n<c20/>哦哦，听说拉面白石的大妈，\\n<c20/>其实是俄罗斯的女间谍?<c6/><c2/><c1d:11/>老街大叔<c1d:1/>\\n<c20/>证据是点香蕉叉烧，\\n<c20/>她真会卖武器!<c5:15/>\\n<c20/>啊，这可真吃惊啊〜。<c6/><c2/>""]","[""<c1d:11/>老街大叔<c1d:1/>\\n<c20/>哦哦，听说白石拉面店的大妈，\\n<c20/>其实是前俄罗斯女间谍?<c6/><c2/><c1d:11/>老街大叔<c1d:1/>\\n<c20/>证据是点香蕉叉烧，\\n<c20/>她真会卖武器!<c5:15/>\\n<c20/>啊，着实让我吃惊〜。<c6/><c2/>"", ""<c1d:11/>老街大叔<c1d:1/>\\n<c20/>哦哦，听说拉面白石的大妈，\\n<c20/>其实是俄罗斯的女间谍?<c6/><c2/><c1d:11/>老街大叔<c1d:1/>\\n<c20/>证据是点香蕉叉烧，\\n<c20/>她真会卖武器!<c5:15/>\\n<c20/>啊，这可真吃惊啊〜。<c6/><c2/>""]"
local_conflict_review,field:1114_22d,field:1114_22d:0x8168,frontend/public/games/p2is/groups/field_1114_22d.json,<c1d:11/>若い男<c1d:1/>\n<c20/>なんかカス校に新へッドってのガ\n<c20/>出てきたらしいじゃん。<c5:15/>\n<c20/>そいつって前の番長より強いんだろ?<c6/><c2/>,<c1d:11/>年轻男子<c1d:1/>\n<c20/>好像那个垃圾学校出了个新头目。\n<c20/>那家伙比之前的番长还强吧？<c6/><c2/>,"[""<c1d:11/>年轻男子<c1d:1/>\\n<c20/>渣高好像出了个新头目。\\n<c20/>那家伙应该比之前的番长还强吧？<c6/><c2/>""]","[""<c1d:11/>年轻男子<c1d:1/>\\n<c20/>渣高好像出了个新头目。\\n<c20/>那家伙应该比之前的番长还强吧？<c6/><c2/>""]"
local_conflict_review,field:1114_22d,field:1114_22d:0x81e2,frontend/public/games/p2is/groups/field_1114_22d.json,<c1d:11/>若い男<c1d:1/>\n<c20/>ケッ、学園祭でマスカレードだってよ。\n<c20/>カス校も上手い事やるよなぁ。<c5:15/>知り合いの子も\n<c20/>みんな行くって言ってるしよ。<c6/><c2/>,<c1d:11/>年轻男子<c1d:1/>\n<c20/>切，学园祭要办假面舞会啊。\n<c20/>垃圾学校也挺会搞事的嘛。<c5:15/>认识的孩子们\n<c20/>都说要去呢。<c6/><c2/>,"[""<c1d:11/>年轻男子<c1d:1/>\\n<c20/>切，学园祭要办假面舞会啊。\\n<c20/>没想到这渣高还挺有活的。<c5:15/>我认识的孩子们\\n<c20/>都说要去呢。<c6/><c2/>""]","[""<c1d:11/>年轻男子<c1d:1/>\\n<c20/>切，学园祭要办假面舞会啊。\\n<c20/>没想到这渣高还挺有活的。<c5:15/>我认识的孩子们\\n<c20/>都说要去呢。<c6/><c2/>""]"
local_conflict_review,field:1114_22d,field:1114_22d:0x9140,frontend/public/games/p2is/groups/field_1114_22d.json,<c1d:11/>OL<c1d:1/>\n<c20/>ゴールドガ標的だったなら、うちのビルは大丈夫\n<c20/>だろうですって。<c5:15/>なに考えてんだろう、\n<c20/>あの馬鹿上司!<c20/><c5:15/>あんな会社もう辞めてやるわ!<c6/><c2/>,<c1d:11/>OL<c1d:1/>\n<c20/>既然Gold是目标，那我们的大楼\n<c20/>应该没事吧。<c5:15/>那家伙在想什么，\n<c20/>那个笨蛋上司!<c20/><c5:15/>那种公司我辞职不干了!<c6/><c2/>,"[""<c1d:11/>OL<c1d:1/>\\n<c20/>说什么“既然起火的是GOLD，那我们的大楼\\n<c20/>不会有事的”。<c5:15/>那个笨蛋上司\\n<c20/>怎么想的啊!<c20/><c5:15/>这种公司，我要辞职不干了!<c6/><c2/>""]","[""<c1d:11/>OL<c1d:1/>\\n<c20/>说什么“既然起火的是GOLD，那我们的大楼\\n<c20/>不会有事的”。<c5:15/>那个笨蛋上司\\n<c20/>怎么想的啊!<c20/><c5:15/>这种公司，我要辞职不干了!<c6/><c2/>""]"
local_conflict_review,field:1114_22d,field:1114_22d:0x91e2,frontend/public/games/p2is/groups/field_1114_22d.json,<c1d:11/>OL<c1d:1/>\n<c20/>炎上したのはゴールドだから、うちのビルは大丈夫\n<c20/>ですって!?<c5:15/><c20/>何考えてんのよ、あの馬鹿上司!!<c5:15/>\n<c20/>もうあんな会社、絶対辞めてやるわっ!<c6/><c2/>,"<c1d:11/>OL<c1d:1/>
<c20/>炎上したのはゴールドだから、うちのビルは大丈夫
<c20/>ですって!?<c5:15/><c20/>何考えてんのよ、あの馬鹿上司!!<c5:15/>
<c20/>もうあんな会社、絶対辞めてやるわっ!<c6/><c2/>","[""<c1d:11/>OL<c1d:1/>\\n<c20/>居然说什么“既然爆炸的是GOLD，那我们的大楼\\n<c20/>不会有事的”!?<c5:15/><c20/>那个蠢货上司到底在想什么啊!!<c5:15/>\\n<c20/>这种破公司，我是绝对要辞职了!<c6/><c2/>""]","[""<c1d:11/>OL<c1d:1/>\\n<c20/>居然说什么“既然爆炸的是GOLD，那我们的大楼\\n<c20/>不会有事的”!?<c5:15/><c20/>那个蠢货上司到底在想什么啊!!<c5:15/>\\n<c20/>这种破公司，我是绝对要辞职了!<c6/><c2/>""]"
local_conflict_review,field:1114_22d,field:1114_22d:0x9288,frontend/public/games/p2is/groups/field_1114_22d.json,<c1d:11/>OL<c1d:1/>\n<c20/>なんだったのかしら、今の子供達…<c5:15/>\n<c20/>びしょぬれの服着て、似顔絵の5人ガ仮面党と闘う\n<c20/>ヒーローなんだって…<c5:20/>そんな事言われても…<c6/><c2/>,"<c1d:11/>OL<c1d:1/>
<c20/>なんだったのかしら、今の子供達…<c5:15/>
<c20/>びしょぬれの服着て、似顔絵の5人ガ仮面党と闘う
<c20/>ヒーローなんだって…<c5:20/>そんな事言われても…<c6/><c2/>","[""<c1d:11/>OL<c1d:1/>\\n<c20/>刚才那些小孩子，在搞什么呢…<c5:15/>\\n<c20/>衣服都湿透了，还指着肖像画上面的那5个人说\\n<c20/>是和假面党战斗的英雄…<c5:20/>就算跟我这么说也…<c6/><c2/>""]","[""<c1d:11/>OL<c1d:1/>\\n<c20/>刚才那些小孩子，在搞什么呢…<c5:15/>\\n<c20/>衣服都湿透了，还指着肖像画上面的那5个人说\\n<c20/>是和假面党战斗的英雄…<c5:20/>就算跟我这么说也…<c6/><c2/>""]"
local_conflict_review,field:1114_22d,field:1114_22d:0x9324,frontend/public/games/p2is/groups/field_1114_22d.json,<c1d:11/>OL<c1d:1/>\n<c20/>あのイン・ラケチに書かれてる事って、\n<c20/>やっぱり本当なのかしら?<c5:15/>\n<c20/>あの連続テロの事も、書かれていたって聞くし…<c6/><c2/>,"<c1d:11/>OL<c1d:1/>
<c20/>あのイン・ラケチに書かれてる事って、
<c20/>やっぱり本当なのかしら?<c5:15/>
<c20/>あの連続テロの事も、書かれていたって聞くし…<c6/><c2/>","[""<c1d:11/>OL<c1d:1/>\\n<c20/>那个In Lak' ech上面写的东西\\n<c20/>果然都是真的吧?<c5:15/>\\n<c20/>听说就连那连环恐怖袭击的事都在上面写着…<c6/><c2/>""]","[""<c1d:11/>OL<c1d:1/>\\n<c20/>那个In Lak' ech上面写的东西\\n<c20/>果然都是真的吧?<c5:15/>\\n<c20/>听说就连那连环恐怖袭击的事都在上面写着…<c6/><c2/>""]"
local_conflict_review,field:1114_22d,field:1114_22d:0x93ae,frontend/public/games/p2is/groups/field_1114_22d.json,<c1d:11/>OL<c1d:1/>\n<c20/>あんな連中ガ来たってことは、イン・ラケチに\n<c20/>書かれてた珠閒瑠の秘宝って本当にあるのね?<c5:15/>\n<c20/>だったら、あの託宣っていうのも、本当に…<c6/><c2/><c1d:11/>OL<c1d:1/>\n<c20/>たしか次は、「獅子の咆哮はあまねく響く」だった\n<c20/>わよね?<c20/><c5:15/>だ、だけど何よそれ?<c5:15/>\n<c20/>全然意味ガ分からない…<c6/><c2/>,"<c1d:11/>OL<c1d:1/>
<c20/>あんな連中ガ来たってことは、イン・ラケチに
<c20/>書かれてた珠閒瑠の秘宝って本当にあるのね?<c5:15/>
<c20/>だったら、あの託宣っていうのも、本当に…<c6/><c2/><c1d:11/>OL<c1d:1/>
<c20/>たしか次は、「獅子の咆哮はあまねく響く」だった
<c20/>わよね?<c20/><c5:15/>だ、だけど何よそれ?<c5:15/>
<c20/>全然意味ガ分からない…<c6/><c2/>","[""<c1d:11/>OL<c1d:1/> <c20/>既然那帮人都来了，就说明In Lak' ech上面写的 <c20/>“珠间瑠市的秘宝”是真的吧?<c5:15/> <c20/>这样的话，那那个神谕也是真的…<c6/><c2/><c1d:11/>OL<c1d:1/> <c20/>我记得，下一句是「狮子的咆哮响彻四方」<c20/>来着?<c20/><c5:15/>可、可是那是什么意思啊?<c5:15/> <c20/>完全搞不懂…<c6/><c2/>""]","[""<c1d:11/>OL<c1d:1/> <c20/>既然那帮人都来了，就说明In Lak' ech上面写的 <c20/>“珠间瑠市的秘宝”是真的吧?<c5:15/> <c20/>这样的话，那那个神谕也是真的…<c6/><c2/><c1d:11/>OL<c1d:1/> <c20/>我记得，下一句是「狮子的咆哮响彻四方」<c20/>来着?<c20/><c5:15/>可、可是那是什么意思啊?<c5:15/> <c20/>完全搞不懂…<c6/><c2/>""]"
local_conflict_review,field:1114_22d,field:1114_22d:0x94d2,frontend/public/games/p2is/groups/field_1114_22d.json,<c1d:11/>OL<c1d:1/>\n<c20/>キ、キミも、あの流星見た?<c20/><c5:15/>仮面党員ガ\n<c20/>あの流星を獅子の咆哮だって言ってたの!<c5:15/>\n<c20/>あれガ託宣に書かれてた事なのね?<c6/><c2/>,"<c1d:11/>OL<c1d:1/>
<c20/>キ、キミも、あの流星見た?<c20/><c5:15/>仮面党員ガ
<c20/>あの流星を獅子の咆哮だって言ってたの!<c5:15/>
<c20/>あれガ託宣に書かれてた事なのね?<c6/><c2/>","[""<c1d:11/>OL<c1d:1/>\\n<c20/>你、你也看见那流星了吗?<c20/><c5:15/>假面党的成员\\n<c20/>说那颗流星就是狮子的咆哮!<c5:15/>\\n<c20/>那就是神谕上面写有的事情吗?<c6/><c2/>""]","[""<c1d:11/>OL<c1d:1/>\\n<c20/>你、你也看见那流星了吗?<c20/><c5:15/>假面党的成员\\n<c20/>说那颗流星就是狮子的咆哮!<c5:15/>\\n<c20/>那就是神谕上面写有的事情吗?<c6/><c2/>""]"
local_conflict_review,field:1114_22d,field:1114_22d:0x9564,frontend/public/games/p2is/groups/field_1114_22d.json,<c1d:11/>OL<c1d:1/>\n<c20/>あの神殿みたいな建物、平坂区や青華区にも\n<c20/>出て来たんでしょ?<c5:10/><c20/>一体、何の建物なのかしら…<c5:15/>\n<c20/>蠍のマークなんか書かれて、気持ち悪いわね…<c6/><c2/>,"<c1d:11/>OL<c1d:1/>
<c20/>あの神殿みたいな建物、平坂区や青華区にも
<c20/>出て来たんでしょ?<c5:10/><c20/>一体、何の建物なのかしら…<c5:15/>
<c20/>蠍のマークなんか書かれて、気持ち悪いわね…<c6/><c2/>","[""<c1d:11/>OL<c1d:1/>\\n<c20/>那个像神殿一样的建筑物，在平坂区和青华区\\n<c20/>也冒出来了吧?<c5:10/><c20/>那到底是什么建筑啊…<c5:15/>\\n<c20/>上面还刻着蝎子的标志，有够恶心的…<c6/><c2/>""]","[""<c1d:11/>OL<c1d:1/>\\n<c20/>那个像神殿一样的建筑物，在平坂区和青华区\\n<c20/>也冒出来了吧?<c5:10/><c20/>那到底是什么建筑啊…<c5:15/>\\n<c20/>上面还刻着蝎子的标志，有够恶心的…<c6/><c2/>""]"
local_conflict_review,field:1114_22d,field:1114_22d:0x960a,frontend/public/games/p2is/groups/field_1114_22d.json,<c1d:11/>おじさん<c1d:1/>\n<c20/>若者の街…<c5:15/>なんてのは遊ぶ側のご意見でしてねぇ、\n<c20/>私らそれで稼ガせてもらってるオジサンには、\n<c20/>ここだって立派な社会、戦場なんですよ。<c6/><c2/><c1d:11/>おじさん<c1d:1/>\n<c20/>ところで、あなたも春日山高校の方ですか?<c5:15/>\n<c20/>いや一時期は、見かける若者全てセブンス、ってな\n<c20/>感じだったんですガ、<c5:15/>最近はさっぱり。<c6/><c2/>,"<c1d:11/>おじさん<c1d:1/>
<c20/>若者の街…<c5:15/>なんてのは遊ぶ側のご意見でしてねぇ、
<c20/>私らそれで稼ガせてもらってるオジサンには、
<c20/>ここだって立派な社会、戦場なんですよ。<c6/><c2/><c1d:11/>おじさん<c1d:1/>
<c20/>ところで、あなたも春日山高校の方ですか?<c5:15/>
<c20/>いや一時期は、見かける若者全てセブンス、ってな
<c20/>感じだったんですガ、<c5:15/>最近はさっぱり。<c6/><c2/>","[""<c1d:11/>大叔<c1d:1/>\\n<c20/>“年轻人的街道”…<c5:15/>都是那些来玩的人才会说的话， \\n<c20/>对我们这些靠做你们年轻人生意赚钱的大叔而言，\\n<c20/>这里就是正儿八经的社会、是战场。<c6/><c2/><c1d:11/>大叔<c1d:1/>\\n<c20/>话说回来，你也是春日山高中的学生吗?<c5:15/>\\n<c20/>有一段时间吧，看到的\\n<c20/>好像都是七姐妹的学生，<c5:15/>但是最近又看不到了。<c6/><c2/>""]","[""<c1d:11/>大叔<c1d:1/>\\n<c20/>“年轻人的街道”…<c5:15/>都是那些来玩的人才会说的话， \\n<c20/>对我们这些靠做你们年轻人生意赚钱的大叔而言，\\n<c20/>这里就是正儿八经的社会、是战场。<c6/><c2/><c1d:11/>大叔<c1d:1/>\\n<c20/>话说回来，你也是春日山高中的学生吗?<c5:15/>\\n<c20/>有一段时间吧，看到的\\n<c20/>好像都是七姐妹的学生，<c5:15/>但是最近又看不到了。<c6/><c2/>""]"
local_conflict_review,field:1114_22d,field:1114_22d:0x9750,frontend/public/games/p2is/groups/field_1114_22d.json,<c1d:11/>おじさん<c1d:1/>\n<c20/>秘密クラブ?<c5:15/><c20/>ああ、あの仮面を着けてなければ\n<c20/>入れないという所でしょう?<c5:15/><c20/>噂でなら聞いた事ガ\n<c20/>ありますガ…<c5:15/>なにやら怪しい所のようですなぁ。<c6/><c2/>,"<c1d:11/>おじさん<c1d:1/>
<c20/>秘密クラブ?<c5:15/><c20/>ああ、あの仮面を着けてなければ
<c20/>入れないという所でしょう?<c5:15/><c20/>噂でなら聞いた事ガ
<c20/>ありますガ…<c5:15/>なにやら怪しい所のようですなぁ。<c6/><c2/>","[""<c1d:11/>大叔<c1d:1/>\\n<c20/>秘密俱乐部?<c5:15/><c20/>哦哦，是那群戴着假面的人\\n<c20/>进去的地方对吧?<c5:15/><c20/>不过我也只听过一些\\n<c20/>传闻…<c5:15/>总感觉那个地方怪怪的呢。<c6/><c2/>""]","[""<c1d:11/>大叔<c1d:1/>\\n<c20/>秘密俱乐部?<c5:15/><c20/>哦哦，是那群戴着假面的人\\n<c20/>进去的地方对吧?<c5:15/><c20/>不过我也只听过一些\\n<c20/>传闻…<c5:15/>总感觉那个地方怪怪的呢。<c6/><c2/>""]"
local_conflict_review,field:1114_22d,field:1114_22d:0x9804,frontend/public/games/p2is/groups/field_1114_22d.json,<c1d:11/>おじさん<c1d:1/>\n<c20/>やれやれ、これではカス校の学園祭にお客さんを\n<c20/>取られてしまいそうですなぁ。<c5:15/>まぁ、年に一度の\n<c20/>お祭りですから、これは仕方ありませんかねぇ。<c6/><c2/>,"<c1d:11/>おじさん<c1d:1/>
<c20/>やれやれ、これではカス校の学園祭にお客さんを
<c20/>取られてしまいそうですなぁ。<c5:15/>まぁ、年に一度の
<c20/>お祭りですから、これは仕方ありませんかねぇ。<c6/><c2/>","[""<c1d:11/>大叔<c1d:1/>\\n<c20/>哎呀呀，渣高那边搞学园祭\\n<c20/>把客人都抢走了呢。<c5:15/>也是，这祭典一年也就搞这一次，\\n<c20/>我就不多说什么了。<c6/><c2/>""]","[""<c1d:11/>大叔<c1d:1/>\\n<c20/>哎呀呀，渣高那边搞学园祭\\n<c20/>把客人都抢走了呢。<c5:15/>也是，这祭典一年也就搞这一次，\\n<c20/>我就不多说什么了。<c6/><c2/>""]"
local_conflict_review,field:1114_22d,field:1114_22d:0x98ae,frontend/public/games/p2is/groups/field_1114_22d.json,<c1d:11/>おじさん<c1d:1/>\n<c20/>MUSESとかいう新人アイドルグループの人気は\n<c20/>大した物ですなぁ。<c5:15/>これも、プロデューサーである\n<c20/>佐々木<c20/>銀次の力なんでしょうかねぇ。<c6/><c2/>,"<c1d:11/>おじさん<c1d:1/>
<c20/>MUSESとかいう新人アイドルグループの人気は
<c20/>大した物ですなぁ。<c5:15/>これも、プロデューサーである
<c20/>佐々木<c20/>銀次の力なんでしょうかねぇ。<c6/><c2/>","[""<c1d:11/>大叔<c1d:1/>\\n<c20/>那个叫MUSES的新人偶像团体\\n<c20/>人气真高啊。<c5:15/>想必这也是制作人\\n<c20/>佐佐木<c20/>银次的功劳吧。<c6/><c2/>""]","[""<c1d:11/>大叔<c1d:1/>\\n<c20/>那个叫MUSES的新人偶像团体\\n<c20/>人气真高啊。<c5:15/>想必这也是制作人\\n<c20/>佐佐木<c20/>银次的功劳吧。<c6/><c2/>""]"
local_conflict_review,field:1114_22d,field:1114_22d:0x9954,frontend/public/games/p2is/groups/field_1114_22d.json,<c1d:11/>おじさん<c1d:1/>\n<c20/>ギガ・マッチヨに集まってる人達ですガ、\n<c20/>どうやらお目当ては佐々木<c20/>銀次と、\n<c20/>最後の一人のようですなぁ。<c6/><c2/>,"<c1d:11/>おじさん<c1d:1/>
<c20/>ギガ・マッチヨに集まってる人達ですガ、
<c20/>どうやらお目当ては佐々木<c20/>銀次と、
<c20/>最後の一人のようですなぁ。<c6/><c2/>","[""<c1d:11/>大叔<c1d:1/>\\n<c20/>虽然千兆猛男音像店前聚集了好多人，\\n<c20/>但看起来他们都是冲着佐佐木<c20/>银次\\n<c20/>的最后一位偶像来的。<c6/><c2/>""]","[""<c1d:11/>大叔<c1d:1/>\\n<c20/>虽然千兆猛男音像店前聚集了好多人，\\n<c20/>但看起来他们都是冲着佐佐木<c20/>银次\\n<c20/>的最后一位偶像来的。<c6/><c2/>""]"
local_conflict_review,field:1114_22d,field:1114_22d:0x99d8,frontend/public/games/p2is/groups/field_1114_22d.json,<c1d:11/>おじさん<c1d:1/>\n<c20/>コンサート会場の野外音楽堂は、もう満員だそう\n<c20/>ですねぇ。<c5:15/>いやはやこれ程の人気を得るとは。\n<c20/>不景気に泣く我々としては茨ましい限り。<c6/><c2/>,"<c1d:11/>おじさん<c1d:1/>
<c20/>コンサート会場の野外音楽堂は、もう満員だそう
<c20/>ですねぇ。<c5:15/>いやはやこれ程の人気を得るとは。
<c20/>不景気に泣く我々としては茨ましい限り。<c6/><c2/>","[""<c1d:11/>大叔<c1d:1/>\\n<c20/>举办演唱会的露天音乐厅已经\\n<c20/>人满为患了。<c5:15/>唉呀，看着人家有这么高的人气，\\n<c20/>像我这生意不景气的真是羡慕死了。<c6/><c2/>""]","[""<c1d:11/>大叔<c1d:1/>\\n<c20/>举办演唱会的露天音乐厅已经\\n<c20/>人满为患了。<c5:15/>唉呀，看着人家有这么高的人气，\\n<c20/>像我这生意不景气的真是羡慕死了。<c6/><c2/>""]"
local_conflict_review,field:1114_22d,field:1114_22d:0x9a7a,frontend/public/games/p2is/groups/field_1114_22d.json,<c1d:11/>おじさん<c1d:1/>\n<c20/>仮面党員を名乗って騒いでる連中ガいるようですガ\n<c20/>やはりテロの犯人は仮面党なんですかねぇ?<c5:15/>\n<c20/>もちろん、一番怪しい連中ではありますガ…<c6/><c2/><c1d:11/>おじさん<c1d:1/>\n<c20/>私はどうも、野外音楽堂で目撃されたという\n<c20/>5人組の方ガ気になっているんです。<c5:15/>\n<c20/>現にそいつらガ犯人という噂もありますし。<c6/><c2/>,"<c1d:11/>おじさん<c1d:1/>
<c20/>仮面党員を名乗って騒いでる連中ガいるようですガ
<c20/>やはりテロの犯人は仮面党なんですかねぇ?<c5:15/>
<c20/>もちろん、一番怪しい連中ではありますガ…<c6/><c2/><c1d:11/>おじさん<c1d:1/>
<c20/>私はどうも、野外音楽堂で目撃されたという
<c20/>5人組の方ガ気になっているんです。<c5:15/>
<c20/>現にそいつらガ犯人という噂もありますし。<c6/><c2/>","[""<c1d:11/>大叔<c1d:1/>\\n<c20/>捣乱的那些人自称是假面党，\\n<c20/>果然假面党就是这场恐怖袭击的犯人吗?<c5:15/>\\n<c20/>当然，嫌疑最大的肯定是他们啦…<c6/><c2/><c1d:11/>大叔<c1d:1/>\\n<c20/>但我还是更在意在露天音乐厅被目击到的\\n<c20/>那5人组。<c5:15/>\\n<c20/>实际上，现在也有传闻说他们才是真正的犯人。<c6/><c2/>""]","[""<c1d:11/>大叔<c1d:1/>\\n<c20/>捣乱的那些人自称是假面党，\\n<c20/>果然假面党就是这场恐怖袭击的犯人吗?<c5:15/>\\n<c20/>当然，嫌疑最大的肯定是他们啦…<c6/><c2/><c1d:11/>大叔<c1d:1/>\\n<c20/>但我还是更在意在露天音乐厅被目击到的\\n<c20/>那5人组。<c5:15/>\\n<c20/>实际上，现在也有传闻说他们才是真正的犯人。<c6/><c2/>""]"
local_conflict_review,field:1114_22d,field:1114_22d:0x9bb4,frontend/public/games/p2is/groups/field_1114_22d.json,<c1d:11/>おじさん<c1d:1/>\n<c20/>仮面党に、5人組テロリスト…<c5:15/>どちらもテロの犯人\n<c20/>と言われていますガ、証拠ガある訳じゃ無い…<c5:15/>\n<c20/>こういうのガ一番危ないんですよ。<c6/><c2/><c1d:11/>おじさん<c1d:1/>\n<c20/>街の人達は、事件の早期解決を望んでいる。\n<c20/>だから何かと犯人を決め付けたガる…<c6/><c2/><c1d:11/>おじさん<c1d:1/>\n<c20/>こんな時に少しでも怪しまれたら、\n<c20/>今度はこっちガ犯人扱いされてしまう。<c5:15/>\n<c20/>魔女狩りと同じですよ。怖い怖い。<c6/><c2/>,"<c1d:11/>おじさん<c1d:1/>
<c20/>仮面党に、5人組テロリスト…<c5:15/>どちらもテロの犯人
<c20/>と言われていますガ、証拠ガある訳じゃ無い…<c5:15/>
<c20/>こういうのガ一番危ないんですよ。<c6/><c2/><c1d:11/>おじさん<c1d:1/>
<c20/>街の人達は、事件の早期解決を望んでいる。
<c20/>だから何かと犯人を決め付けたガる…<c6/><c2/><c1d:11/>おじさん<c1d:1/>
<c20/>こんな時に少しでも怪しまれたら、
<c20/>今度はこっちガ犯人扱いされてしまう。<c5:15/>
<c20/>魔女狩りと同じですよ。怖い怖い。<c6/><c2/>","[""<c1d:11/>大叔<c1d:1/>\\n<c20/>“假面党、恐怖分子5人组…<c5:15/>都是这场恐怖袭击的犯人”\\n<c20/>虽然大伙都这么说，但都没有确凿的证据…<c5:15/>\\n<c20/>这种事情才是最危险的。<c6/><c2/><c1d:11/>大叔<c1d:1/>\\n<c20/>因为街坊邻居们都希望这件事能快点解决，\\n<c20/>所以总是动不动就认定犯人是谁…<c6/><c2/><c1d:11/>大叔<c1d:1/>\\n<c20/>到了这种时候，只要有一点点被怀疑，\\n<c20/>下次就要轮到自己被当作犯人了。<c5:15/>\\n<c20/>搞来搞去搞得跟猎巫运动没什么两样，会吓死人倒是真的。<c6/><c2/>""]","[""<c1d:11/>大叔<c1d:1/>\\n<c20/>“假面党、恐怖分子5人组…<c5:15/>都是这场恐怖袭击的犯人”\\n<c20/>虽然大伙都这么说，但都没有确凿的证据…<c5:15/>\\n<c20/>这种事情才是最危险的。<c6/><c2/><c1d:11/>大叔<c1d:1/>\\n<c20/>因为街坊邻居们都希望这件事能快点解决，\\n<c20/>所以总是动不动就认定犯人是谁…<c6/><c2/><c1d:11/>大叔<c1d:1/>\\n<c20/>到了这种时候，只要有一点点被怀疑，\\n<c20/>下次就要轮到自己被当作犯人了。<c5:15/>\\n<c20/>搞来搞去搞得跟猎巫运动没什么两样，会吓死人倒是真的。<c6/><c2/>""]"
local_conflict_review,field:1114_22d,field:1114_22d:0x9d44,frontend/public/games/p2is/groups/field_1114_22d.json,<c1d:11/>おじさん<c1d:1/>\n<c20/>このテロの犯人はラスト・バタリオンという\n<c20/>特殊部隊なんだそうです。<c5:15/>やれやれ、パニックに\n<c20/>なると出てくる犯人説もデタラメですなぁ。<c6/><c2/><c1d:11/>おじさん<c1d:1/>\n<c20/>あなたも早く、この街から逃げた方ガいい。\n<c20/>犯人扱いされてしまう前にね。<c5:15/>自分を被害者だと\n<c20/>思ってる連中ガ一番危険なんです。<c6/><c2/>,"<c1d:11/>おじさん<c1d:1/>
<c20/>このテロの犯人はラスト・バタリオンという
<c20/>特殊部隊なんだそうです。<c5:15/>やれやれ、パニックに
<c20/>なると出てくる犯人説もデタラメですなぁ。<c6/><c2/><c1d:11/>おじさん<c1d:1/>
<c20/>あなたも早く、この街から逃げた方ガいい。
<c20/>犯人扱いされてしまう前にね。<c5:15/>自分を被害者だと
<c20/>思ってる連中ガ一番危険なんです。<c6/><c2/>","[""<c1d:11/>大叔<c1d:1/>\\n<c20/>听说这场恐怖袭击的犯人是一支叫做\\n<c20/>“最终部队”的特殊部队。<c5:15/>唉呀呀，一到恐慌的时候\\n<c20/>就会冒出像“犯人说”这样的胡说八道。<c6/><c2/><c1d:11/>大叔<c1d:1/>\\n<c20/>你也最好赶在被当作犯人之前\\n<c20/>离开这地方吧。<c5:15/>我看那些自以为是受害者的家伙\\n<c20/>才是最危险的。<c6/><c2/>""]","[""<c1d:11/>大叔<c1d:1/>\\n<c20/>听说这场恐怖袭击的犯人是一支叫做\\n<c20/>“最终部队”的特殊部队。<c5:15/>唉呀呀，一到恐慌的时候\\n<c20/>就会冒出像“犯人说”这样的胡说八道。<c6/><c2/><c1d:11/>大叔<c1d:1/>\\n<c20/>你也最好赶在被当作犯人之前\\n<c20/>离开这地方吧。<c5:15/>我看那些自以为是受害者的家伙\\n<c20/>才是最危险的。<c6/><c2/>""]"
local_conflict_review,field:1114_22d,field:1114_22d:0x9e7e,frontend/public/games/p2is/groups/field_1114_22d.json,<c1d:11/>おじさん<c1d:1/>\n<c20/>犯人の似顔絵ガ公開されたと聞いて、\n<c20/>真っ先に見に行ったのですガ…<c5:15/>\n<c20/>どこかで見覚えのある方々でしたなぁ。<c6/><c2/><c1d:11/>おじさん<c1d:1/>\n<c20/>いやいや、それガ濡れ衣な事も、あの似顔絵ガ\n<c20/>犯人ではなく重要参考人を示した物である事も、\n<c20/>重々承知しておりますよ。<c6/><c2/><c1d:11/>おじさん<c1d:1/>\n<c20/>しかし、これで分かったでしょう。<c5:15/>どんなに\n<c20/>現実主義を気取ろうとも、所詮人間は、魔女狩りを\n<c20/>行っていた時代と何ら変わっていないのです。<c6/><c2/><c1d:11/>おじさん<c1d:1/>\n<c20/>早く真犯人ガ捕まるといいですなぁ。\n<c20/>ご無事をお祈りしていますよ。<c6/><c2/>,"<c1d:11/>おじさん<c1d:1/>
<c20/>犯人の似顔絵ガ公開されたと聞いて、
<c20/>真っ先に見に行ったのですガ…<c5:15/>
<c20/>どこかで見覚えのある方々でしたなぁ。<c6/><c2/><c1d:11/>おじさん<c1d:1/>
<c20/>いやいや、それガ濡れ衣な事も、あの似顔絵ガ
<c20/>犯人ではなく重要参考人を示した物である事も、
<c20/>重々承知しておりますよ。<c6/><c2/><c1d:11/>おじさん<c1d:1/>
<c20/>しかし、これで分かったでしょう。<c5:15/>どんなに
<c20/>現実主義を気取ろうとも、所詮人間は、魔女狩りを
<c20/>行っていた時代と何ら変わっていないのです。<c6/><c2/><c1d:11/>おじさん<c1d:1/>
<c20/>早く真犯人ガ捕まるといいですなぁ。
<c20/>ご無事をお祈りしていますよ。<c6/><c2/>","[""<c1d:11/>大叔<c1d:1/>\\n<c20/>我一听说犯人的肖像画公开了，\\n<c20/>就第一个跑过去看了…<c5:15/>\\n<c20/>结果发现是几位好像在哪见过的人啊。<c6/><c2/><c1d:11/>大叔<c1d:1/>\\n<c20/>不对不对，那也有可能是被冤枉的，我很清楚肖像画\\n<c20/>上的不是犯人，\\n<c20/>而是重要参考人。<c6/><c2/><c1d:11/>大叔<c1d:1/>\\n<c20/>可是，这样一来你也明白了吧？<c5:15/>不管怎样\\n<c20/>装作自己是现实主义者，到头来人类这种东西，\\n<c20/>相比搞猎巫运动的时期也没有什么改变。<c6/><c2/><c1d:11/>大叔<c1d:1/>\\n<c20/>真希望能早点抓到犯人，\\n<c20/>也愿你平平安安。<c6/><c2/>""]","[""<c1d:11/>大叔<c1d:1/>\\n<c20/>我一听说犯人的肖像画公开了，\\n<c20/>就第一个跑过去看了…<c5:15/>\\n<c20/>结果发现是几位好像在哪见过的人啊。<c6/><c2/><c1d:11/>大叔<c1d:1/>\\n<c20/>不对不对，那也有可能是被冤枉的，我很清楚肖像画\\n<c20/>上的不是犯人，\\n<c20/>而是重要参考人。<c6/><c2/><c1d:11/>大叔<c1d:1/>\\n<c20/>可是，这样一来你也明白了吧？<c5:15/>不管怎样\\n<c20/>装作自己是现实主义者，到头来人类这种东西，\\n<c20/>相比搞猎巫运动的时期也没有什么改变。<c6/><c2/><c1d:11/>大叔<c1d:1/>\\n<c20/>真希望能早点抓到犯人，\\n<c20/>也愿你平平安安。<c6/><c2/>""]"
local_conflict_review,field:1114_22d,field:1114_22d:0xa092,frontend/public/games/p2is/groups/field_1114_22d.json,<c1d:11/>おじさん<c1d:1/>\n<c20/>似顔絵の5人ガ仮面党と闘っているという噂。\n<c20/>あれはあなた方ガ流したのではありませんか?<c5:15/>\n<c20/>いやいや、噂に噂で対抗するとは考えましたなぁ<c6/><c2/>,"<c1d:11/>おじさん<c1d:1/>
<c20/>似顔絵の5人ガ仮面党と闘っているという噂。
<c20/>あれはあなた方ガ流したのではありませんか?<c5:15/>
<c20/>いやいや、噂に噂で対抗するとは考えましたなぁ<c6/><c2/>","[""<c1d:11/>大叔<c1d:1/>\\n<c20/>肖像画上的5人是与假面党战斗的传闻，\\n<c20/>是你们散播的吗?<c5:15/>\\n<c20/>好家伙，亏你们能想出来用传闻对抗传闻这种方法呢。<c6/><c2/>""]","[""<c1d:11/>大叔<c1d:1/>\\n<c20/>肖像画上的5人是与假面党战斗的传闻，\\n<c20/>是你们散播的吗?<c5:15/>\\n<c20/>好家伙，亏你们能想出来用传闻对抗传闻这种方法呢。<c6/><c2/>""]"
local_conflict_review,field:1114_22d,field:1114_22d:0xa138,frontend/public/games/p2is/groups/field_1114_22d.json,<c1d:11/>おじさん<c1d:1/>\n<c20/>まさに駄目押しという感じですなぁ。<c5:15/>\n<c20/>これでイン・ラケチを疑う人間は\n<c20/>いなくなったでしょう。<c6/><c2/>,"<c1d:11/>おじさん<c1d:1/>
<c20/>まさに駄目押しという感じですなぁ。<c5:15/>
<c20/>これでイン・ラケチを疑う人間は
<c20/>いなくなったでしょう。<c6/><c2/>","[""<c1d:11/>大叔<c1d:1/>\\n<c20/>真是多此一举啊，<c5:15/>\\n<c20/>这下没有人会怀疑\\n<c20/>In Lak' ech了吧。<c6/><c2/>""]","[""<c1d:11/>大叔<c1d:1/>\\n<c20/>真是多此一举啊，<c5:15/>\\n<c20/>这下没有人会怀疑\\n<c20/>In Lak' ech了吧。<c6/><c2/>""]"
local_conflict_review,field:1114_22d,field:1114_22d:0xa1b4,frontend/public/games/p2is/groups/field_1114_22d.json,<c1d:11/>おじさん<c1d:1/>\n<c20/>また随分と派手な建物ガ出て来ましたなぁ。<c5:10/>\n<c20/>仮面党もラスト・バタリオンも、今はあの中で\n<c20/>闘っているようですよ。<c6/><c2/><c1d:11/>おじさん<c1d:1/>\n<c20/>上では戦闘、下は滅亡…ですか…<c5:15/>\n<c20/>あなた、地上でこれから何ガ起きるのか、\n<c20/>興味はありませんか?<c6/><c2/>,"<c1d:11/>おじさん<c1d:1/>
<c20/>また随分と派手な建物ガ出て来ましたなぁ。<c5:10/>
<c20/>仮面党もラスト・バタリオンも、今はあの中で
<c20/>闘っているようですよ。<c6/><c2/><c1d:11/>おじさん<c1d:1/>
<c20/>上では戦闘、下は滅亡…ですか…<c5:15/>
<c20/>あなた、地上でこれから何ガ起きるのか、
<c20/>興味はありませんか?<c6/><c2/>","[""<c1d:11/>おじさん<c1d:1/>\\n<c20/>又冒出来一栋相当气派的建筑啊。<c5:10/>\\n<c20/>假面党和最终部队\\n<c20/>都在那里面打架呢吧。<c6/><c2/><c1d:11/>大叔<c1d:1/>\\n<c20/>上面在战斗，下面要灭亡…吗…<c5:15/>\\n<c20/>你对地面接下来会发生什么\\n<c20/>不感到好奇吗?<c6/><c2/>""]","[""<c1d:11/>おじさん<c1d:1/>\\n<c20/>又冒出来一栋相当气派的建筑啊。<c5:10/>\\n<c20/>假面党和最终部队\\n<c20/>都在那里面打架呢吧。<c6/><c2/><c1d:11/>大叔<c1d:1/>\\n<c20/>上面在战斗，下面要灭亡…吗…<c5:15/>\\n<c20/>你对地面接下来会发生什么\\n<c20/>不感到好奇吗?<c6/><c2/>""]"
local_conflict_review,field:1114_22d,field:1114_22d:0xa2be,frontend/public/games/p2is/groups/field_1114_22d.json,<c1d:11/>おじさん<c1d:1/>\n<c20/>聞くところによると、\n<c20/>グランドクロスガ完成すると\n<c20/>地上に隕石の雨ガ降り注ぐそうですよ。<c6/><c2/><c1d:11/>おじさん<c1d:1/>\n<c20/>しかしこれはデマでしょう。<c5:10/>\n<c20/>あのイン・ラケチに、\n<c20/>そのような託宣は無かったはずですから。<c6/><c2/>,"<c1d:11/>おじさん<c1d:1/>
<c20/>聞くところによると、
<c20/>グランドクロスガ完成すると
<c20/>地上に隕石の雨ガ降り注ぐそうですよ。<c6/><c2/><c1d:11/>おじさん<c1d:1/>
<c20/>しかしこれはデマでしょう。<c5:10/>
<c20/>あのイン・ラケチに、
<c20/>そのような託宣は無かったはずですから。<c6/><c2/>","[""<c1d:11/>大叔<c1d:1/>\\n<c20/>我听说，\\n<c20/>当大十字完成之时，\\n<c20/>地面将遭遇陨石雨。<c6/><c2/><c1d:11/>大叔<c1d:1/>\\n<c20/>可是这应该是个谣言吧。<c5:10/>\\n<c20/>In Lak' ech里的\\n<c20/>神谕可没记载这样的事情啊。<c6/><c2/>""]","[""<c1d:11/>大叔<c1d:1/>\\n<c20/>我听说，\\n<c20/>当大十字完成之时，\\n<c20/>地面将遭遇陨石雨。<c6/><c2/><c1d:11/>大叔<c1d:1/>\\n<c20/>可是这应该是个谣言吧。<c5:10/>\\n<c20/>In Lak' ech里的\\n<c20/>神谕可没记载这样的事情啊。<c6/><c2/>""]"
local_conflict_review,field:50,field:50:0x2664,frontend/public/games/p2is/groups/field_50.json,七福神の一人 恵比寿神\n海の幸をもたらす神\n<c6/>\n,七福神之一 惠比寿神\n带来海洋物产的神\n<c6/>\n,"[""七福神之一 惠比寿神\\n带来海洋恩惠的神\\n<c6/>\\n""]","[""七福神之一 惠比寿神\\n带来海洋恩惠的神\\n<c6/>\\n""]"
multiple_versions_review,field:77_0d,field:77_0d:0x0,frontend/public/games/p2is/groups/field_77_0d.json,<c1d:11/>イシス<c1d:1/>\n<c20/>妾はイシス…かつてありしもの、\n<c20/>あるもの、あるであろうものの全て…\n<c20/>人の子よ、すなわち、そなたも妾ということじゃ\n<c6/><c2/>,<c1d:11/>伊西斯<c1d:1/>\n<c20/>本宫乃伊西斯…往存一切物、\n<c20/>现存一切物、将存一切物之全部…\n<c20/>人之子啊，换言之，你亦即是本宫\n<c6/><c2/>,"[""<c1d:11/>伊西斯<c1d:1/>\\n<c20/>本宫乃伊西斯…往存一切物、\\n<c20/>现存一切物、将存一切物之全部…\\n<c20/>人之子啊，换言之，你亦即是本宫\\n<c6/><c2/>"", ""<c1d:11/>伊西斯<c1d:1/>\\n<c20/>本尊乃伊西斯…往存一切物、\\n<c20/>现存一切物、将存一切物之全部…\\n<c20/>人之子啊，换言之，你亦即是本尊\\n<c6/><c2/>""]","[""<c1d:11/>伊西斯<c1d:1/>\\n<c20/>本宫乃伊西斯…往存一切物、\\n<c20/>现存一切物、将存一切物之全部…\\n<c20/>人之子啊，换言之，你亦即是本宫\\n<c6/><c2/>"", ""<c1d:11/>伊西斯<c1d:1/>\\n<c20/>本尊乃伊西斯…往存一切物、\\n<c20/>现存一切物、将存一切物之全部…\\n<c20/>人之子啊，换言之，你亦即是本尊\\n<c6/><c2/>""]"
local_conflict_review,field:77_102d,field:77_102d:0x0,frontend/public/games/p2is/groups/field_77_102d.json,<c1d:11/>イーリス<c1d:1/>\n<c20/>イーリスはぁ<c20/>虹のリボンの女の子お♪\n<c20/>あなたにもお<c20/>虹のリボンをあげましょお♪\n<c20/>これから<c20/>ずうっと<c20/>よろしくね♥\n<c6/><c2/>,<c1d:11/>伊里斯<c1d:1/>\n<c20/>伊里斯是彩虹缎带的女孩哦♪<c20/>也给你彩虹缎带吧♪\n<c20/>从今往后请多关照啦♥\n<c6/><c2/>,"[""<c1d:11/>伊里斯<c1d:1/>\\n<c20/>伊里斯呀<c20/>是系着彩虹缎带的女孩子哦♪\\n<c20/>也送给你<c20/>一条彩虹缎带吧♪\\n<c20/>从今往后，<c20/>一直一直，<c20/>请多关照啦♥\\n<c6/><c2/>""]","[""<c1d:11/>伊里斯<c1d:1/>\\n<c20/>伊里斯呀<c20/>是系着彩虹缎带的女孩子哦♪\\n<c20/>也送给你<c20/>一条彩虹缎带吧♪\\n<c20/>从今往后，<c20/>一直一直，<c20/>请多关照啦♥\\n<c6/><c2/>""]"
local_conflict_review,field:77_104d,field:77_104d:0x0,frontend/public/games/p2is/groups/field_77_104d.json,<c1d:11/>ナンナル<c1d:1/>\n<c20/>私はナンナル…\n<c20/>遠き日の運命決める月輪の主…\n<c20/>行くべき道は、麗しき月光の先に見出しなさい…\n<c6/><c2/>,<c1d:11/>南纳尔<c1d:1/>\n<c20/>我是南纳尔…\n<c20/>决定遥远之日命运的月轮之主…\n<c20/>应行之路，请在美丽月光的前方寻找…\n<c6/><c2/>,"[""<c1d:11/>南纳<c1d:1/>\\n<c20/>我是南纳…\\n<c20/>执掌亘古宿命的月轮之主…\\n<c20/>应行之路，当于皎洁月光之彼端寻得…\\n<c6/><c2/>""]","[""<c1d:11/>南纳<c1d:1/>\\n<c20/>我是南纳…\\n<c20/>执掌亘古宿命的月轮之主…\\n<c20/>应行之路，当于皎洁月光之彼端寻得…\\n<c6/><c2/>""]"
local_conflict_review,field:77_107d,field:77_107d:0x0,frontend/public/games/p2is/groups/field_77_107d.json,<c1d:11/>サキュバス<c1d:1/>\n<c20/>わたくしはサキュバス…\n<c20/>つまらない現実など捨てておしまいなさい。\n<c20/>淫夢の中で、至高の快楽を教えてあげてよ♥\n<c6/><c2/>,<c1d:11/>魅魔<c1d:1/>\n<c20/>我是魅魔…\n<c20/>请舍弃无聊的现实吧。\n<c20/>在淫梦中，让我教你至高的快乐吧♥\n<c6/><c2/>,"[""<c1d:11/>女梦魔<c1d:1/>\\n<c20/>我是女梦魔…\\n<c20/>请舍弃无聊的现实吧。\\n<c20/>在淫梦中，让我教你至高的快乐吧♥\\n<c6/><c2/>""]","[""<c1d:11/>女梦魔<c1d:1/>\\n<c20/>我是女梦魔…\\n<c20/>请舍弃无聊的现实吧。\\n<c20/>在淫梦中，让我教你至高的快乐吧♥\\n<c6/><c2/>""]"
local_conflict_review,field:77_108d,field:77_108d:0x0,frontend/public/games/p2is/groups/field_77_108d.json,<c1d:11/>マイア・改<c1d:1/>\n<c20/>我ガ名はマイア<c20/>真の力に目覚めし昴の使い…\n<c20/>過去には花を<c20/>汝の心に豊穣を\n<c20/>十六夜月は<c20/>今満天の明月へ…\n<c6/><c2/>,<c1d:11/>迈亚·改<c1d:1/>\n<c20/>吾名迈亚<c20/>觉醒真正力量的昴宿使者…\n<c20/>过去献上花朵<c20/>于汝心献上丰饶\n<c20/>十六夜之月<c20/>如今化为满天的明月…\n<c6/><c2/>,"[""<c1d:11/>迈亚·改<c1d:1/>\\n<c20/>吾名迈亚<c20/>乃觉醒本真力量的昴星之使…\\n<c20/>予往昔繁花<c20/>予汝心丰饶\\n<c20/>十六夜之月<c20/>今已化作满天的明月…\\n<c6/><c2/>""]","[""<c1d:11/>迈亚·改<c1d:1/>\\n<c20/>吾名迈亚<c20/>乃觉醒本真力量的昴星之使…\\n<c20/>予往昔繁花<c20/>予汝心丰饶\\n<c20/>十六夜之月<c20/>今已化作满天的明月…\\n<c6/><c2/>""]"
local_conflict_review,field:77_109d,field:77_109d:0x0,frontend/public/games/p2is/groups/field_77_109d.json,<c1d:11/>パリカー<c1d:1/>\n<c20/>そう、あなたガあたしのパートナーなのね?\n<c20/>人生は一瞬の流れ星。快楽に身を任せた方ガ得よ。\n<c20/>パリカーガ、忘れられない一生にしてあげるわ♥\n<c6/><c2/>,<c1d:11/>帕里卡<c1d:1/>\n<c20/>哦，你就是我的搭档呢?\n<c20/>人生是刹那的流星。投身于快乐才更划算哦。\n<c20/>帕里卡会让你拥有难忘的一生哦♥\n<c6/><c2/>,"[""<c1d:11/>帕莉卡<c1d:1/>\\n<c20/>所以，你就是我的搭档对吧？\\n<c20/>人生不过是转瞬即逝的流星。投身于快乐才更划算哦。\\n<c20/>我帕莉卡，会给你一段毕生难忘的人生♥\\n<c6/><c2/>""]","[""<c1d:11/>帕莉卡<c1d:1/>\\n<c20/>所以，你就是我的搭档对吧？\\n<c20/>人生不过是转瞬即逝的流星。投身于快乐才更划算哦。\\n<c20/>我帕莉卡，会给你一段毕生难忘的人生♥\\n<c6/><c2/>""]"
merged_versions_conflict,field:77_10d,field:77_10d:0x0,frontend/public/games/p2is/groups/field_77_10d.json,<c1d:11/>シフ<c1d:1/>\n<c20/>妾はシフ…\n<c20/>今こそ、雷神の妻ガ美貌だけでは務まらぬ事、\n<c20/>知らしめる時ぞ。\n<c6/><c2/>,"<c1d:11/>希芙<c1d:1/>
<c20/>妾是希芙…
<c20/>此刻，正是让世人知晓，雷神之妻仅凭美貌无法胜任之时。
<c6/><c2/>","[""<c1d:11/>希芙<c1d:1/> <c20/>本宫乃希芙… <c20/>此刻正是让世人知晓，雷神之妻绝非仅凭美貌便可担当之时。 <c6/><c2/>"", ""<c1d:11/>希芙<c1d:1/> <c20/>本尊乃希芙… <c20/>此刻正是让世人知晓，雷神之妻绝非仅凭美貌便可担当之时。 <c6/><c2/>""]","[""<c1d:11/>希芙<c1d:1/> <c20/>本宫乃希芙… <c20/>此刻正是让世人知晓，雷神之妻绝非仅凭美貌便可担当之时。 <c6/><c2/>"", ""<c1d:11/>希芙<c1d:1/> <c20/>本尊乃希芙… <c20/>此刻正是让世人知晓，雷神之妻绝非仅凭美貌便可担当之时。 <c6/><c2/>""]"
local_conflict_review,field:77_110d,field:77_110d:0x0,frontend/public/games/p2is/groups/field_77_110d.json,<c1d:11/>マイア<c1d:1/>\n<c20/>我ガ名はマイア…\n<c20/>天蓋に煌くスバルの御業、\n<c20/>望月背負いし、汝ガために奮いましょう…\n<c6/><c2/>,<c1d:11/>迈亚<c1d:1/>\n<c20/>吾名迈亚…\n<c20/>在天穹的昴宿之御业，\n<c20/>背负满月，为汝而奋起吧…\n<c6/><c2/>,"[""<c1d:11/>迈亚<c1d:1/>\\n<c20/>吾名迈亚…\\n<c20/>天穹之上闪耀着昴星的神威，\\n<c20/>身负满月之辉，愿为汝倾力而战…\\n<c6/><c2/>""]","[""<c1d:11/>迈亚<c1d:1/>\\n<c20/>吾名迈亚…\\n<c20/>天穹之上闪耀着昴星的神威，\\n<c20/>身负满月之辉，愿为汝倾力而战…\\n<c6/><c2/>""]"
local_conflict_review,field:77_111d,field:77_111d:0x0,frontend/public/games/p2is/groups/field_77_111d.json,<c1d:11/>ヴィローシャナ<c1d:1/>\n<c20/>汝ガ内なる曼荼羅の<c20/>蓮華の華の上に座し\n<c20/>森羅万象形象せしは<c20/>我偉大なる光照者の姿なり\n<c20/>我は汝…汝こそガ、ヴィローシャナの姿なり…\n<c6/><c2/>,"<c1d:11/>毗卢遮那<c1d:1/>
<c20/>汝之内在曼荼罗的<c20/>莲花之上端坐
<c20/>森罗万象所显现者<c20/>乃我伟大光照者之姿
<c20/>我即汝…汝正是毗卢遮那之姿…
<c6/><c2/>","[""<c1d:11/>毗卢遮那<c1d:1/> <c20/>于汝自心曼荼罗的<c20/>莲台之上安坐 <c20/>化现森罗万象者<c20/>乃吾光明遍照之正身 <c20/>吾即是汝…汝自身，便是毗卢遮那之本貌… <c6/><c2/>""]","[""<c1d:11/>毗卢遮那<c1d:1/> <c20/>于汝自心曼荼罗的<c20/>莲台之上安坐 <c20/>化现森罗万象者<c20/>乃吾光明遍照之正身 <c20/>吾即是汝…汝自身，便是毗卢遮那之本貌… <c6/><c2/>""]"
merged_versions_conflict,field:77_112d,field:77_112d:0x0,frontend/public/games/p2is/groups/field_77_112d.json,<c1d:11/>アポロ<c1d:1/>\n<c20/>我は汝…汝は我…\n<c20/>我は汝の心の海より出でし者…\n<c20/>烈日と蒼穹の支配者アポロなり…\n<c6/><c2/>,"<c1d:11/>阿波罗<c1d:1/>
<c20/>我即汝…汝即我…
<c20/>我乃从汝心海涌现者…
<c20/>烈日与苍穹之支配者阿波罗是也…
<c6/><c2/>","[""<c1d:11/>阿波罗<c1d:1/> <c20/>吾即是汝…汝即是吾… <c20/>吾乃自汝心海诞生之存在… <c20/>执掌烈日与苍穹的主宰便是吾阿波罗… <c6/><c2/>"", ""<c1d:11/>阿波罗<c1d:1/> <c20/>吾即是汝…汝即是吾… <c20/>吾乃自汝心海诞生之存在… <c20/>执掌烈日与苍穹的主宰便是我阿波罗… <c6/><c2/>""]","[""<c1d:11/>阿波罗<c1d:1/> <c20/>吾即是汝…汝即是吾… <c20/>吾乃自汝心海诞生之存在… <c20/>执掌烈日与苍穹的主宰便是吾阿波罗… <c6/><c2/>"", ""<c1d:11/>阿波罗<c1d:1/> <c20/>吾即是汝…汝即是吾… <c20/>吾乃自汝心海诞生之存在… <c20/>执掌烈日与苍穹的主宰便是我阿波罗… <c6/><c2/>""]"
local_conflict_review,field:77_113d,field:77_113d:0x0,frontend/public/games/p2is/groups/field_77_113d.json,<c1d:11/>イルダーナ<c1d:1/>\n<c20/>我は、輝ける者イルダーナ!\n<c20/>魔の十字剣と魔槍にて、{93f}難払う白日の戦士なり!\n<c20/>何人たりとも、我らガ行く手を阻むことはできぬ\n<c6/><c2/>,"<c1d:11/>伊尔达纳<c1d:1/>
<c20/>我乃闪耀者伊尔达纳!
<c20/>以魔之十字剑与魔枪，{93f}难驱散的白昼战士!
<c20/>无论何人，皆无法阻挡我等前进之路
<c6/><c2/>","[""<c1d:11/>伊尔达纳赫<c1d:1/>\\n<c20/>吾乃闪耀者伊尔达纳赫!\\n<c20/>手持魔十字剑与魔枪，身为扫除{93f}难的白昼战士\\n<c20/>天下无人可阻吾等前路\\n<c6/><c2/>""]","[""<c1d:11/>伊尔达纳赫<c1d:1/>\\n<c20/>吾乃闪耀者伊尔达纳赫!\\n<c20/>手持魔十字剑与魔枪，身为扫除{93f}难的白昼战士\\n<c20/>天下无人可阻吾等前路\\n<c6/><c2/>""]"
local_conflict_review,field:77_114d,field:77_114d:0x0,frontend/public/games/p2is/groups/field_77_114d.json,<c1d:11/>へイムダル<c1d:1/>\n<c20/>私はへイムダル…既にギャラル木ルンは鳴った…\n<c20/>黄昏ガ過ぎ、日ガまた昇るか否かを決めるのは、\n<c20/>お前の気概次第と心せよ…\n<c6/><c2/>,"<c1d:11/>海姆达尔<c1d:1/>
<c20/>我是海姆达尔…加拉尔号角已鸣响…
<c20/>黄昏已过，日是否再升，
<c20/>取决于汝之气概，谨记…
<c6/><c2/>","[""<c1d:11/>海姆达尔<c1d:1/>\\n<c20/>我是海姆达尔…加拉尔号角已吹响…\\n<c20/>黄昏落幕之后，朝阳能否再度东升，\\n<c20/>须谨记，皆取决于你心中气魄…\\n<c6/><c2/>""]","[""<c1d:11/>海姆达尔<c1d:1/>\\n<c20/>我是海姆达尔…加拉尔号角已吹响…\\n<c20/>黄昏落幕之后，朝阳能否再度东升，\\n<c20/>须谨记，皆取决于你心中气魄…\\n<c6/><c2/>""]"
local_conflict_review,field:77_115d,field:77_115d:0x0,frontend/public/games/p2is/groups/field_77_115d.json,<c1d:11/>ヴォルカヌス・改<c1d:1/>\n<c20/>心友想う汝の情ガ、我ガ浄火の燈なり…\n<c20/>我は汝…汝は我…\n<c20/>我は神代の火焔に目覚めしヴォルカヌスなり…\n<c6/><c2/>,"<c1d:11/>伏尔甘·改<c1d:1/>
<c20/>思念心友之情，乃我净火之灯…
<c20/>我即汝…汝即我…
<c20/>我乃神代火焰中觉醒之伏尔甘…
<c6/><c2/>","[""<c1d:11/>伏尔甘·改<c1d:1/>\\n<c20/>汝那思念知己的满腔情意，化作了吾净业圣火之灯…\\n<c20/>吾即是汝…汝即是吾…\\n<c20/>吾乃自神代烈火中苏醒之伏尔甘是也…\\n<c6/><c2/>""]","[""<c1d:11/>伏尔甘·改<c1d:1/>\\n<c20/>汝那思念知己的满腔情意，化作了吾净业圣火之灯…\\n<c20/>吾即是汝…汝即是吾…\\n<c20/>吾乃自神代烈火中苏醒之伏尔甘是也…\\n<c6/><c2/>""]"
local_conflict_review,field:77_116d,field:77_116d:0x0,frontend/public/games/p2is/groups/field_77_116d.json,<c1d:11/>キニチ・カクモ<c1d:1/>\n<c20/>我ハ<c20/>キニチ・カクモ\n<c20/>極彩色ノ光翼デ<c20/>天ヲ羽バタク太陽鳥\n<c20/>オマエノ心ノ闇ヲ<c20/>払ッテヤロウ\n<c6/><c2/>,"<c1d:11/>基尼奇·卡库莫<c1d:1/>
<c20/>我乃<c20/>基尼奇·卡库莫
<c20/>以极彩色之光翼<c20/>翱翔天际的太阳鸟
<c20/>将汝心中之暗<c20/>驱散吧
<c6/><c2/>","[""<c1d:11/>基尼奇·卡克莫<c1d:1/>\\n<c20/>吾乃<c20/>基尼奇·卡克莫\\n<c20/>振绚烂缤纷的光彩之翼<c20/>翱翔天穹的太阳鸟\\n<c20/>你心中之黑暗<c20/>就由吾来驱散\\n<c6/><c2/>""]","[""<c1d:11/>基尼奇·卡克莫<c1d:1/>\\n<c20/>吾乃<c20/>基尼奇·卡克莫\\n<c20/>振绚烂缤纷的光彩之翼<c20/>翱翔天穹的太阳鸟\\n<c20/>你心中之黑暗<c20/>就由吾来驱散\\n<c6/><c2/>""]"
local_conflict_review,field:77_117d,field:77_117d:0x0,frontend/public/games/p2is/groups/field_77_117d.json,<c1d:11/>スーリヤ<c1d:1/>\n<c20/>私は、光明の創造者スーリヤ…\n<c20/>黄金の腕と{940}で、悪行屠る炎の柱。\n<c20/>汝、世を照らす太陽のごとくあれ…\n<c6/><c2/>,"<c1d:11/>苏利耶<c1d:1/>
<c20/>我乃光明之创造者苏利耶…
<c20/>以黄金之腕与{940}，屠戮恶行之炎柱。
<c20/>汝，如照耀世界之太阳般存在…
<c6/><c2/>","[""<c1d:11/>苏利耶<c1d:1/>\\n<c20/>我是，光明之创造者苏利耶…\\n<c20/>凭黄金之臂与发，化作屠戮恶行的冲天火柱。\\n<c20/>愿汝，如普照世间的骄阳般，光耀四方…\\n<c6/><c2/>""]","[""<c1d:11/>苏利耶<c1d:1/>\\n<c20/>我是，光明之创造者苏利耶…\\n<c20/>凭黄金之臂与发，化作屠戮恶行的冲天火柱。\\n<c20/>愿汝，如普照世间的骄阳般，光耀四方…\\n<c6/><c2/>""]"
local_conflict_review,field:77_118d,field:77_118d:0x0,frontend/public/games/p2is/groups/field_77_118d.json,<c1d:11/>ヴォルカヌス<c1d:1/>\n<c20/>我は汝…汝は我…<c20/>我は汝の心の海より出でし者…\n<c20/>一切の不浄薙ぎ払う、\n<c20/>業火の運び手ヴォルカヌスなり。\n<c6/><c2/>,"<c1d:11/>伏尔甘<c1d:1/>
<c20/>我即汝…汝即我…<c20/>我乃从汝心海涌现者…
<c20/>一切不净皆斩除，
<c20/>业火之运载者伏尔甘是也。
<c6/><c2/>","[""<c1d:11/>伏尔甘<c1d:1/>\\n<c20/>吾即是汝…汝即是吾…<c20/>吾乃自汝之心海降生者…\\n<c20/>扫荡世间一切污浊，\\n<c20/>驾驭业火者伏尔甘在此。\\n<c6/><c2/>""]","[""<c1d:11/>伏尔甘<c1d:1/>\\n<c20/>吾即是汝…汝即是吾…<c20/>吾乃自汝之心海降生者…\\n<c20/>扫荡世间一切污浊，\\n<c20/>驾驭业火者伏尔甘在此。\\n<c6/><c2/>""]"
local_conflict_review,field:77_119d,field:77_119d:0x0,frontend/public/games/p2is/groups/field_77_119d.json,<c1d:11/>サタン<c1d:1/>\n<c20/>神などは、傲慢な暴君と変わりはせん…\n<c20/>人間に己を問う知を与えたのは、このサタンぞ…\n<c20/>敵対する者の力、とくと見せてやろう…\n<c6/><c2/>,"<c1d:11/>撒旦<c1d:1/>
<c20/>神等，与傲慢暴君无异…
<c20/>赋予人类自省之智者，正是此撒旦…
<c20/>敌对者之力，好好见识吧…
<c6/><c2/>","[""<c1d:11/>撒旦<c1d:1/>\\n<c20/>所谓神，与傲慢暴君无异…\\n<c20/>赐予人类审视自我辨明善恶之智的，乃此撒旦也…\\n<c20/>敌对者的力量，且好好见识一番吧…\\n<c6/><c2/>""]","[""<c1d:11/>撒旦<c1d:1/>\\n<c20/>所谓神，与傲慢暴君无异…\\n<c20/>赐予人类审视自我辨明善恶之智的，乃此撒旦也…\\n<c20/>敌对者的力量，且好好见识一番吧…\\n<c6/><c2/>""]"
local_conflict_review,field:77_11d,field:77_11d:0x0,frontend/public/games/p2is/groups/field_77_11d.json,<c1d:11/>テンセンニャンニャン<c1d:1/>\n<c20/>你好!<c20/>我叫天仙娘々!!\n<c20/>我出生你海。<c20/>我希望理解你。\n<c20/>你不是単人。<c20/>我会一生待你好的♥\n<c6/><c2/>,"<c1d:11/>天仙娘娘<c1d:1/>
<c20/>你好!<c20/>我叫天仙娘娘!!
<c20/>我来自大海。<c20/>我希望理解你。
<c20/>你不是孤单一人。<c20/>我会一生待你好的♥
<c6/><c2/>","[""<c1d:11/>天仙娘娘<c1d:1/>\\n<c20/>你好!<c20/>我叫天仙娘娘!!\\n<c20/>我来自你心之海。<c20/>我希望理解你。\\n<c20/>你不是孤单一人。<c20/>我会一生待你好的♥\\n<c6/><c2/>""]","[""<c1d:11/>天仙娘娘<c1d:1/>\\n<c20/>你好!<c20/>我叫天仙娘娘!!\\n<c20/>我来自你心之海。<c20/>我希望理解你。\\n<c20/>你不是孤单一人。<c20/>我会一生待你好的♥\\n<c6/><c2/>""]"
local_conflict_review,field:77_120d,field:77_120d:0x0,frontend/public/games/p2is/groups/field_77_120d.json,<c1d:11/>ミカエル<c1d:1/>\n<c20/>我はミカエル…\n<c20/>道は漠々として捕えどころなきもの…\n<c20/>されば問え、「クオ・ヴァ・ディス」…\n<c6/><c2/>,"<c1d:11/>米迦勒<c1d:1/>
<c20/>我乃米迦勒…
<c20/>道漠漠然，无处可捉…
<c20/>故问之，“往何处去”…
<c6/><c2/>","[""<c1d:11/>米迦勒<c1d:1/>\\n<c20/>吾乃米迦勒…\\n<c20/>前路苍茫漫远，无从捕捉形迹…\\n<c20/>既如此，便问一句：“你往何处去”…\\n<c6/><c2/>""]","[""<c1d:11/>米迦勒<c1d:1/>\\n<c20/>吾乃米迦勒…\\n<c20/>前路苍茫漫远，无从捕捉形迹…\\n<c20/>既如此，便问一句：“你往何处去”…\\n<c6/><c2/>""]"
local_conflict_review,field:77_121d,field:77_121d:0x0,frontend/public/games/p2is/groups/field_77_121d.json,<c1d:11/>アムルタート<c1d:1/>\n<c20/>わたくしはアムルタート…\n<c20/>不死なる者の名にかけて、\n<c20/>貴方の心の飢えと渇きを滅しさってあげますわ…\n<c6/><c2/>,"<c1d:11/>阿姆尔塔特<c1d:1/>
<c20/>妾身乃阿姆尔塔特…
<c20/>以不死者之名，
<c20/>灭却汝心之饥渴…
<c6/><c2/>","[""<c1d:11/>阿梅雷塔特<c1d:1/>\\n<c20/>我是阿梅雷塔特…\\n<c20/>以永生不朽者之名，\\n<c20/>我会彻底消弭你心中一切渴求与空虚…\\n<c6/><c2/>""]","[""<c1d:11/>阿梅雷塔特<c1d:1/>\\n<c20/>我是阿梅雷塔特…\\n<c20/>以永生不朽者之名，\\n<c20/>我会彻底消弭你心中一切渴求与空虚…\\n<c6/><c2/>""]"
local_conflict_review,field:77_122d,field:77_122d:0x0,frontend/public/games/p2is/groups/field_77_122d.json,<c1d:11/>ソロネ<c1d:1/>\n<c20/>私は、神の正義の体現者ソロネ…\n<c20/>意志の精霊の名の通り、\n<c20/>貴方の意志の守り手となりましょう。\n<c6/><c2/>,"<c1d:11/>索罗涅<c1d:1/>
<c20/>我乃神之正义体现者索罗涅…
<c20/>如意志精灵之名，
<c20/>愿为汝意志之守护者。
<c6/><c2/>","[""<c1d:11/>座天使<c1d:1/>\\n<c20/>我是，神之正义的化身座天使…\\n<c20/>一如意志之精灵的名号所示，\\n<c20/>我愿成为守护你本心意志的守护者。\\n<c6/><c2/>""]","[""<c1d:11/>座天使<c1d:1/>\\n<c20/>我是，神之正义的化身座天使…\\n<c20/>一如意志之精灵的名号所示，\\n<c20/>我愿成为守护你本心意志的守护者。\\n<c6/><c2/>""]"
local_conflict_review,field:77_123d,field:77_123d:0x0,frontend/public/games/p2is/groups/field_77_123d.json,<c1d:11/>アールマティ<c1d:1/>\n<c20/>わたくしは、貞節と敬虔の守護天使…\n<c20/>貴方ガ神の定めし律に身を捧げるならば、\n<c20/>このアールマティガ導きましょう…\n<c6/><c2/>,"<c1d:11/>阿尔玛提<c1d:1/>
<c20/>妾身乃贞节与敬虔之守护天使…
<c20/>若汝奉献身心于神定之律，
<c20/>此阿尔玛提将引导汝…
<c6/><c2/>","[""<c1d:11/>阿尔迈蒂<c1d:1/>\\n<c20/>我是，贞节与敬虔之守护天使…\\n<c20/>若你愿将自身奉献于神所定下的律法，\\n<c20/>便由我阿尔迈蒂为你引路…\\n<c6/><c2/>""]","[""<c1d:11/>阿尔迈蒂<c1d:1/>\\n<c20/>我是，贞节与敬虔之守护天使…\\n<c20/>若你愿将自身奉献于神所定下的律法，\\n<c20/>便由我阿尔迈蒂为你引路…\\n<c6/><c2/>""]"
local_conflict_review,field:77_124d,field:77_124d:0x0,frontend/public/games/p2is/groups/field_77_124d.json,<c1d:11/>メルキセデク<c1d:1/>\n<c20/>私は、平和と正義の御使いメルキセデク…\n<c20/>誠、人間とは争いごとの絶えぬもの…\n<c20/>私ガ早く収めてあげましょう。\n<c6/><c2/>,"<c1d:11/>麦基洗德<c1d:1/>
<c20/>我乃和平与正义之使者麦基洗德…
<c20/>诚然，人类争斗不绝…
<c20/>吾将速速平息之。
<c6/><c2/>","[""<c1d:11/>默基瑟德<c1d:1/>\\n<c20/>我是，和平与正义的神圣使者默基瑟德…\\n<c20/>诚然，世人纷争永无止休…\\n<c20/>就让我尽早平息这一切吧。\\n<c6/><c2/>""]","[""<c1d:11/>默基瑟德<c1d:1/>\\n<c20/>我是，和平与正义的神圣使者默基瑟德…\\n<c20/>诚然，世人纷争永无止休…\\n<c20/>就让我尽早平息这一切吧。\\n<c6/><c2/>""]"
local_conflict_review,field:77_125d,field:77_125d:0x0,frontend/public/games/p2is/groups/field_77_125d.json,<c1d:11/>プリンシパリティ<c1d:1/>\n<c20/>私は、信仰の擁護者プリンシパリティ…\n<c20/>汝、己に悩むならば、神に信仰捧げなさい。\n<c20/>必ずや神ガ汝を導くでしょう。\n<c6/><c2/>,"<c1d:11/>权天使<c1d:1/>
<c20/>我乃信仰之拥护者权天使…
<c20/>汝若自扰，当向神奉献信仰。
<c20/>神必导汝前行。
<c6/><c2/>","[""<c1d:11/>权天使<c1d:1/>\\n<c20/>我是信仰的拥护者权天使…\\n<c20/>汝，若内心深陷烦忧，便向神明献上虔诚信仰。\\n<c20/>神必会指引汝前行。\\n<c6/><c2/>""]","[""<c1d:11/>权天使<c1d:1/>\\n<c20/>我是信仰的拥护者权天使…\\n<c20/>汝，若内心深陷烦忧，便向神明献上虔诚信仰。\\n<c20/>神必会指引汝前行。\\n<c6/><c2/>""]"
local_conflict_review,field:77_126d,field:77_126d:0x0,frontend/public/games/p2is/groups/field_77_126d.json,<c1d:11/>エンジェル<c1d:1/>\n<c20/>わたくしはエンジェル…\n<c20/>一人で立てぬ人間のため、信仰はあるのです。\n<c20/>さあ、神に祈りましょう。\n<c6/><c2/>,"<c1d:11/>天使<c1d:1/>
<c20/>妾身乃天使…
<c20/>为无法独力之人，信仰存焉。
<c20/>来吧，向神祈祷吧。
<c6/><c2/>","[""<c1d:11/>天使<c1d:1/>\\n<c20/>我是天使…\\n<c20/>信仰之所以存在，便是为了支撑独自无法前行的凡人。\\n<c20/>来吧，一同向神明祈愿吧。\\n<c6/><c2/>""]","[""<c1d:11/>天使<c1d:1/>\\n<c20/>我是天使…\\n<c20/>信仰之所以存在，便是为了支撑独自无法前行的凡人。\\n<c20/>来吧，一同向神明祈愿吧。\\n<c6/><c2/>""]"
local_conflict_review,field:77_127d,field:77_127d:0x0,frontend/public/games/p2is/groups/field_77_127d.json,<c1d:11/>ファレグ<c1d:1/>\n<c20/>私は、オリンピアの天使ファレグ…\n<c20/>人の子よ…\n<c20/>赤き戦星の力欲するならば、私と共に歩まれよ…\n<c6/><c2/>,"<c1d:11/>法莱格<c1d:1/>
<c20/>我乃奥林匹亚之天使法莱格…
<c20/>人之子啊…
<c20/>若欲赤红战星之力，当与我同行…
<c6/><c2/>","[""<c1d:11/>法莱格<c1d:1/>\\n<c20/>我是奥林匹亚天使法莱格…\\n<c20/>凡子啊…\\n<c20/>若渴求赤色战星之力，便与我一同前行…\\n<c6/><c2/>""]","[""<c1d:11/>法莱格<c1d:1/>\\n<c20/>我是奥林匹亚天使法莱格…\\n<c20/>凡子啊…\\n<c20/>若渴求赤色战星之力，便与我一同前行…\\n<c6/><c2/>""]"
local_conflict_review,field:77_128d,field:77_128d:0x0,frontend/public/games/p2is/groups/field_77_128d.json,<c1d:11/>ウロボロス<c1d:1/>\n<c20/>アオーン!!<c20/>オレサマ<c20/>ウロボロス!!\n<c20/>オレサマ<c20/>ムゲン!!<c20/>オマエ<c20/>ニンゲン!!\n<c20/>オレサマ<c20/>ニンゲン!!<c20/>オマエ<c20/>ムゲン!!\n<c6/><c2/>,"<c1d:11/>乌洛波洛斯<c1d:1/>
<c20/>永恒!!<c20/>本大爷<c20/>乌洛波洛斯!!
<c20/>本大爷<c20/>无限!!<c20/>汝<c20/>人类!!
<c20/>本大爷<c20/>人类!!<c20/>汝<c20/>无限!!
<c6/><c2/>","[""<c1d:11/>衔尾蛇<c1d:1/>\\n<c20/>嗷呜!!<c20/>本大爷<c20/>衔尾蛇!!\\n<c20/>本大爷<c20/>无限!!<c20/>你<c20/>人类!!\\n<c20/>本大爷<c20/>人类!!<c20/>你<c20/>无限!!\\n<c6/><c2/>""]","[""<c1d:11/>衔尾蛇<c1d:1/>\\n<c20/>嗷呜!!<c20/>本大爷<c20/>衔尾蛇!!\\n<c20/>本大爷<c20/>无限!!<c20/>你<c20/>人类!!\\n<c20/>本大爷<c20/>人类!!<c20/>你<c20/>无限!!\\n<c6/><c2/>""]"
local_conflict_review,field:77_129d,field:77_129d:0x0,frontend/public/games/p2is/groups/field_77_129d.json,<c1d:11/>セイリュウ<c1d:1/>\n<c20/>我ハ<c20/>セイリュウ…\n<c20/>四聖獣ノ一ニシテ<c20/>東方ノ天上ヲ鎮護セシ者…\n<c20/>我<c20/>汝ト共ニ…\n<c6/><c2/>,"<c1d:11/>青龙<c1d:1/>
<c20/>我乃<c20/>青龙…
<c20/>四圣兽之一<c20/>镇守东方天上者…
<c20/>我<c20/>与汝同在…
<c6/><c2/>","[""<c1d:11/>青龙<c1d:1/>\\n<c20/>吾乃<c20/>青龙…\\n<c20/>身为四圣兽之一<c20/>镇守东方天空者…\\n<c20/>吾将<c20/>与汝相伴…\\n<c6/><c2/>""]","[""<c1d:11/>青龙<c1d:1/>\\n<c20/>吾乃<c20/>青龙…\\n<c20/>身为四圣兽之一<c20/>镇守东方天空者…\\n<c20/>吾将<c20/>与汝相伴…\\n<c6/><c2/>""]"
local_conflict_review,field:77_12d,field:77_12d:0x0,frontend/public/games/p2is/groups/field_77_12d.json,<c1d:11/>ガイア<c1d:1/>\n<c20/>我は原初の混沌より出で、\n<c20/>大地の礎となりし母ガイア…\n<c20/>我と等しきこと、即ち汝も世界そのものと知れ…\n<c6/><c2/>,"<c1d:11/>盖亚<c1d:1/>
<c20/>我自原初混沌而生，
<c20/>成为大地之基的母亲盖亚…
<c20/>知晓与我等同者，即汝亦是世界本身…
<c6/><c2/>","[""<c1d:11/>盖亚<c1d:1/>\\n<c20/>吾乃自原初混沌中诞生，\\n<c20/>为大地奠基的母亲盖亚…\\n<c20/>当知晓与吾等同者，即为汝亦是世界本身…\\n<c6/><c2/>""]","[""<c1d:11/>盖亚<c1d:1/>\\n<c20/>吾乃自原初混沌中诞生，\\n<c20/>为大地奠基的母亲盖亚…\\n<c20/>当知晓与吾等同者，即为汝亦是世界本身…\\n<c6/><c2/>""]"
local_conflict_review,field:77_130d,field:77_130d:0x0,frontend/public/games/p2is/groups/field_77_130d.json,<c1d:11/>ムチャリンダ<c1d:1/>\n<c20/>わたくしは、仏法に帰依したる者ムチャリンダ…\n<c20/>我ありという、己の心に打ち克つ者は安らかなり…\n<c20/>汝、自我を捨て呪縛から逃れなさい…\n<c6/><c2/>,"<c1d:11/>目支邻陀<c1d:1/>
<c20/>妾身乃皈依佛法者目支邻陀…
<c20/>克己心者得安宁…
<c20/>汝当舍弃自我，逃离咒缚…
<c6/><c2/>","[""<c1d:11/>目支邻陀<c1d:1/>\\n<c20/>我是皈依佛法者目支邻陀…\\n<c20/>能降服心中 “有我” 执念者，方能得安宁…\\n<c20/>汝当舍弃自我，挣脱执念枷锁…\\n<c6/><c2/>""]","[""<c1d:11/>目支邻陀<c1d:1/>\\n<c20/>我是皈依佛法者目支邻陀…\\n<c20/>能降服心中 “有我” 执念者，方能得安宁…\\n<c20/>汝当舍弃自我，挣脱执念枷锁…\\n<c6/><c2/>""]"
local_conflict_review,field:77_131d,field:77_131d:0x0,frontend/public/games/p2is/groups/field_77_131d.json,<c1d:11/>フナブ・ク<c1d:1/>\n<c20/>儂は、玉ねぎから人を創造したるものフナブ・ク…\n<c20/>生まれや家族、お前を包む環境ガ玉ねぎの皮の如く\n<c20/>重なって、お前ガできているのだよ…\n<c6/><c2/>,"<c1d:11/>弗纳布·库<c1d:1/>
<c20/>我是从洋葱中创造人类的弗纳布·库…
<c20/>你的出生、家庭、包围你的环境，如同洋葱的皮
<c20/>层层叠加，才造就了你…
<c6/><c2/>","[""<c1d:11/>胡纳伯·库<c1d:1/>\\n<c20/>老夫是以洋葱造人的胡纳伯·库…\\n<c20/>出身、亲缘，环绕着你的世间万象，皆如洋葱层层外皮\\n<c20/>层层交叠相合，才造就了如今的你…\\n<c6/><c2/>""]","[""<c1d:11/>胡纳伯·库<c1d:1/>\\n<c20/>老夫是以洋葱造人的胡纳伯·库…\\n<c20/>出身、亲缘，环绕着你的世间万象，皆如洋葱层层外皮\\n<c20/>层层交叠相合，才造就了如今的你…\\n<c6/><c2/>""]"
local_conflict_review,field:77_132d,field:77_132d:0x0,frontend/public/games/p2is/groups/field_77_132d.json,<c1d:11/>ニヨルド<c1d:1/>\n<c20/>我は、七つの海と風の統治者ニヨルドなり…\n<c20/>我、これより汝を守護するガ、\n<c20/>争いは何も生み出さぬと心せよ…\n<c6/><c2/>,"<c1d:11/>尼约德<c1d:1/>
<c20/>我是七海与风的统治者尼约德…
<c20/>我将守护你，但谨记
<c20/>争斗不会带来任何好处…
<c6/><c2/>","[""<c1d:11/>尼奥尔德<c1d:1/>\\n<c20/>吾乃统御七海与长风的尼奥尔德…\\n<c20/>从今起吾将守护汝，但谨记\\n<c20/>纷争终究会一无所获…\\n<c6/><c2/>""]","[""<c1d:11/>尼奥尔德<c1d:1/>\\n<c20/>吾乃统御七海与长风的尼奥尔德…\\n<c20/>从今起吾将守护汝，但谨记\\n<c20/>纷争终究会一无所获…\\n<c6/><c2/>""]"
local_conflict_review,field:77_133d,field:77_133d:0x0,frontend/public/games/p2is/groups/field_77_133d.json,<c1d:11/>デメテール<c1d:1/>\n<c20/>私は大地母神デメテール…\n<c20/>豊かな心は、豊穣な大地に似て尊きもの…\n<c20/>あなたの内なる楽園に、愛の種を蒔きましょう。\n<c6/><c2/>,"<c1d:11/>德墨忒尔<c1d:1/>
<c20/>我是大地母神德墨忒尔…
<c20/>丰富的心灵，如同丰饶的大地般珍贵…
<c20/>让我在你内心的乐园中，播下爱的种子。
<c6/><c2/>","[""<c1d:11/>得墨忒耳<c1d:1/>\\n<c20/>我是大地母神得墨忒耳…\\n<c20/>富足充盈的心灵，如同丰饶的大地般珍贵…\\n<c20/>让我在你内心的乐园中，播撒下爱的种子。\\n<c6/><c2/>""]","[""<c1d:11/>得墨忒耳<c1d:1/>\\n<c20/>我是大地母神得墨忒耳…\\n<c20/>富足充盈的心灵，如同丰饶的大地般珍贵…\\n<c20/>让我在你内心的乐园中，播撒下爱的种子。\\n<c6/><c2/>""]"
local_conflict_review,field:77_135d,field:77_135d:0x0,frontend/public/games/p2is/groups/field_77_135d.json,<c1d:11/>トビカトウ<c1d:1/>\n<c20/>怪鳥のように宙を舞う、俺様こそガ鳶加藤。\n<c20/>当代一と謳われた、妖しの技の数々で、\n<c20/>これよりお前に仕えよう。\n<c6/><c2/>,"<c1d:11/>鸢加藤<c1d:1/>
<c20/>像怪鸟般在空中飞舞的，正是本大爷鸢加藤。
<c20/>以被誉为当代第一的妖异技艺，
<c20/>今后我将为你效劳。
<c6/><c2/>","[""<c1d:11/>鸢加藤<c1d:1/>\\n<c20/>如怪鸟般空中飞舞的，正是本大爷鸢加藤。\\n<c20/>凭我这被称颂当世第一的各式诡谲秘术，\\n<c20/>自此刻起，我便侍奉于你。\\n<c6/><c2/>""]","[""<c1d:11/>鸢加藤<c1d:1/>\\n<c20/>如怪鸟般空中飞舞的，正是本大爷鸢加藤。\\n<c20/>凭我这被称颂当世第一的各式诡谲秘术，\\n<c20/>自此刻起，我便侍奉于你。\\n<c6/><c2/>""]"
local_conflict_review,field:77_137d,field:77_137d:0x0,frontend/public/games/p2is/groups/field_77_137d.json,<c1d:11/>サルトビサスケ<c1d:1/>\n<c20/>オイラは甲賀の忍、猿飛佐助!\n<c20/>変幻自在の忍術で、お前の敵を滅ぼしてやるよ。\n<c20/>全部オイラにまかせときな!!\n<c6/><c2/>,"<c1d:11/>猿飞佐助<c1d:1/>
<c20/>我是甲贺忍者猿飞佐助！
<c20/>用变幻自如的忍术，消灭你的敌人。
<c20/>全都交给我吧！！
<c6/><c2/>","[""<c1d:11/>猿飞佐助<c1d:1/>\\n<c20/>我是甲贺忍者猿飞佐助！\\n<c20/>凭变幻无方的忍术，帮你把敌人尽数消灭。\\n<c20/>尽管把一切都交给我吧！！\\n<c6/><c2/>""]","[""<c1d:11/>猿飞佐助<c1d:1/>\\n<c20/>我是甲贺忍者猿飞佐助！\\n<c20/>凭变幻无方的忍术，帮你把敌人尽数消灭。\\n<c20/>尽管把一切都交给我吧！！\\n<c6/><c2/>""]"
local_conflict_review,field:77_138d,field:77_138d:0x0,frontend/public/games/p2is/groups/field_77_138d.json,<c1d:11/>ケツアルカトル<c1d:1/>\n<c20/>儂は、翼ある蛇ケツアルカトル…\n<c20/>かつてマヤの地に伝えし{947}智と技、\n<c20/>今こそ汝に伝授しよう…\n<c6/><c2/>,"<c1d:11/>克察尔科亚特尔<c1d:1/>
<c20/>我是有翼之蛇克察尔科亚特尔…
<c20/>曾在玛雅之地传授的{947}智慧与技艺，
<c20/>现在传授给你…
<c6/><c2/>","[""<c1d:11/>魁札尔科亚特尔<c1d:1/>\\n<c20/>老夫是有翼之蛇魁札尔科亚特尔…\\n<c20/>往昔在玛雅之地传授的睿智与技艺，\\n<c20/>于此时尽数传授于你…\\n<c6/><c2/>""]","[""<c1d:11/>魁札尔科亚特尔<c1d:1/>\\n<c20/>老夫是有翼之蛇魁札尔科亚特尔…\\n<c20/>往昔在玛雅之地传授的睿智与技艺，\\n<c20/>于此时尽数传授于你…\\n<c6/><c2/>""]"
local_conflict_review,field:77_139d,field:77_139d:0x0,frontend/public/games/p2is/groups/field_77_139d.json,<c1d:11/>ナンキヨクロウジン<c1d:1/>\n<c20/>ほえほえほえ!\n<c20/>わしゃ、幸福と寿命を司る南極老人ぞい。\n<c20/>こう見えても、乙女座A型の照れ屋さんじゃ!!\n<c6/><c2/>,"<c1d:11/>南极老人<c1d:1/>
<c20/>嚯嚯嚯！
<c20/>老夫是掌管幸福与寿命的南极老人。
<c20/>别看我这样，我可是处女座A型的害羞鬼！！
<c6/><c2/>","[""<c1d:11/>南极老人<c1d:1/>\\n<c20/>嚯嚯嚯！\\n<c20/>老夫是司掌幸福与寿命的南极老人。\\n<c20/>别看这副样子，老夫可是处女座A型血的怕羞鬼！！\\n<c6/><c2/>""]","[""<c1d:11/>南极老人<c1d:1/>\\n<c20/>嚯嚯嚯！\\n<c20/>老夫是司掌幸福与寿命的南极老人。\\n<c20/>别看这副样子，老夫可是处女座A型血的怕羞鬼！！\\n<c6/><c2/>""]"
local_conflict_review,field:77_13d,field:77_13d:0x0,frontend/public/games/p2is/groups/field_77_13d.json,<c1d:11/>カーリー<c1d:1/>\n<c20/>妾はカーリー…\n<c20/>血の美酒に酔いし、破壊と殺戮の戦神…\n<c20/>いざ怒りの剣持ちて、汝ガ敵の首を刎ねん!!\n<c6/><c2/>,"<c1d:11/>迦梨<c1d:1/>
<c20/>妾是迦梨…
<c20/>沉醉于血之琼浆，破坏与杀戮的战神…
<c20/>来吧，持愤怒之剑，斩下汝敌之首级!!
<c6/><c2/>","[""<c1d:11/>迦梨<c1d:1/>\\n<c20/>本宫乃迦梨…\\n<c20/>沉醉于鲜血酿就的美酒，执掌毁灭与杀伐的战神…\\n<c20/>来吧，持起暴怒之剑，斩下汝仇敌之首级!!\\n<c6/><c2/>""]","[""<c1d:11/>迦梨<c1d:1/>\\n<c20/>本宫乃迦梨…\\n<c20/>沉醉于鲜血酿就的美酒，执掌毁灭与杀伐的战神…\\n<c20/>来吧，持起暴怒之剑，斩下汝仇敌之首级!!\\n<c6/><c2/>""]"
local_conflict_review,field:77_140d,field:77_140d:0x0,frontend/public/games/p2is/groups/field_77_140d.json,<c1d:11/>木テイ<c1d:1/>\n<c20/>木ッ木ッ木。わしゃ木テイじゃ!!\n<c20/>生命は燃やし尽くすためのものなんじゃ!!\n<c20/>お前さんはわしのようじゃから、面倒みるぞい!\n<c6/><c2/>,"<c1d:11/>木帝<c1d:1/>
<c20/>木木木。老夫是木帝！！
<c20/>生命就是为了燃烧殆尽而存在的！！
<c20/>你小子跟我一样，我会照顾你的！
<c6/><c2/>","[""<c1d:11/>布袋<c1d:1/>\\n<c20/>嚯嚯嚯。老夫是布袋！！\\n<c20/>生命就是为了燃烧殆尽而存在的！！\\n<c20/>你小子和我是一路人，往后老夫罩着你！\\n<c6/><c2/>""]","[""<c1d:11/>布袋<c1d:1/>\\n<c20/>嚯嚯嚯。老夫是布袋！！\\n<c20/>生命就是为了燃烧殆尽而存在的！！\\n<c20/>你小子和我是一路人，往后老夫罩着你！\\n<c6/><c2/>""]"
local_conflict_review,field:77_141d,field:77_141d:0x0,frontend/public/games/p2is/groups/field_77_141d.json,<c1d:11/>ダグザ<c1d:1/>\n<c20/>私は、大知識の強者ダグザ…\n<c20/>美味いものを食い、いい女を抱き、後は寝る。\n<c20/>人生は短い。己ガ欲望に正直に生きるもまた真だ\n<c6/><c2/>,"<c1d:11/>达格达<c1d:1/>
<c20/>我是大知识的强者达格达…
<c20/>吃美食、抱美女、然后睡觉。
<c20/>人生短暂。诚实地活在自己的欲望中也是真理
<c6/><c2/>","[""<c1d:11/>达格达<c1d:1/>\\n<c20/>我是通晓大智慧的强者达格达…\\n<c20/>尝珍馐美馔，拥佳人相伴，余下只管酣睡。\\n<c20/>人生苦短。忠于自身欲望而活，亦是世间至真之道\\n<c6/><c2/>""]","[""<c1d:11/>达格达<c1d:1/>\\n<c20/>我是通晓大智慧的强者达格达…\\n<c20/>尝珍馐美馔，拥佳人相伴，余下只管酣睡。\\n<c20/>人生苦短。忠于自身欲望而活，亦是世间至真之道\\n<c6/><c2/>""]"
local_conflict_review,field:77_142d,field:77_142d:0x0,frontend/public/games/p2is/groups/field_77_142d.json,<c1d:11/>バッカス<c1d:1/>\n<c20/>酒じゃ酒じゃ〜!!<c20/>酒持ってこ〜い!!\n<c20/>呑まずにやっちょれるか〜このお!!\n<c20/>わしの人生、これバッカス!!\n<c6/><c2/>,"<c1d:11/>巴克斯<c1d:1/>
<c20/>酒啊酒啊～!!<c20/>拿酒来～!!
<c20/>不喝怎么行啊～喂!!
<c20/>我的人生，就是巴克斯!!
<c6/><c2/>","[""<c1d:11/>巴克斯<c1d:1/>\\n<c20/>酒啊酒啊～!!<c20/>拿酒来～!!\\n<c20/>不喝酒怎么能尽兴啊～喂!!\\n<c20/>老夫的人生，就是巴克斯!!\\n<c6/><c2/>""]","[""<c1d:11/>巴克斯<c1d:1/>\\n<c20/>酒啊酒啊～!!<c20/>拿酒来～!!\\n<c20/>不喝酒怎么能尽兴啊～喂!!\\n<c20/>老夫的人生，就是巴克斯!!\\n<c6/><c2/>""]"
local_conflict_review,field:77_143d,field:77_143d:0x0,frontend/public/games/p2is/groups/field_77_143d.json,<c1d:11/>ガラハド<c1d:1/>\n<c20/>私は、円卓の騎士ガラハド…\n<c20/>幸福もたらす聖杯は、人の心の内にあるのです…\n<c20/>これより、卿の白き盾となることを誓いましょう\n<c6/><c2/>,"<c1d:11/>加拉哈德<c1d:1/>
<c20/>我是圆桌骑士加拉哈德…
<c20/>带来幸福的圣杯，就在人的心中…
<c20/>今后，我誓将成为你的白色盾牌
<c6/><c2/>","[""<c1d:11/>加拉哈德<c1d:1/>\\n<c20/>我是，圆桌骑士加拉哈德…\\n<c20/>能带来幸福的圣杯，本就存于人心之中…\\n<c20/>自此往后，我立誓化作卿的纯白之盾\\n<c6/><c2/>""]","[""<c1d:11/>加拉哈德<c1d:1/>\\n<c20/>我是，圆桌骑士加拉哈德…\\n<c20/>能带来幸福的圣杯，本就存于人心之中…\\n<c20/>自此往后，我立誓化作卿的纯白之盾\\n<c6/><c2/>""]"
local_conflict_review,field:77_144d,field:77_144d:0x0,frontend/public/games/p2is/groups/field_77_144d.json,<c1d:11/>フツノミタマ<c1d:1/>\n<c20/>我はフツノミタマ…\n<c20/>我は、汝ガ内なる闇を断つ鋼の利剣。\n<c20/>いざ、紫電を放ち修羅の征野を平らげん!!\n<c6/><c2/>,"<c1d:11/>布都御魂<c1d:1/>
<c20/>我是布都御魂…
<c20/>我是斩断你内心黑暗的钢之利剑。
<c20/>来吧，释放紫电，平定修罗的征野!!
<c6/><c2/>","[""<c1d:11/>布都御魂<c1d:1/>\\n<c20/>吾乃布都御魂…\\n<c20/>吾为，斩断汝内心潜藏黑暗的精钢利剑。\\n<c20/>来吧，且释放紫电，踏平这片修罗厮杀的战场!!\\n<c6/><c2/>""]","[""<c1d:11/>布都御魂<c1d:1/>\\n<c20/>吾乃布都御魂…\\n<c20/>吾为，斩断汝内心潜藏黑暗的精钢利剑。\\n<c20/>来吧，且释放紫电，踏平这片修罗厮杀的战场!!\\n<c6/><c2/>""]"
local_conflict_review,field:77_145d,field:77_145d:0x0,frontend/public/games/p2is/groups/field_77_145d.json,<c1d:11/>アーサー<c1d:1/>\n<c20/>予は、キャメロットの聖騎士王アーサー!!\n<c20/>民草に安寧もたらすことガ王者の務め。\n<c20/>乱世斬り開く聖剣の力、卿ガために奮おうぞ!!\n<c20/>\n<c6/><c2/>,"<c1d:11/>亚瑟<c1d:1/>
<c20/>吾乃卡美洛的圣骑士王亚瑟!!
<c20/>为民众带来安宁是王者的职责。
<c20/>以斩开乱世的圣剑之力，为你而战吧!!
<c20/>
<c6/><c2/>","[""<c1d:11/>亚瑟<c1d:1/>\\n<c20/>予乃卡美洛的圣骑士王亚瑟!!\\n<c20/>致万民安宁乃是王者职责。\\n<c20/>以斩开乱世的圣剑之力，予将为卿而战!!\\n<c20/>\\n<c6/><c2/>""]","[""<c1d:11/>亚瑟<c1d:1/>\\n<c20/>予乃卡美洛的圣骑士王亚瑟!!\\n<c20/>致万民安宁乃是王者职责。\\n<c20/>以斩开乱世的圣剑之力，予将为卿而战!!\\n<c20/>\\n<c6/><c2/>""]"
local_conflict_review,field:77_146d,field:77_146d:0x0,frontend/public/games/p2is/groups/field_77_146d.json,<c1d:11/>クー・フーリン<c1d:1/>\n<c20/>私は、赤枝の騎士団率いるクー・フーリン…\n<c20/>戦士は、みな自らに誓約を課し、己ガ魂磨くもの…\n<c20/>これより、貴方の槍となることを誓いましょう…\n<c6/><c2/>,"<c1d:11/>库·丘林<c1d:1/>
<c20/>我是率领赤枝骑士团的库·丘林…
<c20/>战士皆向自己立誓，磨练灵魂…
<c20/>今后，我誓将成为你的长枪…
<c6/><c2/>","[""<c1d:11/>库夫林<c1d:1/>\\n<c20/>我是统率赤枝骑士团的库夫林…\\n<c20/>凡战士，皆当立下誓约、磨砺自身魂魄…\\n<c20/>自此刻起，我立誓化作你手中长枪，披荆斩棘…\\n<c6/><c2/>""]","[""<c1d:11/>库夫林<c1d:1/>\\n<c20/>我是统率赤枝骑士团的库夫林…\\n<c20/>凡战士，皆当立下誓约、磨砺自身魂魄…\\n<c20/>自此刻起，我立誓化作你手中长枪，披荆斩棘…\\n<c6/><c2/>""]"
local_conflict_review,field:77_147d,field:77_147d:0x0,frontend/public/games/p2is/groups/field_77_147d.json,<c1d:11/>サラスヴァティ<c1d:1/>\n<c20/>私は水と技芸の守り神、サラスヴァティよ〜ん♥\n<c20/>あくせくしてもストレス溜まるだけだし、\n<c20/>歌って踊って、面白おかしく暮らしましょ♥\n<c6/><c2/>,"<c1d:11/>萨拉斯瓦蒂<c1d:1/>
<c20/>我是水与技艺的守护神，萨拉斯瓦蒂哟～ん♥
<c20/>忙忙碌碌只会积累压力，
<c20/>唱歌跳舞，快乐地生活吧♥
<c6/><c2/>","[""<c1d:11/>妙音天女<c1d:1/>\\n<c20/>我是水与技艺的守护神，妙音天女哟～ん♥\\n<c20/>终日碌碌只会徒增压力，\\n<c20/>不如载歌载舞，开开心心地度日吧♥\\n<c6/><c2/>""]","[""<c1d:11/>妙音天女<c1d:1/>\\n<c20/>我是水与技艺的守护神，妙音天女哟～ん♥\\n<c20/>终日碌碌只会徒增压力，\\n<c20/>不如载歌载舞，开开心心地度日吧♥\\n<c6/><c2/>""]"
local_conflict_review,field:77_148d,field:77_148d:0x0,frontend/public/games/p2is/groups/field_77_148d.json,<c1d:11/>エビス<c1d:1/>\n<c20/>ほっほっほ。わしゃ恵比寿さんじゃ。\n<c20/>商売繁盛、商売繁盛。\n<c20/>たんと儲かるといいのお〜\n<c6/><c2/>,"<c1d:11/>惠比寿<c1d:1/>
<c20/>嚯嚯嚯。老夫是惠比寿大人。
<c20/>生意兴隆、生意兴隆。
<c20/>赚大钱就好啦～
<c6/><c2/>","[""<c1d:11/>惠比寿<c1d:1/>\\n<c20/>嚯嚯嚯。老夫是惠比寿。\\n<c20/>生意兴隆、生意兴隆。\\n<c20/>能大赚一笔就再好不过啦～\\n<c6/><c2/>""]","[""<c1d:11/>惠比寿<c1d:1/>\\n<c20/>嚯嚯嚯。老夫是惠比寿。\\n<c20/>生意兴隆、生意兴隆。\\n<c20/>能大赚一笔就再好不过啦～\\n<c6/><c2/>""]"
local_conflict_review,field:77_149d,field:77_149d:0x0,frontend/public/games/p2is/groups/field_77_149d.json,<c1d:11/>フクロクジュ<c1d:1/>\n<c20/>いえ〜い!!\n<c20/>ワシは、ナウでヤングなフクロクジュぞい!!\n<c20/>フォーエバー<c20/>ウィズ<c20/>ユーじゃ!!\n<c6/><c2/>,"<c1d:11/>福禄寿<c1d:1/>
<c20/>耶～!!
<c20/>我是现在超年轻的福禄寿!!
<c20/>永远与你同在!!
<c6/><c2/>","[""<c1d:11/>福禄寿<c1d:1/>\\n<c20/>耶～!!\\n<c20/>老夫是now且young的福禄寿!!\\n<c20/>我会forever with you哒!!\\n<c6/><c2/>""]","[""<c1d:11/>福禄寿<c1d:1/>\\n<c20/>耶～!!\\n<c20/>老夫是now且young的福禄寿!!\\n<c20/>我会forever with you哒!!\\n<c6/><c2/>""]"
local_conflict_review,field:77_14d,field:77_14d:0x0,frontend/public/games/p2is/groups/field_77_14d.json,<c1d:11/>ドゥルガー<c1d:1/>\n<c20/>我はドゥルガー…\n<c20/>世に仇なす魔を引き裂くガ我ガ役目…\n<c20/>それすなわち、汝ガ宿命と知れ。\n<c6/><c2/>,"<c1d:11/>杜尔迦<c1d:1/>
<c20/>我是杜尔迦…
<c20/>撕裂世间为恶之魔乃吾之职责…
<c20/>此即汝之宿命，当知。
<c6/><c2/>","[""<c1d:11/>杜尔迦<c1d:1/>\\n<c20/>吾乃杜尔迦…\\n<c20/>撕裂世间一切祸乱妖魔便是吾之职责…\\n<c20/>此亦为汝之宿命，当知。\\n<c6/><c2/>""]","[""<c1d:11/>杜尔迦<c1d:1/>\\n<c20/>吾乃杜尔迦…\\n<c20/>撕裂世间一切祸乱妖魔便是吾之职责…\\n<c20/>此亦为汝之宿命，当知。\\n<c6/><c2/>""]"
local_conflict_review,field:77_16d,field:77_16d:0x0,frontend/public/games/p2is/groups/field_77_16d.json,<c1d:11/>ネメシス<c1d:1/>\n<c20/>ネメシスは〜、復讐の女神なんだってぇ。\n<c20/>ちゃんと復習したからだいじょぶだもん。\n<c20/>じゃあ友達からよろしくねぇ。\n<c6/><c2/>,"<c1d:11/>涅墨西斯<c1d:1/>
<c20/>涅墨西斯呢~，是复仇女神哦。
<c20/>因为好好复习了所以没关系的啦。
<c20/>那么从朋友开始请多关照啦。
<c6/><c2/>","[""<c1d:11/>涅墨西斯<c1d:1/>\\n<c20/>我是涅墨西斯呢~，大家都说我是复仇女神哦。\\n<c20/>我可是好好复习过所以没问题哒。\\n<c20/>那我们先从朋友做起，请多关照啦。\\n<c6/><c2/>""]","[""<c1d:11/>涅墨西斯<c1d:1/>\\n<c20/>我是涅墨西斯呢~，大家都说我是复仇女神哦。\\n<c20/>我可是好好复习过所以没问题哒。\\n<c20/>那我们先从朋友做起，请多关照啦。\\n<c6/><c2/>""]"
local_conflict_review,field:77_17d,field:77_17d:0x0,frontend/public/games/p2is/groups/field_77_17d.json,<c1d:11/>アリアンフロッド<c1d:1/>\n<c20/>我は白銀の車輪、アリアンフロッド…\n<c20/>極彩の虹もちて、あらゆる悪を調伏せし者…\n<c20/>我、汝の運命の刻みと共にあらん!!\n<c6/><c2/>,"<c1d:11/>阿丽安罗德<c1d:1/>
<c20/>我是白银之轮，阿丽安罗德…
<c20/>持极光之虹，调伏一切邪恶之人…
<c20/>我，将与汝命运之刻印同在!!
<c6/><c2/>","[""<c1d:11/>阿丽安萝德<c1d:1/>\\n<c20/>吾乃白银之轮，阿丽安萝德…\\n<c20/>执掌七彩虹桥，降服一切邪祟之辈…\\n<c20/>吾将伴你命运流转，永世不离!!\\n<c6/><c2/>""]","[""<c1d:11/>阿丽安萝德<c1d:1/>\\n<c20/>吾乃白银之轮，阿丽安萝德…\\n<c20/>执掌七彩虹桥，降服一切邪祟之辈…\\n<c20/>吾将伴你命运流转，永世不离!!\\n<c6/><c2/>""]"
local_conflict_review,field:77_18d,field:77_18d:0x0,frontend/public/games/p2is/groups/field_77_18d.json,<c1d:11/>ヴェスタ<c1d:1/>\n<c20/>私はヴェスタ…\n<c20/>まこと愛する男に添い、迷い子導くそなたガ宿命…\n<c20/>我ガ火影にて護りましょう。\n<c6/><c2/>,"<c1d:11/>维斯塔<c1d:1/>
<c20/>我是维斯塔…
<c20/>伴随真心所爱之人，引导迷途者乃汝之宿命…
<c20/>以吾之火影守护汝吧。
<c6/><c2/>","[""<c1d:11/>维斯塔<c1d:1/>\\n<c20/>我是维斯塔…\\n<c20/>与真心爱慕的男子相伴，指引迷途之人，便是你的宿命…\\n<c20/>吾将以摇曳之火影护佑于你。\\n<c6/><c2/>""]","[""<c1d:11/>维斯塔<c1d:1/>\\n<c20/>我是维斯塔…\\n<c20/>与真心爱慕的男子相伴，指引迷途之人，便是你的宿命…\\n<c20/>吾将以摇曳之火影护佑于你。\\n<c6/><c2/>""]"
local_conflict_review,field:77_19d,field:77_19d:0x0,frontend/public/games/p2is/groups/field_77_19d.json,<c1d:11/>ヴィシュヌ<c1d:1/>\n<c20/>我はヴィシュヌ…\n<c20/>我は、日輪のごとき慈悲、遍く広げるためにある。\n<c20/>我ガアヴァターラよ、我と共にいざ行かん…\n<c6/><c2/>,"<c1d:11/>毗湿奴<c1d:1/>
<c20/>我是毗湿奴…
<c20/>吾乃如日轮般慈悲，为广布四方而存。
<c20/>吾之分身啊，与吾同行吧…
<c6/><c2/>","[""<c1d:11/>毗湿奴<c1d:1/>\\n<c20/>吾乃毗湿奴…\\n<c20/>乃为日轮般将慈悲广布四方而存。\\n<c20/>吾之化身啊，与吾一同前行吧…\\n<c6/><c2/>""]","[""<c1d:11/>毗湿奴<c1d:1/>\\n<c20/>吾乃毗湿奴…\\n<c20/>乃为日轮般将慈悲广布四方而存。\\n<c20/>吾之化身啊，与吾一同前行吧…\\n<c6/><c2/>""]"
local_conflict_review,field:77_20d,field:77_20d:0x0,frontend/public/games/p2is/groups/field_77_20d.json,<c1d:11/>オーディン<c1d:1/>\n<c20/>我はオーディン…全知全能の戦神なるぞ。\n<c20/>我ガ化身のベルセルクよ、\n<c20/>即刻ヴァルハラへの馬をひけい!\n<c6/><c2/>,"<c1d:11/>奥丁<c1d:1/>
<c20/>我是奥丁…全知全能的战神是也。
<c20/>吾之化身狂战士啊，
<c20/>即刻策马前往瓦尔哈拉!
<c6/><c2/>","[""<c1d:11/>奥丁<c1d:1/>\\n<c20/>吾乃奥丁…全知全能的战神。\\n<c20/>吾之化身狂战士啊，\\n<c20/>即刻牵马，奔赴瓦尔哈拉!\\n<c6/><c2/>""]","[""<c1d:11/>奥丁<c1d:1/>\\n<c20/>吾乃奥丁…全知全能的战神。\\n<c20/>吾之化身狂战士啊，\\n<c20/>即刻牵马，奔赴瓦尔哈拉!\\n<c6/><c2/>""]"
local_conflict_review,field:77_21d,field:77_21d:0x0,frontend/public/games/p2is/groups/field_77_21d.json,<c1d:11/>インドラ<c1d:1/>\n<c20/>俺はインドラ…\n<c20/>万雷轟かせし嵐の軍勢の王なるぞ…\n<c20/>俺の半身よ、俺は貴様と共にある…\n<c6/><c2/>,"<c1d:11/>因陀罗<c1d:1/>
<c20/>俺是因陀罗…
<c20/>乃号令万雷之风暴军势的王是也…
<c20/>吾之半身啊，吾与汝同在…
<c6/><c2/>","[""<c1d:11/>因陀罗<c1d:1/>\\n<c20/>我是因陀罗…\\n<c20/>乃统御轰鸣万雷、风暴军势之王是也…\\n<c20/>我之半身啊，我将与你同在…\\n<c6/><c2/>""]","[""<c1d:11/>因陀罗<c1d:1/>\\n<c20/>我是因陀罗…\\n<c20/>乃统御轰鸣万雷、风暴军势之王是也…\\n<c20/>我之半身啊，我将与你同在…\\n<c6/><c2/>""]"
local_conflict_review,field:77_22d,field:77_22d:0x0,frontend/public/games/p2is/groups/field_77_22d.json,<c1d:11/>フラカン<c1d:1/>\n<c20/>儂はフラカン…\n<c20/>天地開闢より蒼空にある、天の心なるぞ…\n<c20/>汝、天の心摩すりたくば、儂と共にあれ…\n<c6/><c2/>,"<c1d:11/>弗拉坎<c1d:1/>
<c20/>儂是弗拉坎…
<c20/>自天地开辟便居于苍空，乃天之心是也…
<c20/>汝若欲摩挲天之心，便与儂同在吧…
<c6/><c2/>","[""<c1d:11/>胡拉坎<c1d:1/>\\n<c20/>老夫乃胡拉坎…\\n<c20/>自天地开辟便栖于苍空，乃天之心是也…\\n<c20/>汝，若欲体察天之心，便与老夫同行吧…\\n<c6/><c2/>""]","[""<c1d:11/>胡拉坎<c1d:1/>\\n<c20/>老夫乃胡拉坎…\\n<c20/>自天地开辟便栖于苍空，乃天之心是也…\\n<c20/>汝，若欲体察天之心，便与老夫同行吧…\\n<c6/><c2/>""]"
local_conflict_review,field:77_23d,field:77_23d:0x0,frontend/public/games/p2is/groups/field_77_23d.json,<c1d:11/>バール<c1d:1/>\n<c20/>予はバール…\n<c20/>かつてヤハウェをも凌ぐと言われし予の力、\n<c20/>共に四海に轟かそうぞ!!\n<c6/><c2/>,"<c1d:11/>巴力<c1d:1/>
<c20/>予是巴力…
<c20/>曾言凌驾耶和华之予之力，
<c20/>与汝共震四海吧!!
<c6/><c2/>","[""<c1d:11/>巴力<c1d:1/>\\n<c20/>予乃巴力…\\n<c20/>曾有言，予之伟力可凌驾于耶和华之上，\\n<c20/>便与汝一同，将威名响彻四海吧!!\\n<c6/><c2/>""]","[""<c1d:11/>巴力<c1d:1/>\\n<c20/>予乃巴力…\\n<c20/>曾有言，予之伟力可凌驾于耶和华之上，\\n<c20/>便与汝一同，将威名响彻四海吧!!\\n<c6/><c2/>""]"
local_conflict_review,field:77_24d,field:77_24d:0x0,frontend/public/games/p2is/groups/field_77_24d.json,<c1d:11/>マルドゥーク<c1d:1/>\n<c20/>俺はマルドゥーク…\n<c20/>お前の名は、俺ガ持つ50の名の一つなり…\n<c20/>いざ天命の書に従い、秩序の盾とならん!!\n<c6/><c2/>,"<c1d:11/>马尔杜克<c1d:1/>
<c20/>俺是马尔杜克…
<c20/>汝之名，乃吾所持五十名之一…
<c20/>来吧，依天命之书，成为秩序之盾!!
<c6/><c2/>","[""<c1d:11/>马尔杜克<c1d:1/>\\n<c20/>我是马尔杜克…\\n<c20/>你的名号，亦是吾所持五十尊名之一…\\n<c20/>来吧，遵从天命之书，化作秩序之盾!!\\n<c6/><c2/>""]","[""<c1d:11/>马尔杜克<c1d:1/>\\n<c20/>我是马尔杜克…\\n<c20/>你的名号，亦是吾所持五十尊名之一…\\n<c20/>来吧，遵从天命之书，化作秩序之盾!!\\n<c6/><c2/>""]"
local_conflict_review,field:77_25d,field:77_25d:0x0,frontend/public/games/p2is/groups/field_77_25d.json,<c1d:11/>アガートラーム<c1d:1/>\n<c20/>我は銀の腕のヌアザ…\n<c20/>不敗の剣にて闇を裂く、ダナンの王。\n<c20/>卿と共に、新たな常勝不敗の伝説をつくろうぞ…\n<c6/><c2/>,"<c1d:11/>阿加托拉姆<c1d:1/>
<c20/>我是银臂努阿达…
<c20/>以不败之剑撕裂黑暗，达南之王。
<c20/>与卿共创新之常胜不败传说吧…
<c6/><c2/>","[""<c1d:11/>艾吉特拉姆<c1d:1/>\\n<c20/>吾乃银臂努阿达…\\n<c20/>持不败之剑撕裂黑暗，达努神族之王。\\n<c20/>愿与卿一同，铸就全新常胜不败的传说…\\n<c6/><c2/>""]","[""<c1d:11/>艾吉特拉姆<c1d:1/>\\n<c20/>吾乃银臂努阿达…\\n<c20/>持不败之剑撕裂黑暗，达努神族之王。\\n<c20/>愿与卿一同，铸就全新常胜不败的传说…\\n<c6/><c2/>""]"
local_conflict_review,field:77_26d,field:77_26d:0x0,frontend/public/games/p2is/groups/field_77_26d.json,<c1d:11/>ブラフマー<c1d:1/>\n<c20/>朕はブラフマー…\n<c20/>朕は汝…汝は朕…\n<c20/>宇宙の原理は梵我一如。己ガ内の広ガりを知れ…\n<c6/><c2/>,"<c1d:11/>梵天<c1d:1/>
<c20/>朕是梵天…
<c20/>朕即汝…汝即朕…
<c20/>宇宙原理乃梵我一如。知晓己身内之广阔…
<c6/><c2/>","[""<c1d:11/>梵天<c1d:1/>\\n<c20/>朕乃梵天…\\n<c20/>朕即汝…汝即朕…\\n<c20/>宇宙本源乃是梵我一如。体悟汝自身内在的无垠吧…\\n<c6/><c2/>""]","[""<c1d:11/>梵天<c1d:1/>\\n<c20/>朕乃梵天…\\n<c20/>朕即汝…汝即朕…\\n<c20/>宇宙本源乃是梵我一如。体悟汝自身内在的无垠吧…\\n<c6/><c2/>""]"
local_conflict_review,field:77_27d,field:77_27d:0x0,frontend/public/games/p2is/groups/field_77_27d.json,<c1d:11/>ヴァルナ<c1d:1/>\n<c20/>私は水面の上にあり、\n<c20/>秩序を擁護する者ヴァルナなり…\n<c20/>これより汝の守護を担おうぞ…\n<c6/><c2/>,"<c1d:11/>伐楼拿<c1d:1/>
<c20/>我居于水面之上，
<c20/>乃拥护秩序者伐楼拿是也…
<c20/>自此承担汝之守护吧…
<c6/><c2/>","[""<c1d:11/>伐楼那<c1d:1/>\\n<c20/>我乃居于水面之上，\\n<c20/>拥护秩序者伐楼那是也…\\n<c20/>自此我便承担起护佑你的职责吧…\\n<c6/><c2/>""]","[""<c1d:11/>伐楼那<c1d:1/>\\n<c20/>我乃居于水面之上，\\n<c20/>拥护秩序者伐楼那是也…\\n<c20/>自此我便承担起护佑你的职责吧…\\n<c6/><c2/>""]"
local_conflict_review,field:77_28d,field:77_28d:0x0,frontend/public/games/p2is/groups/field_77_28d.json,<c1d:11/>ミスラ<c1d:1/>\n<c20/>俺は、万物の理を知り光明もたらす者、ミスラ…\n<c20/>何人も、俺の瞳の前に隠し立てはできん。\n<c20/>俺そのものたる友よ、当然お前の心もだ…\n<c6/><c2/>,"<c1d:11/>密特拉<c1d:1/>
<c20/>俺是知晓万物之理、带来光明者，密特拉…
<c20/>无人能在吾之瞳前隐藏。
<c20/>作为吾之化身的友人啊，汝之心亦然…
<c6/><c2/>","[""<c1d:11/>密特拉<c1d:1/>\\n<c20/>我是通晓万物之理、携光明者，密特拉…\\n<c20/>任何人，都无法在我的眼眸前藏匿分毫。\\n<c20/>与我本为一体的友人啊，你的心自是亦然…\\n<c6/><c2/>""]","[""<c1d:11/>密特拉<c1d:1/>\\n<c20/>我是通晓万物之理、携光明者，密特拉…\\n<c20/>任何人，都无法在我的眼眸前藏匿分毫。\\n<c20/>与我本为一体的友人啊，你的心自是亦然…\\n<c6/><c2/>""]"
local_conflict_review,field:77_29d,field:77_29d:0x0,frontend/public/games/p2is/groups/field_77_29d.json,<c1d:11/>ヤマ<c1d:1/>\n<c20/>儂を呼ぶのは何者ぞ…\n<c20/>おお…わかるぞ。お前は儂の半身か…\n<c20/>死国の王、ヤマの名においてお前を守護しよう。\n<c6/><c2/>,"<c1d:11/>阎魔<c1d:1/>
<c20/>呼唤儂者是何人…
<c20/>哦…明白了。汝是儂之半身啊…
<c20/>以死国之王阎魔之名，守护汝吧。
<c6/><c2/>","[""<c1d:11/>阎魔<c1d:1/>\\n<c20/>何人呼唤老夫…\\n<c20/>哦…明白了。你便是老夫之半身啊…\\n<c20/>以冥界之王阎魔之名，吾必将护佑于你。\\n<c6/><c2/>""]","[""<c1d:11/>阎魔<c1d:1/>\\n<c20/>何人呼唤老夫…\\n<c20/>哦…明白了。你便是老夫之半身啊…\\n<c20/>以冥界之王阎魔之名，吾必将护佑于你。\\n<c6/><c2/>""]"
local_conflict_review,field:77_2d,field:77_2d:0x0,frontend/public/games/p2is/groups/field_77_2d.json,<c1d:11/>マナナン<c1d:1/>\n<c20/>我はマナナン<c20/>波立つ海を乗り行く者\n<c20/>我ガ治めし大海は<c20/>汝ガ胸の内にあり\n<c20/>我と等しき若人よ<c20/>いざ人生の海原へ漕ぎ出さん\n<c6/><c2/>,<c1d:11/>玛纳南<c1d:1/>\n<c20/>我是玛纳南<c20/>乘风破浪之人\n<c20/>我统治的大海<c20/>就在你胸中\n<c20/>与我相似的年轻人啊<c20/>一同驶向人生的海洋吧\n<c6/><c2/>,"[""<c1d:11/>马纳南<c1d:1/>\\n<c20/>吾乃马纳南<c20/>驾驭波涛沧海而行之人\\n<c20/>吾所统御的汪洋大海<c20/>就存在汝胸之中\\n<c20/>与吾气魄等同的少年啊<c20/>此刻向人生的沧海扬帆起航吧\\n<c6/><c2/>""]","[""<c1d:11/>马纳南<c1d:1/>\\n<c20/>吾乃马纳南<c20/>驾驭波涛沧海而行之人\\n<c20/>吾所统御的汪洋大海<c20/>就存在汝胸之中\\n<c20/>与吾气魄等同的少年啊<c20/>此刻向人生的沧海扬帆起航吧\\n<c6/><c2/>""]"
local_conflict_review,field:77_30d,field:77_30d:0x0,frontend/public/games/p2is/groups/field_77_30d.json,<c1d:11/>シャカ<c1d:1/>\n<c20/>私はシャカ…マーヤーより目覚めし者…\n<c20/>現世は不壊のジーヴァに縛られし幻影なれば、\n<c20/>半身よ、貴方と共に悟りを説きましょう…\n<c6/><c2/>,<c1d:11/>释迦<c1d:1/>\n<c20/>我是释迦…从摩耶中觉醒的存在…\n<c20/>现世是被不灭的吉瓦束缚的幻影，\n<c20/>半身啊，我将与你一同阐述觉悟…\n<c6/><c2/>,"[""<c1d:11/>释迦<c1d:1/>\\n<c20/>我是释迦…自摩耶中觉悟者…\\n<c20/>现世是被不灭之命束缚的虚妄，\\n<c20/>半身啊，我且与你一同宣讲觉悟之道吧…\\n<c6/><c2/>""]","[""<c1d:11/>释迦<c1d:1/>\\n<c20/>我是释迦…自摩耶中觉悟者…\\n<c20/>现世是被不灭之命束缚的虚妄，\\n<c20/>半身啊，我且与你一同宣讲觉悟之道吧…\\n<c6/><c2/>""]"
local_conflict_review,field:77_31d,field:77_31d:0x0,frontend/public/games/p2is/groups/field_77_31d.json,<c1d:11/>ウマヤドノオウジ<c1d:1/>\n<c20/>僕、ウマヤドノオウジだじょ〜\n<c20/>六にいわくう!<c20/>悪者を見たら、\n<c20/>必ず正さなくちゃいけないんだじょ〜\n<c6/><c2/>,<c1d:11/>宇摩志麻治命<c1d:1/>\n<c20/>我，是宇摩志麻治命哟〜\n<c20/>六哥说过！看到坏人，\n<c20/>必须纠正才行哟〜\n<c6/><c2/>,"[""<c1d:11/>厩户皇子<c1d:1/>\\n<c20/>我是，厩户皇子哟〜\\n<c20/>第六条曰！看到坏人的话，\\n<c20/>一定要纠正过来才行哦〜\\n<c6/><c2/>""]","[""<c1d:11/>厩户皇子<c1d:1/>\\n<c20/>我是，厩户皇子哟〜\\n<c20/>第六条曰！看到坏人的话，\\n<c20/>一定要纠正过来才行哦〜\\n<c6/><c2/>""]"
merged_versions_conflict,field:77_33d,field:77_33d:0x0,frontend/public/games/p2is/groups/field_77_33d.json,<c1d:11/>ヴィーナス<c1d:1/>\n<c20/>私はヴィーナス…\n<c20/>真の善美と愛を舞う、豊麗の女神…\n<c20/>私はこなた…こなたは私…いざ、一つに…\n<c6/><c2/>,<c1d:11/>维纳斯<c1d:1/>\n<c20/>我是维纳斯…\n<c20/>舞动真善美与爱的、丰丽的女神…\n<c20/>我就是你…你就是我…来吧，合为一体…\n<c6/><c2/>,"[""<c1d:11/>维纳斯<c1d:1/>\\n<c20/>我是维纳斯…\\n<c20/>舞动至善至美与爱意的、丰容华美之女神…\\n<c20/>我就是你…你就是我…来吧，合为一体…\\n<c6/><c2/>"", ""<c1d:11/>维纳斯<c1d:1/>\\n<c20/>我是维纳斯…\\n<c20/>舞动着真正的爱与善美的，美之女神…\\n<c20/>我就是你…你就是我…来吧，合为一体…\\n<c6/><c2/>""]","[""<c1d:11/>维纳斯<c1d:1/>\\n<c20/>我是维纳斯…\\n<c20/>舞动至善至美与爱意的、丰容华美之女神…\\n<c20/>我就是你…你就是我…来吧，合为一体…\\n<c6/><c2/>"", ""<c1d:11/>维纳斯<c1d:1/>\\n<c20/>我是维纳斯…\\n<c20/>舞动着真正的爱与善美的，美之女神…\\n<c20/>我就是你…你就是我…来吧，合为一体…\\n<c6/><c2/>""]"
local_conflict_review,field:77_35d,field:77_35d:0x0,frontend/public/games/p2is/groups/field_77_35d.json,<c1d:11/>エロス・改<c1d:1/>\n<c20/>私は誠の力に目覚めしエロス…\n<c20/>汝、恋する者よ…人を想う気持ちの強さ、\n<c20/>それすなわち汝の強さの源と心しなさい…\n<c6/><c2/>,<c1d:11/>爱洛斯·改<c1d:1/>\n<c20/>我是觉醒真实力量的爱洛斯…\n<c20/>你，恋爱之人啊…思念他人的心情之强，\n<c20/>那正是你力量的源泉，要铭记于心…\n<c6/><c2/>,"[""<c1d:11/>厄洛斯·改<c1d:1/>\\n<c20/>我是觉醒真正力量的厄洛斯…\\n<c20/>汝，心怀爱慕之人啊…思念他人的这份炽热心意，\\n<c20/>你要铭记，那正是你力量的根源…\\n<c6/><c2/>""]","[""<c1d:11/>厄洛斯·改<c1d:1/>\\n<c20/>我是觉醒真正力量的厄洛斯…\\n<c20/>汝，心怀爱慕之人啊…思念他人的这份炽热心意，\\n<c20/>你要铭记，那正是你力量的根源…\\n<c6/><c2/>""]"
merged_versions_conflict,field:77_36d,field:77_36d:0x0,frontend/public/games/p2is/groups/field_77_36d.json,<c1d:11/>ジャックランタン<c1d:1/>\n<c20/>ヒー木ー!!\n<c20/>オイラ、ジャックランタンだ木ー!!\n<c20/>そこんとこ夜露死苦だ木ー!!\n<c6/><c2/>,<c1d:11/>杰克南瓜<c1d:1/>\n<c20/>嘿咿木ー!!\n<c20/>我，是杰克南瓜木ー!!\n<c20/>请多关照木ー!!\n<c6/><c2/>,"[""<c1d:11/>杰克灯笼<c1d:1/>\\n<c20/>嘻ー呵ー!!!\\n<c20/>我是，杰克灯笼吼ー!!\\n<c20/>这边往后也请多多关照吼ー!!\\n<c6/><c2/>"", ""<c1d:11/>杰克灯笼<c1d:1/>\\n<c20/>嘿咿木ー!!\\n<c20/>我，是杰克灯笼木ー!!\\n<c20/>请多关照木ー!!\\n<c6/><c2/>""]","[""<c1d:11/>杰克灯笼<c1d:1/>\\n<c20/>嘻ー呵ー!!!\\n<c20/>我是，杰克灯笼吼ー!!\\n<c20/>这边往后也请多多关照吼ー!!\\n<c6/><c2/>"", ""<c1d:11/>杰克灯笼<c1d:1/>\\n<c20/>嘿咿木ー!!\\n<c20/>我，是杰克灯笼木ー!!\\n<c20/>请多关照木ー!!\\n<c6/><c2/>""]"
local_conflict_review,field:77_37d,field:77_37d:0x0,frontend/public/games/p2is/groups/field_77_37d.json,<c1d:11/>ジャックフロスト<c1d:1/>\n<c20/>ヒー木ー!!\n<c20/>オイラ、ジャックフロストだ木ー!!\n<c20/>今後とも夜露死苦だ木ー!!\n<c6/><c2/>,<c1d:11/>杰克霜精<c1d:1/>\n<c20/>嘿咿木ー!!\n<c20/>我，是杰克霜精木ー!!\n<c20/>今后也请多关照木ー!!\n<c6/><c2/>,"[""<c1d:11/>杰克霜精<c1d:1/>\\n<c20/>嘻ー呵ー!!!\\n<c20/>我是，杰克霜精吼ー!!\\n<c20/>今后也请多多关照吼ー!!\\n<c6/><c2/>""]","[""<c1d:11/>杰克霜精<c1d:1/>\\n<c20/>嘻ー呵ー!!!\\n<c20/>我是，杰克霜精吼ー!!\\n<c20/>今后也请多多关照吼ー!!\\n<c6/><c2/>""]"
local_conflict_review,field:77_38d,field:77_38d:0x0,frontend/public/games/p2is/groups/field_77_38d.json,<c1d:11/>ロビングッドフェロー<c1d:1/>\n<c20/>みょみょみょみょみょ〜♪\n<c20/>オイラ、ロビングッドフェロ〜♪\n<c20/>ストロングともヨロシクだみょ〜♪\n<c6/><c2/>,<c1d:11/>罗宾好伙伴<c1d:1/>\n<c20/>喵喵喵喵喵〜♪\n<c20/>我，是罗宾好伙伴〜♪\n<c20/>也请多关照斯特朗喵〜♪\n<c6/><c2/>,"[""<c1d:11/>罗宾·古德菲洛<c1d:1/>\\n<c20/>喵喵喵喵喵〜♪\\n<c20/>我是，罗宾·古德菲洛〜♪\\n<c20/>Strong也请多多关照喵哟〜♪\\n<c6/><c2/>""]","[""<c1d:11/>罗宾·古德菲洛<c1d:1/>\\n<c20/>喵喵喵喵喵〜♪\\n<c20/>我是，罗宾·古德菲洛〜♪\\n<c20/>Strong也请多多关照喵哟〜♪\\n<c6/><c2/>""]"
local_conflict_review,field:77_39d,field:77_39d:0x0,frontend/public/games/p2is/groups/field_77_39d.json,<c1d:11/>ピクシー<c1d:1/>\n<c20/>わーいわーい♥\n<c20/>あなたもピクシーなんですねぇ?\n<c20/>えっとお、今後ともヨロシクですう♥\n<c6/><c2/>,<c1d:11/>皮克希<c1d:1/>\n<c20/>哇咿哇咿♥\n<c20/>你也是皮克希呢？\n<c20/>嗯，今后也请多关照哟♥\n<c6/><c2/>,"[""<c1d:11/>皮克希<c1d:1/>\\n<c20/>哇咿哇咿♥\\n<c20/>原来你也是皮克希呀？\\n<c20/>那个、今后也请多关照哦♥\\n<c6/><c2/>""]","[""<c1d:11/>皮克希<c1d:1/>\\n<c20/>哇咿哇咿♥\\n<c20/>原来你也是皮克希呀？\\n<c20/>那个、今后也请多关照哦♥\\n<c6/><c2/>""]"
local_conflict_review,field:77_3d,field:77_3d:0x0,frontend/public/games/p2is/groups/field_77_3d.json,<c1d:11/>アベノセイメイ<c1d:1/>\n<c20/>我は晴明…阿倍晴明…\n<c20/>万物の化成は、陰・陽二気の消長による。\n<c20/>人の心とて同じこと。我も又、お前の影なのだ…\n<c6/><c2/>,<c1d:11/>安倍晴明<c1d:1/>\n<c20/>我是晴明…安倍晴明…\n<c20/>万物化成都因阴阳二气的消长。\n<c20/>人心亦然。我也是你的影子…\n<c6/><c2/>,"[""<c1d:11/>安倍晴明<c1d:1/>\\n<c20/>吾乃晴明…安倍晴明…\\n<c20/>万物化生，阴阳二气之盛衰而成焉。\\n<c20/>人心亦是同理。吾身，亦为你之影…\\n<c6/><c2/>""]","[""<c1d:11/>安倍晴明<c1d:1/>\\n<c20/>吾乃晴明…安倍晴明…\\n<c20/>万物化生，阴阳二气之盛衰而成焉。\\n<c20/>人心亦是同理。吾身，亦为你之影…\\n<c6/><c2/>""]"
local_conflict_review,field:77_40d,field:77_40d:0x0,frontend/public/games/p2is/groups/field_77_40d.json,<c1d:11/>エロス<c1d:1/>\n<c20/>私はエロス…\n<c20/>金色の矢持ちて、恋の炎を灯す者…\n<c20/>我ガ現身よ、汝ガ力になりましょう…\n<c6/><c2/>,<c1d:11/>爱洛斯<c1d:1/>\n<c20/>我是爱洛斯…\n<c20/>手持金箭、点燃爱火之人…\n<c20/>我的化身啊，我将成为你的力量…\n<c6/><c2/>,"[""<c1d:11/>厄洛斯<c1d:1/>\\n<c20/>我是厄洛斯…\\n<c20/>手持金箭、点燃爱火之人…\\n<c20/>吾之化身啊，吾将成为汝的力量…\\n<c6/><c2/>""]","[""<c1d:11/>厄洛斯<c1d:1/>\\n<c20/>我是厄洛斯…\\n<c20/>手持金箭、点燃爱火之人…\\n<c20/>吾之化身啊，吾将成为汝的力量…\\n<c6/><c2/>""]"
local_conflict_review,field:77_41d,field:77_41d:0x0,frontend/public/games/p2is/groups/field_77_41d.json,<c1d:11/>シヴァ<c1d:1/>\n<c20/>我は、千と百十六の名で称えられしナタラージャ…\n<c20/>我と同じ顔持つ者よ…\n<c20/>これよりシヴァの二つ名を名乗るガよい!!\n<c6/><c2/>,<c1d:11/>湿婆<c1d:1/>\n<c20/>我是以一千一百一十六个名字被称颂的纳塔拉贾…\n<c20/>与我相同面容之人啊…\n<c20/>从此就以湿婆的别名自称吧!!\n<c6/><c2/>,"[""<c1d:11/>湿婆<c1d:1/>\\n<c20/>吾乃，以千百一十六尊名受称颂的舞之王…\\n<c20/>持与吾相同面貌之人啊…\\n<c20/>从今往后即可冠以湿婆之名!!\\n<c6/><c2/>""]","[""<c1d:11/>湿婆<c1d:1/>\\n<c20/>吾乃，以千百一十六尊名受称颂的舞之王…\\n<c20/>持与吾相同面貌之人啊…\\n<c20/>从今往后即可冠以湿婆之名!!\\n<c6/><c2/>""]"
local_conflict_review,field:77_42d,field:77_42d:0x0,frontend/public/games/p2is/groups/field_77_42d.json,<c1d:11/>マハーカーラ<c1d:1/>\n<c20/>俺は、大いなる暗黒マハーカーラ!!\n<c20/>又の名を大黒天、真の姿をシヴァと言う。\n<c20/>これより貴様の剣となろう…\n<c6/><c2/>,<c1d:11/>摩诃迦罗<c1d:1/>\n<c20/>我，是伟大的暗黑摩诃迦罗!!\n<c20/>又名大黑天，真身是湿婆。\n<c20/>从此将成为你的剑…\n<c6/><c2/>,"[""<c1d:11/>摩诃迦罗<c1d:1/>\\n<c20/>我乃是，伟大的暗黑摩诃迦罗!!\\n<c20/>又唤作大黑天，本相则称湿婆。\\n<c20/>自此我将成为你的利剑…\\n<c6/><c2/>""]","[""<c1d:11/>摩诃迦罗<c1d:1/>\\n<c20/>我乃是，伟大的暗黑摩诃迦罗!!\\n<c20/>又唤作大黑天，本相则称湿婆。\\n<c20/>自此我将成为你的利剑…\\n<c6/><c2/>""]"
local_conflict_review,field:77_43d,field:77_43d:0x0,frontend/public/games/p2is/groups/field_77_43d.json,<c1d:11/>アレス<c1d:1/>\n<c20/>俺はアレス…\n<c20/>俺と同じ血の匂いガするお前ならわかるはず…\n<c20/>戦と暴力、死ガ俺たちの生業よ!!\n<c6/><c2/>,<c1d:11/>阿瑞斯<c1d:1/>\n<c20/>我是阿瑞斯…\n<c20/>和我有相同血气的你应该明白…\n<c20/>战争与暴力、死亡是我们的本业啊!!\n<c6/><c2/>,"[""<c1d:11/>阿瑞斯<c1d:1/>\\n<c20/>我是阿瑞斯…\\n<c20/>有着与我同源之血的你理应明白…\\n<c20/>战争、暴力与死亡，便是我们的生存之本啊!!\\n<c6/><c2/>""]","[""<c1d:11/>阿瑞斯<c1d:1/>\\n<c20/>我是阿瑞斯…\\n<c20/>有着与我同源之血的你理应明白…\\n<c20/>战争、暴力与死亡，便是我们的生存之本啊!!\\n<c6/><c2/>""]"
local_conflict_review,field:77_44d,field:77_44d:0x0,frontend/public/games/p2is/groups/field_77_44d.json,<c1d:11/>スサノオ<c1d:1/>\n<c20/>我はスサノオ…根の堅洲国の主なり…\n<c20/>我と同じ荒ぶる魂持つ者よ、\n<c20/>我、今より汝の天叢雲薙ぎ払う剣とならん…\n<c6/><c2/>,<c1d:11/>须佐之男<c1d:1/>\n<c20/>我是须佐之男…根之坚洲国的主人…\n<c20/>与我相同拥有狂暴灵魂之人啊，\n<c20/>我，从今起将成为你挥舞天丛云剑的剑…\n<c6/><c2/>,"[""<c1d:11/>须佐之男<c1d:1/>\\n<c20/>吾乃须佐之男…根坚洲国之主…\\n<c20/>拥有与吾同样狂烈魂魄之人啊，\\n<c20/>从今起，吾将化作汝手中那横扫万物的天丛云剑…\\n<c6/><c2/>""]","[""<c1d:11/>须佐之男<c1d:1/>\\n<c20/>吾乃须佐之男…根坚洲国之主…\\n<c20/>拥有与吾同样狂烈魂魄之人啊，\\n<c20/>从今起，吾将化作汝手中那横扫万物的天丛云剑…\\n<c6/><c2/>""]"
local_conflict_review,field:77_45d,field:77_45d:0x0,frontend/public/games/p2is/groups/field_77_45d.json,<c1d:11/>セイテンタイセイ<c1d:1/>\n<c20/>天をも騒ガす神通力と、\n<c20/>七十二般の変化の術で、\n<c20/>斉天大聖ここに在り。\n<c6/><c2/>,<c1d:11/>齐天大圣<c1d:1/>\n<c20/>以惊动天地的神通力，\n<c20/>和七十二般变化之术，\n<c20/>齐天大圣在此。\n<c6/><c2/>,"[""<c1d:11/>齐天大圣<c1d:1/>\\n<c20/>以搅动天界的神通之力，\\n<c20/>凭七十二般变化之术，\\n<c20/>齐天大圣在此。\\n<c6/><c2/>""]","[""<c1d:11/>齐天大圣<c1d:1/>\\n<c20/>以搅动天界的神通之力，\\n<c20/>凭七十二般变化之术，\\n<c20/>齐天大圣在此。\\n<c6/><c2/>""]"
local_conflict_review,field:77_46d,field:77_46d:0x0,frontend/public/games/p2is/groups/field_77_46d.json,<c1d:11/>タラニス<c1d:1/>\n<c20/>オレは雷の戦車にて天駆ける、雷神タラニス…\n<c20/>慈悲や寛容などなんの役にも立たん。\n<c20/>この世を渡るには、力ガ全てと教えてやろう。\n<c6/><c2/>,<c1d:11/>塔拉尼斯<c1d:1/>\n<c20/>我是驾雷之战车驰骋天际的雷神塔拉尼斯…\n<c20/>慈悲和宽容毫无用处。\n<c20/>要在这世上生存，力量就是一切，我来教你吧。\n<c6/><c2/>,"[""<c1d:11/>塔拉尼斯<c1d:1/>\\n<c20/>我乃乘雷之战车驰骋天际的雷神塔拉尼斯…\\n<c20/>慈悲和宽容毫无用处。\\n<c20/>我来教导你，想要在这世间立足，力量便是一切。\\n<c6/><c2/>""]","[""<c1d:11/>塔拉尼斯<c1d:1/>\\n<c20/>我乃乘雷之战车驰骋天际的雷神塔拉尼斯…\\n<c20/>慈悲和宽容毫无用处。\\n<c20/>我来教导你，想要在这世间立足，力量便是一切。\\n<c6/><c2/>""]"
local_conflict_review,field:77_48d,field:77_48d:0x0,frontend/public/games/p2is/groups/field_77_48d.json,<c1d:11/>ヴリトラ<c1d:1/>\n<c20/>俺ハ<c20/>ヴリトラ…\n<c20/>地獄ノ火焔ヨリ生マレシ<c20/>宇宙ヲ覆ウ者…\n<c20/>貴様ト共ニ<c20/>現世ヲ炎ノ舌デ舐メ尽クソウゾ…\n<c6/><c2/>,<c1d:11/>弗栗多<c1d:1/>\n<c20/>我是<c20/>弗栗多…\n<c20/>从地狱火焰中诞生的<c20/>覆盖宇宙者…\n<c20/>与你一同<c20/>用火焰之舌吞尽现世吧…\n<c6/><c2/>,"[""<c1d:11/>弗栗多<c1d:1/>\\n<c20/>我是<c20/>弗栗多…\\n<c20/>自地狱烈焰之中诞生<c20/>覆裹宇宙者…\\n<c20/>与你一同<c20/>以火舌将现世尽数灼舐殆尽吧…\\n<c6/><c2/>""]","[""<c1d:11/>弗栗多<c1d:1/>\\n<c20/>我是<c20/>弗栗多…\\n<c20/>自地狱烈焰之中诞生<c20/>覆裹宇宙者…\\n<c20/>与你一同<c20/>以火舌将现世尽数灼舐殆尽吧…\\n<c6/><c2/>""]"
local_conflict_review,field:77_49d,field:77_49d:0x0,frontend/public/games/p2is/groups/field_77_49d.json,<c1d:11/>タクシャカ<c1d:1/>\n<c20/>私はナーガの王タクシャカ…\n<c20/>ほう…貴方ガ私の半身ですか?\n<c20/>よろしい。力を貸して差し上げましょう。\n<c6/><c2/>,<c1d:11/>德叉迦<c1d:1/>\n<c20/>我是那伽王德叉迦…\n<c20/>哦…你是我的半身吗?\n<c20/>好的。我将助你一臂之力。\n<c6/><c2/>,"[""<c1d:11/>多刹迦<c1d:1/>\\n<c20/>我是那伽之王多刹迦…\\n<c20/>哦…你竟是我的半身吗?\\n<c20/>那好。我便将力量借予你。\\n<c6/><c2/>""]","[""<c1d:11/>多刹迦<c1d:1/>\\n<c20/>我是那伽之王多刹迦…\\n<c20/>哦…你竟是我的半身吗?\\n<c20/>那好。我便将力量借予你。\\n<c6/><c2/>""]"
local_conflict_review,field:77_4d,field:77_4d:0x0,frontend/public/games/p2is/groups/field_77_4d.json,<c1d:11/>アグリッパ<c1d:1/>\n<c20/>人の想念こそは、現実を変容させる賢者の石!!\n<c20/>希有なる石を持つ者よ。お前ガ私の現身たること、\n<c20/>このアグリッパ、誇りに思うぞ!!\n<c6/><c2/>,<c1d:11/>阿格里帕<c1d:1/>\n<c20/>人的意念才是改变现实的贤者之石!!\n<c20/>持有稀有之石者啊。你作为我的化身、\n<c20/>我阿格里帕，深感自豪!!\n<c6/><c2/>,"[""<c1d:11/>阿格里帕<c1d:1/>\\n<c20/>人心之念，便是能改写现实的贤者之石!!\\n<c20/>身怀这奇石之人啊，你能成为我的化身这件事，\\n<c20/>我阿格里帕，引以为傲!!\\n<c6/><c2/>""]","[""<c1d:11/>阿格里帕<c1d:1/>\\n<c20/>人心之念，便是能改写现实的贤者之石!!\\n<c20/>身怀这奇石之人啊，你能成为我的化身这件事，\\n<c20/>我阿格里帕，引以为傲!!\\n<c6/><c2/>""]"
local_conflict_review,field:77_50d,field:77_50d:0x0,frontend/public/games/p2is/groups/field_77_50d.json,<c1d:11/>クエレプレ<c1d:1/>\n<c20/>ヌゥ!!<c20/>オレ様クエレプレ!!\n<c20/>オレ様<c20/>宝守ル!!<c20/>オマエモ<c20/>宝守レ!!\n<c20/>ヌゥ!!<c20/>宝<c20/>ソレ<c20/>オマエノココロ!!\n<c6/><c2/>,<c1d:11/>羽蛇神<c1d:1/>\n<c20/>唔!!<c20/>本大爷是羽蛇神!!\n<c20/>本大爷<c20/>守护宝物!!<c20/>你也<c20/>守护宝物!!\n<c20/>唔!!<c20/>宝物<c20/>就是<c20/>你的心!!\n<c6/><c2/>,"[""<c1d:11/>库耶列布希<c1d:1/>\\n<c20/>努唔!!<c20/>本大爷库耶列布希!!\\n<c20/>本大爷<c20/>守护宝物!!<c20/>你也<c20/>守护宝物!!\\n<c20/>努唔!!<c20/>那件<c20/>宝物<c20/>就是你的本心!!\\n<c6/><c2/>""]","[""<c1d:11/>库耶列布希<c1d:1/>\\n<c20/>努唔!!<c20/>本大爷库耶列布希!!\\n<c20/>本大爷<c20/>守护宝物!!<c20/>你也<c20/>守护宝物!!\\n<c20/>努唔!!<c20/>那件<c20/>宝物<c20/>就是你的本心!!\\n<c6/><c2/>""]"
local_conflict_review,field:77_51d,field:77_51d:0x0,frontend/public/games/p2is/groups/field_77_51d.json,<c1d:11/>オトヒメ<c1d:1/>\n<c20/>私はオトヒメ…\n<c20/>私は貴方…貴方は私…\n<c20/>力の象徴、八尋鰐となりて貴方を守護しましょう\n<c6/><c2/>,<c1d:11/>乙姬<c1d:1/>\n<c20/>我是乙姬…\n<c20/>我是你…你是我…\n<c20/>化作力量的象征八寻鳄，来守护你吧\n<c6/><c2/>,"[""<c1d:11/>乙姬<c1d:1/>\\n<c20/>我是乙姬…\\n<c20/>我即是你…你即是我…\\n<c20/>且化身作力之象征的八寻鳄，护佑于你吧\\n<c6/><c2/>""]","[""<c1d:11/>乙姬<c1d:1/>\\n<c20/>我是乙姬…\\n<c20/>我即是你…你即是我…\\n<c20/>且化身作力之象征的八寻鳄，护佑于你吧\\n<c6/><c2/>""]"
local_conflict_review,field:77_52d,field:77_52d:0x0,frontend/public/games/p2is/groups/field_77_52d.json,<c1d:11/>リュウメ<c1d:1/>\n<c20/>我ハ<c20/>リュウメ…\n<c20/>悟道ハ遥カ険シキ道ナレド<c20/>覚悟アルナラ供シヨウ\n<c20/>我ガ分身ヨ<c20/>イザ行カン天竺へ!!\n<c6/><c2/>,<c1d:11/>龙女<c1d:1/>\n<c20/>我是<c20/>龙女…\n<c20/>悟道是遥远险峻之路<c20/>若有觉悟就同行吧\n<c20/>我的分身啊<c20/>前往天竺吧!!\n<c6/><c2/>,"[""<c1d:11/>龙马<c1d:1/>\\n<c20/>吾乃<c20/>龙马…\\n<c20/>悟道之路艰险遥远<c20/>若有觉悟吾便同行\\n<c20/>吾之分身啊<c20/>动身前往天竺吧!!\\n<c6/><c2/>""]","[""<c1d:11/>龙马<c1d:1/>\\n<c20/>吾乃<c20/>龙马…\\n<c20/>悟道之路艰险遥远<c20/>若有觉悟吾便同行\\n<c20/>吾之分身啊<c20/>动身前往天竺吧!!\\n<c6/><c2/>""]"
local_conflict_review,field:77_53d,field:77_53d:0x0,frontend/public/games/p2is/groups/field_77_53d.json,<c1d:11/>キニチ・アハウ<c1d:1/>\n<c20/>儂ハ<c20/>太陽ノ目ノ首長<c20/>キニチ・アハウ…\n<c20/>儂ト同ジク<c20/>冥界ヲ旅スル宿命ニアル者ヨ…\n<c20/>力必要ト成リシ時<c20/>我ガ名ヲ呼ブガイイ\n<c6/><c2/>,<c1d:11/>基尼奇·阿豪<c1d:1/>\n<c20/>我是<c20/>太阳之眼的首领<c20/>基尼奇·阿豪…\n<c20/>与我同样<c20/>在冥界旅行的宿命之人啊…\n<c20/>当需要力量时<c20/>呼唤我的名字吧\n<c6/><c2/>,"[""<c1d:11/>基尼奇·阿豪<c1d:1/>\\n<c20/>老夫是<c20/>有着太阳之眼的君主<c20/>基尼奇·阿豪…\\n<c20/>与老夫同样<c20/>身负游历冥界宿命之人啊…\\n<c20/>待到需要力量时<c20/>尽管呼唤吾之名号便可\\n<c6/><c2/>""]","[""<c1d:11/>基尼奇·阿豪<c1d:1/>\\n<c20/>老夫是<c20/>有着太阳之眼的君主<c20/>基尼奇·阿豪…\\n<c20/>与老夫同样<c20/>身负游历冥界宿命之人啊…\\n<c20/>待到需要力量时<c20/>尽管呼唤吾之名号便可\\n<c6/><c2/>""]"
local_conflict_review,field:77_54d,field:77_54d:0x0,frontend/public/games/p2is/groups/field_77_54d.json,<c1d:11/>ゲンブ<c1d:1/>\n<c20/>我ハ<c20/>ゲンブ…\n<c20/>四聖獣ノ一ニシテ<c20/>北方ノ天上ヲ鎮護セシ者…\n<c20/>我<c20/>汝ト共ニ…\n<c6/><c2/>,<c1d:11/>玄武<c1d:1/>\n<c20/>我是<c20/>玄武…\n<c20/>四圣兽之一<c20/>镇护北方天上者…\n<c20/>我<c20/>与你同在…\n<c6/><c2/>,"[""<c1d:11/>玄武<c1d:1/>\\n<c20/>吾乃<c20/>玄武…\\n<c20/>身为四圣兽之一<c20/>镇守北方天空者…\\n<c20/>吾将<c20/>与汝相伴…\\n<c6/><c2/>""]","[""<c1d:11/>玄武<c1d:1/>\\n<c20/>吾乃<c20/>玄武…\\n<c20/>身为四圣兽之一<c20/>镇守北方天空者…\\n<c20/>吾将<c20/>与汝相伴…\\n<c6/><c2/>""]"
local_conflict_review,field:77_55d,field:77_55d:0x0,frontend/public/games/p2is/groups/field_77_55d.json,<c1d:11/>ビャッコ<c1d:1/>\n<c20/>俺ハ<c20/>ビャッコ…\n<c20/>四聖獣ノ一ニシテ<c20/>西方ノ天上ヲ鎮護セシ者…\n<c20/>俺ハ常ニ<c20/>オ前トアルゾ…\n<c6/><c2/>,<c1d:11/>白虎<c1d:1/>\n<c20/>俺是<c20/>白虎…\n<c20/>四圣兽之一<c20/>镇护西方天上者…\n<c20/>俺常<c20/>与你同在…\n<c6/><c2/>,"[""<c1d:11/>白虎<c1d:1/>\\n<c20/>我是<c20/>白虎…\\n<c20/>身为四圣兽之一<c20/>镇守西方天空者…\\n<c20/>我将永远<c20/>伴于你的左右…\\n<c6/><c2/>""]","[""<c1d:11/>白虎<c1d:1/>\\n<c20/>我是<c20/>白虎…\\n<c20/>身为四圣兽之一<c20/>镇守西方天空者…\\n<c20/>我将永远<c20/>伴于你的左右…\\n<c6/><c2/>""]"
local_conflict_review,field:77_56d,field:77_56d:0x0,frontend/public/games/p2is/groups/field_77_56d.json,<c1d:11/>グリンブルスティ<c1d:1/>\n<c20/>我ガ輩ハ<c20/>グリンブルスティ\n<c20/>見テクレハ猪ダガ<c20/>ドンナ馬ヨリ早ク走レルゾ\n<c20/>見タ目カラ<c20/>本質ハ計レント<c20/>憶エテオケ\n<c6/><c2/>,<c1d:11/>古林博斯帝<c1d:1/>\n<c20/>我辈是<c20/>古林博斯帝\n<c20/>看着吧野猪<c20/>比任何马都跑\n<c20/>记住外表之下<c20/>本质难测\n<c6/><c2/>,"[""<c1d:11/>古林博斯帝<c1d:1/>\\n<c20/>吾辈是<c20/>古林博斯帝\\n<c20/>别看只是头野猪<c20/>奔跑速度胜过任何骏马\\n<c20/>切莫仅凭外表<c20/>衡量内在本质<c20/>可要记好了\\n<c6/><c2/>""]","[""<c1d:11/>古林博斯帝<c1d:1/>\\n<c20/>吾辈是<c20/>古林博斯帝\\n<c20/>别看只是头野猪<c20/>奔跑速度胜过任何骏马\\n<c20/>切莫仅凭外表<c20/>衡量内在本质<c20/>可要记好了\\n<c6/><c2/>""]"
merged_versions_conflict,field:77_57d,field:77_57d:0x0,frontend/public/games/p2is/groups/field_77_57d.json,<c1d:11/>テン木ウゲンスイ<c1d:1/>\n<c20/>オラは天{923}元帥。\n<c20/>元々天の川水軍大将だったオラの力、\n<c20/>とくと見せたるど!!\n<c6/><c2/>,<c1d:11/>天蓬元帅<c1d:1/>\n<c20/>俺是天蓬元帅。\n<c20/>原本是银河水军大将的俺的力量，\n<c20/>好好见识吧!!\n<c6/><c2/>,"[""<c1d:11/>天蓬元帅<c1d:1/>\\n<c20/>俺乃是天蓬元帅。\\n<c20/>想当年俺本是天河水军总元帅，\\n<c20/>今天就让你好好见识俺的手段!!\\n<c6/><c2/>"", ""<c1d:11/>天蓬元帅<c1d:1/>\\n<c20/>我是天蓬元帅。\\n<c20/>原天河水军总帅的本人之伟力，\\n<c20/>好好让你见识一番!!\\n<c6/><c2/>""]","[""<c1d:11/>天蓬元帅<c1d:1/>\\n<c20/>俺乃是天蓬元帅。\\n<c20/>想当年俺本是天河水军总元帅，\\n<c20/>今天就让你好好见识俺的手段!!\\n<c6/><c2/>"", ""<c1d:11/>天蓬元帅<c1d:1/>\\n<c20/>我是天蓬元帅。\\n<c20/>原天河水军总帅的本人之伟力，\\n<c20/>好好让你见识一番!!\\n<c6/><c2/>""]"
local_conflict_review,field:77_58d,field:77_58d:0x0,frontend/public/games/p2is/groups/field_77_58d.json,<c1d:11/>ネコマタ<c1d:1/>\n<c20/>アンタガネコマタのもう一つの姿ニャの?\n<c20/>ふ〜ん…なかなかイケてるニャ〜!!\n<c20/>ニコニコニャンニャン♥\n<c6/><c2/>,<c1d:11/>猫又<c1d:1/>\n<c20/>你是猫又的另一个姿态喵?\n<c20/>嗯…相当不错喵～!!\n<c20/>笑眯眯喵喵♥\n<c6/><c2/>,"[""<c1d:11/>猫又<c1d:1/>\\n<c20/>你就是猫又的另一个姿态喵?\\n<c20/>唔嗯…相当帅气喵～!!\\n<c20/>笑眯眯喵喵♥\\n<c6/><c2/>""]","[""<c1d:11/>猫又<c1d:1/>\\n<c20/>你就是猫又的另一个姿态喵?\\n<c20/>唔嗯…相当帅气喵～!!\\n<c20/>笑眯眯喵喵♥\\n<c6/><c2/>""]"
local_conflict_review,field:77_59d,field:77_59d:0x0,frontend/public/games/p2is/groups/field_77_59d.json,<c1d:11/>フェンリル<c1d:1/>\n<c20/>アオーン!<c20/>オレサマ<c20/>フェンリル\n<c20/>オマエ<c20/>オレサマ<c20/>オレサマ<c20/>オマエ!!\n<c20/>オレサマ<c20/>オマエ<c20/>チカラカス<c20/>アオーン!!\n<c6/><c2/>,<c1d:11/>芬里尔<c1d:1/>\n<c20/>嗷呜!<c20/>本大爷<c20/>芬里尔\n<c20/>你<c20/>本大爷<c20/>本大爷<c20/>你!!\n<c20/>本大爷<c20/>你<c20/>给予力量<c20/>嗷呜!!\n<c6/><c2/>,"[""<c1d:11/>芬里厄<c1d:1/>\\n<c20/>嗷呜!<c20/>本大爷<c20/>芬里厄\\n<c20/>你<c20/>本大爷<c20/>本大爷<c20/>你!!\\n<c20/>本大爷<c20/>你<c20/>力量相融<c20/>嗷呜!!\\n<c6/><c2/>""]","[""<c1d:11/>芬里厄<c1d:1/>\\n<c20/>嗷呜!<c20/>本大爷<c20/>芬里厄\\n<c20/>你<c20/>本大爷<c20/>本大爷<c20/>你!!\\n<c20/>本大爷<c20/>你<c20/>力量相融<c20/>嗷呜!!\\n<c6/><c2/>""]"
local_conflict_review,field:77_5d,field:77_5d:0x0,frontend/public/games/p2is/groups/field_77_5d.json,<c1d:11/>テング<c1d:1/>\n<c20/>俺は神通力の使い手、テング様よ。\n<c20/>そーかい、お前は俺なんだな?\n<c20/>しゃーねぇ、いっちょ力んなってやるか!!\n<c6/><c2/>,<c1d:11/>天狗<c1d:1/>\n<c20/>俺是神通力的高手，天狗大人哟。\n<c20/>这样啊，你就是俺吗?\n<c20/>没办法，就帮你一把力吧!!\n<c6/><c2/>,"[""<c1d:11/>天狗<c1d:1/>\\n<c20/>我是能驾驭神通力的天狗大人。\\n<c20/>原来如此，你便是我吗？\\n<c20/>罢了，我便助你大展神威!!\\n<c6/><c2/>""]","[""<c1d:11/>天狗<c1d:1/>\\n<c20/>我是能驾驭神通力的天狗大人。\\n<c20/>原来如此，你便是我吗？\\n<c20/>罢了，我便助你大展神威!!\\n<c6/><c2/>""]"
local_conflict_review,field:77_60d,field:77_60d:0x0,frontend/public/games/p2is/groups/field_77_60d.json,<c1d:11/>スクルド<c1d:1/>\n<c20/>私はスクルド…\n<c20/>神々さえも従える、運命の女神ガ三女…\n<c20/>私の手にありし存在と未来…貴方に託しましょう\n<c6/><c2/>,<c1d:11/>诗寇蒂<c1d:1/>\n<c20/>我是诗寇蒂…\n<c20/>连众神也服从的命运女神之三女…\n<c20/>我手中的存在与未来…托付给你吧\n<c6/><c2/>,"[""<c1d:11/>诗寇蒂<c1d:1/>\\n<c20/>我是诗寇蒂…\\n<c20/>使众神都俯首顺从，命运三女神之幺女…\\n<c20/>我手中的存在与未来…就此托付给你吧\\n<c6/><c2/>""]","[""<c1d:11/>诗寇蒂<c1d:1/>\\n<c20/>我是诗寇蒂…\\n<c20/>使众神都俯首顺从，命运三女神之幺女…\\n<c20/>我手中的存在与未来…就此托付给你吧\\n<c6/><c2/>""]"
local_conflict_review,field:77_61d,field:77_61d:0x0,frontend/public/games/p2is/groups/field_77_61d.json,<c1d:11/>ヴェルザンディ<c1d:1/>\n<c20/>我はヴェルザンディ…\n<c20/>神々すらも跪く、運命の女神ガ次女…\n<c20/>我ガ把持する必然と現在…汝ガために奮おうぞ…\n<c6/><c2/>,<c1d:11/>薇儿丹蒂<c1d:1/>\n<c20/>我是薇儿丹蒂…\n<c20/>连众神也跪拜的命运女神之次女…\n<c20/>我掌握的必然与现在…为你而奋起吧…\n<c6/><c2/>,"[""<c1d:11/>薇儿丹蒂<c1d:1/>\\n<c20/>吾乃薇儿丹蒂…\\n<c20/>纵诸神都俯首跪拜，命运三女神之次女…\\n<c20/>吾执掌的必然与现在…此刻便为汝一搏…\\n<c6/><c2/>""]","[""<c1d:11/>薇儿丹蒂<c1d:1/>\\n<c20/>吾乃薇儿丹蒂…\\n<c20/>纵诸神都俯首跪拜，命运三女神之次女…\\n<c20/>吾执掌的必然与现在…此刻便为汝一搏…\\n<c6/><c2/>""]"
local_conflict_review,field:77_62d,field:77_62d:0x0,frontend/public/games/p2is/groups/field_77_62d.json,<c1d:11/>ウルズ<c1d:1/>\n<c20/>妾はウルズ…\n<c20/>神々すらも頭を垂れる、運命の女神ガ長女…\n<c20/>妾ガ執りし運命と過去…そちの前に示そうぞ…\n<c6/><c2/>,<c1d:11/>乌尔德<c1d:1/>\n<c20/>妾是乌尔德…\n<c20/>连众神也低头的命运女神之长女…\n<c20/>妾执掌的命运与过去…在你面前展示吧…\n<c6/><c2/>,"[""<c1d:11/>乌尔德<c1d:1/>\\n<c20/>本宫乃乌尔德…\\n<c20/>连诸神都俯首恭敬，命运三女神之长女…\\n<c20/>本宫执掌的宿命与往昔…此刻便展现在你眼前…\\n<c6/><c2/>""]","[""<c1d:11/>乌尔德<c1d:1/>\\n<c20/>本宫乃乌尔德…\\n<c20/>连诸神都俯首恭敬，命运三女神之长女…\\n<c20/>本宫执掌的宿命与往昔…此刻便展现在你眼前…\\n<c6/><c2/>""]"
local_conflict_review,field:77_63d,field:77_63d:0x0,frontend/public/games/p2is/groups/field_77_63d.json,<c1d:11/>クロノス<c1d:1/>\n<c20/>我はクロノス…\n<c20/>虚勢の鎌持ちて、天父を弑せし暗黒の太陽…\n<c20/>宿命を制する時の業、しかと見届けよ…\n<c6/><c2/>,<c1d:11/>克洛诺斯<c1d:1/>\n<c20/>我是克洛诺斯…\n<c20/>手持虚势之镰，弑杀天父的暗黑太阳…\n<c20/>掌控宿命的时间之业，好好见证吧…\n<c6/><c2/>,"[""<c1d:11/>柯洛诺斯<c1d:1/>\\n<c20/>吾乃柯洛诺斯…\\n<c20/>手持去势之镰，弑杀天父的暗黑太阳…\\n<c20/>好好见证这，掌控宿命的时间之伟力吧…\\n<c6/><c2/>""]","[""<c1d:11/>柯洛诺斯<c1d:1/>\\n<c20/>吾乃柯洛诺斯…\\n<c20/>手持去势之镰，弑杀天父的暗黑太阳…\\n<c20/>好好见证这，掌控宿命的时间之伟力吧…\\n<c6/><c2/>""]"
local_conflict_review,field:77_64d,field:77_64d:0x0,frontend/public/games/p2is/groups/field_77_64d.json,<c1d:11/>ケルベロス<c1d:1/>\n<c20/>我ハ<c20/>地獄ノ門番ケルベロス…\n<c20/>ウヌガ<c20/>我ノ現身カ?\n<c20/>デハ久々ニ…コンゴトモヨロシク…\n<c6/><c2/>,<c1d:11/>刻耳柏洛斯<c1d:1/>\n<c20/>我是<c20/>地狱门番刻耳柏洛斯…\n<c20/>你是<c20/>我的化身吗?\n<c20/>那么久违了…今后也请多关照…\n<c6/><c2/>,"[""<c1d:11/>刻耳柏洛斯<c1d:1/>\\n<c20/>吾乃<c20/>地狱看门犬刻耳柏洛斯…\\n<c20/>你可是<c20/>吾之化身?\\n<c20/>那么久违了…往后也请多多指教…\\n<c6/><c2/>""]","[""<c1d:11/>刻耳柏洛斯<c1d:1/>\\n<c20/>吾乃<c20/>地狱看门犬刻耳柏洛斯…\\n<c20/>你可是<c20/>吾之化身?\\n<c20/>那么久违了…往后也请多多指教…\\n<c6/><c2/>""]"
local_conflict_review,field:77_65d,field:77_65d:0x0,frontend/public/games/p2is/groups/field_77_65d.json,<c1d:11/>へルメス<c1d:1/>\n<c20/>我はへルメス…\n<c20/>幸運と富の与え手にして、死せる魂の露払い…\n<c20/>汝、我ガ分身よ。風の如く無私な心で人を愛せ…\n<c6/><c2/>,<c1d:11/>赫尔墨斯<c1d:1/>\n<c20/>我是赫尔墨斯…\n<c20/>幸运与财富的赐予者，亡魂的开路者…\n<c20/>你，我的分身啊。如风般以无私之心爱人吧…\n<c6/><c2/>,"[""<c1d:11/>赫尔墨斯<c1d:1/>\\n<c20/>吾乃赫尔墨斯…\\n<c20/>既为幸运与财富的赐予者，亦是引路亡魂的先导…\\n<c20/>汝，吾之分身啊。以风般无私之心去爱世人吧…\\n<c6/><c2/>""]","[""<c1d:11/>赫尔墨斯<c1d:1/>\\n<c20/>吾乃赫尔墨斯…\\n<c20/>既为幸运与财富的赐予者，亦是引路亡魂的先导…\\n<c20/>汝，吾之分身啊。以风般无私之心去爱世人吧…\\n<c6/><c2/>""]"
local_conflict_review,field:77_66d,field:77_66d:0x0,frontend/public/games/p2is/groups/field_77_66d.json,<c1d:11/>パラスアテナ<c1d:1/>\n<c20/>我は、戦女神パラスアテナ!\n<c20/>凡ゆる戦の帰趨は、我ガ怜悧なる灰眼の先にあり!\n<c20/>汝雄々しき若人よ、怖めず臆せず突き進め!\n<c6/><c2/>,<c1d:11/>帕拉斯·雅典娜<c1d:1/>\n<c20/>我是战女神帕拉斯·雅典娜!\n<c20/>一切战斗的结局，都在我伶俐的灰眼之前!\n<c20/>你英勇的年轻人啊，无畏无惧地前进吧!\n<c6/><c2/>,"[""<c1d:11/>帕拉斯雅典娜<c1d:1/>\\n<c20/>吾乃战争女神帕拉斯雅典娜!\\n<c20/>一切战事的结局，皆尽收于我睿智的灰眸之中!\\n<c20/>汝这勇武的少年啊，勿要恐惧怯懦，只奋勇向前!\\n<c6/><c2/>""]","[""<c1d:11/>帕拉斯雅典娜<c1d:1/>\\n<c20/>吾乃战争女神帕拉斯雅典娜!\\n<c20/>一切战事的结局，皆尽收于我睿智的灰眸之中!\\n<c20/>汝这勇武的少年啊，勿要恐惧怯懦，只奋勇向前!\\n<c6/><c2/>""]"
local_conflict_review,field:77_67d,field:77_67d:0x0,frontend/public/games/p2is/groups/field_77_67d.json,<c1d:11/>ビシャモンテン<c1d:1/>\n<c20/>ナウマク・サマンダボダナン!!\n<c20/>我は仏法と武人の守護者、毘沙門天!!\n<c20/>富と繁栄両手にかざし、汝に勝利もたらさん!!\n<c6/><c2/>,<c1d:11/>毘沙门天<c1d:1/>\n<c20/>南无·三曼多勃陀喃!!\n<c20/>我是佛法与武人的守护者毘沙门天!!\n<c20/>双手高举富与繁荣，为你带来胜利!!\n<c6/><c2/>,"[""<c1d:11/>毗沙门天<c1d:1/>\\n<c20/>南无·三曼多勃驮喃!!\\n<c20/>吾乃佛法与武者的守护神，毗沙门天!!\\n<c20/>双手高举财富与繁荣，吾必将赐予汝胜利!!\\n<c6/><c2/>""]","[""<c1d:11/>毗沙门天<c1d:1/>\\n<c20/>南无·三曼多勃驮喃!!\\n<c20/>吾乃佛法与武者的守护神，毗沙门天!!\\n<c20/>双手高举财富与繁荣，吾必将赐予汝胜利!!\\n<c6/><c2/>""]"
local_conflict_review,field:77_68d,field:77_68d:0x0,frontend/public/games/p2is/groups/field_77_68d.json,<c1d:11/>スカンダ<c1d:1/>\n<c20/>私は疾風のスカンダ…\n<c20/>さあ、共に落陽追って走りましょう。\n<c20/>追わねば、瞬く間に沈むのガ青春というものです\n<c6/><c2/>,<c1d:11/>韦驮天<c1d:1/>\n<c20/>我是疾风的韦驮天…\n<c20/>来吧，一起追逐落日奔跑吧。\n<c20/>若不追逐，青春转瞬即逝\n<c6/><c2/>,"[""<c1d:11/>室建陀<c1d:1/>\\n<c20/>我是疾风的室建陀…\\n<c20/>来吧，一起追逐落日奔跑吧。\\n<c20/>若不奋力追赶，青春转瞬便会消逝无踪\\n<c6/><c2/>""]","[""<c1d:11/>室建陀<c1d:1/>\\n<c20/>我是疾风的室建陀…\\n<c20/>来吧，一起追逐落日奔跑吧。\\n<c20/>若不奋力追赶，青春转瞬便会消逝无踪\\n<c6/><c2/>""]"
local_conflict_review,field:77_69d,field:77_69d:0x0,frontend/public/games/p2is/groups/field_77_69d.json,<c1d:11/>グンダリミヨウオウ<c1d:1/>\n<c20/>オン・アミリティ・ウン・ハッタ!!\n<c20/>俺は、邪鬼調伏の霊験遣わす軍荼利明王!!\n<c20/>俺とお前は、執念の赤蛇で結ばれし同胞よ。\n<c6/><c2/>,<c1d:11/>军荼利明王<c1d:1/>\n<c20/>唵·阿密哩帝·吽·发吒!!\n<c20/>俺是调伏邪鬼的灵验军荼利明王!!\n<c20/>俺与你，是被执念赤蛇连结的同胞啊。\n<c6/><c2/>,"[""<c1d:11/>军荼利明王<c1d:1/>\\n<c20/>唵·阿密利帝·吽·發吒!!\\n<c20/>我是，施展降伏邪鬼神通之力的军荼利明王!!\\n<c20/>你我二人，是被执念赤蛇连结的同胞啊。\\n<c6/><c2/>""]","[""<c1d:11/>军荼利明王<c1d:1/>\\n<c20/>唵·阿密利帝·吽·發吒!!\\n<c20/>我是，施展降伏邪鬼神通之力的军荼利明王!!\\n<c20/>你我二人，是被执念赤蛇连结的同胞啊。\\n<c6/><c2/>""]"
local_conflict_review,field:77_6d,field:77_6d:0x0,frontend/public/games/p2is/groups/field_77_6d.json,<c1d:11/>ラクシュミ<c1d:1/>\n<c20/>私はラクシュミ…\n<c20/>私と同じく、母なる海の泡より出でし人の子よ…\n<c20/>貴方に、類まれなる幸運を約束しましょう。\n<c6/><c2/>,<c1d:11/>拉克什米<c1d:1/>\n<c20/>我是拉克什米…\n<c20/>与我一样，从母海泡沫中诞生的人之子啊…\n<c20/>我承诺，赐予你非凡的幸运。\n<c6/><c2/>,"[""<c1d:11/>吉祥天女<c1d:1/>\\n<c20/>我是吉祥天女…\\n<c20/>与我一样，自海洋母亲的泡沫中诞生的人之子啊…\\n<c20/>我向你许诺，赐予你无与伦比的好运。\\n<c6/><c2/>""]","[""<c1d:11/>吉祥天女<c1d:1/>\\n<c20/>我是吉祥天女…\\n<c20/>与我一样，自海洋母亲的泡沫中诞生的人之子啊…\\n<c20/>我向你许诺，赐予你无与伦比的好运。\\n<c6/><c2/>""]"
local_conflict_review,field:77_70d,field:77_70d:0x0,frontend/public/games/p2is/groups/field_77_70d.json,<c1d:11/>ナタ<c1d:1/>\n<c20/>僕はナタ…\n<c20/>君ガ僕かどうかなんてどうでもいい…\n<c20/>僕は、ただ戦いを望んでいるだけだ…\n<c6/><c2/>,"<c1d:11/>纳塔<c1d:1/>
<c20/>我是纳塔…
<c20/>你是不是我无所谓…
<c20/>我只是渴望战斗…
<c6/><c2/>","[""<c1d:11/>哪吒<c1d:1/>\\n<c20/>我是哪吒…\\n<c20/>你是不是我无所谓…\\n<c20/>我只是，单纯渴求战斗而已…\\n<c6/><c2/>""]","[""<c1d:11/>哪吒<c1d:1/>\\n<c20/>我是哪吒…\\n<c20/>你是不是我无所谓…\\n<c20/>我只是，单纯渴求战斗而已…\\n<c6/><c2/>""]"
merged_versions_conflict,field:77_71d,field:77_71d:0x0,frontend/public/games/p2is/groups/field_77_71d.json,<c1d:11/>マルス<c1d:1/>\n<c20/>俺は、グラディウスと称えられし軍神マルス…\n<c20/>お前ガ俺だと言うならば、\n<c20/>「進軍する者」の名に恥じぬ戦の業、見せてみよ\n<c6/><c2/>,"<c1d:11/>玛尔斯<c1d:1/>
<c20/>我是被称颂为格拉迪乌斯的军神玛尔斯…
<c20/>如果你说你就是我…
<c20/>那就展示出无愧于“进军者”之名的战斗技艺吧
<c6/><c2/>","[""<c1d:11/>玛尔斯<c1d:1/>\\n<c20/>我是被称颂为格拉迪乌斯的军神玛尔斯…\\n<c20/>若你说你就是我，\\n<c20/>那便展露出无愧于「进军者」之名的征战本领吧\\n<c6/><c2/>"", ""<c1d:11/>玛尔斯<c1d:1/>\\n<c20/>我是被称颂为格拉迪乌斯的军神玛尔斯…\\n<c20/>若你说你就是我，\\n<c20/>那就便展露出无愧于「进军者」之名的征战本领吧\\n<c6/><c2/>""]","[""<c1d:11/>玛尔斯<c1d:1/>\\n<c20/>我是被称颂为格拉迪乌斯的军神玛尔斯…\\n<c20/>若你说你就是我，\\n<c20/>那便展露出无愧于「进军者」之名的征战本领吧\\n<c6/><c2/>"", ""<c1d:11/>玛尔斯<c1d:1/>\\n<c20/>我是被称颂为格拉迪乌斯的军神玛尔斯…\\n<c20/>若你说你就是我，\\n<c20/>那就便展露出无愧于「进军者」之名的征战本领吧\\n<c6/><c2/>""]"
local_conflict_review,field:77_72d,field:77_72d:0x0,frontend/public/games/p2is/groups/field_77_72d.json,<c1d:11/>アドラメルク<c1d:1/>\n<c20/>木木木。私は地獄の尚書長、アドラメルク…\n<c20/>私はお前…お前は私…\n<c20/>さあ行くよ、私へ捧げられし生贄よ…\n<c6/><c2/>,"<c1d:11/>阿德拉梅莱克<c1d:1/>
<c20/>呵呵呵。我是地狱的尚书长，阿德拉梅莱克…
<c20/>我是你…你是我…
<c20/>来吧，献给我的祭品啊…
<c6/><c2/>","[""<c1d:11/>亚得米勒<c1d:1/>\\n<c20/>呵呵呵。我是地狱的尚书长，亚得米勒…\\n<c20/>我即是你…你即是我…\\n<c20/>来吧，奉献给我的祭品啊…\\n<c6/><c2/>""]","[""<c1d:11/>亚得米勒<c1d:1/>\\n<c20/>呵呵呵。我是地狱的尚书长，亚得米勒…\\n<c20/>我即是你…你即是我…\\n<c20/>来吧，奉献给我的祭品啊…\\n<c6/><c2/>""]"
local_conflict_review,field:77_73d,field:77_73d:0x0,frontend/public/games/p2is/groups/field_77_73d.json,<c1d:11/>バルバドス<c1d:1/>\n<c20/>私は地獄の伯爵にして公爵、バルバドス。\n<c20/>過去と未来を見通す、人生の狩人だ。\n<c20/>お前の未来は…フッ、今はやめておこう。\n<c6/><c2/>,"<c1d:11/>巴尔巴多斯<c1d:1/>
<c20/>我是地狱的伯爵兼公爵，巴尔巴多斯。
<c20/>能看透过去与未来的人生猎人。
<c20/>你的未来…哼，现在就不说了吧。
<c6/><c2/>","[""<c1d:11/>巴巴托斯<c1d:1/>\\n<c20/>我是地狱的伯爵兼公爵，巴巴托斯。\\n<c20/>能看透过去与未来，是命运的猎人。\\n<c20/>你的未来嘛…呵，现在暂且不提。\\n<c6/><c2/>""]","[""<c1d:11/>巴巴托斯<c1d:1/>\\n<c20/>我是地狱的伯爵兼公爵，巴巴托斯。\\n<c20/>能看透过去与未来，是命运的猎人。\\n<c20/>你的未来嘛…呵，现在暂且不提。\\n<c6/><c2/>""]"
local_conflict_review,field:77_74d,field:77_74d:0x0,frontend/public/games/p2is/groups/field_77_74d.json,<c1d:11/>カバンダ<c1d:1/>\n<c20/>キラ〜ン!!<c20/>カバンダだよ〜ん\n<c20/>スッペシャ〜ル!<c20/>カバンダ〜\n<c20/>グ〜レイト!<c20/>カバンダ〜\n<c6/><c2/>,"<c1d:11/>卡班达<c1d:1/>
<c20/>闪亮亮!!<c20/>我是卡班达哟～
<c20/>超特别!<c20/>卡班达～
<c20/>超棒!<c20/>卡班达～
<c6/><c2/>","[""<c1d:11/>迦槃陀<c1d:1/>\\n<c20/>亮晶晶!!<c20/>是迦槃陀哟～\\n<c20/>超特别!<c20/>迦槃陀～\\n<c20/>超厉害!<c20/>迦槃陀～\\n<c6/><c2/>""]","[""<c1d:11/>迦槃陀<c1d:1/>\\n<c20/>亮晶晶!!<c20/>是迦槃陀哟～\\n<c20/>超特别!<c20/>迦槃陀～\\n<c20/>超厉害!<c20/>迦槃陀～\\n<c6/><c2/>""]"
local_conflict_review,field:77_77d,field:77_77d:0x0,frontend/public/games/p2is/groups/field_77_77d.json,<c1d:11/>ハーデス<c1d:1/>\n<c20/>妾はハーデス…\n<c20/>正道、邪道、秤にかけて、今生裁く死界の王じゃ…\n<c20/>妾はそなた…そなたは妾…いざ、添遂げようぞ…\n<c6/><c2/>,"<c1d:11/>哈迪斯<c1d:1/>
<c20/>妾身是哈迪斯…
<c20/>正道、邪道，放在天平上，审判今生的死界之王…
<c20/>妾身是你…你是妾身…来吧，一同完成吧…
<c6/><c2/>","[""<c1d:11/>哈迪斯<c1d:1/>\\n<c20/>本宫乃哈迪斯…\\n<c20/>正道、邪道，皆置于天平，裁决此生的冥界之王…\\n<c20/>本宫是你…你是本宫…来吧，相伴至终…\\n<c6/><c2/>""]","[""<c1d:11/>哈迪斯<c1d:1/>\\n<c20/>本宫乃哈迪斯…\\n<c20/>正道、邪道，皆置于天平，裁决此生的冥界之王…\\n<c20/>本宫是你…你是本宫…来吧，相伴至终…\\n<c6/><c2/>""]"
local_conflict_review,field:77_78d,field:77_78d:0x0,frontend/public/games/p2is/groups/field_77_78d.json,<c1d:11/>カロン<c1d:1/>\n<c20/>儂はカロン…冥府の川の渡し守…\n<c20/>渡し貨は1オロボス。\n<c20/>さて、どいつを渡せばいいのかな?\n<c6/><c2/>,"<c1d:11/>卡戎<c1d:1/>
<c20/>俺是卡戎…冥府之河的渡船夫…
<c20/>渡船费是1奥波罗斯。
<c20/>那么，该渡谁过去呢?
<c6/><c2/>","[""<c1d:11/>卡戎<c1d:1/>\\n<c20/>老夫是卡戎…冥府之河的摆渡人…\\n<c20/>渡河费一枚奥波勒斯。\\n<c20/>那么，该渡谁过去好呢?\\n<c6/><c2/>""]","[""<c1d:11/>卡戎<c1d:1/>\\n<c20/>老夫是卡戎…冥府之河的摆渡人…\\n<c20/>渡河费一枚奥波勒斯。\\n<c20/>那么，该渡谁过去好呢?\\n<c6/><c2/>""]"
local_conflict_review,field:77_79d,field:77_79d:0x0,frontend/public/games/p2is/groups/field_77_79d.json,<c1d:11/>アンクウ<c1d:1/>\n<c20/>ず、ずっどお〜ん!!\n<c20/>うお、うお、俺はアンクウ!!\n<c20/>うお、うお、お前もアン・クウ・トロワ!!\n<c6/><c2/>,"<c1d:11/>安库<c1d:1/>
<c20/>呜、呜哇哇!!
<c20/>呜哦、呜哦，我是安库!!
<c20/>呜哦、呜哦，你也是安·库·特罗瓦!!
<c6/><c2/>","[""<c1d:11/>安库<c1d:1/>\\n<c20/>滋、滋咚~!!\\n<c20/>呜哦、呜哦，我是安库!!\\n<c20/>呜哦、呜哦，你也是安·库·Trois!!\\n<c6/><c2/""]","[""<c1d:11/>安库<c1d:1/>\\n<c20/>滋、滋咚~!!\\n<c20/>呜哦、呜哦，我是安库!!\\n<c20/>呜哦、呜哦，你也是安·库·Trois!!\\n<c6/><c2/""]"
local_conflict_review,field:77_7d,field:77_7d:0x0,frontend/public/games/p2is/groups/field_77_7d.json,<c1d:11/>ハト木ル<c1d:1/>\n<c20/>私はハト木ル…\n<c20/>手弱女に愛と喜び遣わして、女人の美徳を護る者…\n<c20/>汝、私の半身よ…現世を愛で満たすのです…\n<c6/><c2/>,<c1d:11/>哈托尔<c1d:1/>\n<c20/>我是哈托尔…\n<c20/>向柔美女子传递爱与喜悦，守护女性美德之人…\n<c20/>你，我的半身啊…用爱充满现世吧…\n<c6/><c2/>,"[""<c1d:11/>哈索尔<c1d:1/>\\n<c20/>我是哈索尔…\\n<c20/>向柔弱女子施予爱与喜悦，守护女性美德之人…\\n<c20/>汝，我的半身啊…以爱充盈现世吧…\\n<c6/><c2/>""]","[""<c1d:11/>哈索尔<c1d:1/>\\n<c20/>我是哈索尔…\\n<c20/>向柔弱女子施予爱与喜悦，守护女性美德之人…\\n<c20/>汝，我的半身啊…以爱充盈现世吧…\\n<c6/><c2/>""]"
local_conflict_review,field:77_80d,field:77_80d:0x0,frontend/public/games/p2is/groups/field_77_80d.json,<c1d:11/>ラダマンティス・改<c1d:1/>\n<c20/>汝、己ガ罪と弱さに気づきし者よ…\n<c20/>力の意味知る漢気ガ、\n<c20/>このラダマンティスに真の力を与えたぞ…\n<c6/><c2/>,"<c1d:11/>拉达曼迪斯·改<c1d:1/>
<c20/>汝，察觉自身罪孽与软弱之人啊…
<c20/>知晓力量意义的男子气概…
<c20/>赋予了这个拉达曼迪斯真正的力量…
<c6/><c2/>","[""<c1d:11/>拉达曼迪斯·改<c1d:1/>\\n<c20/>汝，察觉自身罪孽与软弱之人啊…\\n<c20/>知晓力量真谛的男儿气魄…\\n<c20/>赋予了吾拉达曼迪斯真正的力量…\\n<c6/><c2/>""]","[""<c1d:11/>拉达曼迪斯·改<c1d:1/>\\n<c20/>汝，察觉自身罪孽与软弱之人啊…\\n<c20/>知晓力量真谛的男儿气魄…\\n<c20/>赋予了吾拉达曼迪斯真正的力量…\\n<c6/><c2/>""]"
local_conflict_review,field:77_81d,field:77_81d:0x0,frontend/public/games/p2is/groups/field_77_81d.json,<c1d:11/>へル<c1d:1/>\n<c20/>わたくしはへル。\n<c20/>貴方はわたくし…わたくしは貴方…\n<c20/>貴方の敵は、尽くニブルへイムに落ちるでしょう\n<c6/><c2/>,"<c1d:11/>赫尔<c1d:1/>
<c20/>我是赫尔。
<c20/>您是我…我是您…
<c20/>您的敌人，都将坠入尼福尔海姆吧
<c6/><c2/>","[""<c1d:11/>赫尔<c1d:1/>\\n<c20/>我是赫尔。\\n<c20/>你即是我…我即是你…\\n<c20/>你的敌人，都尽数永堕尼福尔海姆吧\\n<c6/><c2/>""]","[""<c1d:11/>赫尔<c1d:1/>\\n<c20/>我是赫尔。\\n<c20/>你即是我…我即是你…\\n<c20/>你的敌人，都尽数永堕尼福尔海姆吧\\n<c6/><c2/>""]"
local_conflict_review,field:77_82d,field:77_82d:0x0,frontend/public/games/p2is/groups/field_77_82d.json,<c1d:11/>ラダマンティス<c1d:1/>\n<c20/>我はラダマンティス…\n<c20/>裁きの太刀にて咎を断つ、冥府の判官なり…\n<c20/>いざ、汝ガ敵の罪を裁かん!!\n<c6/><c2/>,"<c1d:11/>拉达曼迪斯<c1d:1/>
<c20/>我是拉达曼迪斯…
<c20/>以审判之太刀斩断罪孽的冥府判官…
<c20/>来吧，审判汝之敌的罪过!!
<c6/><c2/>","[""<c1d:11/>拉达曼迪斯<c1d:1/>\\n<c20/>吾乃拉达曼迪斯…\\n<c20/>持裁决之太刀斩断罪孽、冥府判官是也…\\n<c20/>来吧，汝敌之罪，就由吾来审判!!\\n<c6/><c2/>""]","[""<c1d:11/>拉达曼迪斯<c1d:1/>\\n<c20/>吾乃拉达曼迪斯…\\n<c20/>持裁决之太刀斩断罪孽、冥府判官是也…\\n<c20/>来吧，汝敌之罪，就由吾来审判!!\\n<c6/><c2/>""]"
local_conflict_review,field:77_83d,field:77_83d:0x0,frontend/public/games/p2is/groups/field_77_83d.json,<c1d:11/>スザク<c1d:1/>\n<c20/>私ハ<c20/>スザク…\n<c20/>四聖獣ノ一ニシテ<c20/>南方ノ天上ヲ鎮護セシ者…\n<c20/>常ニ貴方ノ<c20/>背後ニアリマシヨウ…\n<c6/><c2/>,"<c1d:11/>朱雀<c1d:1/>
<c20/>我是<c20/>朱雀…
<c20/>四圣兽之一<c20/>镇守南方天空者…
<c20/>常伴您<c20/>身后…
<c6/><c2/>","[""<c1d:11/>朱雀<c1d:1/>\\n<c20/>我是<c20/>朱雀…\\n<c20/>身为四圣兽之一<c20/>镇守南方天空者…\\n<c20/>我将永远<c20/>伴于你的身后…\\n<c6/><c2/>""]","[""<c1d:11/>朱雀<c1d:1/>\\n<c20/>我是<c20/>朱雀…\\n<c20/>身为四圣兽之一<c20/>镇守南方天空者…\\n<c20/>我将永远<c20/>伴于你的身后…\\n<c6/><c2/>""]"
local_conflict_review,field:77_84d,field:77_84d:0x0,frontend/public/games/p2is/groups/field_77_84d.json,<c1d:11/>フェニックス<c1d:1/>\n<c20/>私は不死鳥フェニックス…\n<c20/>炎より出で、輪廻転生巡る者…\n<c20/>貴方の魂の永劫不滅を約束しましょう…\n<c6/><c2/>,"<c1d:11/>凤凰<c1d:1/>
<c20/>我是不死鸟凤凰…
<c20/>从火焰中诞生，轮回转生者…
<c20/>我承诺您灵魂的永恒不灭…
<c6/><c2/>","[""<c1d:11/>菲尼克斯<c1d:1/>\\n<c20/>我是不死鸟菲尼克斯…\\n<c20/>自烈火中诞生，往复轮回转生者…\\n<c20/>我许诺你的灵魂将历永劫而不灭…\\n<c6/><c2/>""]","[""<c1d:11/>菲尼克斯<c1d:1/>\\n<c20/>我是不死鸟菲尼克斯…\\n<c20/>自烈火中诞生，往复轮回转生者…\\n<c20/>我许诺你的灵魂将历永劫而不灭…\\n<c6/><c2/>""]"
local_conflict_review,field:77_85d,field:77_85d:0x0,frontend/public/games/p2is/groups/field_77_85d.json,<c1d:11/>スチュパリデス<c1d:1/>\n<c20/>アオーン!!<c20/>オレサマ<c20/>スチュパリデス!!\n<c20/>オレサマ<c20/>強イ!!<c20/>オレサマ<c20/>硬イ!!\n<c20/>オレサマ<c20/>突ツク!!<c20/>オマエモ<c20/>突ツケ!!\n<c6/><c2/>,"<c1d:11/>斯图帕里德斯<c1d:1/>
<c20/>嗷呜!!<c20/>本大爷<c20/>斯图帕里德斯!!
<c20/>本大爷<c20/>很强!!<c20/>本大爷<c20/>很硬!!
<c20/>本大爷<c20/>突刺!!<c20/>你也<c20/>突刺!!
<c6/><c2/>","[""<c1d:11/>斯廷法洛斯鸟<c1d:1/>\\n<c20/>嗷!!<c20/>本大爷<c20/>斯廷法洛斯鸟!!\\n<c20/>本大爷<c20/>强!!<c20/>本大爷<c20/>硬!!\\n<c20/>本大爷<c20/>猛冲!!<c20/>你也<c20/>猛冲!!\\n<c6/><c2/>""]","[""<c1d:11/>斯廷法洛斯鸟<c1d:1/>\\n<c20/>嗷!!<c20/>本大爷<c20/>斯廷法洛斯鸟!!\\n<c20/>本大爷<c20/>强!!<c20/>本大爷<c20/>硬!!\\n<c20/>本大爷<c20/>猛冲!!<c20/>你也<c20/>猛冲!!\\n<c6/><c2/>""]"
local_conflict_review,field:77_86d,field:77_86d:0x0,frontend/public/games/p2is/groups/field_77_86d.json,<c1d:11/>フィアラル<c1d:1/>\n<c20/>俺ハ<c20/>フィアラル\n<c20/>神々ノ黄昏ヲ告ゲル<c20/>「伺ウモノ」ダ\n<c20/>俺ガ鳴ク時<c20/>世界ハ終ワル<c20/>終末ハ近イゾ…\n<c6/><c2/>,"<c1d:11/>菲亚拉尔<c1d:1/>
<c20/>俺是<c20/>菲亚拉尔
<c20/>宣告诸神黄昏的<c20/>“报信者”
<c20/>当俺鸣叫时<c20/>世界将终结<c20/>末日将近了…
<c6/><c2/>","[""<c1d:11/>法亚拉<c1d:1/>\\n<c20/>我是<c20/>法亚拉\\n<c20/>宣告诸神黄昏的<c20/>「探听者」\\n<c20/>当我啼鸣之时<c20/>世界便会终结<c20/>末日已近了…\\n<c6/><c2/>""]","[""<c1d:11/>法亚拉<c1d:1/>\\n<c20/>我是<c20/>法亚拉\\n<c20/>宣告诸神黄昏的<c20/>「探听者」\\n<c20/>当我啼鸣之时<c20/>世界便会终结<c20/>末日已近了…\\n<c6/><c2/>""]"
local_conflict_review,field:77_87d,field:77_87d:0x0,frontend/public/games/p2is/groups/field_77_87d.json,<c1d:11/>ハーピー<c1d:1/>\n<c20/>木木木。私を選んだわね?\n<c20/>私はハーピー。\n<c20/>あなた、ハッピーになれるわよ。\n<c6/><c2/>,"<c1d:11/>哈比<c1d:1/>
<c20/>呵呵呵。你选择了我呢?
<c20/>我是哈比。
<c20/>你会变得幸福的哦。
<c6/><c2/>","[""<c1d:11/>哈耳庇厄<c1d:1/>\\n<c20/>呵呵呵。你选了我对吧?\\n<c20/>我是哈耳庇厄。\\n<c20/>你，会变得“Happy”的哦。\\n<c6/><c2/>""]","[""<c1d:11/>哈耳庇厄<c1d:1/>\\n<c20/>呵呵呵。你选了我对吧?\\n<c20/>我是哈耳庇厄。\\n<c20/>你，会变得“Happy”的哦。\\n<c6/><c2/>""]"
local_conflict_review,field:77_88d,field:77_88d:0x0,frontend/public/games/p2is/groups/field_77_88d.json,<c1d:11/>ルシファー<c1d:1/>\n<c20/>面白い…貴様、神にも背く力を欲するか…\n<c20/>ならば、憎み、殺し、犯し、堕ちろ…\n<c20/>魔王ルシファーガ、直々に腕に抱いてやろう…\n<c6/><c2/>,"<c1d:11/>路西法<c1d:1/>
<c20/>有趣…你渴望连神都背叛的力量吗…
<c20/>那么，憎恨、杀戮、侵犯、堕落吧…
<c20/>魔王路西法，亲自将你拥入怀中…
<c6/><c2/>","[""<c1d:11/>路西法<c1d:1/>\\n<c20/>有趣…你这家伙，竟渴求足以悖逆神明的力量吗…\\n<c20/>既如此，去憎恨、杀戮、僭越、然后坠入深渊吧…\\n<c20/>魔王路西法，将亲自拥你入怀…\\n<c6/><c2/>""]","[""<c1d:11/>路西法<c1d:1/>\\n<c20/>有趣…你这家伙，竟渴求足以悖逆神明的力量吗…\\n<c20/>既如此，去憎恨、杀戮、僭越、然后坠入深渊吧…\\n<c20/>魔王路西法，将亲自拥你入怀…\\n<c6/><c2/>""]"
local_conflict_review,field:77_89d,field:77_89d:0x0,frontend/public/games/p2is/groups/field_77_89d.json,<c1d:11/>ベルゼブブ<c1d:1/>\n<c20/>予はベルゼブブ…腐敗振りまく蝿の王…\n<c20/>現世など、腐りきった箱庭よ。\n<c20/>さあ、共に腐界に君臨しようぞ…\n<c6/><c2/>,"<c1d:11/>别西卜<c1d:1/>
<c20/>吾乃别西卜…散布腐败的蝇王…
<c20/>现世不过是腐烂的盆景。
<c20/>来吧，一同君临腐界吧…
<c6/><c2/>","[""<c1d:11/>别西卜<c1d:1/>\\n<c20/>予为别西卜…散布腐败的蝇王…\\n<c20/>现世这种东西，不过是彻底腐烂的箱庭罢了。\\n<c20/>来吧，一同君临腐坏之界吧…\\n<c6/><c2/>""]","[""<c1d:11/>别西卜<c1d:1/>\\n<c20/>予为别西卜…散布腐败的蝇王…\\n<c20/>现世这种东西，不过是彻底腐烂的箱庭罢了。\\n<c20/>来吧，一同君临腐坏之界吧…\\n<c6/><c2/>""]"
local_conflict_review,field:77_8d,field:77_8d:0x0,frontend/public/games/p2is/groups/field_77_8d.json,<c1d:11/>イザナミ<c1d:1/>\n<c20/>私はイザナミ…黄泉比良坂で、\n<c20/>心とはうつろいやすく儚いものと知りました…\n<c20/>私と同じ貴方なら、否と言ってくれるのですか?\n<c6/><c2/>,<c1d:11/>伊邪那美<c1d:1/>\n<c20/>我是伊邪那美…在黄泉比良坂、\n<c20/>我明白了心是易变而虚幻之物…\n<c20/>与我相同的你，会说不吗?\n<c6/><c2/>,"[""<c1d:11/>伊邪那美<c1d:1/>\\n<c20/>我是伊邪那美…在黄泉比良坂、\\n<c20/>我知晓了人心变幻无常、转瞬即逝，何其虚幻脆弱…\\n<c20/>与我相同的你，会对我说不吗?\\n<c6/><c2/>""]","[""<c1d:11/>伊邪那美<c1d:1/>\\n<c20/>我是伊邪那美…在黄泉比良坂、\\n<c20/>我知晓了人心变幻无常、转瞬即逝，何其虚幻脆弱…\\n<c20/>与我相同的你，会对我说不吗?\\n<c6/><c2/>""]"
local_conflict_review,field:77_90d,field:77_90d:0x0,frontend/public/games/p2is/groups/field_77_90d.json,<c1d:11/>スルト<c1d:1/>\n<c20/>我はスルト…\n<c20/>この世の究竟を告げる紅蓮の走り手なり…\n<c20/>いざ、赤腕奮い幻に幕引かん。\n<c6/><c2/>,<c1d:11/>苏尔特<c1d:1/>\n<c20/>我是苏尔特…\n<c20/>宣告此世终结的绯红疾驰者…\n<c20/>来吧，挥舞赤臂为幻象落下帷幕。\n<c6/><c2/>,"[""<c1d:11/>斯尔特<c1d:1/>\\n<c20/>吾乃斯尔特…\\n<c20/>宣告此世之终末的红莲跑者…\\n<c20/>来吧，挥舞赤臂，为这幻梦拉下终幕。\\n<c6/><c2/>""]","[""<c1d:11/>斯尔特<c1d:1/>\\n<c20/>吾乃斯尔特…\\n<c20/>宣告此世之终末的红莲跑者…\\n<c20/>来吧，挥舞赤臂，为这幻梦拉下终幕。\\n<c6/><c2/>""]"
local_conflict_review,field:77_92d,field:77_92d:0x0,frontend/public/games/p2is/groups/field_77_92d.json,<c1d:11/>セト<c1d:1/>\n<c20/>俺ハ<c20/>セト…<c20/>邪悪ト<c20/>死コソガ<c20/>俺ノ業…\n<c20/>オ前ナラ<c20/>俺ノ心ガ<c20/>解ルハズ\n<c20/>コノ世ノ<c20/>ナント<c20/>下ラヌコトカ…\n<c6/><c2/>,<c1d:11/>赛特<c1d:1/>\n<c20/>我是赛特…<c20/>邪恶与死亡正是我的事业…\n<c20/>若是你，应能理解我的心…\n<c20/>此世何等堕落之事…\n<c6/><c2/>,"[""<c1d:11/>塞特<c1d:1/>\\n<c20/>吾乃<c20/>セト…<c20/>邪恶与<c20/>死亡便为<c20/>吾之宿命…\\n<c20/>若是你<c20/>当能读懂<c20/>吾之本心\\n<c20/>此间<c20/>俗世<c20/>何其庸碌无趣…\\n<c6/><c2/>""]","[""<c1d:11/>塞特<c1d:1/>\\n<c20/>吾乃<c20/>セト…<c20/>邪恶与<c20/>死亡便为<c20/>吾之宿命…\\n<c20/>若是你<c20/>当能读懂<c20/>吾之本心\\n<c20/>此间<c20/>俗世<c20/>何其庸碌无趣…\\n<c6/><c2/>""]"
local_conflict_review,field:77_93d,field:77_93d:0x0,frontend/public/games/p2is/groups/field_77_93d.json,<c1d:11/>セケル<c1d:1/>\n<c20/>妾ハ<c20/>太陽サエモ恐レ慄ク<c20/>セケル<c20/>ナリ\n<c20/>漠タル渇キト<c20/>地上ノ闇ガ<c20/>妾ノ性分…\n<c20/>妾ノ前ヲ過ギル者<c20/>尽ク基穴ニ落チルモノト知レ\n<c6/><c2/>,<c1d:11/>塞克尔<c1d:1/>\n<c20/>妾身是连太阳也畏惧颤抖的塞克尔…<c20/>无边的饥渴与地上的黑暗是妾身的本性…\n<c20/>须知，经过妾身面前者，尽皆落入深渊…\n<c6/><c2/>,"[""<c1d:11/>塞克<c1d:1/>\\n<c20/>本宫乃<c20/>骄阳亦为之悚栗之<c20/>塞克<c20/>是也\\n<c20/>苍茫枯渴与<c20/>大地幽黯皆为<c20/>本宫生俱之本性…\\n<c20/>尔当谨记<c20/>凡经本宫面前者终将尽数坠入墓穴\\n<c6/><c2/>""]","[""<c1d:11/>塞克<c1d:1/>\\n<c20/>本宫乃<c20/>骄阳亦为之悚栗之<c20/>塞克<c20/>是也\\n<c20/>苍茫枯渴与<c20/>大地幽黯皆为<c20/>本宫生俱之本性…\\n<c20/>尔当谨记<c20/>凡经本宫面前者终将尽数坠入墓穴\\n<c6/><c2/>""]"
local_conflict_review,field:77_94d,field:77_94d:0x0,frontend/public/games/p2is/groups/field_77_94d.json,<c1d:11/>アエーシュマ<c1d:1/>\n<c20/>わたくしはアエーシュマ…\n<c20/>憤怒と激怒の帆を張りて、血の荒海を渡る者。\n<c20/>貴方には、惨忍なる舵取りをまかせましてよ。\n<c6/><c2/>,<c1d:11/>阿耶什玛<c1d:1/>\n<c20/>我是阿耶什玛…\n<c20/>张开愤怒与激怒之帆，渡过血之荒海者。\n<c20/>就让我将残忍的舵手之职托付于您吧。\n<c6/><c2/>,"[""<c1d:11/>艾什玛<c1d:1/>\\n<c20/>我是艾什玛…\\n<c20/>张起愤怒与暴怒之帆，横渡血色荒海者。\\n<c20/>这趟残酷暴虐的航程，便交由您来掌舵吧。\\n<c6/><c2/>""]","[""<c1d:11/>艾什玛<c1d:1/>\\n<c20/>我是艾什玛…\\n<c20/>张起愤怒与暴怒之帆，横渡血色荒海者。\\n<c20/>这趟残酷暴虐的航程，便交由您来掌舵吧。\\n<c6/><c2/>""]"
local_conflict_review,field:77_95d,field:77_95d:0x0,frontend/public/games/p2is/groups/field_77_95d.json,<c1d:11/>ロキ<c1d:1/>\n<c20/>我ガ名はロキ…俺と共に歩むお前に問おう。\n<c20/>「汝ガ生に、意味はありしや?」\n<c20/>ククク…いかな答えを見せるのか、見物だな。\n<c6/><c2/>,<c1d:11/>洛基<c1d:1/>\n<c20/>吾名洛基…向与我同行之你发问。\n<c20/>「汝之生，可有意义?」\n<c20/>呵呵呵…让我看看你会给出怎样的答案，真令人期待啊。\n<c6/><c2/>,"[""<c1d:11/>洛基<c1d:1/>\\n<c20/>吾名洛基…且问问与吾同行之你。\\n<c20/>「汝之生，可有意义存焉？」\\n<c20/>呵呵呵…你会交出怎样的答案，我可等着看好戏了。\\n<c6/><c2/>""]","[""<c1d:11/>洛基<c1d:1/>\\n<c20/>吾名洛基…且问问与吾同行之你。\\n<c20/>「汝之生，可有意义存焉？」\\n<c20/>呵呵呵…你会交出怎样的答案，我可等着看好戏了。\\n<c6/><c2/>""]"
local_conflict_review,field:77_96d,field:77_96d:0x0,frontend/public/games/p2is/groups/field_77_96d.json,<c1d:11/>カナロア<c1d:1/>\n<c20/>ほう…私ガいた海原は、お前の心の海だったか。\n<c20/>よかろう、このカナロアと同じ心を持つ者よ。\n<c20/>クックック…存分に私の力を奮うガいい。\n<c6/><c2/>,<c1d:11/>卡纳洛亚<c1d:1/>\n<c20/>哦…我所处的海洋，原来是你的心之海啊。\n<c20/>好吧，与卡纳洛亚拥有相同心灵的人啊。\n<c20/>咯咯咯…尽情挥舞我的力量吧。\n<c6/><c2/>,"[""<c1d:11/>卡纳洛亚<c1d:1/>\\n<c20/>哦…我所栖居的汪洋，原来是你的心之海啊。\\n<c20/>也好，你这与我卡纳洛亚有相同心志之人啊。\\n<c20/>咯、咯、咯…尽管尽情施展我的力量便是。\\n<c6/><c2/>""]","[""<c1d:11/>卡纳洛亚<c1d:1/>\\n<c20/>哦…我所栖居的汪洋，原来是你的心之海啊。\\n<c20/>也好，你这与我卡纳洛亚有相同心志之人啊。\\n<c20/>咯、咯、咯…尽管尽情施展我的力量便是。\\n<c6/><c2/>""]"
local_conflict_review,field:77_97d,field:77_97d:0x0,frontend/public/games/p2is/groups/field_77_97d.json,<c1d:11/>ハヌマーン<c1d:1/>\n<c20/>私はハヌマーン…\n<c20/>迅雷伴ない天渡る、ラーマーの戦士なり。\n<c20/>これより、貴方に無私の忠誠を誓おう!!\n<c6/><c2/>,<c1d:11/>哈努曼<c1d:1/>\n<c20/>我是哈努曼…\n<c20/>伴随迅雷渡天，罗摩的战士是也。\n<c20/>从今往后，向您宣誓无私的忠诚!!\n<c6/><c2/>,"[""<c1d:11/>哈奴曼<c1d:1/>\\n<c20/>我是哈奴曼…\\n<c20/>身随迅雷横渡云天，罗摩座下战士是也。\\n<c20/>自此之后，向您立下无私效忠的誓言!!\\n<c6/><c2/>""]","[""<c1d:11/>哈奴曼<c1d:1/>\\n<c20/>我是哈奴曼…\\n<c20/>身随迅雷横渡云天，罗摩座下战士是也。\\n<c20/>自此之后，向您立下无私效忠的誓言!!\\n<c6/><c2/>""]"
local_conflict_review,field:77_98d,field:77_98d:0x0,frontend/public/games/p2is/groups/field_77_98d.json,<c1d:11/>ヴァルキリー<c1d:1/>\n<c20/>木ヨートー木ー!!<c20/>ハイヤハー!!\n<c20/>わたくしは、荒ぶる戦乙女のヴァルキリー!!\n<c20/>英雄よ、共に勝利の美酒を酌み交わさん!!\n<c6/><c2/>,<c1d:11/>瓦尔基里<c1d:1/>\n<c20/>哟—嗬—嗬!!<c20/>嗨呀哈!!\n<c20/>我是狂野的战女神瓦尔基里!!\n<c20/>英雄啊，让我们共饮胜利的美酒吧!!\n<c6/><c2/>,"[""<c1d:11/>瓦尔基里<c1d:1/>\\n<c20/>嗬哟—哆—嗬!!<c20/>嘿呀哈!!\\n<c20/>我乃狂乱躁动的女武神瓦尔基里!!\\n<c20/>英雄啊，且与我共斟胜利之酒，同饮同欢!!\\n<c6/><c2/>""]","[""<c1d:11/>瓦尔基里<c1d:1/>\\n<c20/>嗬哟—哆—嗬!!<c20/>嘿呀哈!!\\n<c20/>我乃狂乱躁动的女武神瓦尔基里!!\\n<c20/>英雄啊，且与我共斟胜利之酒，同饮同欢!!\\n<c6/><c2/>""]"
local_conflict_review,field:77_99d,field:77_99d:0x0,frontend/public/games/p2is/groups/field_77_99d.json,<c1d:11/>へーニル<c1d:1/>\n<c20/>私は沈黙のへーニル…生きるとは選択することだ。\n<c20/>それこそガ、喜びも哀しみもつれてくる。ならば、\n<c20/>何も決めなければ穏やかでいられるとは思わぬか\n<c6/><c2/>,<c1d:11/>赫尼尔<c1d:1/>\n<c20/>我是沉默的赫尼尔…生存即是选择。\n<c20/>正因如此，才会带来喜悦与哀伤。那么，\n<c20/>若什么都不决定，不就能保持平静了吗？\n<c6/><c2/>,"[""<c1d:11/>海尼尔<c1d:1/>\\n<c20/>我是沉默的海尼尔…所谓活着，就是不断做出选择。\\n<c20/>正因如此，喜悦与悲伤才会接踵而至。既如此，\\n<c20/>你难道不觉得，只要什么都不抉择便可以安稳度日了吗？\\n<c6/><c2/>""]","[""<c1d:11/>海尼尔<c1d:1/>\\n<c20/>我是沉默的海尼尔…所谓活着，就是不断做出选择。\\n<c20/>正因如此，喜悦与悲伤才会接踵而至。既如此，\\n<c20/>你难道不觉得，只要什么都不抉择便可以安稳度日了吗？\\n<c6/><c2/>""]"
local_conflict_review,field:77_9d,field:77_9d:0x0,frontend/public/games/p2is/groups/field_77_9d.json,<c1d:11/>パールヴァティ<c1d:1/>\n<c20/>私は、幾つもの化身を抱きしパールヴァティ…\n<c20/>貴方もその一つであると知りなさい。\n<c20/>さすれば、シヴァ神妃の加護を授けましょう…\n<c6/><c2/>,<c1d:11/>帕尔瓦蒂<c1d:1/>\n<c20/>我是拥有诸多化身的帕尔瓦蒂…\n<c20/>你也是其中之一，请知晓。\n<c20/>如此，我将赐予你湿婆神妃的加护…\n<c6/><c2/>,"[""<c1d:11/>帕尔瓦蒂<c1d:1/>\\n<c20/>我是怀拥万千化身的帕尔瓦蒂…\\n<c20/>你当知晓，你亦是其中之一。\\n<c20/>既如此，便赐予你湿婆神妃的加护…\\n<c6/><c2/>""]","[""<c1d:11/>帕尔瓦蒂<c1d:1/>\\n<c20/>我是怀拥万千化身的帕尔瓦蒂…\\n<c20/>你当知晓，你亦是其中之一。\\n<c20/>既如此，便赐予你湿婆神妃的加护…\\n<c6/><c2/>""]"
local_conflict_review,field:84,field:84:0x18c34,frontend/public/games/p2is/groups/field_84.json,<c1d:1/><c5:0/><c1e:0/>獅子宮戦闘前<自分も同じ事をしたかもしれない><c6/>\n,<c1d:1/><c5:0/><c1e:0/>狮子宫战斗前<自己可能也做过同样的事><c6/>\n,"[""<c1d:1/><c5:0/><c1e:0/>狮子宫战斗前<换作我可能也会这么做吧><c6/>\\n""]","[""<c1d:1/><c5:0/><c1e:0/>狮子宫战斗前<换作我可能也会这么做吧><c6/>\\n""]"
local_conflict_review,field:92,field:92:0x1ae8c,frontend/public/games/p2is/groups/field_92.json,<c1d:11/>アイテムボックス\n<c20/><c1d:1/>これ以上所持できないカードです。<c6/><c2/>,<c1d:11/>道具箱\n<c20/><c1d:1/>不能再持有更多卡片了。<c6/><c2/>,"[""<c1d:11/> 道具箱\\n<c20/><c1d:1/>该卡片已达持有上限。<c6/><c2/>""]","[""<c1d:11/> 道具箱\\n<c20/><c1d:1/>该卡片已达持有上限。<c6/><c2/>""]"
local_conflict_review,field:92,field:92:0x1b11e,frontend/public/games/p2is/groups/field_92.json,<c1d:11/>アイテムボックス\n<c20/><c1d:1/>これ以上お金を持つことはできない。<c6/><c2/>,<c1d:11/>道具箱\n<c20/><c1d:1/>不能再持有更多钱了。<c6/><c2/>,"[""<c1d:11/> 道具箱\\n<c20/><c1d:1/>所持金钱已达上限。<c6/><c2/>""]","[""<c1d:11/> 道具箱\\n<c20/><c1d:1/>所持金钱已达上限。<c6/><c2/>""]"
local_conflict_review,nametable:0x39d2,nametable:0x39d2,frontend/public/games/p2is/groups/nametable_0x39d2.json,アギカード,火球卡,"[""亚基卡""]","[""亚基卡""]"
local_conflict_review,nametable:0x3b8c,nametable:0x3b8c,frontend/public/games/p2is/groups/nametable_0x3b8c.json,ブフカード,布夫卡,"[""布芙卡""]","[""布芙卡""]"
local_conflict_review,nametable:0x3bec,nametable:0x3bec,frontend/public/games/p2is/groups/nametable_0x3bec.json,フレイカード,弗雷卡,"[""芙雷卡""]","[""芙雷卡""]"
local_conflict_review,nametable:0x3bfc,nametable:0x3bfc,frontend/public/games/p2is/groups/nametable_0x3bfc.json,フレイラカード,弗雷拉卡,"[""芙雷拉卡""]","[""芙雷拉卡""]"
local_conflict_review,nametable:0x3c7e,nametable:0x3c7e,frontend/public/games/p2is/groups/nametable_0x3c7e.json,メギドカード,玛达卡,"[""米吉多卡""]","[""米吉多卡""]"
local_conflict_review,nametable:0x3e6e,nametable:0x3e6e,frontend/public/games/p2is/groups/nametable_0x3e6e.json,スクカジャカード,苏库卡加卡,"[""斯库卡加卡""]","[""斯库卡加卡""]"
local_conflict_review,nametable:0x3e94,nametable:0x3e94,frontend/public/games/p2is/groups/nametable_0x3e94.json,テトラジャカード,泰特拉加卡,"[""提特拉加卡""]","[""提特拉加卡""]"
local_conflict_review,nametable:0x492e,nametable:0x492e,frontend/public/games/p2is/groups/nametable_0x492e.json,ダイロクテンマオウ,大黑天魔王,"[""第六天魔王""]","[""第六天魔王""]"
local_conflict_review,nametable:0x494,nametable:0x494,frontend/public/games/p2is/groups/nametable_0x494.json,逃げるガカチンコ,逃跑道具,"[""忍法·真遁之术""]","[""忍法·真遁之术""]"
local_conflict_review,nametable:0x5140,nametable:0x5140,frontend/public/games/p2is/groups/nametable_0x5140.json,アベノセイメイ,阿倍野晴明,"[""安倍晴明""]","[""安倍晴明""]"
local_conflict_review,nametable:0x5436,nametable:0x5436,frontend/public/games/p2is/groups/nametable_0x5436.json,テン木ウゲンスイ,天钿女命,"[""天蓬元帅""]","[""天蓬元帅""]"
local_conflict_review,nametable:0x567a,nametable:0x567a,frontend/public/games/p2is/groups/nametable_0x567a.json,ケンレンタイシヨウ,乾闼婆,"[""卷帘大将""]","[""卷帘大将""]"
local_conflict_review,nametable:0x586e,nametable:0x586e,frontend/public/games/p2is/groups/nametable_0x586e.json,トビカトウ,飞鸟人,"[""飞鸢加藤""]","[""飞鸢加藤""]"
local_conflict_review,nametable:0x5fa2,nametable:0x5fa2,frontend/public/games/p2is/groups/nametable_0x5fa2.json,アギ,火炎,"[""亚基""]","[""亚基""]"
local_conflict_review,nametable:0x5faa,nametable:0x5faa,frontend/public/games/p2is/groups/nametable_0x5faa.json,アギラオ,中火炎,"[""亚基拉欧""]","[""亚基拉欧""]"
local_conflict_review,nametable:0x5fb6,nametable:0x5fb6,frontend/public/games/p2is/groups/nametable_0x5fb6.json,アギダイン,大火炎,"[""亚基达因""]","[""亚基达因""]"
local_conflict_review,nametable:0x5ff2,nametable:0x5ff2,frontend/public/games/p2is/groups/nametable_0x5ff2.json,アクア,水击,"[""阿夸""]","[""阿夸""]"
local_conflict_review,nametable:0x5ffc,nametable:0x5ffc,frontend/public/games/p2is/groups/nametable_0x5ffc.json,アクエス,中水击,"[""阿夸埃斯""]","[""阿夸埃斯""]"
local_conflict_review,nametable:0x6008,nametable:0x6008,frontend/public/games/p2is/groups/nametable_0x6008.json,アクアダイン,大水击,"[""阿夸达因""]","[""阿夸达因""]"
local_conflict_review,nametable:0x6018,nametable:0x6018,frontend/public/games/p2is/groups/nametable_0x6018.json,マハアクア,群水击,"[""玛哈阿夸""]","[""玛哈阿夸""]"
local_conflict_review,nametable:0x6026,nametable:0x6026,frontend/public/games/p2is/groups/nametable_0x6026.json,マハアクエス,群中水击,"[""玛哈阿夸埃斯""]","[""玛哈阿夸埃斯""]"
local_conflict_review,nametable:0x6036,nametable:0x6036,frontend/public/games/p2is/groups/nametable_0x6036.json,マハアクダイン,群大水击,"[""玛哈阿夸达因""]","[""玛哈阿夸达因""]"
local_conflict_review,nametable:0x6130,nametable:0x6130,frontend/public/games/p2is/groups/nametable_0x6130.json,フレイ,弗雷,"[""芙雷""]","[""芙雷""]"
local_conflict_review,nametable:0x613a,nametable:0x613a,frontend/public/games/p2is/groups/nametable_0x613a.json,フレイラ,弗雷拉,"[""芙雷拉""]","[""芙雷拉""]"
local_conflict_review,nametable:0x619a,nametable:0x619a,frontend/public/games/p2is/groups/nametable_0x619a.json,メギド,玛达,"[""米吉多""]","[""米吉多""]"
local_conflict_review,nametable:0x61c0,nametable:0x61c0,frontend/public/games/p2is/groups/nametable_0x61c0.json,ハマ,祝福,"[""哈玛""]","[""哈玛""]"
local_conflict_review,nametable:0x62b0,nametable:0x62b0,frontend/public/games/p2is/groups/nametable_0x62b0.json,テトラジャ,泰特拉加,"[""提特拉加""]","[""提特拉加""]"
local_conflict_review,nametable:0x6490,nametable:0x6490,frontend/public/games/p2is/groups/nametable_0x6490.json,ダイヤモンドダスト,钻石尘,"[""钻石星尘""]","[""钻石星尘""]"
merged_versions_conflict,script:181_8,script:181_8:diag1,frontend/public/games/p2is/groups/script_181_8.json,"
<SURNAME/>よお…
<SURNAME/>今帰りかい?
","
<SURNAME/>哟，你好啊…
<SURNAME/>这就准备回家了吗？小子？
","[""<SURNAME/>哟，\\n<SURNAME/>这就要回去啦？\\n"", ""<SURNAME/>哟，<SURNAME/>这就要回去啦？"", ""<SURNAME/>哟，<SURNAME/>你这就要回去啦？"", ""<SURNAME/>哟，<SURNAME/>小子，这就回来啦？""]","[""<SURNAME/>哟，\\n<SURNAME/>这就要回去啦？\\n"", ""<SURNAME/>哟，<SURNAME/>这就要回去啦？"", ""<SURNAME/>哟，<SURNAME/>你这就要回去啦？"", ""<SURNAME/>哟，<SURNAME/>小子，这就回来啦？""]"
merged_versions_conflict,script:181_8,script:181_8:diag10,frontend/public/games/p2is/groups/script_181_8.json,"
<SURNAME/>ハイ、そこお!
<SURNAME/>一体何をしとるか、このバカチンガぁ!!
<SURNAME/>下校時刻はとっくに過ぎとるんだぞ?
","
<SURNAME/>喂！那边的！
<SURNAME/>到底在干什么，你们这些小笨蛋！！
<SURNAME/>放学时间早就过了，知道吗！
","[""<SURNAME/>喂！那边的！\\n<SURNAME/>到底在搞什么啊，你们这些蠢货！！\\n<SURNAME/>放学时间早就过了，知道吗！\\n"", ""<SURNAME/>喂！那边的！ <SURNAME/>到底在搞什么啊，你们这些蠢货！！ <SURNAME/>放学时间早就过了，知道吗！""]","[""<SURNAME/>喂！那边的！\\n<SURNAME/>到底在搞什么啊，你们这些蠢货！！\\n<SURNAME/>放学时间早就过了，知道吗！\\n"", ""<SURNAME/>喂！那边的！ <SURNAME/>到底在搞什么啊，你们这些蠢货！！ <SURNAME/>放学时间早就过了，知道吗！""]"
local_conflict_review,script:181_8,script:181_8:diag14,frontend/public/games/p2is/groups/script_181_8.json,"
<SURNAME/>分かればいいのだよ、分かれば。
<SURNAME/>はっはっはっはっ!
<SURNAME/>実に気分ガいい!!
","
<SURNAME/>明白就好，明白就好。
<SURNAME/>哈哈哈哈！
<SURNAME/>真是心情愉快！！
","[""\\n<SURNAME/>明白就好，明白就好。\\n<SURNAME/>哈哈哈哈！\\n<SURNAME/>真爽啊！！\\n\n""]","[""\\n<SURNAME/>明白就好，明白就好。\\n<SURNAME/>哈哈哈哈！\\n<SURNAME/>真爽啊！！\\n\n""]"
local_conflict_review,script:181_8,script:181_8:diag15,frontend/public/games/p2is/groups/script_181_8.json,"
<SURNAME/>貴様もだ!!
<SURNAME/>私の言う事ガ聞こえなかったのか!?
","
<SURNAME/>你也一样！！
<SURNAME/>没听见我说话吗！？
","[""\\n<SURNAME/>还有你！！\\n<SURNAME/>没听见我说话吗！？\\n""]","[""\\n<SURNAME/>还有你！！\\n<SURNAME/>没听见我说话吗！？\\n""]"
merged_versions_conflict,script:181_8,script:181_8:diag16,frontend/public/games/p2is/groups/script_181_8.json,"
<SURNAME/>なぜ私の言うことを聞かない!?
<SURNAME/>ありえんことだ!!
","
<SURNAME/>为什么不听话！？
<SURNAME/>岂有此理！！
","[""<SURNAME/>为什么不听我的话！？\\n<SURNAME/>真是岂有此理！！\\n"", ""<SURNAME/>为什么不听我的话！？ <SURNAME/>真是岂有此理！！""]","[""<SURNAME/>为什么不听我的话！？\\n<SURNAME/>真是岂有此理！！\\n"", ""<SURNAME/>为什么不听我的话！？ <SURNAME/>真是岂有此理！！""]"
merged_versions_conflict,script:181_8,script:181_8:diag17,frontend/public/games/p2is/groups/script_181_8.json,"
<SURNAME/>貴様!<SURNAME/>何年何組の誰だっ!?
<SURNAME/>氏名所属を言え!!
<SURNAME/>さっさと言わんかぁ!?
","
<SURNAME/>你！<SURNAME/>几年几班，叫什么名字！？
<SURNAME/>报上姓名和班级！！
<SURNAME/>还不快说！？
","[""\\n<SURNAME/>你！<SURNAME/>几年几班的，叫什么名字！？\\n<SURNAME/>报上姓名和班级！！ \\n<SURNAME/>还不快说！！\\n"", ""<SURNAME/>你！<SURNAME/>几年几班的，叫什么名字！？ <SURNAME/>报上姓名和班级！！ <SURNAME/>还不快说！！"", ""<SURNAME/>你！<SURNAME/>几年几班的，叫什么名字！？ <SURNAME/>报上姓名和班级！！ <SURNAME/>赶紧说！！""]","[""\\n<SURNAME/>你！<SURNAME/>几年几班的，叫什么名字！？\\n<SURNAME/>报上姓名和班级！！ \\n<SURNAME/>还不快说！！\\n"", ""<SURNAME/>你！<SURNAME/>几年几班的，叫什么名字！？ <SURNAME/>报上姓名和班级！！ <SURNAME/>还不快说！！"", ""<SURNAME/>你！<SURNAME/>几年几班的，叫什么名字！？ <SURNAME/>报上姓名和班级！！ <SURNAME/>赶紧说！！""]"
merged_versions_conflict,script:181_8,script:181_8:diag19,frontend/public/games/p2is/groups/script_181_8.json,"
<SURNAME/>先ほど、廊下で感じた不快な共鳴も、
<SURNAME/>貴様ガ原因ならば納得ガいく…<pause:30/>
<SURNAME/>確かに、聞きしに勝る問題児のようだな。
","
<SURNAME/>刚才在走廊感到的那阵不快共鸣，
<SURNAME/>原来源头是你，倒说得通了…<pause:30/>
<SURNAME/>看来传闻中的问题学生果然名不虚传。
","[""<SURNAME/>刚才在走廊感到的那阵不快共鸣，\\n<SURNAME/>原来是你搞的鬼，那就说得通了…<pause:30/>\\n<SURNAME/>看来传闻中的问题学生果然名不虚传。\\n"", ""<SURNAME/>刚才在走廊感到的那阵不快共鸣， <SURNAME/>原来是你搞的鬼，那就说得通了…<pause:30/> <SURNAME/>看来传闻中的问题学生果然名不虚传。""]","[""<SURNAME/>刚才在走廊感到的那阵不快共鸣，\\n<SURNAME/>原来是你搞的鬼，那就说得通了…<pause:30/>\\n<SURNAME/>看来传闻中的问题学生果然名不虚传。\\n"", ""<SURNAME/>刚才在走廊感到的那阵不快共鸣， <SURNAME/>原来是你搞的鬼，那就说得通了…<pause:30/> <SURNAME/>看来传闻中的问题学生果然名不虚传。""]"
merged_versions_conflict,script:181_8,script:181_8:diag2,frontend/public/games/p2is/groups/script_181_8.json,"
<SURNAME/>へっへ〜!!
<SURNAME/>そのオンボロなら、もう動かないぜぇ〜
<SURNAME/>こいつガねぇからなぁ〜
","
<SURNAME/>嘿嘿～！！
<SURNAME/>那破车，再也跑不动咯～
<SURNAME/>因为这家伙没啦哦～
","[""<SURNAME/>嘿嘿～！！ \\n<SURNAME/>那破烂已经动不了咯～\\n<SURNAME/>因为这个东西没了哦～\\n"", ""<SURNAME/>嘿嘿～！！ <SURNAME/>那破烂已经动不了咯～ <SURNAME/>因为这个东西没了哦～"", ""<SURNAME/>嘿嘿～！！ <SURNAME/>那破车已经动不了咯～ <SURNAME/>因为这东西没了哦～"", ""<SURNAME/>嘿嘿～！！ <SURNAME/>那破车已经动不了咯～ <SURNAME/>因为这玩意儿没了哦～""]","[""<SURNAME/>嘿嘿～！！ \\n<SURNAME/>那破烂已经动不了咯～\\n<SURNAME/>因为这个东西没了哦～\\n"", ""<SURNAME/>嘿嘿～！！ <SURNAME/>那破烂已经动不了咯～ <SURNAME/>因为这个东西没了哦～"", ""<SURNAME/>嘿嘿～！！ <SURNAME/>那破车已经动不了咯～ <SURNAME/>因为这东西没了哦～"", ""<SURNAME/>嘿嘿～！！ <SURNAME/>那破车已经动不了咯～ <SURNAME/>因为这玩意儿没了哦～""]"
merged_versions_conflict,script:181_8,script:181_8:diag20,frontend/public/games/p2is/groups/script_181_8.json,"
<SURNAME/>ククク…まあいい。
<SURNAME/>貴様には、「あの方」直々の指導ガ待っている。
<SURNAME/>残りわずかな青春を、精一杯謳歌することだ。
","
<SURNAME/>呵呵呵…也罢。
<SURNAME/>你呀，「那位大人」会亲自来调教你。
<SURNAME/>所剩无几的青春，就尽情挥洒吧。
","[""\\n<SURNAME/>呵呵呵…也罢。\\n<SURNAME/>你呀，「那位大人」会亲自来调教你。\\n<SURNAME/>你那所剩无几的青春，就趁现在尽情挥霍吧。\\n"", ""<SURNAME/>呵呵呵…也罢。 <SURNAME/>你呀，「那位大人」会亲自来调教你。 <SURNAME/>你那所剩无几的青春，就趁现在尽情挥霍吧。""]","[""\\n<SURNAME/>呵呵呵…也罢。\\n<SURNAME/>你呀，「那位大人」会亲自来调教你。\\n<SURNAME/>你那所剩无几的青春，就趁现在尽情挥霍吧。\\n"", ""<SURNAME/>呵呵呵…也罢。 <SURNAME/>你呀，「那位大人」会亲自来调教你。 <SURNAME/>你那所剩无几的青春，就趁现在尽情挥霍吧。""]"
merged_versions_conflict,script:181_8,script:181_8:diag25,frontend/public/games/p2is/groups/script_181_8.json,"
<SURNAME/>別に、そんなロン毛うらやましくなんかねーやい。
<SURNAME/>どうせ皆、あと何十年かすりゃハゲちまうんだ。<pause:30/>
<SURNAME/>フッ…<pause:30/>待ってるぜ、<c12/>。","
<SURNAME/>切，你那头长发也没什么好羡慕的。
<SURNAME/>反正再过几十年，大家都要秃。<pause:30/>
<SURNAME/>哼…<pause:30/>等着你哦，<c12/>。
","[""\\n<SURNAME/>切，你那头长发也没什么好羡慕的。\\n<SURNAME/>反正再过几十年，大家都要秃。<pause:30/> \\n<SURNAME/>哼…<pause:30/>我等着呢，<c12/>。"", ""<SURNAME/>切，你那头长发也没什么好羡慕的。 <SURNAME/>反正再过几十年，大家都要秃。<pause:30/> <SURNAME/>哼…<pause:30/>我等着呢，<c12/>。""]","[""\\n<SURNAME/>切，你那头长发也没什么好羡慕的。\\n<SURNAME/>反正再过几十年，大家都要秃。<pause:30/> \\n<SURNAME/>哼…<pause:30/>我等着呢，<c12/>。"", ""<SURNAME/>切，你那头长发也没什么好羡慕的。 <SURNAME/>反正再过几十年，大家都要秃。<pause:30/> <SURNAME/>哼…<pause:30/>我等着呢，<c12/>。""]"
multiple_versions_review,script:181_8,script:181_8:diag26,frontend/public/games/p2is/groups/script_181_8.json,"
<SURNAME/>災難でしたね。<c12/>先輩。
<SURNAME/>でも、反谷校長って不思議と人気あるんですよね。<pause:30/>
<SURNAME/>私も、ムカツクけど好きだし…どうしてだろう?",<SURNAME/>真是倒霉啊，<c12/>学长。\n<SURNAME/>不过反谷校长莫名地受欢迎呢。<pause:30/> \n<SURNAME/>我也是，明明看他很不爽，却又有点喜欢…到底是为什么呢？,"[""<SURNAME/>真是倒霉啊，<c12/>学长。\\n<SURNAME/>不过反谷校长莫名地受欢迎呢。<pause:30/> \\n<SURNAME/>我也是，明明看他很不爽，却又有点喜欢…到底是为什么呢？"", ""<SURNAME/>真是倒霉啊，<c12/>学长。 <SURNAME/>不过反谷校长莫名地受欢迎呢。<pause:30/> <SURNAME/>我也是，明明看他很不爽，却又有点喜欢…到底是为什么呢？"", ""<SURNAME/>真是倒霉啊，<c12/>学长。 <SURNAME/>不过反谷校长莫名地受欢迎呢。<pause:30/> <SURNAME/>我也是，明明很不爽他，却又有点喜欢…到底是为什么呢？""]","[""<SURNAME/>真是倒霉啊，<c12/>学长。\\n<SURNAME/>不过反谷校长莫名地受欢迎呢。<pause:30/> \\n<SURNAME/>我也是，明明看他很不爽，却又有点喜欢…到底是为什么呢？"", ""<SURNAME/>真是倒霉啊，<c12/>学长。 <SURNAME/>不过反谷校长莫名地受欢迎呢。<pause:30/> <SURNAME/>我也是，明明看他很不爽，却又有点喜欢…到底是为什么呢？"", ""<SURNAME/>真是倒霉啊，<c12/>学长。 <SURNAME/>不过反谷校长莫名地受欢迎呢。<pause:30/> <SURNAME/>我也是，明明很不爽他，却又有点喜欢…到底是为什么呢？""]"
multiple_versions_review,script:181_8,script:181_8:diag27,frontend/public/games/p2is/groups/script_181_8.json,"
<SURNAME/>このソエジマのバイクさ、
<SURNAME/><c12/>ガ自分でメンテしたりしてんだろ?
<SURNAME/>メカに強いって噂は本当だったんだな。",\n<SURNAME/>这辆副岛摩托，\n<SURNAME/>是<c12/>你自己保养的吧？\n<SURNAME/>看来你擅长机械的传闻是真的。,"[""\\n<SURNAME/>这辆副岛摩托，\\n<SURNAME/>是<c12/>你自己保养的吧？\\n<SURNAME/>看来你擅长机械的传闻是真的。"", ""\\n<SURNAME/>这辆副岛摩托，\\n<SURNAME/>是<c12/>你自己保养的吧？\\n<SURNAME/>看来你擅长机械的传闻是真的。\\n""]","[""\\n<SURNAME/>这辆副岛摩托，\\n<SURNAME/>是<c12/>你自己保养的吧？\\n<SURNAME/>看来你擅长机械的传闻是真的。"", ""\\n<SURNAME/>这辆副岛摩托，\\n<SURNAME/>是<c12/>你自己保养的吧？\\n<SURNAME/>看来你擅长机械的传闻是真的。\\n""]"
merged_versions_conflict,script:181_8,script:181_8:diag28,frontend/public/games/p2is/groups/script_181_8.json,"
<SURNAME/><c12/>先輩!?<SURNAME/>え!?<SURNAME/>ヤダ、そんな急に…<pause:30/>
<SURNAME/>私、経験ないし…まだ、心の準備ガ…<pause:30/>
<SURNAME/>で、でも、先輩ならいいかなーなんて…","
<SURNAME/><c12/>学长！？<SURNAME/>诶！？<SURNAME/>讨厌啦，这么突然…<pause:30/>
<SURNAME/>人家还没经验…心理准备也没…<pause:30/>
<SURNAME/>不、不过，如果是学长的话也…
","[""\\n<SURNAME/><c12/>学长!?<SURNAME/>诶!?<SURNAME/>讨厌啦，这么突然…<pause:30/>\\n<SURNAME/>人家还没有经验…也没有心理准备…<pause:30/>\\n<SURNAME/>不、不过，如果是学长的话也…"", ""<SURNAME/><c12/>学长！？<SURNAME/>诶！？<SURNAME/>讨厌啦，这么突然…<pause:30/> <SURNAME/>人家还没有经验…也没有心理准备…<pause:30/> <SURNAME/>不、不过，如果是学长的话也…""]","[""\\n<SURNAME/><c12/>学长!?<SURNAME/>诶!?<SURNAME/>讨厌啦，这么突然…<pause:30/>\\n<SURNAME/>人家还没有经验…也没有心理准备…<pause:30/>\\n<SURNAME/>不、不过，如果是学长的话也…"", ""<SURNAME/><c12/>学长！？<SURNAME/>诶！？<SURNAME/>讨厌啦，这么突然…<pause:30/> <SURNAME/>人家还没有经验…也没有心理准备…<pause:30/> <SURNAME/>不、不过，如果是学长的话也…""]"
local_conflict_review,script:181_8,script:181_8:diag29,frontend/public/games/p2is/groups/script_181_8.json,"
<SURNAME/>え?<SURNAME/>冴子先生、ですか?<pause:30/>
<SURNAME/>さあ…2階の職員室にいると思いますけど…<pause:30/>
<SURNAME/>ハァ…そうよね、私なんか…","
<SURNAME/>诶？<SURNAME/>冴子老师吗？<pause:30/>
<SURNAME/>嗯…应该在 2 楼的教员室吧…<pause:30/>
<SURNAME/>唉…也是啦，我这种人…
","[""\\n<SURNAME/>诶？<SURNAME/>冴子老师吗？<pause:30/>\\n<SURNAME/>嗯…应该在 2 楼的职员室吧…<pause:30/>\\n<SURNAME/>唉…也是啦，我这种人…\\n""]","[""\\n<SURNAME/>诶？<SURNAME/>冴子老师吗？<pause:30/>\\n<SURNAME/>嗯…应该在 2 楼的职员室吧…<pause:30/>\\n<SURNAME/>唉…也是啦，我这种人…\\n""]"
merged_versions_conflict,script:181_8,script:181_8:diag3,frontend/public/games/p2is/groups/script_181_8.json,"
<SURNAME/>シカトかよ…<pause:30/>
<SURNAME/>そのスカした面見てっと、超ムカツクんだよ。
<SURNAME/>チヨづいてんじゃねぇぞ、テメェ…
","
<SURNAME/>装作没听见啊…<pause:30/>
<SURNAME/>看你那副得意的脸，就让人来气。
<SURNAME/>少在那儿翘尾巴，小子…
","[""\\n<SURNAME/>不理我是吧…<pause:30/>\\n<SURNAME/>看见你摆着这个嘴脸，真让我不爽。\\n<SURNAME/>你少在那给我得意忘形，混蛋…\\n"", ""\\n<SURNAME/>装作没听见啊…<pause:30/>\\n<SURNAME/>看见你那副装模作样的嘴脸，就让人来气。\\n<SURNAME/>少在那给我得意忘形，混蛋…\\n""]","[""\\n<SURNAME/>不理我是吧…<pause:30/>\\n<SURNAME/>看见你摆着这个嘴脸，真让我不爽。\\n<SURNAME/>你少在那给我得意忘形，混蛋…\\n"", ""\\n<SURNAME/>装作没听见啊…<pause:30/>\\n<SURNAME/>看见你那副装模作样的嘴脸，就让人来气。\\n<SURNAME/>少在那给我得意忘形，混蛋…\\n""]"
local_conflict_review,script:181_8,script:181_8:diag5,frontend/public/games/p2is/groups/script_181_8.json,"
<SURNAME/>オ、オイ…
<SURNAME/>どうしたってんだよ!?
","
<SURNAME/>喂、喂…
<SURNAME/>怎么搞的啊！？
","[""\\n<SURNAME/>喂、喂…\\n<SURNAME/>怎么回事！？\\n""]","[""\\n<SURNAME/>喂、喂…\\n<SURNAME/>怎么回事！？\\n""]"
local_conflict_review,script:181_8,script:181_8:diag7,frontend/public/games/p2is/groups/script_181_8.json,"
<SURNAME/>…な、何か様子ガ変ですよ?
<SURNAME/>コイツ、すげえ汗かいてる…
","
<SURNAME/>那、那家伙样子怪怪的吧？
<SURNAME/>这小子，浑身在冒汗…
","[""\\n<SURNAME/>…感、感觉不太对劲啊？\\n<SURNAME/>这小子，浑身都在冒汗…\\n""]","[""\\n<SURNAME/>…感、感觉不太对劲啊？\\n<SURNAME/>这小子，浑身都在冒汗…\\n""]"
merged_versions_conflict,script:182_8,script:182_8:diag0,frontend/public/games/p2is/groups/script_182_8.json,"
<SURNAME/>お、やっぱり来たね?<NAME/><NAME/><c12/>。
<SURNAME/>コイツガあるから、
<SURNAME/>ここで待っていたほうガ確実だと思ってさ。
","
<SURNAME/>哦，果然来啦?<NAME/><NAME/><c12/>。
<SURNAME/>因为有这东西在，
<SURNAME/>我就想在这儿等看更稳妥。
","[""<SURNAME/>喔，果然来啦?<NAME/><NAME/><c12/>。\\n<SURNAME/>因为有这东西在这里，\\n<SURNAME/>我就想在这儿等看更稳妥。\\n"", ""<SURNAME/>喔，果然来啦?<NAME/><NAME/><c12/>。 <SURNAME/>因为有这东西在这里， <SURNAME/>我就想在这儿等看更稳妥。"", ""<SURNAME/>哦，果然来啦?<NAME/><NAME/><c12/>。 <SURNAME/>因为有这东西在这里， <SURNAME/>我就想在这儿等看更稳妥。"", ""<SURNAME/>哦，果然来啦?<NAME/><NAME/><c12/>。 <SURNAME/>因为有这东西在， <SURNAME/>我觉得在这儿等着会更稳妥。""]","[""<SURNAME/>喔，果然来啦?<NAME/><NAME/><c12/>。\\n<SURNAME/>因为有这东西在这里，\\n<SURNAME/>我就想在这儿等看更稳妥。\\n"", ""<SURNAME/>喔，果然来啦?<NAME/><NAME/><c12/>。 <SURNAME/>因为有这东西在这里， <SURNAME/>我就想在这儿等看更稳妥。"", ""<SURNAME/>哦，果然来啦?<NAME/><NAME/><c12/>。 <SURNAME/>因为有这东西在这里， <SURNAME/>我就想在这儿等看更稳妥。"", ""<SURNAME/>哦，果然来啦?<NAME/><NAME/><c12/>。 <SURNAME/>因为有这东西在， <SURNAME/>我觉得在这儿等着会更稳妥。""]"
merged_versions_conflict,script:182_8,script:182_8:diag11,frontend/public/games/p2is/groups/script_182_8.json,"
<SURNAME/>じゃあ、こう…漠然としたものでもいいんだ。<pause:30/>
<SURNAME/>何か、やりたい事とかは無いのかい?
","
<SURNAME/>那…模糊点也行。<pause:30/>
<SURNAME/>有什么想做的事吗?
","[""\\n<SURNAME/>这么说吧…就算还没有想法也没关系。<pause:30/>\\n<SURNAME/>你有没有什么想要做的事情呢?\\n"", ""<SURNAME/>这么说吧…就算还没有想法也没关系。<pause:30/> <SURNAME/>你有没有什么想要做的事情呢?"", ""<SURNAME/>那…模糊点也行。<pause:30/> <SURNAME/>有没有什么想要做的事情?""]","[""\\n<SURNAME/>这么说吧…就算还没有想法也没关系。<pause:30/>\\n<SURNAME/>你有没有什么想要做的事情呢?\\n"", ""<SURNAME/>这么说吧…就算还没有想法也没关系。<pause:30/> <SURNAME/>你有没有什么想要做的事情呢?"", ""<SURNAME/>那…模糊点也行。<pause:30/> <SURNAME/>有没有什么想要做的事情?""]"
multiple_versions_review,script:182_8,script:182_8:diag13,frontend/public/games/p2is/groups/script_182_8.json,"
<SURNAME/>でも、一生そのままってワケにもいかないだろ?
<SURNAME/>その辺は、どう考えてるんだい?
",\n<SURNAME/>但是、你也不能一辈子都这样吧？\n<SURNAME/>关于这方面，你是怎么考虑的？\n,"[""\\n<SURNAME/>但是、你也不能一辈子都这样吧？\\n<SURNAME/>关于这方面，你是怎么考虑的？\\n"", ""<SURNAME/>但是、你也不能一辈子都这样吧？<SURNAME/>关于这方面，你是怎么考虑的？"", ""<SURNAME/>但总不能一辈子这样吧? <SURNAME/>关于这件事，你是怎么考虑的？""]","[""\\n<SURNAME/>但是、你也不能一辈子都这样吧？\\n<SURNAME/>关于这方面，你是怎么考虑的？\\n"", ""<SURNAME/>但是、你也不能一辈子都这样吧？<SURNAME/>关于这方面，你是怎么考虑的？"", ""<SURNAME/>但总不能一辈子这样吧? <SURNAME/>关于这件事，你是怎么考虑的？""]"
multiple_versions_review,script:182_8,script:182_8:diag15,frontend/public/games/p2is/groups/script_182_8.json,"
<SURNAME/>でも、一生そのままってワケにもいかないだろ?
<SURNAME/>その辺は、どう考えてるんだい?
",\n<SURNAME/>但是、你也不能一辈子都这样吧？\n<SURNAME/>关于这方面，你是怎么考虑的？\n,"[""\\n<SURNAME/>但是、你也不能一辈子都这样吧？\\n<SURNAME/>关于这方面，你是怎么考虑的？\\n"", ""<SURNAME/>但是、你也不能一辈子都这样吧？<SURNAME/>关于这方面，你是怎么考虑的？"", ""<SURNAME/>但总不能一辈子这样吧? <SURNAME/>关于这件事，你是怎么考虑的?""]","[""\\n<SURNAME/>但是、你也不能一辈子都这样吧？\\n<SURNAME/>关于这方面，你是怎么考虑的？\\n"", ""<SURNAME/>但是、你也不能一辈子都这样吧？<SURNAME/>关于这方面，你是怎么考虑的？"", ""<SURNAME/>但总不能一辈子这样吧? <SURNAME/>关于这件事，你是怎么考虑的?""]"
merged_versions_conflict,script:182_8,script:182_8:diag17,frontend/public/games/p2is/groups/script_182_8.json,"
<SURNAME/><c12/>…<pause:30/>
<SURNAME/>なぜそんな無理して、人を避けるんだい?
<SURNAME/>なんか辛そうで、見ちゃらんないよ…
","
<SURNAME/><c12/>…<pause:30/>
<SURNAME/>为何这样勉强躲着人?
<SURNAME/>看着就难受啊…
","[""\\n<SURNAME/><c12/>…<pause:30/>\\n<SURNAME/>为什么你要这样强撑着，躲着别人呢?\\n<SURNAME/>你这样看起来好辛苦，我不忍心看下去了…\\n"", ""<SURNAME/><c12/>…<pause:30/> <SURNAME/>为什么你要这样强撑着，躲着别人呢? <SURNAME/>你这样看起来好辛苦，我不忍心看下去了…"", ""<SURNAME/><c12/>…<pause:30/> <SURNAME/>为什么你要这样强撑着，躲着别人呢? <SURNAME/>你这样看起来好辛苦，我都不忍心看了…"", ""<SURNAME/><c12/>…<pause:30/> <SURNAME/>为什么要这样勉强自己，刻意躲开别人呢? <SURNAME/>看着你这样难受，我真不忍看下去了…""]","[""\\n<SURNAME/><c12/>…<pause:30/>\\n<SURNAME/>为什么你要这样强撑着，躲着别人呢?\\n<SURNAME/>你这样看起来好辛苦，我不忍心看下去了…\\n"", ""<SURNAME/><c12/>…<pause:30/> <SURNAME/>为什么你要这样强撑着，躲着别人呢? <SURNAME/>你这样看起来好辛苦，我不忍心看下去了…"", ""<SURNAME/><c12/>…<pause:30/> <SURNAME/>为什么你要这样强撑着，躲着别人呢? <SURNAME/>你这样看起来好辛苦，我都不忍心看了…"", ""<SURNAME/><c12/>…<pause:30/> <SURNAME/>为什么要这样勉强自己，刻意躲开别人呢? <SURNAME/>看着你这样难受，我真不忍看下去了…""]"
merged_versions_conflict,script:182_8,script:182_8:diag18,frontend/public/games/p2is/groups/script_182_8.json,"
<SURNAME/>あ、いたいた!!
<SURNAME/>喂!(ワーイ)ねぇねぇ!
<SURNAME/><c13/>!<SURNAME/><c13/>!!
","
<SURNAME/>啊，在呢在呢!!
<SURNAME/>喂! 呐呐!
<SURNAME/><c13/>!<SURNAME/><c13/>!!
","[""<SURNAME/>啊，在呢在呢!!\\n<SURNAME/>喂!(wai3)喂喂!\\n<SURNAME/><c13/>!<SURNAME/><c13/>!!\\n"", ""<SURNAME/>啊，在呢在呢!!<SURNAME/>喂!(wai3)喂喂! <SURNAME/><c13/>!<SURNAME/><c13/>!!"", ""<SURNAME/>啊，在呢在呢!! <SURNAME/>喂! （wai）喂喂! <SURNAME/><c13/>!<SURNAME/><c13/>!!""]","[""<SURNAME/>啊，在呢在呢!!\\n<SURNAME/>喂!(wai3)喂喂!\\n<SURNAME/><c13/>!<SURNAME/><c13/>!!\\n"", ""<SURNAME/>啊，在呢在呢!!<SURNAME/>喂!(wai3)喂喂! <SURNAME/><c13/>!<SURNAME/><c13/>!!"", ""<SURNAME/>啊，在呢在呢!! <SURNAME/>喂! （wai）喂喂! <SURNAME/><c13/>!<SURNAME/><c13/>!!""]"
merged_versions_conflict,script:182_8,script:182_8:diag19,frontend/public/games/p2is/groups/script_182_8.json,"
<SURNAME/>って…哎呀!!(アイヤー)
","
<SURNAME/>结果…哎呀!!
","[""\\n<SURNAME/>…哎呀!!(ai1 jaa3)\\n"", ""<SURNAME/>…哎呀!!(ai1 jaa3)"", ""<SURNAME/>…哎呀!!(ai yaa)""]","[""\\n<SURNAME/>…哎呀!!(ai1 jaa3)\\n"", ""<SURNAME/>…哎呀!!(ai1 jaa3)"", ""<SURNAME/>…哎呀!!(ai yaa)""]"
local_conflict_review,script:182_8,script:182_8:diag2,frontend/public/games/p2is/groups/script_182_8.json,"
<SURNAME/>進路指導ってもさ、
<SURNAME/>そんなカタ苦しいもんじゃないから、安心しな。
","
<SURNAME/>升学指导这种事啊，
<SURNAME/>没那么死板啦，放心吧。
","[""\\n<SURNAME/>升学指导这种事啊，\\n<SURNAME/>没那么死板啦，放心啦。\\n""]","[""\\n<SURNAME/>升学指导这种事啊，\\n<SURNAME/>没那么死板啦，放心啦。\\n""]"
merged_versions_conflict,script:182_8,script:182_8:diag21,frontend/public/games/p2is/groups/script_182_8.json,"
<SURNAME/>…リサ!
<SURNAME/>どうしたんだい?
<SURNAME/>そんな大声出して?
","
<SURNAME/>…丽莎!
<SURNAME/>怎么了?
<SURNAME/>这么大声?
","[""\\n<SURNAME/>…莉莎!\\n<SURNAME/>怎么了?\\n<SURNAME/>喊这么大声?\\n"", ""<SURNAME/>…莉莎! <SURNAME/>怎么了? <SURNAME/>喊这么大声?""]","[""\\n<SURNAME/>…莉莎!\\n<SURNAME/>怎么了?\\n<SURNAME/>喊这么大声?\\n"", ""<SURNAME/>…莉莎! <SURNAME/>怎么了? <SURNAME/>喊这么大声?""]"
merged_versions_conflict,script:182_8,script:182_8:diag22,frontend/public/games/p2is/groups/script_182_8.json,"
<SURNAME/>ソ、Sorry呀(ソーリーア)冴子先生!
<SURNAME/>大事な用事なんですよお!
<SURNAME/>ちょっと、<c13/>借りていいですよね?
","
<SURNAME/>对、Sorry呀冴子老师!
<SURNAME/>有急事啦!
<SURNAME/>借下<c13/>行吗?
","[""<SURNAME/>So、Sorry呀(Sorry aa3)，冴子老师!\\n<SURNAME/>我是有急事啦!\\n<SURNAME/>跟您借下<c13/>可以吗?\\n"", ""<SURNAME/>So、Sorry呀(Sorry aa3)，冴子老师! <SURNAME/>我是有急事啦! <SURNAME/>跟您借下<c13/>可以吗?"", ""<SURNAME/>So、Sorry呀，冴子老师! <SURNAME/>我是有急事啦! <SURNAME/>跟您借下<c13/>可以吗?""]","[""<SURNAME/>So、Sorry呀(Sorry aa3)，冴子老师!\\n<SURNAME/>我是有急事啦!\\n<SURNAME/>跟您借下<c13/>可以吗?\\n"", ""<SURNAME/>So、Sorry呀(Sorry aa3)，冴子老师! <SURNAME/>我是有急事啦! <SURNAME/>跟您借下<c13/>可以吗?"", ""<SURNAME/>So、Sorry呀，冴子老师! <SURNAME/>我是有急事啦! <SURNAME/>跟您借下<c13/>可以吗?""]"
merged_versions_conflict,script:182_8,script:182_8:diag23,frontend/public/games/p2is/groups/script_182_8.json,"
<SURNAME/>しょうガないねぇ…<pause:30/>
<SURNAME/>じゃあね、<c12/>。
","
<SURNAME/>真没办法啊…<pause:30/>
<SURNAME/>再见，<c12/>。
","[""\\n<SURNAME/>真拿你没办法啊…<pause:30/>\\n<SURNAME/>那再见啦，<c12/>。\\n"", ""<SURNAME/>真拿你没办法啊…<pause:30/> <SURNAME/>那再见啦，<c12/>。"", ""<SURNAME/>真没办法啊…<pause:30/> <SURNAME/>那再见啦，<c12/>。""]","[""\\n<SURNAME/>真拿你没办法啊…<pause:30/>\\n<SURNAME/>那再见啦，<c12/>。\\n"", ""<SURNAME/>真拿你没办法啊…<pause:30/> <SURNAME/>那再见啦，<c12/>。"", ""<SURNAME/>真没办法啊…<pause:30/> <SURNAME/>那再见啦，<c12/>。""]"
merged_versions_conflict,script:182_8,script:182_8:diag24,frontend/public/games/p2is/groups/script_182_8.json,"
<SURNAME/>タイへンなんだよ、<c13/>!!
","
<SURNAME/>超麻烦的啦～<c13/>!!
","[""\\n<SURNAME/>有大麻烦啦，<c13/>!!\\n"", ""<SURNAME/>有大麻烦啦，<c13/>!!""]","[""\\n<SURNAME/>有大麻烦啦，<c13/>!!\\n"", ""<SURNAME/>有大麻烦啦，<c13/>!!""]"
merged_versions_conflict,script:182_8,script:182_8:diag25,frontend/public/games/p2is/groups/script_182_8.json,"
<SURNAME/>…って、哎呀!!(アイヤー)
","
<SURNAME/>…啊呀!!
","[""\\n<SURNAME/>…哎呀!!(ai1 jaa3)\\n"", ""<SURNAME/>…哎呀!!(ai1 jaa3)"", ""<SURNAME/>…哎呀!!(ai yaa)""]","[""\\n<SURNAME/>…哎呀!!(ai1 jaa3)\\n"", ""<SURNAME/>…哎呀!!(ai1 jaa3)"", ""<SURNAME/>…哎呀!!(ai yaa)""]"
merged_versions_conflict,script:182_8,script:182_8:diag26,frontend/public/games/p2is/groups/script_182_8.json,"
<SURNAME/>信じらんない…<pause:30/>
<SURNAME/>なんで、まだエンブレムつけてるの!?
<SURNAME/>紋章の呪い、知らないワケじゃないでしょ?
","
<SURNAME/>不敢相信…<pause:30/>
<SURNAME/>为什么还戴着纹章!?
<SURNAME/>纹章诅咒，你不可能不知道吧?
","[""\\n<SURNAME/>不是吧…<pause:30/>\\n<SURNAME/>为什么你还戴着校徽啊!?\\n<SURNAME/>你又不是不知道纹章诅咒的事吧?\\n"", ""<SURNAME/>不是吧…<pause:30/> <SURNAME/>为什么你还戴着校徽啊!? <SURNAME/>你又不是不知道纹章诅咒的事吧?"", ""<SURNAME/>真不敢相信…<pause:30/> <SURNAME/>为什么还戴着校徽啊!? <SURNAME/>你不会不知道纹章诅咒的事吧?"", ""<SURNAME/>不敢相信…<pause:30/> <SURNAME/>你为什么还戴着纹章啊!? <SURNAME/>纹章诅咒，你不可能不知道吧?""]","[""\\n<SURNAME/>不是吧…<pause:30/>\\n<SURNAME/>为什么你还戴着校徽啊!?\\n<SURNAME/>你又不是不知道纹章诅咒的事吧?\\n"", ""<SURNAME/>不是吧…<pause:30/> <SURNAME/>为什么你还戴着校徽啊!? <SURNAME/>你又不是不知道纹章诅咒的事吧?"", ""<SURNAME/>真不敢相信…<pause:30/> <SURNAME/>为什么还戴着校徽啊!? <SURNAME/>你不会不知道纹章诅咒的事吧?"", ""<SURNAME/>不敢相信…<pause:30/> <SURNAME/>你为什么还戴着纹章啊!? <SURNAME/>纹章诅咒，你不可能不知道吧?""]"
merged_versions_conflict,script:182_8,script:182_8:diag27,frontend/public/games/p2is/groups/script_182_8.json,"
<SURNAME/>モー!
<SURNAME/>わたしガこんなに心配してるのに…
","
<SURNAME/>真是的!
<SURNAME/>人家这么担心你…
","[""<SURNAME/>哎哟！\\n<SURNAME/>我担心你担心得要死…\\n"", ""<SURNAME/>哎哟！ <SURNAME/>我担心你担心得要死…"", ""<SURNAME/>真是的! <SURNAME/>亏人家还这么担心你…""]","[""<SURNAME/>哎哟！\\n<SURNAME/>我担心你担心得要死…\\n"", ""<SURNAME/>哎哟！ <SURNAME/>我担心你担心得要死…"", ""<SURNAME/>真是的! <SURNAME/>亏人家还这么担心你…""]"
merged_versions_conflict,script:182_8,script:182_8:diag28,frontend/public/games/p2is/groups/script_182_8.json,"
<SURNAME/>って、そんな事言ってる場合じゃなかった!!
<SURNAME/>果たし状!!
<SURNAME/>カス校のヤツガ、<c13/>に渡せって!!
","
<SURNAME/>喂，现在不是说这个的时候!!
<SURNAME/>挑战书!!
<SURNAME/>渣校的家伙，要交给<c13/>!!
","[""\\n<SURNAME/>不对，现在不是说这个的时候!!\\n<SURNAME/>挑战书!!\\n<SURNAME/>是垃圾高中的那帮人给<c13/>你的!!\\n"", ""<SURNAME/>不对，现在不是说这个的时候!! <SURNAME/>挑战书!! <SURNAME/>是垃圾高中的那帮人给<c13/>你的!!"", ""<SURNAME/>喂，现在不是说这个的时候!! <SURNAME/>挑战书!! <SURNAME/>是渣高那帮家伙要给<c13/>你的!!""]","[""\\n<SURNAME/>不对，现在不是说这个的时候!!\\n<SURNAME/>挑战书!!\\n<SURNAME/>是垃圾高中的那帮人给<c13/>你的!!\\n"", ""<SURNAME/>不对，现在不是说这个的时候!! <SURNAME/>挑战书!! <SURNAME/>是垃圾高中的那帮人给<c13/>你的!!"", ""<SURNAME/>喂，现在不是说这个的时候!! <SURNAME/>挑战书!! <SURNAME/>是渣高那帮家伙要给<c13/>你的!!""]"
merged_versions_conflict,script:182_8,script:182_8:diag29,frontend/public/games/p2is/groups/script_182_8.json,"
<SURNAME/>なになに?
<SURNAME/>「<c12/><SURNAME/><c13/>に告ぐ
<SURNAME/><SURNAME/>貴様の学校の女を一人あずかった」
","
<SURNAME/>什么什么?
<SURNAME/>「<c12/><SURNAME/><c13/>告汝
<SURNAME/><SURNAME/>贵校女生一人，吾已扣留」
","[""\\n<SURNAME/>什么什么?\\n<SURNAME/>「致<c12/><SURNAME/><c13/>\\n<SURNAME/><SURNAME/>我已扣留贵校女生一人」\\n"", ""<SURNAME/>什么什么? <SURNAME/>「致<c12/><SURNAME/><c13/> <SURNAME/><SURNAME/>我已扣留贵校女生一人」""]","[""\\n<SURNAME/>什么什么?\\n<SURNAME/>「致<c12/><SURNAME/><c13/>\\n<SURNAME/><SURNAME/>我已扣留贵校女生一人」\\n"", ""<SURNAME/>什么什么? <SURNAME/>「致<c12/><SURNAME/><c13/> <SURNAME/><SURNAME/>我已扣留贵校女生一人」""]"
merged_versions_conflict,script:182_8,script:182_8:diag30,frontend/public/games/p2is/groups/script_182_8.json,"
<SURNAME/>「女の命ガおしければ、
<SURNAME/><SURNAME/>スマル・プリズンに一人で来い
<SURNAME/><SURNAME/>春日山高校番長<SURNAME/>ミッシェル栄吉」〜!?
","
<SURNAME/>「若珍惜女人的性命，
<SURNAME/><SURNAME/>就独自来斯玛尔监狱
<SURNAME/><SURNAME/>春日山高中番长<SURNAME/>米切·荣吉」～！？
","[""\\n<SURNAME/>「若珍惜这女人的性命， <SURNAME/><SURNAME/>就独自来苏摩鲁监狱\\n<SURNAME/><SURNAME/>春日山高中番长<SURNAME/>米切荣吉」～！？\\n"", ""<SURNAME/>「若珍惜这女人的性命， <SURNAME/><SURNAME/>就独自来苏摩鲁监狱 <SURNAME/><SURNAME/>春日山高中番长<SURNAME/>米切荣吉」～！？"", ""<SURNAME/>「若珍惜这女人的性命， <SURNAME/><SURNAME/>就独自来苏摩鲁监狱 <SURNAME/><SURNAME/>春日山高中番长<SURNAME/>米切·荣吉」～！？"", ""<SURNAME/>「若你珍惜这女人的性命， <SURNAME/><SURNAME/>就独自来斯麦尔监狱 <SURNAME/><SURNAME/>春日山高中番长<SURNAME/>米切·荣吉」～！？""]","[""\\n<SURNAME/>「若珍惜这女人的性命， <SURNAME/><SURNAME/>就独自来苏摩鲁监狱\\n<SURNAME/><SURNAME/>春日山高中番长<SURNAME/>米切荣吉」～！？\\n"", ""<SURNAME/>「若珍惜这女人的性命， <SURNAME/><SURNAME/>就独自来苏摩鲁监狱 <SURNAME/><SURNAME/>春日山高中番长<SURNAME/>米切荣吉」～！？"", ""<SURNAME/>「若珍惜这女人的性命， <SURNAME/><SURNAME/>就独自来苏摩鲁监狱 <SURNAME/><SURNAME/>春日山高中番长<SURNAME/>米切·荣吉」～！？"", ""<SURNAME/>「若你珍惜这女人的性命， <SURNAME/><SURNAME/>就独自来斯麦尔监狱 <SURNAME/><SURNAME/>春日山高中番长<SURNAME/>米切·荣吉」～！？""]"
merged_versions_conflict,script:182_8,script:182_8:diag31,frontend/public/games/p2is/groups/script_182_8.json,"
<SURNAME/>係咩!?(ハイメ)マジ!?
<SURNAME/>今時、なんつーレトロな…<pause:30/>
<SURNAME/>でもコイツ、かなり強いって噂だよ!?
","
<SURNAME/>哈!?真的!?
<SURNAME/>现在还有这么复古的…<pause:30/>
<SURNAME/>但这家伙，听说超强的!
","[""\\n<SURNAME/>係咩!?(hai6 me1)真的假的!?\\n<SURNAME/>现在怎么还用这么复古的…<pause:30/>\\n<SURNAME/>但是我听说，这人很厉害的!\\n"", ""<SURNAME/>係咩!?(hai6 me1)真的假的!? <SURNAME/>现在怎么还用这么复古的…<pause:30/> <SURNAME/>但是我听说，这人很厉害的!"", ""<SURNAME/>係咩!?(hai me)真假!? <SURNAME/>现在怎么还有这么复古的…<pause:30/> <SURNAME/>但是我听说，这家伙超厉害的!"", ""<SURNAME/>哈!?真的!? <SURNAME/>这年头，也太复古了吧…<pause:30/> <SURNAME/>但这家伙，听说超强的!""]","[""\\n<SURNAME/>係咩!?(hai6 me1)真的假的!?\\n<SURNAME/>现在怎么还用这么复古的…<pause:30/>\\n<SURNAME/>但是我听说，这人很厉害的!\\n"", ""<SURNAME/>係咩!?(hai6 me1)真的假的!? <SURNAME/>现在怎么还用这么复古的…<pause:30/> <SURNAME/>但是我听说，这人很厉害的!"", ""<SURNAME/>係咩!?(hai me)真假!? <SURNAME/>现在怎么还有这么复古的…<pause:30/> <SURNAME/>但是我听说，这家伙超厉害的!"", ""<SURNAME/>哈!?真的!? <SURNAME/>这年头，也太复古了吧…<pause:30/> <SURNAME/>但这家伙，听说超强的!""]"
merged_versions_conflict,script:182_8,script:182_8:diag32,frontend/public/games/p2is/groups/script_182_8.json,"
<SURNAME/>それに、これも噂なんだけど、
<SURNAME/>紋章に呪いかけたの、カス校の連中らしいんだ…<pause:30/>
<SURNAME/>きっと、コイツガ何かやらかしたんだよ!!
","
<SURNAME/>而且，这也是传闻，
<SURNAME/>给纹章下诅咒的，好像是渣校那帮人…<pause:30/>
<SURNAME/>一定是这家伙搞的鬼!!
","[""\\n<SURNAME/>而且，也有传闻说，\\n<SURNAME/>给纹章下诅咒的，好像就是垃圾高中那帮人…<pause:30/>\\n<SURNAME/>一定是这家伙搞的鬼!!\\n"", ""<SURNAME/>而且，也有传闻说， <SURNAME/>给纹章下诅咒的，好像就是垃圾高中那帮人…<pause:30/> <SURNAME/>一定是这家伙搞的鬼!!"", ""<SURNAME/>而且，也有传闻说， <SURNAME/>给纹章下诅咒的，好像就是渣高那帮人…<pause:30/> <SURNAME/>一定是这家伙搞的鬼!!""]","[""\\n<SURNAME/>而且，也有传闻说，\\n<SURNAME/>给纹章下诅咒的，好像就是垃圾高中那帮人…<pause:30/>\\n<SURNAME/>一定是这家伙搞的鬼!!\\n"", ""<SURNAME/>而且，也有传闻说， <SURNAME/>给纹章下诅咒的，好像就是垃圾高中那帮人…<pause:30/> <SURNAME/>一定是这家伙搞的鬼!!"", ""<SURNAME/>而且，也有传闻说， <SURNAME/>给纹章下诅咒的，好像就是渣高那帮人…<pause:30/> <SURNAME/>一定是这家伙搞的鬼!!""]"
merged_versions_conflict,script:182_8,script:182_8:diag33,frontend/public/games/p2is/groups/script_182_8.json,"
<SURNAME/><c13/>…<pause:30/>
<SURNAME/>一人で行く気でしょ?
","
<SURNAME/><c13/>…<pause:30/>
<SURNAME/>你打算一个人去吧?
","[""\\n<SURNAME/><c13/>…<pause:30/>\\n<SURNAME/>你不会打算一个人去吧?\\n"", ""<SURNAME/><c13/>…<pause:30/> <SURNAME/>你不会打算一个人去吧?""]","[""\\n<SURNAME/><c13/>…<pause:30/>\\n<SURNAME/>你不会打算一个人去吧?\\n"", ""<SURNAME/><c13/>…<pause:30/> <SURNAME/>你不会打算一个人去吧?""]"
merged_versions_conflict,script:182_8,script:182_8:diag34,frontend/public/games/p2is/groups/script_182_8.json,"
<SURNAME/>やっぱり…<pause:30/>
<SURNAME/>でも、スマル・プリズンの場所、知ってるの?
","
<SURNAME/>果然…<pause:30/>
<SURNAME/>但是，你知道Sumaru Prison在哪吗?
","[""\\n<SURNAME/>果然…<pause:30/>\\n<SURNAME/>但是，你知道苏摩鲁监狱在哪吗?\\n"", ""<SURNAME/>果然…<pause:30/> <SURNAME/>但是，你知道苏摩鲁监狱在哪吗?"", ""<SURNAME/>果然…<pause:30/> <SURNAME/>但是，你知道斯麦尔监狱在哪吗?""]","[""\\n<SURNAME/>果然…<pause:30/>\\n<SURNAME/>但是，你知道苏摩鲁监狱在哪吗?\\n"", ""<SURNAME/>果然…<pause:30/> <SURNAME/>但是，你知道苏摩鲁监狱在哪吗?"", ""<SURNAME/>果然…<pause:30/> <SURNAME/>但是，你知道斯麦尔监狱在哪吗?""]"
merged_versions_conflict,script:182_8,script:182_8:diag35,frontend/public/games/p2is/groups/script_182_8.json,"
<SURNAME/>道寒内くらいできるし、
<SURNAME/>このまま、呪いにかかるの待ってるなんてやだよ。
<SURNAME/>お願い、連れてって!
","
<SURNAME/>带路我还是可以的，
<SURNAME/>我可不想干等着中诅咒。
<SURNAME/>拜托，带我去吧!
","[""\\n<SURNAME/>带路我还是可以的，\\n<SURNAME/>我可不想干等着中诅咒。\\n<SURNAME/>带上我去吧、拜托了!\\n"", ""\\n<SURNAME/>带路我还是可以的，\\n<SURNAME/>我可不想干等着中诅咒。\\n<SURNAME/>带上我去吧、拜托了!\\n\n""]","[""\\n<SURNAME/>带路我还是可以的，\\n<SURNAME/>我可不想干等着中诅咒。\\n<SURNAME/>带上我去吧、拜托了!\\n"", ""\\n<SURNAME/>带路我还是可以的，\\n<SURNAME/>我可不想干等着中诅咒。\\n<SURNAME/>带上我去吧、拜托了!\\n\n""]"
merged_versions_conflict,script:182_8,script:182_8:diag38,frontend/public/games/p2is/groups/script_182_8.json,"
<SURNAME/>ふーん、そうなんだ!!
<SURNAME/>何か、勉強したい事ガあるのかい?
","
<SURNAME/>哦，这样啊!!
<SURNAME/>有什么想学的东西吗?
","[""\\n<SURNAME/>哦~这样啊!!\\n<SURNAME/>有了什么想学的东西吗?\\n"", ""<SURNAME/>哦~这样啊!! <SURNAME/>有了什么想学的东西吗?"", ""<SURNAME/>哦~这样啊!! <SURNAME/>有什么想学的东西吗?""]","[""\\n<SURNAME/>哦~这样啊!!\\n<SURNAME/>有了什么想学的东西吗?\\n"", ""<SURNAME/>哦~这样啊!! <SURNAME/>有了什么想学的东西吗?"", ""<SURNAME/>哦~这样啊!! <SURNAME/>有什么想学的东西吗?""]"
local_conflict_review,script:182_8,script:182_8:diag39,frontend/public/games/p2is/groups/script_182_8.json,"
<SURNAME/>お、何かやりたい仕事ガあるんだな?
<SURNAME/>バイク関係の仕事かなにかかい?
","
<SURNAME/>哦，有什么想干的工作吗?
<SURNAME/>是摩托车相关的工作之类的?
","[""\\n<SURNAME/>哦，这是有什么想做的工作了吧？\\n<SURNAME/>是摩托车相关的工作吗？\\n""]","[""\\n<SURNAME/>哦，这是有什么想做的工作了吧？\\n<SURNAME/>是摩托车相关的工作吗？\\n""]"
merged_versions_conflict,script:182_8,script:182_8:diag41:p0,frontend/public/games/p2is/groups/script_182_8.json,"
<SURNAME/>そうか…<pause:30/>
<SURNAME/>まあ、あせることはないよ。
<SURNAME/>本当にやりたい事を、よく考えてから決めな。
","
<SURNAME/>这样啊…<pause:30/>
<SURNAME/>嘛，不用着急。
<SURNAME/>好好想清楚真正想做的事再决定吧。
","[""\\n<SURNAME/>这样啊…<pause:30/>\\n<SURNAME/>没事，不用着急。\\n<SURNAME/>好好想清楚真正想做的事再决定吧。\\n"", ""<SURNAME/>这样啊…<pause:30/> <SURNAME/>没事，不用着急。 <SURNAME/>好好想清楚真正想做的事再决定吧。""]","[""\\n<SURNAME/>这样啊…<pause:30/>\\n<SURNAME/>没事，不用着急。\\n<SURNAME/>好好想清楚真正想做的事再决定吧。\\n"", ""<SURNAME/>这样啊…<pause:30/> <SURNAME/>没事，不用着急。 <SURNAME/>好好想清楚真正想做的事再决定吧。""]"
multiple_versions_review,script:182_8,script:182_8:diag41:p1,frontend/public/games/p2is/groups/script_182_8.json,"<c1d:11/>冴子先生<c1d:1/>
<SURNAME/>夢を追いかけるのに、
<SURNAME/>早い遅いなんて関係ないからね。
",<c1d:11/>冴子老师<c1d:1/>\n<SURNAME/>只要是追求梦想，\n<SURNAME/>什么时候开始都不晚。\n,"[""<c1d:11/>冴子老师<c1d:1/>\\n<SURNAME/>只要是追求梦想，\\n<SURNAME/>什么时候开始都不晚。\\n"", ""<c1d:11/>冴子老师<c1d:1/> <SURNAME/>只要是追求梦想， <SURNAME/>什么时候开始都不晚。"", ""<c1d:11/>冴子老师<c1d:1/> <SURNAME/>只要是追求梦想， <SURNAME/>快慢根本无所谓啦。""]","[""<c1d:11/>冴子老师<c1d:1/>\\n<SURNAME/>只要是追求梦想，\\n<SURNAME/>什么时候开始都不晚。\\n"", ""<c1d:11/>冴子老师<c1d:1/> <SURNAME/>只要是追求梦想， <SURNAME/>什么时候开始都不晚。"", ""<c1d:11/>冴子老师<c1d:1/> <SURNAME/>只要是追求梦想， <SURNAME/>快慢根本无所谓啦。""]"
merged_versions_conflict,script:182_8,script:182_8:diag42,frontend/public/games/p2is/groups/script_182_8.json,"
<SURNAME/>ふーん、そうなんだ!!
<SURNAME/>具体的な進路は決まってないようだけど、
<SURNAME/>自分の夢は追いかけるって言うんだね?
","
<SURNAME/>哦，这样啊!!
<SURNAME/>具体出路还没定，
<SURNAME/>但说要追求自己的梦，对吧?
","[""<SURNAME/>哦，这样啊!! <SURNAME/>虽然具体出路还没定下来，<SURNAME/>但是有想要追求的梦想，对吧?"", ""<SURNAME/>哦，这样啊!! <SURNAME/>虽然具体出路还没定，<SURNAME/>但是有想要追求的梦想，对吧?""]","[""<SURNAME/>哦，这样啊!! <SURNAME/>虽然具体出路还没定下来，<SURNAME/>但是有想要追求的梦想，对吧?"", ""<SURNAME/>哦，这样啊!! <SURNAME/>虽然具体出路还没定，<SURNAME/>但是有想要追求的梦想，对吧?""]"
merged_versions_conflict,script:182_8,script:182_8:diag44:p0,frontend/public/games/p2is/groups/script_182_8.json,"
<SURNAME/>そうか…<pause:30/>
<SURNAME/>まあ、やりたいことガあるだけマシだね。
","
<SURNAME/>这样啊…<pause:30/>
<SURNAME/>嘛，有想做的事总比没有好。
","[""\\n<SURNAME/>这样啊…<pause:30/>\\n<SURNAME/>也罢，有想做的事总比没有好。\\n"", ""<SURNAME/>这样啊…<pause:30/> <SURNAME/>也罢，有想做的事总比没有好。""]","[""\\n<SURNAME/>这样啊…<pause:30/>\\n<SURNAME/>也罢，有想做的事总比没有好。\\n"", ""<SURNAME/>这样啊…<pause:30/> <SURNAME/>也罢，有想做的事总比没有好。""]"
merged_versions_conflict,script:182_8,script:182_8:diag46,frontend/public/games/p2is/groups/script_182_8.json,"
<SURNAME/>うーん…<pause:30/>
<SURNAME/>進路も決めてない、やりたいこともない、か…
","
<SURNAME/>嗯…<pause:30/>
<SURNAME/>出路没定，想做的事也没有，吗…
","[""\\n<SURNAME/>嗯…<pause:30/>\\n<SURNAME/>出路没定，想做的事也没有吗…\\n"", ""<SURNAME/>嗯…<pause:30/> <SURNAME/>出路没定，想做的事也没有吗…""]","[""\\n<SURNAME/>嗯…<pause:30/>\\n<SURNAME/>出路没定，想做的事也没有吗…\\n"", ""<SURNAME/>嗯…<pause:30/> <SURNAME/>出路没定，想做的事也没有吗…""]"
merged_versions_conflict,script:182_8,script:182_8:diag47:p0,frontend/public/games/p2is/groups/script_182_8.json,"
<SURNAME/>そうだね。
<SURNAME/>あせることはないさ。
<SURNAME/>本当にやりたい事を、よく考えてから決めな。
","
<SURNAME/>是啊。
<SURNAME/>不用着急。
<SURNAME/>好好想清楚真正想做的事再决定吧。
","[""\\n<SURNAME/>也是呢。\\n<SURNAME/>不用着急。\\n<SURNAME/>好好想清楚真正想做的事再决定吧。\\n"", ""<SURNAME/>也是呢。 <SURNAME/>不用着急。 <SURNAME/>好好想清楚真正想做的事再决定吧。""]","[""\\n<SURNAME/>也是呢。\\n<SURNAME/>不用着急。\\n<SURNAME/>好好想清楚真正想做的事再决定吧。\\n"", ""<SURNAME/>也是呢。 <SURNAME/>不用着急。 <SURNAME/>好好想清楚真正想做的事再决定吧。""]"
multiple_versions_review,script:182_8,script:182_8:diag47:p1,frontend/public/games/p2is/groups/script_182_8.json,"<c1d:11/>冴子先生<c1d:1/>
<SURNAME/>夢を追いかけるのに、
<SURNAME/>早い遅いなんて関係ないからね。
",<c1d:11/>冴子老师<c1d:1/>\n<SURNAME/>只要是追求梦想，\n<SURNAME/>什么时候开始都不晚。\n,"[""<c1d:11/>冴子老师<c1d:1/>\\n<SURNAME/>只要是追求梦想，\\n<SURNAME/>什么时候开始都不晚。\\n"", ""<c1d:11/>冴子老师<c1d:1/> <SURNAME/>只要是追求梦想， <SURNAME/>什么时候开始都不晚。"", ""<c1d:11/>冴子老师<c1d:1/> <SURNAME/>只要是追求梦想， <SURNAME/>快慢根本无所谓啦。""]","[""<c1d:11/>冴子老师<c1d:1/>\\n<SURNAME/>只要是追求梦想，\\n<SURNAME/>什么时候开始都不晚。\\n"", ""<c1d:11/>冴子老师<c1d:1/> <SURNAME/>只要是追求梦想， <SURNAME/>什么时候开始都不晚。"", ""<c1d:11/>冴子老师<c1d:1/> <SURNAME/>只要是追求梦想， <SURNAME/>快慢根本无所谓啦。""]"
merged_versions_conflict,script:182_8,script:182_8:diag5,frontend/public/games/p2is/groups/script_182_8.json,"
<SURNAME/>それで?
<SURNAME/>進学するの?<SURNAME/>それとも就職かい?
","
<SURNAME/>那么?
<SURNAME/>想升学?<SURNAME/>还是想工作?
","[""\\n<SURNAME/>那么?\\n<SURNAME/>想升学?<SURNAME/>还是想就业?\\n"", ""<SURNAME/>那么? <SURNAME/>想升学?<SURNAME/>还是想就业?""]","[""\\n<SURNAME/>那么?\\n<SURNAME/>想升学?<SURNAME/>还是想就业?\\n"", ""<SURNAME/>那么? <SURNAME/>想升学?<SURNAME/>还是想就业?""]"
merged_versions_conflict,script:182_8,script:182_8:diag7,frontend/public/games/p2is/groups/script_182_8.json,"
<SURNAME/>ただなんとなく進学するっていうなら、
<SURNAME/>もう一度よく考えな?
<SURNAME/>あんた、木ントに進学したいの?
","
<SURNAME/>如果只是随大流升学，
<SURNAME/>最好再想想?
<SURNAME/>你真心想升学吗?
","[""\\n<SURNAME/>如果你只是抱着混日子的心态就想升学的话，\\n<SURNAME/>最好还是再考虑一下吧?\\n<SURNAME/>你啊，是真的想升学吗？\\n"", ""<SURNAME/>如果你只是抱着混日子的心态就想升学的话，<SURNAME/>最好还是再考虑一下吧?<SURNAME/>你啊，是真的想升学吗？"", ""<SURNAME/>如果只是随大流升学的话， <SURNAME/>最好还是再想想吧? <SURNAME/>你真心想升学吗?""]","[""\\n<SURNAME/>如果你只是抱着混日子的心态就想升学的话，\\n<SURNAME/>最好还是再考虑一下吧?\\n<SURNAME/>你啊，是真的想升学吗？\\n"", ""<SURNAME/>如果你只是抱着混日子的心态就想升学的话，<SURNAME/>最好还是再考虑一下吧?<SURNAME/>你啊，是真的想升学吗？"", ""<SURNAME/>如果只是随大流升学的话， <SURNAME/>最好还是再想想吧? <SURNAME/>你真心想升学吗?""]"
merged_versions_conflict,script:182_8,script:182_8:diag9,frontend/public/games/p2is/groups/script_182_8.json,"
<SURNAME/>ただなんとなく就職っていうなら、
<SURNAME/>もう一度よく考えな?
<SURNAME/>あんた、木ントに就職したいの?
","
<SURNAME/>如果只是随便说工作，
<SURNAME/>最好再想想?
<SURNAME/>你真心想工作吗?
","[""\\n<SURNAME/>如果只是有份工作就行的打算的话，\\n<SURNAME/>最好还是再考虑一下吧?\\n<SURNAME/>你啊，是真的想工作吗？\\n"", ""<SURNAME/>如果只是有份工作就行的打算的话，<SURNAME/>最好还是再考虑一下吧? <SURNAME/>你啊，是真的想工作吗？"", ""<SURNAME/>如果只是随便说就业的话， <SURNAME/>最好还是再想想吧? <SURNAME/>你真心想就业吗?""]","[""\\n<SURNAME/>如果只是有份工作就行的打算的话，\\n<SURNAME/>最好还是再考虑一下吧?\\n<SURNAME/>你啊，是真的想工作吗？\\n"", ""<SURNAME/>如果只是有份工作就行的打算的话，<SURNAME/>最好还是再考虑一下吧? <SURNAME/>你啊，是真的想工作吗？"", ""<SURNAME/>如果只是随便说就业的话， <SURNAME/>最好还是再想想吧? <SURNAME/>你真心想就业吗?""]"
local_conflict_review,script:183_8,script:183_8:diag10,frontend/public/games/p2is/groups/script_183_8.json,"
<SURNAME/>あんたね?
<SURNAME/>ミッシェル栄吉ってのは?
","
<SURNAME/>就是你?
<SURNAME/>什么米切荣吉?
","[""\\n<SURNAME/>就是你吧?\\n<SURNAME/>什么米歇尔荣吉?\\n""]","[""\\n<SURNAME/>就是你吧?\\n<SURNAME/>什么米歇尔荣吉?\\n""]"
local_conflict_review,script:183_8,script:183_8:diag12,frontend/public/games/p2is/groups/script_183_8.json,"
<SURNAME/>全てのレディ達に愛をふりまく天才アーティスト、
<SURNAME/>ミッシェル様とは、ボクのことさ♥
<SURNAME/>木ォォォォォオオゥ!!
","
<SURNAME/>向全天下的女士们挥洒爱意的天才艺术家，
<SURNAME/>米切大人，正是在下♥
<SURNAME/>木哦哦哦哦哦哦!!
","[""\\n<SURNAME/>向全天下的女士们挥洒爱意的天才Artist，\\n<SURNAME/>米歇尔大人，正是在下♥\\n<SURNAME/>嚯哦哦哦哦哦哦!!\\n""]","[""\\n<SURNAME/>向全天下的女士们挥洒爱意的天才Artist，\\n<SURNAME/>米歇尔大人，正是在下♥\\n<SURNAME/>嚯哦哦哦哦哦哦!!\\n""]"
merged_versions_conflict,script:183_8,script:183_8:diag16,frontend/public/games/p2is/groups/script_183_8.json,"
<SURNAME/>ミッシェルさん、バンドやるって騒いでたでしょ?
<SURNAME/>ボクら、メンバー探してたんだよ。<pause:30/>
<SURNAME/>いつまでたっても、ボーカル一人だけだから…
","
<SURNAME/>米切大哥不是吵着要组乐队吗?
<SURNAME/>我们就在找成员。<pause:30/>
<SURNAME/>一直就只有主唱一个人嘛…
","[""\\n<SURNAME/>米歇尔大哥不是吵着要组乐队吗?\\n<SURNAME/>我们就在找成员。<pause:30/>\\n<SURNAME/>因为一直就只有主唱一个人嘛…\\n"", ""<SURNAME/>米歇尔大哥不是吵着要组乐队吗? <SURNAME/>我们就在找成员。<pause:30/> <SURNAME/>因为一直就只有主唱一个人嘛…"", ""<SURNAME/>米切大哥不是吵着要组乐队吗? <SURNAME/>我们就在找成员。<pause:30/> <SURNAME/>因为一直就只有主唱一个人嘛…""]","[""\\n<SURNAME/>米歇尔大哥不是吵着要组乐队吗?\\n<SURNAME/>我们就在找成员。<pause:30/>\\n<SURNAME/>因为一直就只有主唱一个人嘛…\\n"", ""<SURNAME/>米歇尔大哥不是吵着要组乐队吗? <SURNAME/>我们就在找成员。<pause:30/> <SURNAME/>因为一直就只有主唱一个人嘛…"", ""<SURNAME/>米切大哥不是吵着要组乐队吗? <SURNAME/>我们就在找成员。<pause:30/> <SURNAME/>因为一直就只有主唱一个人嘛…""]"
local_conflict_review,script:183_8,script:183_8:diag17,frontend/public/games/p2is/groups/script_183_8.json,"
<SURNAME/>どうせなら、<c12/>さんをひっぱり込もうって…<pause:30/>
<SURNAME/>そうすりゃ心強ぇし、
<SURNAME/>ミッシェルさん、喜ぶかと思ったんす…
","
<SURNAME/>反正都要找，不如把<c12/>拉进来…<pause:30/>
<SURNAME/>这样就靠谱了，
<SURNAME/>米切大哥肯定也高兴…
","[""\\n<SURNAME/>反正都要找，不如把<c12/>拉进来…<pause:30/>\\n<SURNAME/>这样就靠谱了，\\n<SURNAME/>米歇尔大哥肯定也高兴…\\n""]","[""\\n<SURNAME/>反正都要找，不如把<c12/>拉进来…<pause:30/>\\n<SURNAME/>这样就靠谱了，\\n<SURNAME/>米歇尔大哥肯定也高兴…\\n""]"
merged_versions_conflict,script:183_8,script:183_8:diag18,frontend/public/games/p2is/groups/script_183_8.json,"
<SURNAME/>お、お前ら…<pause:30/>
<SURNAME/>掟を破ったらどうなるか知ってて…
","
<SURNAME/>你、你们这帮…<pause:30/>
<SURNAME/>违反帮规会怎样，知道吧…
","[""\\n<SURNAME/>你、你们这帮家伙…<pause:30/>\\n<SURNAME/>违反帮规是什么下场，知道吧…\\n"", ""<SURNAME/>你、你们这帮家伙…<pause:30/> <SURNAME/>违反帮规是什么下场，知道吧…"", ""<SURNAME/>你、你们这帮家伙…<pause:30/> <SURNAME/>违反帮规会怎样，知道吧…""]","[""\\n<SURNAME/>你、你们这帮家伙…<pause:30/>\\n<SURNAME/>违反帮规是什么下场，知道吧…\\n"", ""<SURNAME/>你、你们这帮家伙…<pause:30/> <SURNAME/>违反帮规是什么下场，知道吧…"", ""<SURNAME/>你、你们这帮家伙…<pause:30/> <SURNAME/>违反帮规会怎样，知道吧…""]"
merged_versions_conflict,script:183_8,script:183_8:diag19,frontend/public/games/p2is/groups/script_183_8.json,"
<SURNAME/>押忍!
<SURNAME/>「男子たるもの、卑怯な真似はするべからず!」
<SURNAME/>どんな罰でも受けるっす!!
","
<SURNAME/>是!
<SURNAME/>""身为男人，不可使用卑鄙手段!""
<SURNAME/>什么惩罚都愿意领!!
","[""\\n<SURNAME/>是!\\n<SURNAME/>\""身为男人，不可使用卑鄙手段\""!\\n<SURNAME/>不管是什么惩罚，我们都甘愿接受!!\\n"", ""<SURNAME/>是! <SURNAME/>\""身为男人，不可使用卑鄙手段!\"" <SURNAME/>不管是什么惩罚，我们都甘愿接受!!"", ""<SURNAME/>是! <SURNAME/>\""身为男人，不可使用卑鄙手段!\"" <SURNAME/>不管是什么惩罚，我们都愿意接受!!""]","[""\\n<SURNAME/>是!\\n<SURNAME/>\""身为男人，不可使用卑鄙手段\""!\\n<SURNAME/>不管是什么惩罚，我们都甘愿接受!!\\n"", ""<SURNAME/>是! <SURNAME/>\""身为男人，不可使用卑鄙手段!\"" <SURNAME/>不管是什么惩罚，我们都甘愿接受!!"", ""<SURNAME/>是! <SURNAME/>\""身为男人，不可使用卑鄙手段!\"" <SURNAME/>不管是什么惩罚，我们都愿意接受!!""]"
local_conflict_review,script:183_8,script:183_8:diag20,frontend/public/games/p2is/groups/script_183_8.json,"
<SURNAME/>あのお…紋章の呪いの謎を教えてくれるって…<pause:30/>
<SURNAME/>嘘だったんですね?
<SURNAME/>じゃあ私、これで失礼させて頂きます。
","
<SURNAME/>那个…说要告诉我纹章诅咒之谜…<pause:30/>
<SURNAME/>是骗我的吧?
<SURNAME/>那么，我就先告辞了。
","[""\\n<SURNAME/>那个…说要告诉我纹章诅咒之谜…<pause:30/>\\n<SURNAME/>原来是骗我的吧?\\n<SURNAME/>那么，我就先告辞了。\\n""]","[""\\n<SURNAME/>那个…说要告诉我纹章诅咒之谜…<pause:30/>\\n<SURNAME/>原来是骗我的吧?\\n<SURNAME/>那么，我就先告辞了。\\n""]"
merged_versions_conflict,script:183_8,script:183_8:diag21,frontend/public/games/p2is/groups/script_183_8.json,"
<SURNAME/>はあ…<pause:30/>
<SURNAME/>わたしたちも帰ろ、<c13/>。
<SURNAME/>ア木らしくて、涙ガ出てきたよ。
","
<SURNAME/>唉…<pause:30/>
<SURNAME/>我们也回吧，<c13/>。
<SURNAME/>蠢得我都要哭了。
","[""\\n<SURNAME/>唉…<pause:30/>\\n<SURNAME/>我们也回去吧，<c13/>。\\n<SURNAME/>蠢得我都要哭了。\\n"", ""<SURNAME/>唉…<pause:30/> <SURNAME/>我们也回去吧，<c13/>。 <SURNAME/>蠢得我都要哭了。""]","[""\\n<SURNAME/>唉…<pause:30/>\\n<SURNAME/>我们也回去吧，<c13/>。\\n<SURNAME/>蠢得我都要哭了。\\n"", ""<SURNAME/>唉…<pause:30/> <SURNAME/>我们也回去吧，<c13/>。 <SURNAME/>蠢得我都要哭了。""]"
merged_versions_conflict,script:183_8,script:183_8:diag26,frontend/public/games/p2is/groups/script_183_8.json,"
<SURNAME/>噂で聞いたよ!
<SURNAME/>あんた、人のパンツ下ろし続けて
<SURNAME/>番長になったんだって?
","
<SURNAME/>传闻我可听说啦!
<SURNAME/>你不是靠扒人内裤扒不停，
<SURNAME/>才当上番长的吗?
","[""\\n<SURNAME/>我可都听说啦!\\n<SURNAME/>你不是靠扒人内裤扒不停，\\n<SURNAME/>才当上番长的吗?\\n"", ""<SURNAME/>我可都听说啦! <SURNAME/>你不是靠扒人内裤扒不停， <SURNAME/>才当上番长的吗?""]","[""\\n<SURNAME/>我可都听说啦!\\n<SURNAME/>你不是靠扒人内裤扒不停，\\n<SURNAME/>才当上番长的吗?\\n"", ""<SURNAME/>我可都听说啦! <SURNAME/>你不是靠扒人内裤扒不停， <SURNAME/>才当上番长的吗?""]"
local_conflict_review,script:183_8,script:183_8:diag27,frontend/public/games/p2is/groups/script_183_8.json,"
<SURNAME/>い、いけねぇ、ミッシェルさん!!
","
<SURNAME/>糟、糟了，米切大哥!!
","[""\\n<SURNAME/>不、不好，米歇尔大哥!!\\n""]","[""\\n<SURNAME/>不、不好，米歇尔大哥!!\\n""]"
merged_versions_conflict,script:183_8,script:183_8:diag3:p0,frontend/public/games/p2is/groups/script_183_8.json,"
<SURNAME/>て、てめぇら!
<SURNAME/>この女ぁ、ほんとに俺のファンなのか!?<pause:30/>
<SURNAME/>普通じゃねぇだろ、こりゃよお!!
","
<SURNAME/>你、你们这帮人!
<SURNAME/>这女的，真是老子的粉丝!?<pause:30/>
<SURNAME/>看着就不正常吧，这家伙!!
","[""\\n<SURNAME/>你、你们这帮人!\\n<SURNAME/>这女的，真是老子的粉丝!?<pause:30/>\\n<SURNAME/>这家伙看着就不正常吧!!\\n"", ""<SURNAME/>你、你们这帮人! <SURNAME/>这女的，真是老子的粉丝!?<pause:30/> <SURNAME/>这家伙看着就不正常吧!!""]","[""\\n<SURNAME/>你、你们这帮人!\\n<SURNAME/>这女的，真是老子的粉丝!?<pause:30/>\\n<SURNAME/>这家伙看着就不正常吧!!\\n"", ""<SURNAME/>你、你们这帮人! <SURNAME/>这女的，真是老子的粉丝!?<pause:30/> <SURNAME/>这家伙看着就不正常吧!!""]"
merged_versions_conflict,script:183_8,script:183_8:diag3:p1,frontend/public/games/p2is/groups/script_183_8.json,"<c1d:7/>三科<SURNAME/>栄吉(みしな<SURNAME/>えいきち)
<SURNAME/><c13/>を付け狙う、春日山高校の2年生。
<SURNAME/>自らをミッシェルと名乗り、
<SURNAME/>番長とバンドヴォーカルを務めるナルシスト。<c1d:1/>
","<c1d:7/>三科<SURNAME/>荣吉
<SURNAME/>紧盯着<c13/>的春日山高中二年级生。
<SURNAME/>自称米切，
<SURNAME/>身兼番长与乐队主唱的自恋狂。<c1d:1/>
","[""<c1d:7/>三科<SURNAME/>荣吉<SURNAME/>\\n紧盯着<c13/>的春日山高中二年级生。\\n<SURNAME/>自称米歇尔，\\n<SURNAME/>身兼番长与乐队主唱的自恋狂。<c1d:1/>\\n"", ""<c1d:7/>三科<SURNAME/>荣吉\\n<SURNAME/>紧盯着<c13/>的春日山高中二年级生。\\n<SURNAME/>自称米歇尔，\\n<SURNAME/>身兼番长与乐队主唱的自恋狂。<c1d:1/>\\n""]","[""<c1d:7/>三科<SURNAME/>荣吉<SURNAME/>\\n紧盯着<c13/>的春日山高中二年级生。\\n<SURNAME/>自称米歇尔，\\n<SURNAME/>身兼番长与乐队主唱的自恋狂。<c1d:1/>\\n"", ""<c1d:7/>三科<SURNAME/>荣吉\\n<SURNAME/>紧盯着<c13/>的春日山高中二年级生。\\n<SURNAME/>自称米歇尔，\\n<SURNAME/>身兼番长与乐队主唱的自恋狂。<c1d:1/>\\n""]"
local_conflict_review,script:183_8,script:183_8:diag4,frontend/public/games/p2is/groups/script_183_8.json,"
<SURNAME/>お、落ち着いて、ミッシェルさん!
","
<SURNAME/>冷、冷静点，米切大哥!
","[""\\n<SURNAME/>冷、冷静点，米歇尔大哥!\\n""]","[""\\n<SURNAME/>冷、冷静点，米歇尔大哥!\\n""]"
merged_versions_conflict,script:183_8,script:183_8:diag5,frontend/public/games/p2is/groups/script_183_8.json,"
<SURNAME/>そ、そうっス。
<SURNAME/>もう少し待てば、
<SURNAME/>セブンスの<c12/>も来るハズっス!
","
<SURNAME/>是、是啊。
<SURNAME/>再等一会儿，
<SURNAME/>七姊妹的<c12/>也会来的!
","[""\\n<SURNAME/>是、是啊。\\n<SURNAME/>再等一会儿，\\n<SURNAME/>七姊妹的<c12/>肯定会来的！\\n"", ""<SURNAME/>是、是啊。 <SURNAME/>再等一会儿， <SURNAME/>七姊妹的<c12/>肯定会来的！""]","[""\\n<SURNAME/>是、是啊。\\n<SURNAME/>再等一会儿，\\n<SURNAME/>七姊妹的<c12/>肯定会来的！\\n"", ""<SURNAME/>是、是啊。 <SURNAME/>再等一会儿， <SURNAME/>七姊妹的<c12/>肯定会来的！""]"
merged_versions_conflict,script:183_8,script:183_8:diag6,frontend/public/games/p2is/groups/script_183_8.json,"
<SURNAME/>あ!?
<SURNAME/>あわあわあわ…!!
","
<SURNAME/>啊!?
<SURNAME/>慌、慌、慌…!!
","[""\\n<SURNAME/>啊!?\\n<SURNAME/>啊哇、啊哇、啊哇…!!\\n"", ""<SURNAME/>啊!? <SURNAME/>啊哇、啊哇、啊哇…!!""]","[""\\n<SURNAME/>啊!?\\n<SURNAME/>啊哇、啊哇、啊哇…!!\\n"", ""<SURNAME/>啊!? <SURNAME/>啊哇、啊哇、啊哇…!!""]"
merged_versions_conflict,script:183_8,script:183_8:diag7,frontend/public/games/p2is/groups/script_183_8.json,"
<SURNAME/>おい…<pause:30/>
<SURNAME/><c12/>ガどうとかってな、なんの話だ?
<SURNAME/>てめぇら、ナニ企んでやガんでい!!
","
<SURNAME/>喂…<pause:30/>
<SURNAME/><c12/>什么的，你说啥呢?
<SURNAME/>你们这帮小子，在搞什么鬼名堂!!
","[""\\n<SURNAME/>喂…<pause:30/>\\n<SURNAME/><c12/>的是怎么个事?\\n<SURNAME/>你们这帮小子，在搞什么鬼名堂!!\\n"", ""<SURNAME/>喂…<pause:30/> <SURNAME/><c12/>的是怎么个事? <SURNAME/>你们这帮小子，在搞什么鬼名堂!!"", ""<SURNAME/>喂…<pause:30/> <SURNAME/><c12/>什么的，是怎么个事? <SURNAME/>你们这帮小子，在搞什么鬼名堂!!""]","[""\\n<SURNAME/>喂…<pause:30/>\\n<SURNAME/><c12/>的是怎么个事?\\n<SURNAME/>你们这帮小子，在搞什么鬼名堂!!\\n"", ""<SURNAME/>喂…<pause:30/> <SURNAME/><c12/>的是怎么个事? <SURNAME/>你们这帮小子，在搞什么鬼名堂!!"", ""<SURNAME/>喂…<pause:30/> <SURNAME/><c12/>什么的，是怎么个事? <SURNAME/>你们这帮小子，在搞什么鬼名堂!!""]"
merged_versions_conflict,script:184_8,script:184_8:diag0,frontend/public/games/p2is/groups/script_184_8.json,"
<SURNAME/>ようこそ、意識と無意識の狭間へ…<pause:30/>
<SURNAME/>私の名はフィレモン。<pause:30/>
<SURNAME/>お忘れかな?
","
<SURNAME/>欢迎来到意识与无意识的狭缝…<pause:30/>
<SURNAME/>吾名菲列蒙。<pause:30/>
<SURNAME/>忘了吗?
","[""\\n<SURNAME/>欢迎来到意识与无意识的夹缝…<pause:30/>\\n<SURNAME/>吾名为费列蒙。<pause:30/>\\n<SURNAME/>您忘了吗?\\n"", ""<SURNAME/>欢迎来到意识与无意识的夹缝…<pause:30/> <SURNAME/>吾名为费列蒙。<pause:30/> <SURNAME/>您忘了吗?"", ""<SURNAME/>欢迎来到意识与无意识的夹缝…<pause:30/> <SURNAME/>吾名为费列蒙。<pause:30/> <SURNAME/>忘了吗?""]","[""\\n<SURNAME/>欢迎来到意识与无意识的夹缝…<pause:30/>\\n<SURNAME/>吾名为费列蒙。<pause:30/>\\n<SURNAME/>您忘了吗?\\n"", ""<SURNAME/>欢迎来到意识与无意识的夹缝…<pause:30/> <SURNAME/>吾名为费列蒙。<pause:30/> <SURNAME/>您忘了吗?"", ""<SURNAME/>欢迎来到意识与无意识的夹缝…<pause:30/> <SURNAME/>吾名为费列蒙。<pause:30/> <SURNAME/>忘了吗?""]"
merged_versions_conflict,script:184_8,script:184_8:diag1,frontend/public/games/p2is/groups/script_184_8.json,"
<SURNAME/>フィレ…モン…?
","
<SURNAME/>菲列…蒙…?
","[""\\n<SURNAME/>费列…蒙…?\\n"", ""<SURNAME/>费列…蒙…?""]","[""\\n<SURNAME/>费列…蒙…?\\n"", ""<SURNAME/>费列…蒙…?""]"
merged_versions_conflict,script:184_8,script:184_8:diag2,frontend/public/games/p2is/groups/script_184_8.json,"
<SURNAME/>そして、諸君ガ持つ力は、「ペルソナ」と呼ぶ。<pause:30/>
<SURNAME/>心の奥底に潜む、神や悪魔のごとき、
<SURNAME/>もう1人の自分を呼び出す力だ。
","
<SURNAME/>而诸位所持之力，称为「Persona」。<pause:30/>
<SURNAME/>乃召唤心灵深处潜藏之神魔般的，
<SURNAME/>另一个自我的力量。
","[""\\n<SURNAME/>而诸位所持之力，称为「Persona」。<pause:30/>\\n<SURNAME/>那是将潜藏于内心深处，如同神魔般的另一个自我，\\n<SURNAME/>召唤显形的力量。\\n"", ""<SURNAME/>而诸位所持之力，称为「Persona」。<pause:30/> <SURNAME/>那是将潜藏于内心深处，如同神魔般的另一个自我， <SURNAME/>召唤显形的力量。"", ""<SURNAME/>而诸位所持之力，称为「Persona」。<pause:30/> <SURNAME/>乃召唤出心灵深处潜藏着的，神魔般的， <SURNAME/>另一个自我的力量。""]","[""\\n<SURNAME/>而诸位所持之力，称为「Persona」。<pause:30/>\\n<SURNAME/>那是将潜藏于内心深处，如同神魔般的另一个自我，\\n<SURNAME/>召唤显形的力量。\\n"", ""<SURNAME/>而诸位所持之力，称为「Persona」。<pause:30/> <SURNAME/>那是将潜藏于内心深处，如同神魔般的另一个自我， <SURNAME/>召唤显形的力量。"", ""<SURNAME/>而诸位所持之力，称为「Persona」。<pause:30/> <SURNAME/>乃召唤出心灵深处潜藏着的，神魔般的， <SURNAME/>另一个自我的力量。""]"
local_conflict_review,script:184_8,script:184_8:diag7,frontend/public/games/p2is/groups/script_184_8.json,"
<SURNAME/>忘却の彼方より時は満ち、
<SURNAME/>今、珠閒瑠の地は、噂ガ現実になる異界と化した…<pause:30/>
<SURNAME/>諸君の未来を紡ぐ戦いは、既に始まっているのだ
","
<SURNAME/>时光自遗忘的彼岸满溢，
<SURNAME/>如今，珠闲瑠之地已化为传闻成真的异界…<pause:30/>
<SURNAME/>编织诸位未来的战斗，已然开始
","[""\\n<SURNAME/>时光自遗忘的彼岸满溢，\\n<SURNAME/>如今，珠闲瑠之地已化为传闻皆成现实的异界…<pause:30/>\\n<SURNAME/>编织诸位未来的战斗，早已拉开序幕\\n""]","[""\\n<SURNAME/>时光自遗忘的彼岸满溢，\\n<SURNAME/>如今，珠闲瑠之地已化为传闻皆成现实的异界…<pause:30/>\\n<SURNAME/>编织诸位未来的战斗，早已拉开序幕\\n""]"
local_conflict_review,script:185_8,script:185_8:diag0,frontend/public/games/p2is/groups/script_185_8.json,"
<SURNAME/>栄吉く…<pause:30/>
<SURNAME/>じゃなくて番長さん!!
<SURNAME/>しっかりして!!
","
<SURNAME/>荣吉君…<pause:30/>
<SURNAME/>不对，番长先生!!
<SURNAME/>振作点!!
","[""\\n<SURNAME/>荣…<pause:30/>\\n<SURNAME/>不是，番长老大!!\\n<SURNAME/>快醒醒啊!!\\n""]","[""\\n<SURNAME/>荣…<pause:30/>\\n<SURNAME/>不是，番长老大!!\\n<SURNAME/>快醒醒啊!!\\n""]"
merged_versions_conflict,script:185_8,script:185_8:diag1,frontend/public/games/p2is/groups/script_185_8.json,"
<SURNAME/>まさか…<pause:30/>
<SURNAME/>夢なんか…見てねぇよな…?
","
<SURNAME/>该不会…<pause:30/>
<SURNAME/>不是…在做梦吧…?
","[""<SURNAME/>怎么会…<pause:30/> <SURNAME/>老子应该…不是在做梦吧…?"", ""<SURNAME/>该不会…<pause:30/> <SURNAME/>不是…我是在做梦吧…?"", ""<SURNAME/>怎么会…<pause:30/> <SURNAME/>应该…不是在做梦吧…?""]","[""<SURNAME/>怎么会…<pause:30/> <SURNAME/>老子应该…不是在做梦吧…?"", ""<SURNAME/>该不会…<pause:30/> <SURNAME/>不是…我是在做梦吧…?"", ""<SURNAME/>怎么会…<pause:30/> <SURNAME/>应该…不是在做梦吧…?""]"
merged_versions_conflict,script:185_8,script:185_8:diag10,frontend/public/games/p2is/groups/script_185_8.json,"
<SURNAME/>ト木木…<pause:30/>
<SURNAME/>なんでオレたちガ…
","
<SURNAME/>呜…<pause:30/>
<SURNAME/>为啥我们也…
","[""<SURNAME/>呜…<pause:30/> <SURNAME/>为啥要我们要打…"", ""<SURNAME/>呜…<pause:30/> <SURNAME/>为啥连我们也要…""]","[""<SURNAME/>呜…<pause:30/> <SURNAME/>为啥要我们要打…"", ""<SURNAME/>呜…<pause:30/> <SURNAME/>为啥连我们也要…""]"
merged_versions_conflict,script:185_8,script:185_8:diag11,frontend/public/games/p2is/groups/script_185_8.json,"
<SURNAME/>じゃ、いくよ…?<pause:30/>
<SURNAME/>ジヨーカー様、ジヨーカー様、
<SURNAME/>おいでください…
","
<SURNAME/>那么，要打了哦…?<pause:30/>
<SURNAME/>小丑大人，小丑大人，
<SURNAME/>请您降临…
","[""<SURNAME/>那么，要打过去了哦…?<pause:30/> <SURNAME/>JOKER大人，JOKER大人， <SURNAME/>请您降临…"", ""<SURNAME/>那么，要打了哦…?<pause:30/> <SURNAME/>JOKER大人，JOKER大人， <SURNAME/>请您降临…""]","[""<SURNAME/>那么，要打过去了哦…?<pause:30/> <SURNAME/>JOKER大人，JOKER大人， <SURNAME/>请您降临…"", ""<SURNAME/>那么，要打了哦…?<pause:30/> <SURNAME/>JOKER大人，JOKER大人， <SURNAME/>请您降临…""]"
merged_versions_conflict,script:185_8,script:185_8:diag12,frontend/public/games/p2is/groups/script_185_8.json,"
<SURNAME/>う…そ…?
","
<SURNAME/>骗…人?
","[""\\n<SURNAME/>不…会…吧?\\n"", ""\\n<SURNAME/>骗…人…的吧?\\n""]","[""\\n<SURNAME/>不…会…吧?\\n"", ""\\n<SURNAME/>骗…人…的吧?\\n""]"
merged_versions_conflict,script:185_8,script:185_8:diag14,frontend/public/games/p2is/groups/script_185_8.json,"
<SURNAME/>どちら…ですか…?
","
<SURNAME/>哪位…?
","[""<SURNAME/>是…谁...?"", ""<SURNAME/>请问是…哪位...?""]","[""<SURNAME/>是…谁...?"", ""<SURNAME/>请问是…哪位...?""]"
merged_versions_conflict,script:185_8,script:185_8:diag16,frontend/public/games/p2is/groups/script_185_8.json,"
<SURNAME/>我はジヨーカー…<pause:30/>
<SURNAME/>夢に煩う汝ガ引いた、最後の切り札。
","
<SURNAME/>吾即小丑…<pause:30/>
<SURNAME/>烦于梦境之汝所抽出的，最后王牌。
","[""<SURNAME/>吾乃JOKER…<pause:30/> <SURNAME/>是被梦想烦恼的汝，所抽出的最后王牌。"", ""<SURNAME/>吾乃JOKER…<pause:30/> <SURNAME/>是为梦想苦的汝，所抽出的最后的王牌。"", ""<SURNAME/>吾乃JOKER…<pause:30/> <SURNAME/>是为梦想苦恼的汝，所抽出的最后的王牌。"", ""<SURNAME/>吾即JOKER…<pause:30/> <SURNAME/>烦于梦境之汝所抽出的，最后王牌。""]","[""<SURNAME/>吾乃JOKER…<pause:30/> <SURNAME/>是被梦想烦恼的汝，所抽出的最后王牌。"", ""<SURNAME/>吾乃JOKER…<pause:30/> <SURNAME/>是为梦想苦的汝，所抽出的最后的王牌。"", ""<SURNAME/>吾乃JOKER…<pause:30/> <SURNAME/>是为梦想苦恼的汝，所抽出的最后的王牌。"", ""<SURNAME/>吾即JOKER…<pause:30/> <SURNAME/>烦于梦境之汝所抽出的，最后王牌。""]"
local_conflict_review,script:185_8,script:185_8:diag17:p0,frontend/public/games/p2is/groups/script_185_8.json,"
<SURNAME/>汝、理想を述べよ…
","
<SURNAME/>汝，述其理想…
","[""<SURNAME/>汝，述说理想吧…""]","[""<SURNAME/>汝，述说理想吧…""]"
merged_versions_conflict,script:185_8,script:185_8:diag17:p1,frontend/public/games/p2is/groups/script_185_8.json,"<c1d:11/>ジヨーカー
<SURNAME/>理想を叶えてくれると噂されている、仮面の怪人。
<SURNAME/>なぜ理想を叶えるのか、その正体は誰なのかなど、
<SURNAME/>一切ガ謎に包まれている。<c1d:1/>
","<c1d:11/>小丑
<SURNAME/>传闻能实现理想的，戴面具的怪人。
<SURNAME/>为何要实现理想，其真身是谁，
<SURNAME/>一切皆笼罩在谜团之中。<c1d:1/>
","[""<c1d:11/>JOKER <SURNAME/>传闻能实现理想的，戴面具的怪人。 <SURNAME/>为何要实现理想，其真身又为何人， <SURNAME/>一切皆笼罩在谜团之中。<c1d:1/>"", ""<c1d:11/>JOKER <SURNAME/>传闻能实现理想的，戴面具的怪人。 <SURNAME/>为何要实现他人的理想，其真身是谁， <SURNAME/>一切皆笼罩在谜团之中。<c1d:1/>"", ""<c1d:11/>JOKER <SURNAME/>传闻能实现理想的，戴面具的怪人。 <SURNAME/>为何要实现理想，其真身是谁， <SURNAME/>一切皆笼罩在谜团之中。<c1d:1/>""]","[""<c1d:11/>JOKER <SURNAME/>传闻能实现理想的，戴面具的怪人。 <SURNAME/>为何要实现理想，其真身又为何人， <SURNAME/>一切皆笼罩在谜团之中。<c1d:1/>"", ""<c1d:11/>JOKER <SURNAME/>传闻能实现理想的，戴面具的怪人。 <SURNAME/>为何要实现他人的理想，其真身是谁， <SURNAME/>一切皆笼罩在谜团之中。<c1d:1/>"", ""<c1d:11/>JOKER <SURNAME/>传闻能实现理想的，戴面具的怪人。 <SURNAME/>为何要实现理想，其真身是谁， <SURNAME/>一切皆笼罩在谜团之中。<c1d:1/>""]"
merged_versions_conflict,script:185_8,script:185_8:diag18,frontend/public/games/p2is/groups/script_185_8.json,"
<SURNAME/>いけない!<SURNAME/>早く理想を言ってください!!
<SURNAME/>ジヨーカー様に理想を言わなかった人は、
<SURNAME/>「影人間」にされてしまうという噂なんです!!
","
<SURNAME/>不行!<SURNAME/>快说出理想!!
<SURNAME/>传闻说，没向小丑大人说出理想的人，
<SURNAME/>会被变成「影子人」!!
","[""<SURNAME/>不好!<SURNAME/>快说出理想!! <SURNAME/>据说没向JOKER大人说出理想的人， <SURNAME/>就会被变成「影子人」的!!"", ""<SURNAME/>不好!<SURNAME/>快说出理想!! <SURNAME/>据说没向JOKER大人说出理想的人， <SURNAME/>会被变成「阴影人」的!!"", ""<SURNAME/>不好!<SURNAME/>快说出理想!! <SURNAME/>据说没向JOKER大人说出理想的人， <SURNAME/>会被变成「影子人」的!!"", ""<SURNAME/>不行!<SURNAME/>快说出理想!! <SURNAME/>传闻说，没向JOKER大人说出理想的人， <SURNAME/>会被变成「影子人」的!!""]","[""<SURNAME/>不好!<SURNAME/>快说出理想!! <SURNAME/>据说没向JOKER大人说出理想的人， <SURNAME/>就会被变成「影子人」的!!"", ""<SURNAME/>不好!<SURNAME/>快说出理想!! <SURNAME/>据说没向JOKER大人说出理想的人， <SURNAME/>会被变成「阴影人」的!!"", ""<SURNAME/>不好!<SURNAME/>快说出理想!! <SURNAME/>据说没向JOKER大人说出理想的人， <SURNAME/>会被变成「影子人」的!!"", ""<SURNAME/>不行!<SURNAME/>快说出理想!! <SURNAME/>传闻说，没向JOKER大人说出理想的人， <SURNAME/>会被变成「影子人」的!!""]"
merged_versions_conflict,script:185_8,script:185_8:diag19,frontend/public/games/p2is/groups/script_185_8.json,"
<SURNAME/>切り札はスポイルされた…
","
<SURNAME/>王牌已遭废弃…
","[""<SURNAME/>底牌已被废止…"", ""<SURNAME/>底牌已经被识破…""]","[""<SURNAME/>底牌已被废止…"", ""<SURNAME/>底牌已经被识破…""]"
merged_versions_conflict,script:185_8,script:185_8:diag2,frontend/public/games/p2is/groups/script_185_8.json,"
<SURNAME/>やっぱり…<pause:30/>
<SURNAME/>見たよ…わたしも。
<SURNAME/>あれ、ペルソナって…いうんでしょ?
","
<SURNAME/>果然…<pause:30/>
<SURNAME/>我也看见了。
<SURNAME/>那个，就叫 Persona 是吧?
","[""<SURNAME/>果然…<pause:30/> <SURNAME/>我也看见了。 <SURNAME/>那个，是叫 人格面具（PERSONA） 对吧?"", ""<SURNAME/>果然…<pause:30/> <SURNAME/>我也看见了。 <SURNAME/>那个，是叫 Persona 对吧?""]","[""<SURNAME/>果然…<pause:30/> <SURNAME/>我也看见了。 <SURNAME/>那个，是叫 人格面具（PERSONA） 对吧?"", ""<SURNAME/>果然…<pause:30/> <SURNAME/>我也看见了。 <SURNAME/>那个，是叫 Persona 对吧?""]"
merged_versions_conflict,script:185_8,script:185_8:diag20,frontend/public/games/p2is/groups/script_185_8.json,"
<SURNAME/>汝ガBETしたのは「夢見る心」…<pause:30/>
<SURNAME/>儀式のルールに従い、貰い受ける。
","
<SURNAME/>汝所押注的是「逐梦之心」…<pause:30/>
<SURNAME/>依仪式之规，我便收下。
","[""<SURNAME/>汝所押注的是「梦想之心」…<pause:30/> <SURNAME/>依仪式之规，吾便收下了。"", ""<SURNAME/>汝所押注的是「逐梦之心」…<pause:30/> <SURNAME/>依仪式之规，吾便收下了。"", ""<SURNAME/>汝所押注的是「逐梦之心」…<pause:30/> <SURNAME/>依仪式之规，吾便收下。""]","[""<SURNAME/>汝所押注的是「梦想之心」…<pause:30/> <SURNAME/>依仪式之规，吾便收下了。"", ""<SURNAME/>汝所押注的是「逐梦之心」…<pause:30/> <SURNAME/>依仪式之规，吾便收下了。"", ""<SURNAME/>汝所押注的是「逐梦之心」…<pause:30/> <SURNAME/>依仪式之规，吾便收下。""]"
local_conflict_review,script:185_8,script:185_8:diag23,frontend/public/games/p2is/groups/script_185_8.json,"
<SURNAME/>て、てめぇ…<pause:30/>
<SURNAME/>一体ぇなにしやガった!?
","
<SURNAME/>你、你这家伙…<pause:30/>
<SURNAME/>到底干了啥!?
","[""<SURNAME/>你、你这家伙…<pause:30/> <SURNAME/>到底做了什么!?""]","[""<SURNAME/>你、你这家伙…<pause:30/> <SURNAME/>到底做了什么!?""]"
merged_versions_conflict,script:185_8,script:185_8:diag24,frontend/public/games/p2is/groups/script_185_8.json,"
<SURNAME/>理想とは、力無き者からすれば苦痛でしかない。
<SURNAME/>その苦しみから解放してやっただけのこと…<pause:30/>
<SURNAME/>叶わぬ夢なら、見ぬ方ガましだ…
","
<SURNAME/>理想，于无力者而言只是苦痛。
<SURNAME/>我不过将其从苦痛中解放罢了…<pause:30/>
<SURNAME/>无法实现的梦，不如不做…
","[""<SURNAME/>理想，于无力者而言只有痛苦。 <SURNAME/>我不过将他们从痛苦中解放罢了…<pause:30/> <SURNAME/>无法实现的梦想，不如没有…\\n"", ""<SURNAME/>理想，于无力者而言只有痛苦。 <SURNAME/>我不过将他们从痛苦中解放罢了…<pause:30/> <SURNAME/>既然梦想无法成真，那不如一开始就别做…"", ""<SURNAME/>理想，于无力者而言只有痛苦。 <SURNAME/>我不过将他们从痛苦中解放罢了…<pause:30/> <SURNAME/>无法实现的梦，不如不做…""]","[""<SURNAME/>理想，于无力者而言只有痛苦。 <SURNAME/>我不过将他们从痛苦中解放罢了…<pause:30/> <SURNAME/>无法实现的梦想，不如没有…\\n"", ""<SURNAME/>理想，于无力者而言只有痛苦。 <SURNAME/>我不过将他们从痛苦中解放罢了…<pause:30/> <SURNAME/>既然梦想无法成真，那不如一开始就别做…"", ""<SURNAME/>理想，于无力者而言只有痛苦。 <SURNAME/>我不过将他们从痛苦中解放罢了…<pause:30/> <SURNAME/>无法实现的梦，不如不做…""]"
merged_versions_conflict,script:185_8,script:185_8:diag25,frontend/public/games/p2is/groups/script_185_8.json,"
<SURNAME/>彼らは夢の抜け殻…<pause:30/>
<SURNAME/>見えてはいるガ見えていない。
<SURNAME/>世の中から忘れられ、やガては本当の影になる。
","
<SURNAME/>他们已成梦的空壳…<pause:30/>
<SURNAME/>看似可见，实则不见。
<SURNAME/>将被世人遗忘，终将化为真正的影子。
","[""<SURNAME/>他们已经是梦想的空壳…<pause:30/> <SURNAME/>看似可见，实则不见。 <SURNAME/>他们终将被世人遗忘，化为真正的影子。"", ""<SURNAME/>他们已成梦的空壳…<pause:30/> <SURNAME/>看似可见，实则不见。 <SURNAME/>他们将被世人遗忘，最终化为真正的影子。"", ""<SURNAME/>他们已成梦的空壳…<pause:30/> <SURNAME/>看似可见，实则不见。 <SURNAME/>他们终将被世人遗忘，化为真正的影子。""]","[""<SURNAME/>他们已经是梦想的空壳…<pause:30/> <SURNAME/>看似可见，实则不见。 <SURNAME/>他们终将被世人遗忘，化为真正的影子。"", ""<SURNAME/>他们已成梦的空壳…<pause:30/> <SURNAME/>看似可见，实则不见。 <SURNAME/>他们将被世人遗忘，最终化为真正的影子。"", ""<SURNAME/>他们已成梦的空壳…<pause:30/> <SURNAME/>看似可见，实则不见。 <SURNAME/>他们终将被世人遗忘，化为真正的影子。""]"
merged_versions_conflict,script:185_8,script:185_8:diag26,frontend/public/games/p2is/groups/script_185_8.json,"
<SURNAME/>戯れ言はここまでだ。
<SURNAME/>貴様らには、別の用ガある…
","
<SURNAME/>戏言到此为止。
<SURNAME/>对你们，我另有事要办…
","[""<SURNAME/>闲聊到此为止。 <SURNAME/>至于你们，我还有别的用处…"", ""<SURNAME/>闲聊到此为止。 <SURNAME/>至于你们，我另有事要办…"", ""<SURNAME/>戏言到此为止。 <SURNAME/>至于你们，我另有事要办…""]","[""<SURNAME/>闲聊到此为止。 <SURNAME/>至于你们，我还有别的用处…"", ""<SURNAME/>闲聊到此为止。 <SURNAME/>至于你们，我另有事要办…"", ""<SURNAME/>戏言到此为止。 <SURNAME/>至于你们，我另有事要办…""]"
merged_versions_conflict,script:185_8,script:185_8:diag27,frontend/public/games/p2is/groups/script_185_8.json,"
<SURNAME/>動け…ない…!<pause:30/>
<SURNAME/>怖いの…!?
","
<SURNAME/>动不…了!<pause:30/>
<SURNAME/>是害怕…!?
","[""<SURNAME/>动不…了!<pause:30/> <SURNAME/>我是在…在害怕!?"", ""<SURNAME/>动不…了!<pause:30/> <SURNAME/>我在害怕…!?""]","[""<SURNAME/>动不…了!<pause:30/> <SURNAME/>我是在…在害怕!?"", ""<SURNAME/>动不…了!<pause:30/> <SURNAME/>我在害怕…!?""]"
merged_versions_conflict,script:185_8,script:185_8:diag28,frontend/public/games/p2is/groups/script_185_8.json,"
<SURNAME/>永かったぞ、<c12/><SURNAME/><c13/>…<pause:30/>
<SURNAME/>僕は待っていた…<pause:30/>
<SURNAME/>貴様らガ僕を呼び出すこの時を!!
","
<SURNAME/>等候多时了，<c12/><SURNAME/><c13/>…<pause:30/>
<SURNAME/>我一直在等…<pause:30/>
<SURNAME/>等你们呼唤出我的这一刻!!
","[""<SURNAME/>等你很久了，<c12/><SURNAME/><c13/>…<pause:30/> <SURNAME/>我一直在等…<pause:30/> <SURNAME/>等着你们亲手将我召唤的这一刻!!"", ""<SURNAME/>真是让人好等啊，<c12/><SURNAME/><c13/>…<pause:30/> <SURNAME/>我一直在等…<pause:30/> <SURNAME/>等着你们亲手将我唤醒的这一刻!!"", ""<SURNAME/>我等这一刻很久了，<c12/><SURNAME/><c13/>…<pause:30/> <SURNAME/>我一直在等…<pause:30/> <SURNAME/>等你们把我呼唤出来的这一刻!!""]","[""<SURNAME/>等你很久了，<c12/><SURNAME/><c13/>…<pause:30/> <SURNAME/>我一直在等…<pause:30/> <SURNAME/>等着你们亲手将我召唤的这一刻!!"", ""<SURNAME/>真是让人好等啊，<c12/><SURNAME/><c13/>…<pause:30/> <SURNAME/>我一直在等…<pause:30/> <SURNAME/>等着你们亲手将我唤醒的这一刻!!"", ""<SURNAME/>我等这一刻很久了，<c12/><SURNAME/><c13/>…<pause:30/> <SURNAME/>我一直在等…<pause:30/> <SURNAME/>等你们把我呼唤出来的这一刻!!""]"
merged_versions_conflict,script:185_8,script:185_8:diag3,frontend/public/games/p2is/groups/script_185_8.json,"
<SURNAME/>噂ガ現実になるだの、
<SURNAME/>未来ガどうだのって…やつもか?<pause:30/>
<SURNAME/>偶然にしちゃ、出来過ぎてるぜ…
","
<SURNAME/>传闻成真啦、
<SURNAME/>预言未来啥的…那玩意儿也是?<pause:30/>
<SURNAME/>就算是偶然，也太巧得过分了…
","[""<SURNAME/>说什么传闻成真，<SURNAME/>未来怎么怎么样的…说的就是这玩意?<pause:30/> <SURNAME/>就算是巧合，也太巧得过分了…"", ""<SURNAME/>说什么传闻成真，<SURNAME/>未来怎么怎么样的…连那种事情也是吗?<pause:30/> <SURNAME/>就算是偶然，也太巧得过分了…"", ""<SURNAME/>说什么传闻成真、 <SURNAME/>未来怎么怎么样的…那种事情也是吗?<pause:30/> <SURNAME/>就算是偶然，也太巧得过分了…""]","[""<SURNAME/>说什么传闻成真，<SURNAME/>未来怎么怎么样的…说的就是这玩意?<pause:30/> <SURNAME/>就算是巧合，也太巧得过分了…"", ""<SURNAME/>说什么传闻成真，<SURNAME/>未来怎么怎么样的…连那种事情也是吗?<pause:30/> <SURNAME/>就算是偶然，也太巧得过分了…"", ""<SURNAME/>说什么传闻成真、 <SURNAME/>未来怎么怎么样的…那种事情也是吗?<pause:30/> <SURNAME/>就算是偶然，也太巧得过分了…""]"
merged_versions_conflict,script:185_8,script:185_8:diag4,frontend/public/games/p2is/groups/script_185_8.json,"
<SURNAME/>ねぇ…<pause:30/>
<SURNAME/>ジヨーカー様、試してみない…?
","
<SURNAME/>呐…<pause:30/>
<SURNAME/>要不要试试小丑大人…?
","[""<SURNAME/>我说…<pause:30/> <SURNAME/>要不要试试玩JOKER大人的游戏…?"", ""<SURNAME/>我说…<pause:30/> <SURNAME/>要不要试试JOKER大人…?"", ""<SURNAME/>呐…<pause:30/> <SURNAME/>要不要试试JOKER大人…?""]","[""<SURNAME/>我说…<pause:30/> <SURNAME/>要不要试试玩JOKER大人的游戏…?"", ""<SURNAME/>我说…<pause:30/> <SURNAME/>要不要试试JOKER大人…?"", ""<SURNAME/>呐…<pause:30/> <SURNAME/>要不要试试JOKER大人…?""]"
merged_versions_conflict,script:185_8,script:185_8:diag5,frontend/public/games/p2is/groups/script_185_8.json,"
<SURNAME/>自分の携帯から、
<SURNAME/>自分の携帯に電話すっと出てくるって、アレか?<pause:30/>
<SURNAME/>なんで、んなこと…
","
<SURNAME/>就是用自己的手机打给自己手机，
<SURNAME/>就会接通的那个吗?<pause:30/>
<SURNAME/>为啥要做那种…
","[""<SURNAME/>就是用自己的手机打给自己手机， <SURNAME/>然后会接通的那个吗?<pause:30/> <SURNAME/>为什么要干这种事…"", ""<SURNAME/>就是用自己的手机打给自己手机， <SURNAME/>就会接通的那个吗?<pause:30/> <SURNAME/>为啥要做那种事…"", ""<SURNAME/>就是用自己的手机打给自己手机， <SURNAME/>然后会接通的那个吗?<pause:30/> <SURNAME/>为什么要做那种…""]","[""<SURNAME/>就是用自己的手机打给自己手机， <SURNAME/>然后会接通的那个吗?<pause:30/> <SURNAME/>为什么要干这种事…"", ""<SURNAME/>就是用自己的手机打给自己手机， <SURNAME/>就会接通的那个吗?<pause:30/> <SURNAME/>为啥要做那种事…"", ""<SURNAME/>就是用自己的手机打给自己手机， <SURNAME/>然后会接通的那个吗?<pause:30/> <SURNAME/>为什么要做那种…""]"
merged_versions_conflict,script:185_8,script:185_8:diag6,frontend/public/games/p2is/groups/script_185_8.json,"
<SURNAME/>あれガただの夢なのか、確かめたいの…<pause:30/>
<SURNAME/>ほんとに噂ガ現実になれば、
<SURNAME/>ただの夢じゃないってことになるよ…
","
<SURNAME/>我想确认刚才那个是不是只是梦…<pause:30/>
<SURNAME/>如果传闻真的成真，
<SURNAME/>就说明不是单纯的梦了…
","[""<SURNAME/>我想确认刚才那个是不是只是梦…<pause:30/> <SURNAME/>如果传闻真的会成真的话，<SURNAME/>就说明刚才发生的绝不只是个梦…"", ""<SURNAME/>我想确认刚才那个是不是只是梦…<pause:30/> <SURNAME/>如果传闻真的会成真的话，<SURNAME/>那就不是单纯的梦那么简单了…""]","[""<SURNAME/>我想确认刚才那个是不是只是梦…<pause:30/> <SURNAME/>如果传闻真的会成真的话，<SURNAME/>就说明刚才发生的绝不只是个梦…"", ""<SURNAME/>我想确认刚才那个是不是只是梦…<pause:30/> <SURNAME/>如果传闻真的会成真的话，<SURNAME/>那就不是单纯的梦那么简单了…""]"
merged_versions_conflict,script:185_8,script:185_8:diag7,frontend/public/games/p2is/groups/script_185_8.json,"
<SURNAME/>俺ぁ降りるぜ…<pause:30/>
<SURNAME/>んなこと、絶対ありえねぇ…
","
<SURNAME/>老子不干了…<pause:30/>
<SURNAME/>这种事，绝对不可能…
","[""\\n<SURNAME/>老子才不干…<pause:30/>\\n<SURNAME/>这种邪门事儿，绝对不可能发生…\\n"", ""\\n<SURNAME/>老子不干了…<pause:30/>\\n<SURNAME/>这种邪门事儿，绝对不可能发生…\\n""]","[""\\n<SURNAME/>老子才不干…<pause:30/>\\n<SURNAME/>这种邪门事儿，绝对不可能发生…\\n"", ""\\n<SURNAME/>老子不干了…<pause:30/>\\n<SURNAME/>这种邪门事儿，绝对不可能发生…\\n""]"
local_conflict_review,script:185_8,script:185_8:diag8,frontend/public/games/p2is/groups/script_185_8.json,"
<SURNAME/>だから証明になるんだよ…<pause:30/>
<SURNAME/>ひょっとして…<pause:30/>
<SURNAME/>怖いの…?
","
<SURNAME/>所以才能拿来证明啊…<pause:30/>
<SURNAME/>难道…<pause:30/>
<SURNAME/>你怕了…?
","[""\\n<SURNAME/>所以才要去证实啊…<pause:30/>\\n<SURNAME/>难道…<pause:30/>\\n<SURNAME/>你怕了…?\\n""]","[""\\n<SURNAME/>所以才要去证实啊…<pause:30/>\\n<SURNAME/>难道…<pause:30/>\\n<SURNAME/>你怕了…?\\n""]"
merged_versions_conflict,script:185_8,script:185_8:diag9,frontend/public/games/p2is/groups/script_185_8.json,"
<SURNAME/>わかったよ…<pause:30/>
<SURNAME/>確かに、あんな夢見たまんまじゃ、気分ガ悪い。
<SURNAME/>厄払いのつもりで、試してみようじゃねぇか。
","
<SURNAME/>知道了…<pause:30/>
<SURNAME/>确实，就那么做完那种梦走人，心里不痛快。
<SURNAME/>就当辟邪，试试看吧。
","[""<SURNAME/>行了行了…<pause:30/> <SURNAME/>确实，做完那种梦就这么走人，心里也不痛快。 <SURNAME/>就当作辟邪，试一下吧。"", ""<SURNAME/>行了行了…<pause:30/> <SURNAME/>确实，做完那种梦就这么走人，心里也不痛快。 <SURNAME/>就当作辟邪，试试看吧。"", ""<SURNAME/>知道了…<pause:30/> <SURNAME/>确实，就那么做完那种梦走人，心里也不痛快。 <SURNAME/>就当辟邪，试试看吧。""]","[""<SURNAME/>行了行了…<pause:30/> <SURNAME/>确实，做完那种梦就这么走人，心里也不痛快。 <SURNAME/>就当作辟邪，试一下吧。"", ""<SURNAME/>行了行了…<pause:30/> <SURNAME/>确实，做完那种梦就这么走人，心里也不痛快。 <SURNAME/>就当作辟邪，试试看吧。"", ""<SURNAME/>知道了…<pause:30/> <SURNAME/>确实，就那么做完那种梦走人，心里也不痛快。 <SURNAME/>就当辟邪，试试看吧。""]"
merged_versions_conflict,script:186_8,script:186_8:diag0,frontend/public/games/p2is/groups/script_186_8.json,"
<SURNAME/>その目…<pause:30/>
<SURNAME/>変わらないな、貴様は…<pause:30/>
<SURNAME/>人の夢の骸の上で、一体どんな夢を見た?
","
<SURNAME/>那双眼睛…<pause:30/>
<SURNAME/>一点没变啊，你这家伙…<pause:30/>
<SURNAME/>在人类梦想的残骸上，你到底做了什么梦?
","[""\\n<SURNAME/>你这眼神…<pause:30/>\\n<SURNAME/>真是都一点都没变啊，你这家伙…<pause:30/>\\n<SURNAME/>踩在别人梦想的残骸上，又做了什么美梦呢?\\n"", ""<SURNAME/>你那眼神…<pause:30/> <SURNAME/>你这家伙，一点都没变啊…<pause:30/> <SURNAME/>踩在他人梦想的残骸上的你，又做了什么美梦呢?""]","[""\\n<SURNAME/>你这眼神…<pause:30/>\\n<SURNAME/>真是都一点都没变啊，你这家伙…<pause:30/>\\n<SURNAME/>踩在别人梦想的残骸上，又做了什么美梦呢?\\n"", ""<SURNAME/>你那眼神…<pause:30/> <SURNAME/>你这家伙，一点都没变啊…<pause:30/> <SURNAME/>踩在他人梦想的残骸上的你，又做了什么美梦呢?""]"
local_conflict_review,script:186_8,script:186_8:diag10,frontend/public/games/p2is/groups/script_186_8.json,"
<SURNAME/>もう、わかったはずだ…<pause:30/>
<SURNAME/>僕ガ何のために、貴様らの前に現れたのか…
","
<SURNAME/>你们应该已经明白了…<pause:30/>
<SURNAME/>我为何出现在你们面前…
","[""\\n<SURNAME/>你们应该已经明白了吧…<pause:30/>\\n<SURNAME/>我为何出现在你们面前!!\\n""]","[""\\n<SURNAME/>你们应该已经明白了吧…<pause:30/>\\n<SURNAME/>我为何出现在你们面前!!\\n""]"
merged_versions_conflict,script:186_8,script:186_8:diag11,frontend/public/games/p2is/groups/script_186_8.json,"
<SURNAME/>隠してもわかる。
<SURNAME/>貴様は…自分ガ何をしたいかもわからぬ愚か者だ。
","
<SURNAME/>就算隐瞒我也知道。
<SURNAME/>你这家伙…是个连自己想做什么都不懂的蠢货。
","[""\\n<SURNAME/>就算隐瞒我也知道。\\n<SURNAME/>你这家伙…是个连自己想做什么都不知道的蠢货。\\n"", ""<SURNAME/>就算隐瞒我也知道。 <SURNAME/>你这家伙…是个连自己想做什么都不知道的蠢货。""]","[""\\n<SURNAME/>就算隐瞒我也知道。\\n<SURNAME/>你这家伙…是个连自己想做什么都不知道的蠢货。\\n"", ""<SURNAME/>就算隐瞒我也知道。 <SURNAME/>你这家伙…是个连自己想做什么都不知道的蠢货。""]"
merged_versions_conflict,script:186_8,script:186_8:diag12,frontend/public/games/p2is/groups/script_186_8.json,"
<SURNAME/>クックック…<pause:30/>
<SURNAME/>アーハッハッハ!!
<SURNAME/>そう…貴様らに夢を見る資格などあるものか!
","
<SURNAME/>咯咯咯…<pause:30/>
<SURNAME/>啊哈哈!!
<SURNAME/>没错…你们哪有资格做梦!
","[""\\n<SURNAME/>咯咯咯…<pause:30/>\\n<SURNAME/>啊哈哈!!\\n<SURNAME/>没错…你们根本不配拥有梦想!\\n"", ""<SURNAME/>咯咯咯…<pause:30/> <SURNAME/>啊哈哈!! <SURNAME/>没错…你们根本不配拥有梦想!""]","[""\\n<SURNAME/>咯咯咯…<pause:30/>\\n<SURNAME/>啊哈哈!!\\n<SURNAME/>没错…你们根本不配拥有梦想!\\n"", ""<SURNAME/>咯咯咯…<pause:30/> <SURNAME/>啊哈哈!! <SURNAME/>没错…你们根本不配拥有梦想!""]"
local_conflict_review,script:186_8,script:186_8:diag14,frontend/public/games/p2is/groups/script_186_8.json,"
<SURNAME/>隠してもわかる。
<SURNAME/>やりたいことを…探したかった。
<SURNAME/>そうだな?
","
<SURNAME/>就算隐瞒我也知道。
<SURNAME/>你想寻找…想做的事。
<SURNAME/>是不是?
","[""\\n<SURNAME/>就算隐瞒我也知道。\\n<SURNAME/>你在寻找…想做的事。\\n<SURNAME/>是不是?\\n""]","[""\\n<SURNAME/>就算隐瞒我也知道。\\n<SURNAME/>你在寻找…想做的事。\\n<SURNAME/>是不是?\\n""]"
local_conflict_review,script:186_8,script:186_8:diag15,frontend/public/games/p2is/groups/script_186_8.json,"
<SURNAME/>クックック…<pause:30/>
<SURNAME/>アーハッハッハ!!
<SURNAME/>貴様らに、夢など見させるものか!!
","
<SURNAME/>咯咯咯…<pause:30/>
<SURNAME/>啊哈哈!!
<SURNAME/>休想做梦!!
","[""\\n<SURNAME/>咯咯咯…<pause:30/>\\n<SURNAME/>啊哈哈!!\\n<SURNAME/>我才不会让你们去寻找梦想!!\\n""]","[""\\n<SURNAME/>咯咯咯…<pause:30/>\\n<SURNAME/>啊哈哈!!\\n<SURNAME/>我才不会让你们去寻找梦想!!\\n""]"
local_conflict_review,script:186_8,script:186_8:diag17,frontend/public/games/p2is/groups/script_186_8.json,"
<SURNAME/>知るか、よお…
","
<SURNAME/>谁知道啊，喂…
","[""\\n<SURNAME/>鬼知道啊，喂…\\n""]","[""\\n<SURNAME/>鬼知道啊，喂…\\n""]"
merged_versions_conflict,script:186_8,script:186_8:diag19,frontend/public/games/p2is/groups/script_186_8.json,"
<SURNAME/>本当に…<pause:30/>
<SURNAME/>覚えていないのか!?
","
<SURNAME/>真的…<pause:30/>
<SURNAME/>不记得了吗!?
","[""\\n<SURNAME/>真的…<pause:30/>\\n<SURNAME/>都不记得了吗!?\\n"", ""<SURNAME/>真的…<pause:30/> <SURNAME/>都不记得了吗!?""]","[""\\n<SURNAME/>真的…<pause:30/>\\n<SURNAME/>都不记得了吗!?\\n"", ""<SURNAME/>真的…<pause:30/> <SURNAME/>都不记得了吗!?""]"
merged_versions_conflict,script:186_8,script:186_8:diag22,frontend/public/games/p2is/groups/script_186_8.json,"
<SURNAME/>命拾いしたな…<pause:30/>
<SURNAME/>だガ、休む暇は無いぞ…<pause:30/>
<SURNAME/>我ガ配下の悪魔ガ、刺客となって貴様らを襲う。
","
<SURNAME/>捡回一命了呢…<pause:30/>
<SURNAME/>但是，没时间休息了…<pause:30/>
<SURNAME/>我手下的恶魔，会作为刺客袭击你们。
","[""\\n<SURNAME/>捡回一条命了呢…<pause:30/>\\n<SURNAME/>但是，你们可没时间休息了…<pause:30/>\\n<SURNAME/>我手下的恶魔，会化为刺客追杀你们。\\n"", ""<SURNAME/>捡回一命了呢…<pause:30/> <SURNAME/>但是，你们可没时间休息…<pause:30/> <SURNAME/>我手下的恶魔，会作为刺客袭击你们。""]","[""\\n<SURNAME/>捡回一条命了呢…<pause:30/>\\n<SURNAME/>但是，你们可没时间休息了…<pause:30/>\\n<SURNAME/>我手下的恶魔，会化为刺客追杀你们。\\n"", ""<SURNAME/>捡回一命了呢…<pause:30/> <SURNAME/>但是，你们可没时间休息…<pause:30/> <SURNAME/>我手下的恶魔，会作为刺客袭击你们。""]"
merged_versions_conflict,script:186_8,script:186_8:diag23,frontend/public/games/p2is/groups/script_186_8.json,"
<SURNAME/>この<c1d:9/>アイリス<c1d:1/>ガ、貴様らの極印だ…<pause:30/>
<SURNAME/>走り続けろ。そして、犯した罪を思い出せ!!
<SURNAME/>その時こそ、我ガ復讐の成就する時だ!!
","
<SURNAME/>这个<c1d:9/>Iris<c1d:1/>是你们的纹章…<pause:30/>
<SURNAME/>继续奔跑吧。然后，想起犯下的罪!!
<SURNAME/>那时，正是我复仇成就之时!!
","[""\\n<SURNAME/>这朵<c1d:9/>鸢尾花<c1d:1/>就是打在你们身上的烙印…<pause:30/>\\n<SURNAME/>继续奔逃吧。然后，想起犯下的罪!!\\n<SURNAME/>到了那时，就是我复仇成就之时!!\\n"", ""<SURNAME/>这朵<c1d:9/>鸢尾花<c1d:1/>就是打在你们身上的烙印…<pause:30/> <SURNAME/>继续奔跑吧。然后，想起犯下的罪!! <SURNAME/>到了那时，就是我复仇成就之时!!""]","[""\\n<SURNAME/>这朵<c1d:9/>鸢尾花<c1d:1/>就是打在你们身上的烙印…<pause:30/>\\n<SURNAME/>继续奔逃吧。然后，想起犯下的罪!!\\n<SURNAME/>到了那时，就是我复仇成就之时!!\\n"", ""<SURNAME/>这朵<c1d:9/>鸢尾花<c1d:1/>就是打在你们身上的烙印…<pause:30/> <SURNAME/>继续奔跑吧。然后，想起犯下的罪!! <SURNAME/>到了那时，就是我复仇成就之时!!""]"
local_conflict_review,script:186_8,script:186_8:diag24,frontend/public/games/p2is/groups/script_186_8.json,"
<SURNAME/>すまねぇ、ケン…<pause:30/>
<SURNAME/>俺ガ…あんなことさせなきゃ…
","
<SURNAME/>对不起，健…<pause:30/>
<SURNAME/>我不该…让你做那种事…
","[""\\n<SURNAME/>对不起，健…<pause:30/>\\n<SURNAME/>我不该…让你做这种事…\\n""]","[""\\n<SURNAME/>对不起，健…<pause:30/>\\n<SURNAME/>我不该…让你做这种事…\\n""]"
local_conflict_review,script:186_8,script:186_8:diag25,frontend/public/games/p2is/groups/script_186_8.json,"
<SURNAME/>あの…<pause:30/>
<SURNAME/>栄吉く…番長さんは、
<SURNAME/>一体誰と話してらっしゃるんですか?
","
<SURNAME/>那个…<pause:30/>
<SURNAME/>荣吉君…番长大人，
<SURNAME/>你到底在和谁说话呢?
","[""\\n<SURNAME/>那个…<pause:30/>\\n<SURNAME/>荣吉君…番长大人，\\n<SURNAME/>他到底在和谁说话呢?\\n""]","[""\\n<SURNAME/>那个…<pause:30/>\\n<SURNAME/>荣吉君…番长大人，\\n<SURNAME/>他到底在和谁说话呢?\\n""]"
merged_versions_conflict,script:186_8,script:186_8:diag26,frontend/public/games/p2is/groups/script_186_8.json,"
<SURNAME/>ほんとに、忘れちゃったんだ…<pause:30/>
","
<SURNAME/>…真的忘光光啦…<pause:30/>
","[""\\n<SURNAME/>真的忘掉了…<pause:30/>\\n"", ""<SURNAME/>…真的忘掉了…<pause:30/>""]","[""\\n<SURNAME/>真的忘掉了…<pause:30/>\\n"", ""<SURNAME/>…真的忘掉了…<pause:30/>""]"
merged_versions_conflict,script:186_8,script:186_8:diag27,frontend/public/games/p2is/groups/script_186_8.json,"
<SURNAME/>まさか、ジヨーカーガ本当にいたなんて…<pause:30/>
<SURNAME/>でも、なんでわたしたちガ
<SURNAME/>復讐されなきゃいけないの?
","
<SURNAME/>居然…小丑真的存在…<pause:30/>
<SURNAME/>可为啥我们非得
<SURNAME/>被报复不可啊?
","[""\\n<SURNAME/>JOKER...居然真的存在…<pause:30/>\\n<SURNAME/>可是为什么我们非得 \\n<SURNAME/>被他报复不可啊?\\n"", ""<SURNAME/>JOKER...居然真的存在…<pause:30/> <SURNAME/>可是为什么我们非得 <SURNAME/>被他报复不可啊?""]","[""\\n<SURNAME/>JOKER...居然真的存在…<pause:30/>\\n<SURNAME/>可是为什么我们非得 \\n<SURNAME/>被他报复不可啊?\\n"", ""<SURNAME/>JOKER...居然真的存在…<pause:30/> <SURNAME/>可是为什么我们非得 <SURNAME/>被他报复不可啊?""]"
merged_versions_conflict,script:186_8,script:186_8:diag29,frontend/public/games/p2is/groups/script_186_8.json,"
<SURNAME/>ケンよお…<pause:30/>
<SURNAME/>お前、ボクシングのチャンプになるんだよな…?<pause:30/>
<SURNAME/>景気のいいテーマソングを、俺ガ歌ってよお…
","
<SURNAME/>健啊…<pause:30/>
<SURNAME/>你小子…不是要当拳击冠军么…?<pause:30/>
<SURNAME/>老子给你唱首热血主题曲吧Baby~木哦哦哦!
","[""\\n<SURNAME/>健啊…<pause:30/>\\n<SURNAME/>你小子…不是想当拳击冠军的吗…?<pause:30/>\\n<SURNAME/>我们还说好了、要我来给你唱首带劲的主题曲...\\n"", ""<SURNAME/>健啊…<pause:30/> <SURNAME/>你小子…不是想当拳击冠军的吗…?<pause:30/> <SURNAME/>我们还说好了、要我来给你唱首带劲的主题曲...""]","[""\\n<SURNAME/>健啊…<pause:30/>\\n<SURNAME/>你小子…不是想当拳击冠军的吗…?<pause:30/>\\n<SURNAME/>我们还说好了、要我来给你唱首带劲的主题曲...\\n"", ""<SURNAME/>健啊…<pause:30/> <SURNAME/>你小子…不是想当拳击冠军的吗…?<pause:30/> <SURNAME/>我们还说好了、要我来给你唱首带劲的主题曲...""]"
merged_versions_conflict,script:186_8,script:186_8:diag30,frontend/public/games/p2is/groups/script_186_8.json,"
<SURNAME/>すまねぇ…約束したのに…<pause:30/>
<SURNAME/>俺ガあんなことさせなきゃ…<pause:30/>
<SURNAME/>チクシヨォォ!!
","
<SURNAME/>对不住…说好要唱的…<pause:30/>
<SURNAME/>都怪老子让你干那事…<pause:30/>
<SURNAME/>畜牲!!
","[""\\n<SURNAME/>对不起…明明说好了的…<pause:30/>\\n<SURNAME/>都怪我让你玩那个游戏…<pause:30/>\\n<SURNAME/>畜牲啊!!\\n"", ""<SURNAME/>对不起…明明说好了的…<pause:30/> <SURNAME/>都怪我让你玩那个游戏…<pause:30/> <SURNAME/>畜牲!!""]","[""\\n<SURNAME/>对不起…明明说好了的…<pause:30/>\\n<SURNAME/>都怪我让你玩那个游戏…<pause:30/>\\n<SURNAME/>畜牲啊!!\\n"", ""<SURNAME/>对不起…明明说好了的…<pause:30/> <SURNAME/>都怪我让你玩那个游戏…<pause:30/> <SURNAME/>畜牲!!""]"
merged_versions_conflict,script:186_8,script:186_8:diag31,frontend/public/games/p2is/groups/script_186_8.json,"
<SURNAME/>そいつの言う通りかもな…<pause:30/>
<SURNAME/>確かに今の俺じゃ、野郎にゃ敵わねぇ…
","
<SURNAME/>那混蛋说得没错…<pause:30/>
<SURNAME/>就老子现在这德行…确实干不过野郎…
","[""\\n<SURNAME/>那混蛋说得没错…<pause:30/>\\n<SURNAME/>就老子现在这副德行…确实打不过那混蛋…\\n"", ""<SURNAME/>那混蛋说得没错…<pause:30/> <SURNAME/>就老子现在这德行…确实打不过那混蛋…""]","[""\\n<SURNAME/>那混蛋说得没错…<pause:30/>\\n<SURNAME/>就老子现在这副德行…确实打不过那混蛋…\\n"", ""<SURNAME/>那混蛋说得没错…<pause:30/> <SURNAME/>就老子现在这德行…确实打不过那混蛋…""]"
merged_versions_conflict,script:186_8,script:186_8:diag32,frontend/public/games/p2is/groups/script_186_8.json,"
<SURNAME/>お互い、憶えのねぇインネン付けられたんだ。
<SURNAME/>取り敢えず、野郎を殺るまで、休戦といこうぜ…<pause:30/>
","
<SURNAME/>咱都被扣了记不得的仇。
<SURNAME/>先休战到宰了野郎为止吧…<pause:30/>
","[""\\n<SURNAME/>咱都被扣了记不得的仇。\\n<SURNAME/>总之在宰了那混蛋之前，先休战吧…<pause:30/>\\n"", ""<SURNAME/>咱都被扣了记不得的仇。 <SURNAME/>先休战到宰了那混蛋为止吧…<pause:30/>""]","[""\\n<SURNAME/>咱都被扣了记不得的仇。\\n<SURNAME/>总之在宰了那混蛋之前，先休战吧…<pause:30/>\\n"", ""<SURNAME/>咱都被扣了记不得的仇。 <SURNAME/>先休战到宰了那混蛋为止吧…<pause:30/>""]"
merged_versions_conflict,script:186_8,script:186_8:diag33,frontend/public/games/p2is/groups/script_186_8.json,"
<SURNAME/>あの…私の本名…<pause:30/>
<SURNAME/>番長さんには、ナイシヨにしておいてください。
<SURNAME/>お願いします…
","
<SURNAME/>那个…我的本名…<pause:30/>
<SURNAME/>请您对番长大人保密。
<SURNAME/>拜托了…
","[""\\n<SURNAME/>那个…我的本名…<pause:30/>\\n<SURNAME/>还请对番长大人保密。 \\n<SURNAME/>拜托了…\\n"", ""<SURNAME/>那个…我的本名…<pause:30/> <SURNAME/>还请对番长大人保密。 <SURNAME/>拜托了…""]","[""\\n<SURNAME/>那个…我的本名…<pause:30/>\\n<SURNAME/>还请对番长大人保密。 \\n<SURNAME/>拜托了…\\n"", ""<SURNAME/>那个…我的本名…<pause:30/> <SURNAME/>还请对番长大人保密。 <SURNAME/>拜托了…""]"
merged_versions_conflict,script:186_8,script:186_8:diag35,frontend/public/games/p2is/groups/script_186_8.json,"
<SURNAME/>医者に…なりたかったけど…<pause:30/>
<SURNAME/>無理に…決まってるよ…<pause:30/>
<SURNAME/>もう…なにも考えたく…ない…
","
<SURNAME/>本想当医生…<pause:30/>
<SURNAME/>肯定…没戏了…<pause:30/>
<SURNAME/>现在…啥也不愿琢磨…
","[""\\n<SURNAME/>本想当医生…<pause:30/>\\n<SURNAME/>肯定…没戏了…<pause:30/>\\n<SURNAME/>现在…啥也不想去想了…\\n"", ""<SURNAME/>本想当医生…<pause:30/> <SURNAME/>肯定…没戏了…<pause:30/> <SURNAME/>现在…啥也不想去想了…""]","[""\\n<SURNAME/>本想当医生…<pause:30/>\\n<SURNAME/>肯定…没戏了…<pause:30/>\\n<SURNAME/>现在…啥也不想去想了…\\n"", ""<SURNAME/>本想当医生…<pause:30/> <SURNAME/>肯定…没戏了…<pause:30/> <SURNAME/>现在…啥也不想去想了…""]"
merged_versions_conflict,script:186_8,script:186_8:diag36,frontend/public/games/p2is/groups/script_186_8.json,"
<SURNAME/>親分ちの…家業…<pause:30/>
<SURNAME/>継ガなきゃ…っス…<pause:30/>
<SURNAME/>でも…なんで…だったっけ…?
","
<SURNAME/>老大家的…家业…<pause:30/>
<SURNAME/>得继承…的说…<pause:30/>
<SURNAME/>可为啥…来着…?
","[""\\n<SURNAME/>老大家的…家业…<pause:30/>\\n<SURNAME/>得继承…的说…<pause:30/>\\n<SURNAME/>可是…为啥…来着…?\\n"", ""<SURNAME/>老大家的…家业…<pause:30/> <SURNAME/>得继承…的说…<pause:30/> <SURNAME/>可是…为啥…来着…?""]","[""\\n<SURNAME/>老大家的…家业…<pause:30/>\\n<SURNAME/>得继承…的说…<pause:30/>\\n<SURNAME/>可是…为啥…来着…?\\n"", ""<SURNAME/>老大家的…家业…<pause:30/> <SURNAME/>得继承…的说…<pause:30/> <SURNAME/>可是…为啥…来着…?""]"
merged_versions_conflict,script:186_8,script:186_8:diag37,frontend/public/games/p2is/groups/script_186_8.json,"
<SURNAME/>待てよ<c12/>…<pause:30/>
<SURNAME/>お前、野郎を追っかけるつもりだろ…?<pause:30/>
<SURNAME/>ケリは俺ガつける…引っ込んでな…
","
<SURNAME/>慢着<c12/>…<pause:30/>
<SURNAME/>你小子要追野郎是吧…?<pause:30/>
<SURNAME/>让老子来收尾…边儿待着…
","[""\\n<SURNAME/>慢着<c12/>…<pause:30/>\\n<SURNAME/>你是要去追那混蛋是吧…?<pause:30/>\\n<SURNAME/>交给老子去收拾就够了…你老实待着…\\n"", ""<SURNAME/>慢着<c12/>…<pause:30/> <SURNAME/>你是要去追那混蛋是吧…?<pause:30/> <SURNAME/>交给老子去收拾就够了…你老实待着…""]","[""\\n<SURNAME/>慢着<c12/>…<pause:30/>\\n<SURNAME/>你是要去追那混蛋是吧…?<pause:30/>\\n<SURNAME/>交给老子去收拾就够了…你老实待着…\\n"", ""<SURNAME/>慢着<c12/>…<pause:30/> <SURNAME/>你是要去追那混蛋是吧…?<pause:30/> <SURNAME/>交给老子去收拾就够了…你老实待着…""]"
merged_versions_conflict,script:186_8,script:186_8:diag38,frontend/public/games/p2is/groups/script_186_8.json,"
<SURNAME/>ちょっと待ってよ、二人とも…!<pause:30/>
<SURNAME/>相手は、あんな化け物みたいなヤツなんだよ!?
<SURNAME/>バラバラじゃ、みんな殺されちゃうよお!!
","
<SURNAME/>等等啊，你们两个…!<pause:30/>
<SURNAME/>对手可是怪物般的家伙耶!?
<SURNAME/>分头行动会被各个击破的啦!!
","[""\\n<SURNAME/>等等啊，你们两个…!<pause:30/>\\n<SURNAME/>对手可是怪物般的家伙耶!? <SURNAME/>如果分头行动的话，大家都会被杀掉的啊!!\\n"", ""<SURNAME/>等等啊，你们两个…!<pause:30/> <SURNAME/>对手可是怪物般的家伙耶!? <SURNAME/> 分头行动的话，大家都会被杀掉的啊!!""]","[""\\n<SURNAME/>等等啊，你们两个…!<pause:30/>\\n<SURNAME/>对手可是怪物般的家伙耶!? <SURNAME/>如果分头行动的话，大家都会被杀掉的啊!!\\n"", ""<SURNAME/>等等啊，你们两个…!<pause:30/> <SURNAME/>对手可是怪物般的家伙耶!? <SURNAME/> 分头行动的话，大家都会被杀掉的啊!!""]"
local_conflict_review,script:186_8,script:186_8:diag39,frontend/public/games/p2is/groups/script_186_8.json,"
<SURNAME/>それに追いかけるっていったって、
<SURNAME/>なんの手ガかりもないし…<pause:30/>
<SURNAME/>警察とか、誰かになんとかしてもらおうよ!!
","
<SURNAME/>再说就算要追，
<SURNAME/>也毫无线索啊…<pause:30/>
<SURNAME/>找警察或谁帮忙吧!!
","[""\\n<SURNAME/>再说了，就算要追，\\n<SURNAME/>也完全没有任何线索啊…<pause:30/>\\n<SURNAME/>还是让警察或谁来想想办法吧!!\\n""]","[""\\n<SURNAME/>再说了，就算要追，\\n<SURNAME/>也完全没有任何线索啊…<pause:30/>\\n<SURNAME/>还是让警察或谁来想想办法吧!!\\n""]"
merged_versions_conflict,script:186_8,script:186_8:diag40,frontend/public/games/p2is/groups/script_186_8.json,"
<SURNAME/>誰ガこんな話信じるってんだ!?<pause:30/>
<SURNAME/>武器でもなんでも手に入れて、
<SURNAME/>あの野郎をブッ殺さなきゃ、こっちガ危ねぇんだ
","
<SURNAME/>谁他妈信这种鬼话!?<pause:30/>
<SURNAME/>搞点武器啥的
<SURNAME/>宰了那野郎才最保险
","[""\\n<SURNAME/>谁他妈会相信这些鬼话!?<pause:30/>\\n<SURNAME/>搞点武器啥的 \\n<SURNAME/>去杀了那混蛋才最保险\\n"", ""<SURNAME/>谁他妈会相信这些鬼话!?<pause:30/> <SURNAME/>搞点武器啥的 <SURNAME/>去杀了那混蛋才最保险""]","[""\\n<SURNAME/>谁他妈会相信这些鬼话!?<pause:30/>\\n<SURNAME/>搞点武器啥的 \\n<SURNAME/>去杀了那混蛋才最保险\\n"", ""<SURNAME/>谁他妈会相信这些鬼话!?<pause:30/> <SURNAME/>搞点武器啥的 <SURNAME/>去杀了那混蛋才最保险""]"
merged_versions_conflict,script:186_8,script:186_8:diag41,frontend/public/games/p2is/groups/script_186_8.json,"
<SURNAME/>それなら、私ガお力になれると思います…<pause:30/>
<SURNAME/>私、ジヨーカーの情報を集めてきます。
","
<SURNAME/>那我来出力吧…<pause:30/>
<SURNAME/>我去搜集小丑的情报。
","[""\\n<SURNAME/>那样的话，我想我也能帮上忙…<pause:30/>\\n<SURNAME/>我去搜集JOKER的情报。\\n"", ""<SURNAME/>那样的话，我想我也能帮上忙…<pause:30/> <SURNAME/>我去搜集JOKER的情报。""]","[""\\n<SURNAME/>那样的话，我想我也能帮上忙…<pause:30/>\\n<SURNAME/>我去搜集JOKER的情报。\\n"", ""<SURNAME/>那样的话，我想我也能帮上忙…<pause:30/> <SURNAME/>我去搜集JOKER的情报。""]"
merged_versions_conflict,script:186_8,script:186_8:diag42,frontend/public/games/p2is/groups/script_186_8.json,"
<SURNAME/>その間みなさんは、
<SURNAME/>何か身を守る術を用意なさってください…
","
<SURNAME/>期间各位请准备些
<SURNAME/>防身手段…
","[""\\n<SURNAME/>在这期间各位请准备些\\n<SURNAME/>防身手段…\\n"", ""<SURNAME/>在这期间各位请准备些 <SURNAME/>防身手段…""]","[""\\n<SURNAME/>在这期间各位请准备些\\n<SURNAME/>防身手段…\\n"", ""<SURNAME/>在这期间各位请准备些 <SURNAME/>防身手段…""]"
merged_versions_conflict,script:186_8,script:186_8:diag44,frontend/public/games/p2is/groups/script_186_8.json,"
<SURNAME/>店主さんガ、元女スパイだとかで…<pause:30/>
<SURNAME/>こんな事態です…<pause:30/>
<SURNAME/>行くだけ、行ってみたらいかガでしょう…?
","
<SURNAME/>店主据说是前女间谍…<pause:30/>
<SURNAME/>这节骨眼上…<pause:30/>
<SURNAME/>去探探路如何…?
","[""\\n<SURNAME/>店主据说是前女间谍…<pause:30/>\\n<SURNAME/>不过在这节骨眼上…<pause:30/>\\n<SURNAME/>死马当活马医了，先去看看吧…?\\n"", ""<SURNAME/>店主据说是前女间谍…<pause:30/> <SURNAME/>这节骨眼上…<pause:30/> <SURNAME/>不如去看看吧…?""]","[""\\n<SURNAME/>店主据说是前女间谍…<pause:30/>\\n<SURNAME/>不过在这节骨眼上…<pause:30/>\\n<SURNAME/>死马当活马医了，先去看看吧…?\\n"", ""<SURNAME/>店主据说是前女间谍…<pause:30/> <SURNAME/>这节骨眼上…<pause:30/> <SURNAME/>不如去看看吧…?""]"
merged_versions_conflict,script:186_8,script:186_8:diag45,frontend/public/games/p2is/groups/script_186_8.json,"
<SURNAME/>噂ガほんとになるなら、可能性あるかも…<pause:30/>
<SURNAME/>ペルソナだけじゃ不安だし、
<SURNAME/>そのラーメン屋に行ってみようよ!!
","
<SURNAME/>传闻成真的话…或许可行!<pause:30/>
<SURNAME/>光靠Persona不稳妥，
<SURNAME/>去那拉面店瞧瞧吧!!
","[""\\n<SURNAME/>传闻成真的话…或许可行!<pause:30/>\\n<SURNAME/>光靠Persona心里没底， \\n<SURNAME/>我们去那拉面店吧!!\\n"", ""<SURNAME/>传闻成真的话…或许可行!<pause:30/> <SURNAME/>光靠Persona不稳妥， <SURNAME/>我们去那拉面店吧!!""]","[""\\n<SURNAME/>传闻成真的话…或许可行!<pause:30/>\\n<SURNAME/>光靠Persona心里没底， \\n<SURNAME/>我们去那拉面店吧!!\\n"", ""<SURNAME/>传闻成真的话…或许可行!<pause:30/> <SURNAME/>光靠Persona不稳妥， <SURNAME/>我们去那拉面店吧!!""]"
local_conflict_review,script:187_8,script:187_8:diag0,frontend/public/games/p2is/groups/script_187_8.json,"
<SURNAME/>哎呀?(アイヤー)<pause:30/>
<SURNAME/>どしたんだろ、何かあったのかな?","
<SURNAME/>哎呀?<pause:30/>
<SURNAME/>咋啦，出啥事了?","[""\\n<SURNAME/>哎呀?(ai1 jaa3)<pause:30/>\\n<SURNAME/>咋啦，出啥事了?""]","[""\\n<SURNAME/>哎呀?(ai1 jaa3)<pause:30/>\\n<SURNAME/>咋啦，出啥事了?""]"
local_conflict_review,script:187_8,script:187_8:diag1,frontend/public/games/p2is/groups/script_187_8.json,"
<SURNAME/>なんかあったどころじゃないよ!!
<SURNAME/>時計台の大時計ガ、急に動き出したんだ!","
<SURNAME/>岂止是出事!!
<SURNAME/>钟楼大钟突然动起来啦!","[""\\n<SURNAME/>岂止是出事!!\\n<SURNAME/>钟楼停摆的大钟突然开始动起来啦!""]","[""\\n<SURNAME/>岂止是出事!!\\n<SURNAME/>钟楼停摆的大钟突然开始动起来啦!""]"
merged_versions_conflict,script:188_8,script:188_8:diag0,frontend/public/games/p2is/groups/script_188_8.json,"
<SURNAME/>みんな、どうしたんだい?
<SURNAME/>時計ガ動いたぐらいで大騒ぎするなんて…","
<SURNAME/>大伙儿都怎么了?
<SURNAME/>不就是大钟动了，至于这么大惊小怪…","[""\\n<SURNAME/>大伙儿都怎么了?\\n<SURNAME/>不就是大钟动了，至于这么大惊小怪吗…"", ""<SURNAME/>大伙儿都怎么了? <SURNAME/>不就是大钟动了，至于这么大惊小怪吗…""]","[""\\n<SURNAME/>大伙儿都怎么了?\\n<SURNAME/>不就是大钟动了，至于这么大惊小怪吗…"", ""<SURNAME/>大伙儿都怎么了? <SURNAME/>不就是大钟动了，至于这么大惊小怪吗…""]"
merged_versions_conflict,script:188_8,script:188_8:diag1,frontend/public/games/p2is/groups/script_188_8.json,"
<SURNAME/>この時計台には、怖い噂ガいっぱいあるんだよ!
<SURNAME/>幽霊ガ出るとか、大時計ガ動くと必ず悪いことガ
<SURNAME/>起きるとかね。","
<SURNAME/>这座钟楼有好多吓人的传闻呢!
<SURNAME/>说会闹鬼，还说只要大钟一动，
<SURNAME/>就一定会出坏事。","[""<SURNAME/>这座钟楼可是有很多吓人的传闻呢! <SURNAME/>比如有幽灵出现啦，只要大钟一动\\n<SURNAME/>就一定会有坏事发生。"", ""<SURNAME/>这座钟楼可是有很多吓人的传闻呢! <SURNAME/>像是有幽灵出现啦，还有说什么只要大钟一动， <SURNAME/>就一定会有坏事发生。""]","[""<SURNAME/>这座钟楼可是有很多吓人的传闻呢! <SURNAME/>比如有幽灵出现啦，只要大钟一动\\n<SURNAME/>就一定会有坏事发生。"", ""<SURNAME/>这座钟楼可是有很多吓人的传闻呢! <SURNAME/>像是有幽灵出现啦，还有说什么只要大钟一动， <SURNAME/>就一定会有坏事发生。""]"
merged_versions_conflict,script:188_8,script:188_8:diag10,frontend/public/games/p2is/groups/script_188_8.json,"
<SURNAME/>大時計ガ動いたくらいだからな…
<SURNAME/>きっともっとスゴイ事ガ起きるぜ!","
<SURNAME/>毕竟大钟都动了…
<SURNAME/>肯定会出更厉害的事!","[""\\n<SURNAME/>毕竟连大钟都动了…\\n<SURNAME/>肯定会出更要命的事情吧!"", ""<SURNAME/>毕竟连大钟都动了… <SURNAME/>肯定会出更要命的事情吧!""]","[""\\n<SURNAME/>毕竟连大钟都动了…\\n<SURNAME/>肯定会出更要命的事情吧!"", ""<SURNAME/>毕竟连大钟都动了… <SURNAME/>肯定会出更要命的事情吧!""]"
merged_versions_conflict,script:188_8,script:188_8:diag11,frontend/public/games/p2is/groups/script_188_8.json,"
<SURNAME/>制服のエンブレム外しただけで、
<SURNAME/>木ントに呪いってふせげるの!?","
<SURNAME/>只是把校服上的徽章取下来，
<SURNAME/>真的能挡住诅咒吗!?","[""\\n<SURNAME/>只是把校服上的校徽取下来，\\n<SURNAME/>真的就能挡住诅咒吗!?"", ""<SURNAME/>只是把校服上的校徽取下来， <SURNAME/>真的能挡住诅咒吗!?""]","[""\\n<SURNAME/>只是把校服上的校徽取下来，\\n<SURNAME/>真的就能挡住诅咒吗!?"", ""<SURNAME/>只是把校服上的校徽取下来， <SURNAME/>真的能挡住诅咒吗!?""]"
merged_versions_conflict,script:188_8,script:188_8:diag13,frontend/public/games/p2is/groups/script_188_8.json,"
<SURNAME/>うわっ!
<SURNAME/>そそそ、その顔…","
<SURNAME/>哇!
<SURNAME/>她、她、她那张脸…","[""\\n<SURNAME/>呜哇!\\n<SURNAME/>她、她、她那张脸…"", ""<SURNAME/>呜哇! <SURNAME/>她、她、她那张脸…""]","[""\\n<SURNAME/>呜哇!\\n<SURNAME/>她、她、她那张脸…"", ""<SURNAME/>呜哇! <SURNAME/>她、她、她那张脸…""]"
merged_versions_conflict,script:188_8,script:188_8:diag15,frontend/public/games/p2is/groups/script_188_8.json,"
<SURNAME/>オイオイ、マジかよ!?
<SURNAME/>いま確かにあの子の顔ガ一瞬で…","
<SURNAME/>喂喂，玩真的吗!?
<SURNAME/>刚才那女孩的脸真的一瞬间…","[""\\n<SURNAME/>喂喂，真的假的!?\\n<SURNAME/>刚才那女孩的脸真的一瞬间…"", ""<SURNAME/>喂喂，真的假的!? <SURNAME/>刚才那女孩的脸真的一瞬间…""]","[""\\n<SURNAME/>喂喂，真的假的!?\\n<SURNAME/>刚才那女孩的脸真的一瞬间…"", ""<SURNAME/>喂喂，真的假的!? <SURNAME/>刚才那女孩的脸真的一瞬间…""]"
merged_versions_conflict,script:188_8,script:188_8:diag16,frontend/public/games/p2is/groups/script_188_8.json,"
<SURNAME/>激氣!?(ケッへイ)一体どーなってんの!?
<SURNAME/>制服のエンブレム外したくらいじゃ、
<SURNAME/>この呪いはもうふせげないってこと!?","
<SURNAME/>不会吧!?(激氣!?ケッヘイ)到底咋回事!?
<SURNAME/>就算把校服上的徽章取下来，
<SURNAME/>诅咒已经挡不住了吗!?","[""\\n<SURNAME/>激氣!?(gik1 hei3)到底是怎么回事啊!? <SURNAME/>只把校服上的校徽取下来， <SURNAME/>已经防不住这个诅咒了吗!?"", ""<SURNAME/>激氣!?(gik hei)到底是怎么回事啊!? <SURNAME/>就算把校服上的校徽取下来， <SURNAME/>也挡不住这个诅咒了吗!?""]","[""\\n<SURNAME/>激氣!?(gik1 hei3)到底是怎么回事啊!? <SURNAME/>只把校服上的校徽取下来， <SURNAME/>已经防不住这个诅咒了吗!?"", ""<SURNAME/>激氣!?(gik hei)到底是怎么回事啊!? <SURNAME/>就算把校服上的校徽取下来， <SURNAME/>也挡不住这个诅咒了吗!?""]"
merged_versions_conflict,script:188_8,script:188_8:diag17,frontend/public/games/p2is/groups/script_188_8.json,"
<SURNAME/>早くハンニャ校長に会いに行こう!!
<SURNAME/>わたしと<c13/>の顔ガグチャグチャになる前に
<SURNAME/>この呪いを解く方法みつけなきゃ!","
<SURNAME/>快去找般若校长!!
<SURNAME/>趁我和<c13/>的脸还没变成一团烂泥之前
<SURNAME/>得找出解除这诅咒的方法!","[""\\n<SURNAME/>我们快去找般若校长吧!!\\n<SURNAME/>趁我和<c13/>的脸还没变成一团烂泥之前 ，\\n<SURNAME/>一定要找出解咒的办法!"", ""<SURNAME/>我们快去找般若校长吧!! <SURNAME/>趁我和<c13/>的脸还没变成一团烂泥之前 ，<SURNAME/>必须要找出解除这诅咒的方法!""]","[""\\n<SURNAME/>我们快去找般若校长吧!!\\n<SURNAME/>趁我和<c13/>的脸还没变成一团烂泥之前 ，\\n<SURNAME/>一定要找出解咒的办法!"", ""<SURNAME/>我们快去找般若校长吧!! <SURNAME/>趁我和<c13/>的脸还没变成一团烂泥之前 ，<SURNAME/>必须要找出解除这诅咒的方法!""]"
merged_versions_conflict,script:188_8,script:188_8:diag4,frontend/public/games/p2is/groups/script_188_8.json,"
<SURNAME/>いーや!!<SURNAME/>必ず大変なことになる!
<SURNAME/>あの先生ガ死ぬ前に言っとった…
<SURNAME/>「時を止めないと世界ガ滅びる」とな。","
<SURNAME/>不——!!<SURNAME/>一定会出大事!
<SURNAME/>那位老师临死前说过…
<SURNAME/>「不停下时间，世界就会毁灭」。","[""\\n<SURNAME/>错了——!!<SURNAME/>一定会出大事的!\\n<SURNAME/>那位老师临死前曾说过… \\n<SURNAME/>“若不将时间停下，世界便会毁灭”。"", ""<SURNAME/>错了——!!<SURNAME/>一定会出大事! <SURNAME/>那位老师临死前说过… <SURNAME/>「不停下时间的话，世界就会毁灭」。""]","[""\\n<SURNAME/>错了——!!<SURNAME/>一定会出大事的!\\n<SURNAME/>那位老师临死前曾说过… \\n<SURNAME/>“若不将时间停下，世界便会毁灭”。"", ""<SURNAME/>错了——!!<SURNAME/>一定会出大事! <SURNAME/>那位老师临死前说过… <SURNAME/>「不停下时间的话，世界就会毁灭」。""]"
merged_versions_conflict,script:188_8,script:188_8:diag5,frontend/public/games/p2is/groups/script_188_8.json,"
<SURNAME/>それってひょっとして…<pause:20/>
<SURNAME/>時計台で死んだっていう先生のこと?","
<SURNAME/>那莫非是…<pause:20/>
<SURNAME/>在钟楼里死去的那位老师?","[""\\n<SURNAME/>该不会是…<pause:20/>\\n<SURNAME/>那个死在钟楼的老师吧？"", ""<SURNAME/>那难道是说…<pause:20/> <SURNAME/>在钟楼里死去的那位老师?""]","[""\\n<SURNAME/>该不会是…<pause:20/>\\n<SURNAME/>那个死在钟楼的老师吧？"", ""<SURNAME/>那难道是说…<pause:20/> <SURNAME/>在钟楼里死去的那位老师?""]"
merged_versions_conflict,script:188_8,script:188_8:diag6,frontend/public/games/p2is/groups/script_188_8.json,"
<SURNAME/>ああ…そうじゃ。
<SURNAME/>あの先生は、子供たちと世界の平和を守るため
<SURNAME/>尊い命を捧げなすったのじゃ!","
<SURNAME/>啊…正是。
<SURNAME/>那位老师为了守护孩子们与世界的和平，
<SURNAME/>献出了宝贵的生命!","[""\\n<SURNAME/>啊…正是。\\n<SURNAME/>那位老师为了守护孩子们与世界的和平，\\n<SURNAME/>献出了宝贵的生命啊!"", ""<SURNAME/>啊…正是。 <SURNAME/>那位老师为了守护孩子们与世界的和平， <SURNAME/>献出了他宝贵的生命啊!""]","[""\\n<SURNAME/>啊…正是。\\n<SURNAME/>那位老师为了守护孩子们与世界的和平，\\n<SURNAME/>献出了宝贵的生命啊!"", ""<SURNAME/>啊…正是。 <SURNAME/>那位老师为了守护孩子们与世界的和平， <SURNAME/>献出了他宝贵的生命啊!""]"
merged_versions_conflict,script:188_8,script:188_8:diag7,frontend/public/games/p2is/groups/script_188_8.json,"
<SURNAME/>…まさか、そんな!
<SURNAME/>「空に瞬く昴の星に、止まった時は動き出す…」<pause:30/>
<SURNAME/>始まったというの!?","
<SURNAME/>…不会吧，怎么会!
<SURNAME/>「天空闪耀的昴星，唤动停滞的时间…」<pause:30/>
<SURNAME/>已经开始了!?","[""\\n<SURNAME/>…不会吧，怎么会!\\n<SURNAME/>「天空闪耀的昴星，唤动停滞的时间…」<pause:30/>\\n<SURNAME/>难道已经开始了吗!?"", ""<SURNAME/>…不会吧，怎么可能! <SURNAME/>「天空闪耀的昴星，唤动停滞的时间…」<pause:30/> <SURNAME/>难道已经开始了吗!?""]","[""\\n<SURNAME/>…不会吧，怎么会!\\n<SURNAME/>「天空闪耀的昴星，唤动停滞的时间…」<pause:30/>\\n<SURNAME/>难道已经开始了吗!?"", ""<SURNAME/>…不会吧，怎么可能! <SURNAME/>「天空闪耀的昴星，唤动停滞的时间…」<pause:30/> <SURNAME/>难道已经开始了吗!?""]"
merged_versions_conflict,script:188_8,script:188_8:diag9,frontend/public/games/p2is/groups/script_188_8.json,"
<SURNAME/>イデアル先生どうしたんだろう?
<SURNAME/>これ以上なにガ起こるっていうんだよ!?","
<SURNAME/>伊迪雅老师怎么了?
<SURNAME/>还能再出什么事啊!?","[""\\n<SURNAME/>ideal老师怎么了?\\n<SURNAME/>这下还要出什么事吗?"", ""<SURNAME/>理想老师怎么了? <SURNAME/>这下还能再出什么事啊!?""]","[""\\n<SURNAME/>ideal老师怎么了?\\n<SURNAME/>这下还要出什么事吗?"", ""<SURNAME/>理想老师怎么了? <SURNAME/>这下还能再出什么事啊!?""]"
merged_versions_conflict,script:189_8,script:189_8:diag0,frontend/public/games/p2is/groups/script_189_8.json,"
<SURNAME/>あれー?
<SURNAME/>校長先生いないみたいだよ?","
<SURNAME/>咦~
<SURNAME/>校长好像不在耶?","[""\\n<SURNAME/>咦~？\\n<SURNAME/>校长好像不在啊?"", ""<SURNAME/>咦~ <SURNAME/>校长好像不在啊?""]","[""\\n<SURNAME/>咦~？\\n<SURNAME/>校长好像不在啊?"", ""<SURNAME/>咦~ <SURNAME/>校长好像不在啊?""]"
merged_versions_conflict,script:189_8,script:189_8:diag1,frontend/public/games/p2is/groups/script_189_8.json,"
<SURNAME/>喂!(ワーイ)ねぇねぇー!
<SURNAME/>校長先生、どこにいるか知らない?","
<SURNAME/>喂! 呐呐~
<SURNAME/>知道校长在哪儿吗?","[""\\n<SURNAME/>喂! (wai3)我说~\\n<SURNAME/>你们知道校长在哪儿吗?"", ""<SURNAME/>喂! (wai)我说~ <SURNAME/>你们知道校长在哪儿吗?""]","[""\\n<SURNAME/>喂! (wai3)我说~\\n<SURNAME/>你们知道校长在哪儿吗?"", ""<SURNAME/>喂! (wai)我说~ <SURNAME/>你们知道校长在哪儿吗?""]"
merged_versions_conflict,script:189_8,script:189_8:diag10,frontend/public/games/p2is/groups/script_189_8.json,"
<SURNAME/>んだとお!?
<SURNAME/>もとはといえば、てめぇガジヨーカーなんぞ
<SURNAME/>呼び出すから、こんなことになったんだろ!","
<SURNAME/>你说什么！？
<SURNAME/>说到底，还不是因为你召唤什么小丑
<SURNAME/>才搞成这样的吧！","[""\\n<SURNAME/>你说什么！？\\n<SURNAME/>那我有话要说了，还不是因为你召唤什么JOKER \\n<SURNAME/>才搞成这样的吧！"", ""<SURNAME/>你说什么！？ <SURNAME/>那我有话要说了，还不是因为你召唤什么JOKER <SURNAME/>才搞成这样的吧！""]","[""\\n<SURNAME/>你说什么！？\\n<SURNAME/>那我有话要说了，还不是因为你召唤什么JOKER \\n<SURNAME/>才搞成这样的吧！"", ""<SURNAME/>你说什么！？ <SURNAME/>那我有话要说了，还不是因为你召唤什么JOKER <SURNAME/>才搞成这样的吧！""]"
merged_versions_conflict,script:189_8,script:189_8:diag11,frontend/public/games/p2is/groups/script_189_8.json,"
<SURNAME/>青任取って何とかしやガれ!!","
<SURNAME/>负起责任想想办法啊！！","[""<SURNAME/>现在你倒是负责想想办法啊！！"", ""<SURNAME/>现在你倒是负起责任想想办法啊！！""]","[""<SURNAME/>现在你倒是负责想想办法啊！！"", ""<SURNAME/>现在你倒是负起责任想想办法啊！！""]"
merged_versions_conflict,script:189_8,script:189_8:diag12,frontend/public/games/p2is/groups/script_189_8.json,"
<SURNAME/>激氣!(ケッへイ)アッタマきた!
<SURNAME/>しょーガないでしょ、あんなことになるなんて
<SURNAME/>思わなかったんだから!","
<SURNAME/>气死我了！（咳——）火大！
<SURNAME/>有什么办法嘛，谁会想到
<SURNAME/>变成那样啊！","[""<SURNAME/>激氣!(gik1 hei3)气死我了！ <SURNAME/>我有什么办法嘛，谁能想到 <SURNAME/>会变成那样啊！"", ""<SURNAME/>激氣！(gik hei)气死我了！ <SURNAME/>我有什么办法嘛，谁能想到 <SURNAME/>会变成那样啊！""]","[""<SURNAME/>激氣!(gik1 hei3)气死我了！ <SURNAME/>我有什么办法嘛，谁能想到 <SURNAME/>会变成那样啊！"", ""<SURNAME/>激氣！(gik hei)气死我了！ <SURNAME/>我有什么办法嘛，谁能想到 <SURNAME/>会变成那样啊！""]"
merged_versions_conflict,script:189_8,script:189_8:diag13,frontend/public/games/p2is/groups/script_189_8.json,"
<SURNAME/>なんだよ!
<SURNAME/>人のパンツおろして喜んでる
<SURNAME/>変態セクハラパンツ番長ガえっらそーに!!","
<SURNAME/>搞什么啊！
<SURNAME/>扒人家内裤还乐在其中的
<SURNAME/>变态性骚扰内裤番长少在那儿拽！！","[""\\n<SURNAME/>那你又在搞什么啊！\\n<SURNAME/>扒人家内裤还乐在其中的\\n<SURNAME/>变态性骚扰内裤番长少在那儿跟我拽！！"", ""<SURNAME/>那你又怎么样嘛！ <SURNAME/>扒人家内裤还乐在其中的 <SURNAME/>变态性骚扰内裤番长少在那儿跟我拽！！""]","[""\\n<SURNAME/>那你又在搞什么啊！\\n<SURNAME/>扒人家内裤还乐在其中的\\n<SURNAME/>变态性骚扰内裤番长少在那儿跟我拽！！"", ""<SURNAME/>那你又怎么样嘛！ <SURNAME/>扒人家内裤还乐在其中的 <SURNAME/>变态性骚扰内裤番长少在那儿跟我拽！！""]"
merged_versions_conflict,script:189_8,script:189_8:diag15,frontend/public/games/p2is/groups/script_189_8.json,"
<SURNAME/>てめぇこそ、
<SURNAME/>外人のくせにベラベラ日本語しゃべりやガって!
<SURNAME/>おまけに、ワケわかんねー言華まで使うしよお!","
<SURNAME/>你才该被说呢，
<SURNAME/>明明是个外国人日语倒说得噼里啪啦的！
<SURNAME/>还净用些莫名其妙的话！","[""\\n<SURNAME/>你才更离谱吧，\\n<SURNAME/>明明是个外国人日语倒说得噼里啪啦的！ \\n<SURNAME/>还总说些奇奇怪怪的话，鬼才听得懂！"", ""<SURNAME/>你才该被说呢， <SURNAME/>明明是个外国人日语倒说得噼里啪啦的！ <SURNAME/>还净讲些莫名其妙的话！""]","[""\\n<SURNAME/>你才更离谱吧，\\n<SURNAME/>明明是个外国人日语倒说得噼里啪啦的！ \\n<SURNAME/>还总说些奇奇怪怪的话，鬼才听得懂！"", ""<SURNAME/>你才该被说呢， <SURNAME/>明明是个外国人日语倒说得噼里啪啦的！ <SURNAME/>还净讲些莫名其妙的话！""]"
merged_versions_conflict,script:189_8,script:189_8:diag16,frontend/public/games/p2is/groups/script_189_8.json,"
<SURNAME/>てめぇは一体ナニ人なんだぁ!?
<SURNAME/>よし、俺ガ分かりやすく改名してやるぜ!","
<SURNAME/>你丫到底是什么人啊！？
<SURNAME/>好，老子给你改个简单好记的名字！","[""\\n<SURNAME/>你丫到底是哪国人啊！？\\n<SURNAME/>行了，老子给你改个简单好记的名字！"", ""<SURNAME/>你丫到底是哪国人啊！？ <SURNAME/>好，老子给你改个简单好记的名字！""]","[""\\n<SURNAME/>你丫到底是哪国人啊！？\\n<SURNAME/>行了，老子给你改个简单好记的名字！"", ""<SURNAME/>你丫到底是哪国人啊！？ <SURNAME/>好，老子给你改个简单好记的名字！""]"
merged_versions_conflict,script:189_8,script:189_8:diag17,frontend/public/games/p2is/groups/script_189_8.json,"
<SURNAME/>てめぇは今日から「ギンコ」だ!
<SURNAME/>ギンコ!<SURNAME/>ギンコ!<SURNAME/>ギンコ!<SURNAME/>ギンコ!","
<SURNAME/>你从今天起就叫「银子」了！
<SURNAME/>银子！<SURNAME/>银子！<SURNAME/>银子！<SURNAME/>银子！","[""<SURNAME/>从今天起你就叫“银子”了！ <SURNAME/>银子！<SURNAME/>银子！<SURNAME/>银子！<SURNAME/>银子！"", ""<SURNAME/>从今天起你就叫「银子」了！ <SURNAME/>银子！<SURNAME/>银子！<SURNAME/>银子！<SURNAME/>银子！""]","[""<SURNAME/>从今天起你就叫“银子”了！ <SURNAME/>银子！<SURNAME/>银子！<SURNAME/>银子！<SURNAME/>银子！"", ""<SURNAME/>从今天起你就叫「银子」了！ <SURNAME/>银子！<SURNAME/>银子！<SURNAME/>银子！<SURNAME/>银子！""]"
merged_versions_conflict,script:189_8,script:189_8:diag18,frontend/public/games/p2is/groups/script_189_8.json,"
<SURNAME/>煩哪!(ファーンナ)ヤダ!<SURNAME/>ヤダヤダヤダ!
<SURNAME/>そんなダッサイあだ名付けないでよお!","
<SURNAME/>烦哪！（Fa～n na）不要！<SURNAME/>不要不要不要！
<SURNAME/>别给人起那么土的外号啊～！","[""\\n<SURNAME/>煩哪!(faan4 naa5)不要<SURNAME/>不要不要！\\n<SURNAME/>别给人起那么土的外号啊！"", ""<SURNAME/>煩哪！(fan na)不要！<SURNAME/>不要不要不要！ <SURNAME/>别给人起那么土的外号啊！""]","[""\\n<SURNAME/>煩哪!(faan4 naa5)不要<SURNAME/>不要不要！\\n<SURNAME/>别给人起那么土的外号啊！"", ""<SURNAME/>煩哪！(fan na)不要！<SURNAME/>不要不要不要！ <SURNAME/>别给人起那么土的外号啊！""]"
merged_versions_conflict,script:189_8,script:189_8:diag19,frontend/public/games/p2is/groups/script_189_8.json,"
<SURNAME/>わお!
<SURNAME/>面白そうな子たちはっけーん!","
<SURNAME/>哇哦！
<SURNAME/>发现一群有趣的小子们～！","[""\\n<SURNAME/>哇哦！\\n<SURNAME/>发现一群有趣的孩子们～！"", ""<SURNAME/>哇哦！ <SURNAME/>发现一群有趣的孩子们～！""]","[""\\n<SURNAME/>哇哦！\\n<SURNAME/>发现一群有趣的孩子们～！"", ""<SURNAME/>哇哦！ <SURNAME/>发现一群有趣的孩子们～！""]"
merged_versions_conflict,script:189_8,script:189_8:diag2,frontend/public/games/p2is/groups/script_189_8.json,"
<SURNAME/>それガ、どこ探してもいないんですよ。
<SURNAME/>学校中大騒ぎなのに、どこ行ったんだろ…","
<SURNAME/>就是哪儿都找不着啊。
<SURNAME/>学校乱成一锅粥了…","[""\\n<SURNAME/>就是哪儿都找不到他啊。\\n<SURNAME/>不知道跑哪去了，学校都乱成一锅粥了…"", ""<SURNAME/>就是哪儿都找不着啊。 <SURNAME/>学校都乱成一锅粥了…""]","[""\\n<SURNAME/>就是哪儿都找不到他啊。\\n<SURNAME/>不知道跑哪去了，学校都乱成一锅粥了…"", ""<SURNAME/>就是哪儿都找不着啊。 <SURNAME/>学校都乱成一锅粥了…""]"
merged_versions_conflict,script:189_8,script:189_8:diag20,frontend/public/games/p2is/groups/script_189_8.json,"
<SURNAME/>チャ〜オって…","
<SURNAME/>“查～奥”是啥…","[""\\n<SURNAME/>Ci~ao，嘛…"", ""<SURNAME/>Ci~ao，嘛…""]","[""\\n<SURNAME/>Ci~ao，嘛…"", ""<SURNAME/>Ci~ao，嘛…""]"
local_conflict_review,script:189_8,script:189_8:diag21,frontend/public/games/p2is/groups/script_189_8.json,"
<SURNAME/>ずいぶん険悪な雰囲気ねぇ。
<SURNAME/>まぁまぁキミ達、痴話ゲンカはみっともないぞ!","
<SURNAME/>气氛真是剑拔弩张呢。
<SURNAME/>好啦好啦，你们俩，闹恋爱别扭可不好看哦！","[""\\n<SURNAME/>气氛真是剑拔弩张呢。\\n<SURNAME/>好啦好啦，你们俩，打情骂俏可不好看哦！""]","[""\\n<SURNAME/>气氛真是剑拔弩张呢。\\n<SURNAME/>好啦好啦，你们俩，打情骂俏可不好看哦！""]"
merged_versions_conflict,script:189_8,script:189_8:diag22,frontend/public/games/p2is/groups/script_189_8.json,"
<SURNAME/>どこガ痴話ゲンカだっつーの!?","
<SURNAME/>谁跟你恋爱别扭了啊！？","[""\\n<SURNAME/>谁在打情骂俏啊！？"", ""<SURNAME/>谁在闹恋爱别扭了啊！？""]","[""\\n<SURNAME/>谁在打情骂俏啊！？"", ""<SURNAME/>谁在闹恋爱别扭了啊！？""]"
merged_versions_conflict,script:189_8,script:189_8:diag25,frontend/public/games/p2is/groups/script_189_8.json,"
<SURNAME/>「クーレスト」編集部の花形雑誌記者
<SURNAME/>天野<SURNAME/>舞耶よ、よろしくね!","
<SURNAME/>我是《クーレスト》编辑部的明星杂志记者
<SURNAME/>天野<SURNAME/>舞耶，请多关照!","[""\\n<SURNAME/>《Coolest》编辑部的明星杂志记者\\n<SURNAME/>天野<SURNAME/>舞耶，请多关照!"", ""<SURNAME/>「Coolest」编辑部的明星杂志记者 <SURNAME/>天野<SURNAME/>舞耶，请多关照!""]","[""\\n<SURNAME/>《Coolest》编辑部的明星杂志记者\\n<SURNAME/>天野<SURNAME/>舞耶，请多关照!"", ""<SURNAME/>「Coolest」编辑部的明星杂志记者 <SURNAME/>天野<SURNAME/>舞耶，请多关照!""]"
local_conflict_review,script:189_8,script:189_8:diag27,frontend/public/games/p2is/groups/script_189_8.json,"
<SURNAME/>アタシは、黛<SURNAME/>ゆきの。
<SURNAME/>フリーのカメラマン…<pause:30/>見習いってところかな。","
<SURNAME/>我是黛<SURNAME/>雪野。
<SURNAME/>自由摄影师…<pause:30/>算是见习生吧。","[""\\n<SURNAME/>我是黛<SURNAME/>雪野。\\n<SURNAME/>自由摄影师…<pause:30/>算是 个见习生吧。""]","[""\\n<SURNAME/>我是黛<SURNAME/>雪野。\\n<SURNAME/>自由摄影师…<pause:30/>算是 个见习生吧。""]"
merged_versions_conflict,script:189_8,script:189_8:diag3,frontend/public/games/p2is/groups/script_189_8.json,"
<SURNAME/>校長先生なら、この呪い騒ぎも
<SURNAME/>何とかしてくれると思ったのにい〜","
<SURNAME/>还指望校长先生
<SURNAME/>摆平诅咒风波呢~","[""\\n<SURNAME/>本来还觉得校长\\n<SURNAME/>能出来解决诅咒的事呢~"", ""<SURNAME/>本来还指望校长先生 <SURNAME/>能出面摆平诅咒风波呢~""]","[""\\n<SURNAME/>本来还觉得校长\\n<SURNAME/>能出来解决诅咒的事呢~"", ""<SURNAME/>本来还指望校长先生 <SURNAME/>能出面摆平诅咒风波呢~""]"
merged_versions_conflict,script:189_8,script:189_8:diag30,frontend/public/games/p2is/groups/script_189_8.json,"
<SURNAME/>オォケェイ!<SURNAME/>レッツゴゥ、ベイビィズ!!
<SURNAME/>ボクは…","
<SURNAME/>Okay~<SURNAME/>走吧，宝贝们！！
<SURNAME/>老子是…","[""\\n<SURNAME/>Okay~<SURNAME/>Let's go，babies！！\\n<SURNAME/>老子是…"", ""<SURNAME/>Okay~<SURNAME/>Let's go，babies！！ <SURNAME/>老子是…""]","[""\\n<SURNAME/>Okay~<SURNAME/>Let's go，babies！！\\n<SURNAME/>老子是…"", ""<SURNAME/>Okay~<SURNAME/>Let's go，babies！！ <SURNAME/>老子是…""]"
merged_versions_conflict,script:189_8,script:189_8:diag32,frontend/public/games/p2is/groups/script_189_8.json,"
<SURNAME/>「クーレスト」って、最近流行のアレでしょ?
<SURNAME/>そこの記者ガ、
<SURNAME/>なんで高校の中をウロついてるわけ?","
<SURNAME/>「酷炫」是最近流行的那个吧？
<SURNAME/>那边的记者，
<SURNAME/>为啥在高中里瞎晃悠？","[""<SURNAME/>《Coolest》就是最近流行的那个吧？\\n<SURNAME/>那边的记者，\\n<SURNAME/>为啥在高中里瞎晃悠？"", ""<SURNAME/>「Coolest」就是最近流行的那个吧？ <SURNAME/>那边的记者， <SURNAME/>为啥在高中里瞎晃悠？""]","[""<SURNAME/>《Coolest》就是最近流行的那个吧？\\n<SURNAME/>那边的记者，\\n<SURNAME/>为啥在高中里瞎晃悠？"", ""<SURNAME/>「Coolest」就是最近流行的那个吧？ <SURNAME/>那边的记者， <SURNAME/>为啥在高中里瞎晃悠？""]"
merged_versions_conflict,script:189_8,script:189_8:diag33,frontend/public/games/p2is/groups/script_189_8.json,"
<SURNAME/>私たち、「高校生の噂」っていう特集記事の
<SURNAME/>取材でこの学校にお邪魔してるの。","
<SURNAME/>我们是为了「高中生传闻」这个专题报道，
<SURNAME/>来这所学校采访的。","[""\\n<SURNAME/>我们呢，是来这所学校\\n<SURNAME/>做\""高中生传闻\""这个专题报道的采访的。"", ""<SURNAME/>我们呢，是来这所学校 <SURNAME/>做「高中生传闻」这个专题报道的采访的。""]","[""\\n<SURNAME/>我们呢，是来这所学校\\n<SURNAME/>做\""高中生传闻\""这个专题报道的采访的。"", ""<SURNAME/>我们呢，是来这所学校 <SURNAME/>做「高中生传闻」这个专题报道的采访的。""]"
merged_versions_conflict,script:189_8,script:189_8:diag34,frontend/public/games/p2is/groups/script_189_8.json,"
<SURNAME/>何と言っても、セブンスの「紋章の呪い」は、
<SURNAME/>「ジヨーカー様」の次に、有名だもんね。","
<SURNAME/>毕竟，七姊妹的「纹章诅咒」，
<SURNAME/>是「小丑大人」之后最有名的呢。","[""\\n<SURNAME/>毕竟，七姐妹的\""纹章诅咒\""，\\n<SURNAME/>知名度仅次于\""JOKER大人\""呢。"", ""<SURNAME/>毕竟，七姐妹的「纹章诅咒」，<SURNAME/>知名度仅次于「JOKER大人」呢。""]","[""\\n<SURNAME/>毕竟，七姐妹的\""纹章诅咒\""，\\n<SURNAME/>知名度仅次于\""JOKER大人\""呢。"", ""<SURNAME/>毕竟，七姐妹的「纹章诅咒」，<SURNAME/>知名度仅次于「JOKER大人」呢。""]"
merged_versions_conflict,script:189_8,script:189_8:diag35,frontend/public/games/p2is/groups/script_189_8.json,"
<SURNAME/>でも突然、学校中ガ大騒ぎになっちゃったでしょ。
<SURNAME/>取材しようにも、答えてくれる人ガいないのよ!","
<SURNAME/>但是突然，整个学校大骚动起来了。
<SURNAME/>想采访也没人愿意理睬啊！","[""\\n<SURNAME/>但是，整个学校突然出了大乱子。\\n<SURNAME/>想取材也没人愿意理睬啊！"", ""<SURNAME/>但是，整个学校突然出了大乱子。 <SURNAME/>想取材也没人愿意理睬啊！""]","[""\\n<SURNAME/>但是，整个学校突然出了大乱子。\\n<SURNAME/>想取材也没人愿意理睬啊！"", ""<SURNAME/>但是，整个学校突然出了大乱子。 <SURNAME/>想取材也没人愿意理睬啊！""]"
merged_versions_conflict,script:189_8,script:189_8:diag36,frontend/public/games/p2is/groups/script_189_8.json,"
<SURNAME/>いまセブンスに、なにガ起こっているのか!!<pause:30/>
<SURNAME/>もし知ってたら、教えてくれないかなー?
<SURNAME/>私たちの取材の目的に、関係あるんじゃない?","
<SURNAME/>现在七姊妹发生了什么！！<pause:30/>
<SURNAME/>如果知道的话，能告诉我吗？
<SURNAME/>这和我们采访的目的有关吧？","[""\\n<SURNAME/>现在七姐妹里到底发生了什么！！<pause:30/>\\n<SURNAME/>你们如果知道的话，能告诉我吗？\\n<SURNAME/>这和我们采访的目的有关吧？"", ""<SURNAME/>现在七姐妹到底发生了什么！！<pause:30/> <SURNAME/>你们如果知道的话，能告诉我吗？ <SURNAME/>这和我们采访的目的有关吧？""]","[""\\n<SURNAME/>现在七姐妹里到底发生了什么！！<pause:30/>\\n<SURNAME/>你们如果知道的话，能告诉我吗？\\n<SURNAME/>这和我们采访的目的有关吧？"", ""<SURNAME/>现在七姐妹到底发生了什么！！<pause:30/> <SURNAME/>你们如果知道的话，能告诉我吗？ <SURNAME/>这和我们采访的目的有关吧？""]"
local_conflict_review,script:189_8,script:189_8:diag37,frontend/public/games/p2is/groups/script_189_8.json,"
<SURNAME/>えええ、え〜と…<pause:30/>そ、それガ…
<SURNAME/>わたしたちにもさっぱりわかんないんだよね…","
<SURNAME/>呃呃，嗯…<pause:30/>那、那个…
<SURNAME/>我们也不太清楚啊…","[""\\n<SURNAME/>呃呃，嗯…<pause:30/>那、那个…\\n<SURNAME/>我们也不太清楚啊…""]","[""\\n<SURNAME/>呃呃，嗯…<pause:30/>那、那个…\\n<SURNAME/>我们也不太清楚啊…""]"
local_conflict_review,script:189_8,script:189_8:diag38,frontend/public/games/p2is/groups/script_189_8.json,"
<SURNAME/>ねぇ<c13/>?","
<SURNAME/>喂～<c13/>?","[""<SURNAME/>对吧～<c13/>?""]","[""<SURNAME/>对吧～<c13/>?""]"
merged_versions_conflict,script:189_8,script:189_8:diag4,frontend/public/games/p2is/groups/script_189_8.json,"
<SURNAME/>このミッシェルを、セブンスまで出向かせて
<SURNAME/>おきなガら留守だっていうのかい!?
<SURNAME/>フゥ…<pause:30/>サイアクにバッドだよ!","
<SURNAME/>竟让本米切亲临七姊妹
<SURNAME/>却吃闭门羹!?
<SURNAME/>呼…<pause:30/>Bad到极点啦!","[""\\n<SURNAME/>本米歇尔大人亲临七姐妹，\\n<SURNAME/>却请我吃闭门羹!? <SURNAME/>呼…<pause:30/>Bad到极点啦!"", ""<SURNAME/>竟让本米切大人亲临七姐妹， <SURNAME/>却让人吃闭门羹!? <SURNAME/>呼…<pause:30/>Bad到极点啦!""]","[""\\n<SURNAME/>本米歇尔大人亲临七姐妹，\\n<SURNAME/>却请我吃闭门羹!? <SURNAME/>呼…<pause:30/>Bad到极点啦!"", ""<SURNAME/>竟让本米切大人亲临七姐妹， <SURNAME/>却让人吃闭门羹!? <SURNAME/>呼…<pause:30/>Bad到极点啦!""]"
merged_versions_conflict,script:189_8,script:189_8:diag40,frontend/public/games/p2is/groups/script_189_8.json,"
<SURNAME/>嘘じゃないんだ、ベイビィズ!
<SURNAME/>ボクはセブンスの校長なんか探していないし、
<SURNAME/>ましてジヨーカーに踏まれてなんかいないさ!","
<SURNAME/>老子没骗人，Baby～!
<SURNAME/>我才没在找什么七姊妹的校长，
<SURNAME/>更没被小丑踩过啦!","[""\\n<SURNAME/>我们没有骗人哦，Babies～!\\n<SURNAME/>我才没在找什么七姐妹的校长， \\n<SURNAME/>更没被JOKER踩在脚下哦!"", ""<SURNAME/>我们没有骗人哦，Babies～! <SURNAME/>我才没在找什么七姐妹的校长， <SURNAME/>更没被JOKER踩在脚下哦!""]","[""\\n<SURNAME/>我们没有骗人哦，Babies～!\\n<SURNAME/>我才没在找什么七姐妹的校长， \\n<SURNAME/>更没被JOKER踩在脚下哦!"", ""<SURNAME/>我们没有骗人哦，Babies～! <SURNAME/>我才没在找什么七姐妹的校长， <SURNAME/>更没被JOKER踩在脚下哦!""]"
local_conflict_review,script:189_8,script:189_8:diag41,frontend/public/games/p2is/groups/script_189_8.json,"
<SURNAME/>踏まれてって…<pause:30/>
<SURNAME/>アンタたち、やっぱり何か知ってんだね!?","
<SURNAME/>被踩…<pause:30/>
<SURNAME/>你们，果然知道些什么吧!?","[""\\n<SURNAME/>被踩…<pause:30/>\\n<SURNAME/>你们果然知道些什么对吧!?""]","[""\\n<SURNAME/>被踩…<pause:30/>\\n<SURNAME/>你们果然知道些什么对吧!?""]"
merged_versions_conflict,script:189_8,script:189_8:diag43,frontend/public/games/p2is/groups/script_189_8.json,"
<SURNAME/>そうと分かれば…<pause:30/>絶対逃ガさないわよ!!","
<SURNAME/>既然这样…<pause:30/>我绝对不会放跑你啦!!","[""\\n<SURNAME/>既然这样…<pause:30/>我绝对不会放跑你们的!!"", ""<SURNAME/>既然这样…<pause:30/>我绝对不会放跑你们啦!!""]","[""\\n<SURNAME/>既然这样…<pause:30/>我绝对不会放跑你们的!!"", ""<SURNAME/>既然这样…<pause:30/>我绝对不会放跑你们啦!!""]"
merged_versions_conflict,script:189_8,script:189_8:diag44,frontend/public/games/p2is/groups/script_189_8.json,"
<SURNAME/>さあ、とっとと白状しないと痛い目みるよッ!","
<SURNAME/>快，赶紧坦白不然要你好看哦!","[""\\n<SURNAME/>快，坦白从宽抗拒从严哦!"", ""<SURNAME/>快，坦白从宽抗拒从严哦!""]","[""\\n<SURNAME/>快，坦白从宽抗拒从严哦!"", ""<SURNAME/>快，坦白从宽抗拒从严哦!""]"
local_conflict_review,script:189_8,script:189_8:diag45,frontend/public/games/p2is/groups/script_189_8.json,"
<SURNAME/>へひへひ…み〜っげら…
<SURNAME/>しょしょ…シヨーカー様のめひれひ〜
<SURNAME/>おばえら…死刑死刑死刑死刑死へひゃひゃあ!","
<SURNAME/>嘿嘿…迷～死了…
<SURNAME/>嘻嘻…小丑大人的命令～
<SURNAME/>你们…死刑死刑死刑死刑死嘿嘿哈!","[""<SURNAME/>嘿嘿…找～到了… <SURNAME/>嘻嘻…JOKER大人的命令～ <SURNAME/>你们…死刑死刑死刑死刑死嘿嘿哈!""]","[""<SURNAME/>嘿嘿…找～到了… <SURNAME/>嘻嘻…JOKER大人的命令～ <SURNAME/>你们…死刑死刑死刑死刑死嘿嘿哈!""]"
merged_versions_conflict,script:189_8,script:189_8:diag5,frontend/public/games/p2is/groups/script_189_8.json,"
<SURNAME/>あれ?
<SURNAME/>もしかして君、カスこ…<pause:30/>じゃなくて
<SURNAME/>春日山高校の生徒なの?","
<SURNAME/>咦?
<SURNAME/>你该不会是渣校…<pause:30/>呃
<SURNAME/>春日山高中的?","[""\\n<SURNAME/>咦?\\n<SURNAME/>你不会是垃圾高…<pause:30/>呃， <SURNAME/>春日山高中的?"", ""<SURNAME/>咦? <SURNAME/>你该不会是渣高…<pause:30/>呃， <SURNAME/>春日山高中的?""]","[""\\n<SURNAME/>咦?\\n<SURNAME/>你不会是垃圾高…<pause:30/>呃， <SURNAME/>春日山高中的?"", ""<SURNAME/>咦? <SURNAME/>你该不会是渣高…<pause:30/>呃， <SURNAME/>春日山高中的?""]"
merged_versions_conflict,script:189_8,script:189_8:diag7,frontend/public/games/p2is/groups/script_189_8.json,"
<SURNAME/>魔除けの校章ガきたぞー!!","
<SURNAME/>驱魔校章来啦ー!!","[""\\n<SURNAME/>驱魔校徽来啦ー!!"", ""<SURNAME/>驱魔校徽来啦ー!!""]","[""\\n<SURNAME/>驱魔校徽来啦ー!!"", ""<SURNAME/>驱魔校徽来啦ー!!""]"
local_conflict_review,script:189_8,script:189_8:diag8,frontend/public/games/p2is/groups/script_189_8.json,"
<SURNAME/>てやんでいバーロォー!
<SURNAME/>なんなんだよ、この学校はよお!
<SURNAME/>なんで俺ガこんな目にあうんだあ!?","
<SURNAME/>开什么玩笑啊混蛋！
<SURNAME/>这破学校搞啥啊喂！
<SURNAME/>为啥老子要遭这种罪啊！？","[""\\n<SURNAME/>搞毛啊，你这个混蛋！\\n<SURNAME/>这什么破学校啊！\\n<SURNAME/>为啥老子要受这种罪啊！？""]","[""\\n<SURNAME/>搞毛啊，你这个混蛋！\\n<SURNAME/>这什么破学校啊！\\n<SURNAME/>为啥老子要受这种罪啊！？""]"
merged_versions_conflict,script:189_8,script:189_8:diag9,frontend/public/games/p2is/groups/script_189_8.json,"
<SURNAME/>セブンス来んのに、
<SURNAME/>カス校の校章なんか付けてるから悪いんじゃん!","
<SURNAME/>来七姊妹还戴着
<SURNAME/>渣校校徽，怪谁啦！","[""\\n<SURNAME/>谁让你来七姐妹还戴着\\n<SURNAME/>垃圾高中的校徽，不怪你怪谁！"", ""<SURNAME/>谁让你来七姐妹还戴着 <SURNAME/>渣高校徽啊，这能怪谁呢！""]","[""\\n<SURNAME/>谁让你来七姐妹还戴着\\n<SURNAME/>垃圾高中的校徽，不怪你怪谁！"", ""<SURNAME/>谁让你来七姐妹还戴着 <SURNAME/>渣高校徽啊，这能怪谁呢！""]"
merged_versions_conflict,script:191_8,script:191_8:diag1,frontend/public/games/p2is/groups/script_191_8.json,"
<SURNAME/>アンタたち、いいかげんにしなさい!
<SURNAME/>いつまでも噂に踊らされてるんじゃないの!
<SURNAME/><pause:30/>全く…参ったわね…","
<SURNAME/>你们几个，适可而止！
<SURNAME/>还要被传闻耍得团团转到什么时候！
<SURNAME/><pause:30/>真是…真受不了…","[""\\n<SURNAME/>你们几个，适可而止！ \\n<SURNAME/>还要被传闻耍得团团转到什么时候！ \\n<SURNAME/><pause:30/>真是的…真受不了…"", ""<SURNAME/>你们几个，适可而止！ <SURNAME/>还要被传闻耍得团团转到什么时候！ <SURNAME/><pause:30/>真是的…真受不了…""]","[""\\n<SURNAME/>你们几个，适可而止！ \\n<SURNAME/>还要被传闻耍得团团转到什么时候！ \\n<SURNAME/><pause:30/>真是的…真受不了…"", ""<SURNAME/>你们几个，适可而止！ <SURNAME/>还要被传闻耍得团团转到什么时候！ <SURNAME/><pause:30/>真是的…真受不了…""]"
merged_versions_conflict,script:191_8,script:191_8:diag15,frontend/public/games/p2is/groups/script_191_8.json,"
<SURNAME/>ねぇ、1番でっかいヤツを忘れてない?<pause:30/>
<SURNAME/>時計台の大時計だよ!!
<SURNAME/>あれガまだ残ってるじゃん。","
<SURNAME/>喂，最大的那个忘了吧？<pause:30/>
<SURNAME/>钟楼的大钟啊！！
<SURNAME/>那玩意儿不是还在嘛。","[""\\n<SURNAME/>喂，最大的那个忘了吧？<pause:30/>\\n<SURNAME/>钟楼的大钟啊！！ \\n<SURNAME/>那玩意儿的纹章不是还在嘛。"", ""<SURNAME/>喂，最大的那个忘了吧？<pause:30/> <SURNAME/>钟楼的大钟啊！！ <SURNAME/>那玩意儿的纹章不是还在嘛。""]","[""\\n<SURNAME/>喂，最大的那个忘了吧？<pause:30/>\\n<SURNAME/>钟楼的大钟啊！！ \\n<SURNAME/>那玩意儿的纹章不是还在嘛。"", ""<SURNAME/>喂，最大的那个忘了吧？<pause:30/> <SURNAME/>钟楼的大钟啊！！ <SURNAME/>那玩意儿的纹章不是还在嘛。""]"
merged_versions_conflict,script:191_8,script:191_8:diag16:p0,frontend/public/games/p2is/groups/script_191_8.json,"
<SURNAME/>あ〜、生徒諸君に告ぐ!
<SURNAME/>校内での破壊活動を、今すぐやめたまえ!
<SURNAME/>校内での破壊活動を、今すぐやめたまえ!","
<SURNAME/>啊～告之全体学生！
<SURNAME/>校内破坏活动，即刻停止！
<SURNAME/>校内破坏活动，即刻停止！","[""\\n<SURNAME/>啊～告知全体学生！ \\n<SURNAME/>校内破坏活动，即刻停止！ \\n<SURNAME/>校内破坏活动，即刻停止！"", ""<SURNAME/>啊～告知全体学生！ <SURNAME/>校内破坏活动，即刻停止！ <SURNAME/>校内破坏活动，即刻停止！""]","[""\\n<SURNAME/>啊～告知全体学生！ \\n<SURNAME/>校内破坏活动，即刻停止！ \\n<SURNAME/>校内破坏活动，即刻停止！"", ""<SURNAME/>啊～告知全体学生！ <SURNAME/>校内破坏活动，即刻停止！ <SURNAME/>校内破坏活动，即刻停止！""]"
local_conflict_review,script:191_8,script:191_8:diag16:p1,frontend/public/games/p2is/groups/script_191_8.json,"<c1d:11/>ハンニャ校長の声<c1d:1/>
<SURNAME/>校長である「私の」命令には絶対服従だ!
<SURNAME/>いいかね?<pause:30/>
<SURNAME/>「私の」七姉妹学園を大切にするように!","<c1d:11/>般若校长的声音<c1d:1/>
<SURNAME/>校长「本人」的命令必须绝对服从！
<SURNAME/>明白吗？<pause:30/>
<SURNAME/>要珍视「我的」七姊妹学园！","[""<c1d:11/>般若校长的声音<c1d:1/>\\n<SURNAME/>校长「本人」的命令必须绝对服从！\\n<SURNAME/>明白吗？<pause:30/>\\n<SURNAME/>要珍视「我的」七姐妹学园！""]","[""<c1d:11/>般若校长的声音<c1d:1/>\\n<SURNAME/>校长「本人」的命令必须绝对服从！\\n<SURNAME/>明白吗？<pause:30/>\\n<SURNAME/>要珍视「我的」七姐妹学园！""]"
merged_versions_conflict,script:191_8,script:191_8:diag19,frontend/public/games/p2is/groups/script_191_8.json,"
<SURNAME/>ハンニャもやってくれるよ…<pause:30/>
<SURNAME/>でも、みんなガこんな様子じゃあ
<SURNAME/>どうしようもないね。
","
<SURNAME/>般若也来掺和了…<pause:30/>
<SURNAME/>但大家这副德性，
<SURNAME/>根本无计可施啊。
","[""\\n<SURNAME/>般若也来掺和了…<pause:30/>\\n<SURNAME/>可是大家都这幅样子的话， \\n<SURNAME/>根本无计可施啊。\\n"", ""<SURNAME/>般若也来掺和了…<pause:30/> <SURNAME/>可是大家都这幅样子的话， <SURNAME/>根本无计可施啊。""]","[""\\n<SURNAME/>般若也来掺和了…<pause:30/>\\n<SURNAME/>可是大家都这幅样子的话， \\n<SURNAME/>根本无计可施啊。\\n"", ""<SURNAME/>般若也来掺和了…<pause:30/> <SURNAME/>可是大家都这幅样子的话， <SURNAME/>根本无计可施啊。""]"
local_conflict_review,script:191_8,script:191_8:diag23,frontend/public/games/p2is/groups/script_191_8.json,"
<SURNAME/>ようやく、ラストの紋章かぁ…<pause:30/>
<SURNAME/>早くミスター・ハンニャを見つけないとね。
<SURNAME/>さあ<c12/>、華麗にフィニッシュを決めてくれ!","
<SURNAME/>终于轮到最后的纹章啦…<pause:30/>
<SURNAME/>得快点找到般若先生才行。
<SURNAME/>来吧<c12/>，华丽地收尾吧！","[""\\n<SURNAME/>终于轮到最后的纹章啦…<pause:30/>\\n<SURNAME/>得快点找到Mr.般若才行。\\n<SURNAME/>来吧<c12/>，华丽地收尾吧！""]","[""\\n<SURNAME/>终于轮到最后的纹章啦…<pause:30/>\\n<SURNAME/>得快点找到Mr.般若才行。\\n<SURNAME/>来吧<c12/>，华丽地收尾吧！""]"
local_conflict_review,script:191_8,script:191_8:diag28,frontend/public/games/p2is/groups/script_191_8.json,"
<SURNAME/>ここにある紋章で最後のはずね。
<SURNAME/>これでうまく呪いガとけてくれれば
<SURNAME/>いいんだけどな…","
<SURNAME/>这里的纹章是最后一个了。
<SURNAME/>要是顺利解除诅咒
<SURNAME/>就好了呢…","[""\\n<SURNAME/>这里的纹章是最后一个了。\\n<SURNAME/>要是能顺利解除诅咒\\n<SURNAME/>就好了呢…""]","[""\\n<SURNAME/>这里的纹章是最后一个了。\\n<SURNAME/>要是能顺利解除诅咒\\n<SURNAME/>就好了呢…""]"
multiple_versions_review,script:191_8,script:191_8:diag29,frontend/public/games/p2is/groups/script_191_8.json,"
<SURNAME/>さ〜て、
<SURNAME/>校長先生、予想通り動き出したわよ。<pause:30/>
<SURNAME/>さ、早く鍵を見つけて、時計台へレッツらゴー!",\n<SURNAME/>好啦～ \n<SURNAME/>校长先生，如我所料的行动了呢。<pause:30/>\n<SURNAME/>快找钥匙，去钟楼！Let's go！,"[""\\n<SURNAME/>好啦～ \\n<SURNAME/>校长先生，如我所料的行动了呢。<pause:30/>\\n<SURNAME/>快找钥匙，去钟楼！Let's go！"", ""<SURNAME/>好啦～ <SURNAME/>校长先生，如我所料的行动了呢。<pause:30/> <SURNAME/>快找钥匙，去钟楼！Let's go！""]","[""\\n<SURNAME/>好啦～ \\n<SURNAME/>校长先生，如我所料的行动了呢。<pause:30/>\\n<SURNAME/>快找钥匙，去钟楼！Let's go！"", ""<SURNAME/>好啦～ <SURNAME/>校长先生，如我所料的行动了呢。<pause:30/> <SURNAME/>快找钥匙，去钟楼！Let's go！""]"
multiple_versions_review,script:191_8,script:191_8:diag32,frontend/public/games/p2is/groups/script_191_8.json,"
<SURNAME/>冴子先生は、こんな指示に従う人じゃない。<pause:30/>
<SURNAME/>筋ガ通らなきゃ、
<SURNAME/>相手ガ文部大臣だろうガブっ飛ばす人なんだ。",\n<SURNAME/>冴子老师才不是会服从这种指示的人。<pause:30/>\n<SURNAME/>要是说不通的话， \n<SURNAME/>管他是文部大臣也照揍不误。,"[""\\n<SURNAME/>冴子老师才不是会服从这种指示的人。<pause:30/>\\n<SURNAME/>要是说不通的话， \\n<SURNAME/>管他是文部大臣也照揍不误。"", ""<SURNAME/>冴子老师才不是会服从这种指示的人。<pause:30/> <SURNAME/>要是说不通的话， <SURNAME/>管他是文部大臣也照揍不误。""]","[""\\n<SURNAME/>冴子老师才不是会服从这种指示的人。<pause:30/>\\n<SURNAME/>要是说不通的话， \\n<SURNAME/>管他是文部大臣也照揍不误。"", ""<SURNAME/>冴子老师才不是会服从这种指示的人。<pause:30/> <SURNAME/>要是说不通的话， <SURNAME/>管他是文部大臣也照揍不误。""]"
multiple_versions_review,script:191_8,script:191_8:diag39,frontend/public/games/p2is/groups/script_191_8.json,"
<SURNAME/>職員室にあったのは、校長ガ持っていったからな。
<SURNAME/>もう一つ、校務員さんガ持ってるはずだぞ!
<SURNAME/>はっはっは!<SURNAME/>そうかー!!<SURNAME/>感心感心!!",\n<SURNAME/>职员室的那个，校长拿走了。 \n<SURNAME/>还有一个，应该是校工拿着！ \n<SURNAME/>哈哈!<SURNAME/>是吗ー!!<SURNAME/>佩服佩服!!,"[""\\n<SURNAME/>职员室的那个，校长拿走了。 \\n<SURNAME/>还有一个，应该是校工拿着！ \\n<SURNAME/>哈哈!<SURNAME/>是吗ー!!<SURNAME/>佩服佩服!!"", ""<SURNAME/>职员室的那个，校长拿走了。 <SURNAME/>还有一个，应该是校工拿着！ <SURNAME/>哈哈!<SURNAME/>是吗ー!!<SURNAME/>佩服佩服!!""]","[""\\n<SURNAME/>职员室的那个，校长拿走了。 \\n<SURNAME/>还有一个，应该是校工拿着！ \\n<SURNAME/>哈哈!<SURNAME/>是吗ー!!<SURNAME/>佩服佩服!!"", ""<SURNAME/>职员室的那个，校长拿走了。 <SURNAME/>还有一个，应该是校工拿着！ <SURNAME/>哈哈!<SURNAME/>是吗ー!!<SURNAME/>佩服佩服!!""]"
merged_versions_conflict,script:191_8,script:191_8:diag4,frontend/public/games/p2is/groups/script_191_8.json,"
<SURNAME/>去年、この学校に赴任してきたのよ。
<SURNAME/>黛こそどうしてこんなとこにいるの?
<SURNAME/>まさか…<pause:20/>もっかい高校生やる気?","
<SURNAME/>去年刚调来这所学校的。
<SURNAME/>黛才是，怎么会在这种地方？
<SURNAME/>难不成…<pause:20/>想再当回高中生？","[""\\n<SURNAME/>我是去年刚调来这所学校的。 \\n<SURNAME/>黛才是，怎么会在这种地方？ \\n<SURNAME/>难不成…<pause:20/>想再当一回高中生？"", ""<SURNAME/>我是去年刚调来这所学校的。 <SURNAME/>黛才是，怎么会在这种地方？ <SURNAME/>难不成…<pause:20/>想再当一回高中生？""]","[""\\n<SURNAME/>我是去年刚调来这所学校的。 \\n<SURNAME/>黛才是，怎么会在这种地方？ \\n<SURNAME/>难不成…<pause:20/>想再当一回高中生？"", ""<SURNAME/>我是去年刚调来这所学校的。 <SURNAME/>黛才是，怎么会在这种地方？ <SURNAME/>难不成…<pause:20/>想再当一回高中生？""]"
multiple_versions_review,script:191_8,script:191_8:diag42,frontend/public/games/p2is/groups/script_191_8.json,"
<SURNAME/>あーそうそう、ついでにもう1つ。
<SURNAME/>リサを見て思い出したガ、あいつ英語の成績
<SURNAME/>最低なんで、マジメにやれと言っといて。",\n<SURNAME/>啊ー是哦是哦，顺便还有一件事。 \n<SURNAME/>看到丽莎想起来了，那家伙的英语成绩 \n<SURNAME/>真是太差劲了，叫她认真点。,"[""\\n<SURNAME/>啊ー是哦是哦，顺便还有一件事。 \\n<SURNAME/>看到丽莎想起来了，那家伙的英语成绩 \\n<SURNAME/>真是太差劲了，叫她认真点。"", ""<SURNAME/>啊ー是哦是哦，顺便还有一件事。 <SURNAME/>看到丽莎想起来了，那家伙的英语成绩 <SURNAME/>真是太差劲了，叫她认真点。""]","[""\\n<SURNAME/>啊ー是哦是哦，顺便还有一件事。 \\n<SURNAME/>看到丽莎想起来了，那家伙的英语成绩 \\n<SURNAME/>真是太差劲了，叫她认真点。"", ""<SURNAME/>啊ー是哦是哦，顺便还有一件事。 <SURNAME/>看到丽莎想起来了，那家伙的英语成绩 <SURNAME/>真是太差劲了，叫她认真点。""]"
multiple_versions_review,script:191_8,script:191_8:diag44,frontend/public/games/p2is/groups/script_191_8.json,"
<SURNAME/>チ、チビシイ…
<SURNAME/>こんなに散らかすんじゃなかった…<pause:30/>
<SURNAME/>僕の頭脳をもってしても、この展開は予測不可!",\n<SURNAME/>太、太琐碎了… \n<SURNAME/>不该弄得这么乱…<pause:30/>\n<SURNAME/>就算以我的头脑，也完全预测不到如今的发展!,"[""\\n<SURNAME/>太、太琐碎了… \\n<SURNAME/>不该弄得这么乱…<pause:30/>\\n<SURNAME/>就算以我的头脑，也完全预测不到如今的发展!"", ""<SURNAME/>太、太琐碎了… <SURNAME/>不该弄得这么乱…<pause:30/> <SURNAME/>就算以我的头脑，也完全预测不到如今的发展!""]","[""\\n<SURNAME/>太、太琐碎了… \\n<SURNAME/>不该弄得这么乱…<pause:30/>\\n<SURNAME/>就算以我的头脑，也完全预测不到如今的发展!"", ""<SURNAME/>太、太琐碎了… <SURNAME/>不该弄得这么乱…<pause:30/> <SURNAME/>就算以我的头脑，也完全预测不到如今的发展!""]"
merged_versions_conflict,script:191_8,script:191_8:diag46,frontend/public/games/p2is/groups/script_191_8.json,"
<SURNAME/>チッ!!
<SURNAME/>校長ガ言うんじゃしょうガねぇよなー
<SURNAME/>お前もちゃんと掃除しねぇとダメだぜ。","
<SURNAME/>切!!
<SURNAME/>校长说的也没办法啊ー
<SURNAME/>你也得好好打扫才行。","[""\\n<SURNAME/>切!! \\n<SURNAME/>毕竟是校长说的，那也没办法啊ー \\n<SURNAME/>你也得好好打扫才行。"", ""<SURNAME/>切!! <SURNAME/>毕竟是校长说的，那也没办法啊ー <SURNAME/>你也得好好打扫才行。""]","[""\\n<SURNAME/>切!! \\n<SURNAME/>毕竟是校长说的，那也没办法啊ー \\n<SURNAME/>你也得好好打扫才行。"", ""<SURNAME/>切!! <SURNAME/>毕竟是校长说的，那也没办法啊ー <SURNAME/>你也得好好打扫才行。""]"
merged_versions_conflict,script:191_8,script:191_8:diag47,frontend/public/games/p2is/groups/script_191_8.json,"
<SURNAME/>なに!?<SURNAME/>今忙しいんだけど!
<SURNAME/>エンブレム壊して、この顔早く元に戻さなきゃ
<SURNAME/>なんないんだからぁ!","
<SURNAME/>什么!?<SURNAME/>现在很忙啦！
<SURNAME/>破坏纹章，让这脸快点恢复原状
<SURNAME/>才行啊！","[""\\n<SURNAME/>什么!?<SURNAME/>现在很忙啦！ \\n<SURNAME/>得破坏纹章，让这脸快点恢复原状 \\n<SURNAME/>才行啊！"", ""<SURNAME/>什么!?<SURNAME/>现在很忙啦！ <SURNAME/>得破坏纹章，让这脸快点恢复原状 <SURNAME/>才行啊！""]","[""\\n<SURNAME/>什么!?<SURNAME/>现在很忙啦！ \\n<SURNAME/>得破坏纹章，让这脸快点恢复原状 \\n<SURNAME/>才行啊！"", ""<SURNAME/>什么!?<SURNAME/>现在很忙啦！ <SURNAME/>得破坏纹章，让这脸快点恢复原状 <SURNAME/>才行啊！""]"
merged_versions_conflict,script:191_8,script:191_8:diag49,frontend/public/games/p2is/groups/script_191_8.json,"
<SURNAME/>あ、コラコラ!<SURNAME/><c12/>どこ行くの?
<SURNAME/>あと紋章ガ残ってるのは、職員室だけでしょ?
<SURNAME/>さっさと壊しちゃいな。","
<SURNAME/>啊，喂喂!<SURNAME/><c12/>去哪？
<SURNAME/>剩下的纹章只有职员室了吧？
<SURNAME/>赶紧破坏掉。","[""\\n<SURNAME/>啊，喂喂!<SURNAME/><c12/>你要去哪？ \\n<SURNAME/>剩下的纹章只有职员室了吧？ \\n<SURNAME/>赶紧破坏掉。"", ""<SURNAME/>啊，喂喂!<SURNAME/><c12/>你要去哪？ <SURNAME/>剩下的纹章只有职员室了吧？ <SURNAME/>赶紧破坏掉。""]","[""\\n<SURNAME/>啊，喂喂!<SURNAME/><c12/>你要去哪？ \\n<SURNAME/>剩下的纹章只有职员室了吧？ \\n<SURNAME/>赶紧破坏掉。"", ""<SURNAME/>啊，喂喂!<SURNAME/><c12/>你要去哪？ <SURNAME/>剩下的纹章只有职员室了吧？ <SURNAME/>赶紧破坏掉。""]"
merged_versions_conflict,script:191_8,script:191_8:diag5,frontend/public/games/p2is/groups/script_191_8.json,"
<SURNAME/>仕事だよ、仕事!
<SURNAME/>今バイトでカメラマンの助手やってるんだ。
<SURNAME/>今日も取材でこの学校に来たのさ。","
<SURNAME/>工作啦，工作！
<SURNAME/>现在兼职当摄影师助手呢。
<SURNAME/>今天也是为取材来这学校的。","[""\\n<SURNAME/>工作啦，是工作！ \\n<SURNAME/>现在兼职当摄影师助手呢。 \\n<SURNAME/>今天也是为取材才来这学校的。"", ""<SURNAME/>工作啦，是工作！ <SURNAME/>现在兼职当摄影师助手呢。 <SURNAME/>今天也是为取材才来这学校的。""]","[""\\n<SURNAME/>工作啦，是工作！ \\n<SURNAME/>现在兼职当摄影师助手呢。 \\n<SURNAME/>今天也是为取材才来这学校的。"", ""<SURNAME/>工作啦，是工作！ <SURNAME/>现在兼职当摄影师助手呢。 <SURNAME/>今天也是为取材才来这学校的。""]"
merged_versions_conflict,script:191_8,script:191_8:diag7,frontend/public/games/p2is/groups/script_191_8.json,"
<SURNAME/>前の学校にいた頃の、教え子なのよ。","
<SURNAME/>是以前学校教过的学生啦。","[""\\n<SURNAME/>是我在之前那所学校任教时教过的学生啦。"", ""<SURNAME/>是我在之前那所学校任教时教过的学生啦。""]","[""\\n<SURNAME/>是我在之前那所学校任教时教过的学生啦。"", ""<SURNAME/>是我在之前那所学校任教时教过的学生啦。""]"
merged_versions_conflict,script:191_8,script:191_8:diag8,frontend/public/games/p2is/groups/script_191_8.json,"
<SURNAME/>それにしても、今日ウチの学校の取材なんて、
<SURNAME/>間ガ悪かったね。
<SURNAME/>見ての通り、ちょっと立て込んでてさ…","
<SURNAME/>不过今天来我们学校取材，
<SURNAME/>时机真不巧呢。
<SURNAME/>如你所见，正乱成一团…","[""\\n<SURNAME/>话说回来…居然会来我们学校采访， \\n<SURNAME/>时机真不巧呢。 \\n<SURNAME/>如你所见，正乱成一团…"", ""<SURNAME/>话说回来…居然会来我们学校采访， <SURNAME/>时机真不巧呢。 <SURNAME/>如你所见，正乱成一团…""]","[""\\n<SURNAME/>话说回来…居然会来我们学校采访， \\n<SURNAME/>时机真不巧呢。 \\n<SURNAME/>如你所见，正乱成一团…"", ""<SURNAME/>话说回来…居然会来我们学校采访， <SURNAME/>时机真不巧呢。 <SURNAME/>如你所见，正乱成一团…""]"
merged_versions_conflict,script:192_8,script:192_8:diag0,frontend/public/games/p2is/groups/script_192_8.json,"
<SURNAME/>すいませーん!
<SURNAME/>ちょっと、おじゃましま〜す。
","
<SURNAME/>请——问!
<SURNAME/>稍微打扰一下~
","[""\\n<SURNAME/>不好意思——! <SURNAME/>稍微打扰一下~\\n"", ""<SURNAME/>不好意思——! <SURNAME/>稍微打扰一下~""]","[""\\n<SURNAME/>不好意思——! <SURNAME/>稍微打扰一下~\\n"", ""<SURNAME/>不好意思——! <SURNAME/>稍微打扰一下~""]"
merged_versions_conflict,script:192_8,script:192_8:diag11,frontend/public/games/p2is/groups/script_192_8.json,"
<SURNAME/>名札ガえーと…
<SURNAME/>「と・<pause:10/>け・<pause:10/>い・<pause:10/>だ・<pause:10/>い」
","
<SURNAME/>标签上写着…
<SURNAME/>「钟·<pause:10/>楼·<pause:10/>之·<pause:10/>钥·<pause:10/>匙」
","[""\\n<SURNAME/>还有标签，我看看… \\n<SURNAME/>「钟·<pause:10/>楼·<pause:10/>的·<pause:10/>钥·<pause:10/>匙」\\n"", ""<SURNAME/>还有标签，我看看… <SURNAME/>「钟·<pause:10/>楼·<pause:10/>的·<pause:10/>钥·<pause:10/>匙」""]","[""\\n<SURNAME/>还有标签，我看看… \\n<SURNAME/>「钟·<pause:10/>楼·<pause:10/>的·<pause:10/>钥·<pause:10/>匙」\\n"", ""<SURNAME/>还有标签，我看看… <SURNAME/>「钟·<pause:10/>楼·<pause:10/>的·<pause:10/>钥·<pause:10/>匙」""]"
merged_versions_conflict,script:192_8,script:192_8:diag12,frontend/public/games/p2is/groups/script_192_8.json,"
<SURNAME/>オゥケェイ!!
<SURNAME/>鍵はこのボクガ見つけ出した。
<SURNAME/>さあ、時計台へ向かってレッツゴゥ!","
<SURNAME/>OK!!
<SURNAME/>钥匙被本大爷找出来啦。
<SURNAME/>来，向钟楼出发，Let's go!","[""\\n<SURNAME/>OK!! <SURNAME/>钥匙被本大爷找出来啦。 \\n<SURNAME/>走，向钟楼出发，Let's go!"", ""<SURNAME/>OK!! <SURNAME/>钥匙被本大爷找出来啦。 <SURNAME/>走，向钟楼出发，Let's go!""]","[""\\n<SURNAME/>OK!! <SURNAME/>钥匙被本大爷找出来啦。 \\n<SURNAME/>走，向钟楼出发，Let's go!"", ""<SURNAME/>OK!! <SURNAME/>钥匙被本大爷找出来啦。 <SURNAME/>走，向钟楼出发，Let's go!""]"
merged_versions_conflict,script:192_8,script:192_8:diag13,frontend/public/games/p2is/groups/script_192_8.json,"
<SURNAME/>なんだよ、<c12/>?
<SURNAME/>オレはじっちゃんと、漢について語り合うのに
<SURNAME/>忙しいんだ、ジャマすんなよ。
","
<SURNAME/>干嘛啊，<c12/>?
<SURNAME/>本大爷正忙着跟老爷爷探讨男子汉之道，
<SURNAME/>别打扰啊。
","[""\\n<SURNAME/>干嘛啊，<c12/>? \\n<SURNAME/>本大爷正忙着跟爷爷探讨男子汉之道， \\n<SURNAME/>先别打扰我啊。\\n"", ""<SURNAME/>干嘛啊，<c12/>? <SURNAME/>本大爷正忙着跟爷爷探讨男子汉之道， <SURNAME/>先别打扰我啊。""]","[""\\n<SURNAME/>干嘛啊，<c12/>? \\n<SURNAME/>本大爷正忙着跟爷爷探讨男子汉之道， \\n<SURNAME/>先别打扰我啊。\\n"", ""<SURNAME/>干嘛啊，<c12/>? <SURNAME/>本大爷正忙着跟爷爷探讨男子汉之道， <SURNAME/>先别打扰我啊。""]"
merged_versions_conflict,script:192_8,script:192_8:diag14,frontend/public/games/p2is/groups/script_192_8.json,"
<SURNAME/>哎呀(アイヤー)カビくさっ!!
","
<SURNAME/>哎呀(アイヤー)好一股霉味!!
","[""\\n<SURNAME/>哎呀(ai yaa)，好一股霉味!!\\n"", ""<SURNAME/>哎呀(ai yaa)，好一股霉味!!""]","[""\\n<SURNAME/>哎呀(ai yaa)，好一股霉味!!\\n"", ""<SURNAME/>哎呀(ai yaa)，好一股霉味!!""]"
merged_versions_conflict,script:192_8,script:192_8:diag18,frontend/public/games/p2is/groups/script_192_8.json,"
<SURNAME/>鍵は見当たらないけど、オカズガ入ってるよ。<pause:30/>
<SURNAME/>あのおばさん、なんだかんだ言いなガら、
<SURNAME/>ちゃんとじいさんの面倒見てんだね。","
<SURNAME/>虽然没找到钥匙，但找到下饭菜了。<pause:30/>
<SURNAME/>那位阿姨嘴上抱怨，
<SURNAME/>还是有好好照顾老爷子的嘛。","[""\\n<SURNAME/>虽然没找到钥匙，但找到下饭菜了。<pause:30/>\\n<SURNAME/>那位阿姨总是嘴上抱怨，\\n<SURNAME/>其实还是有好好照顾老爷子的嘛。"", ""<SURNAME/>虽然没找到钥匙，但找到下饭菜了。<pause:30/> <SURNAME/>那位阿姨总是嘴上抱怨，<SURNAME/>其实还是有好好照顾老爷子的嘛。""]","[""\\n<SURNAME/>虽然没找到钥匙，但找到下饭菜了。<pause:30/>\\n<SURNAME/>那位阿姨总是嘴上抱怨，\\n<SURNAME/>其实还是有好好照顾老爷子的嘛。"", ""<SURNAME/>虽然没找到钥匙，但找到下饭菜了。<pause:30/> <SURNAME/>那位阿姨总是嘴上抱怨，<SURNAME/>其实还是有好好照顾老爷子的嘛。""]"
merged_versions_conflict,script:192_8,script:192_8:diag19,frontend/public/games/p2is/groups/script_192_8.json,"
<SURNAME/>木木木。
<SURNAME/>おじいちゃん、すぐなんでも無くすのよねー
<SURNAME/>年とると、ほんと大変よねー
","
<SURNAME/>呵呵呵。
<SURNAME/>老头儿啊，什么东西都立马就丢——
<SURNAME/>人老了，真是辛苦呢——
","[""\\n<SURNAME/>呵呵呵。 \\n<SURNAME/>老爷子他总是容易把东西弄不见，\\n<SURNAME/>上了年纪，真是多麻烦啊——\\n"", ""<SURNAME/>呵呵呵。 <SURNAME/>老爷子他总是容易把东西弄不见，<SURNAME/>上了年纪，真是多麻烦啊——""]","[""\\n<SURNAME/>呵呵呵。 \\n<SURNAME/>老爷子他总是容易把东西弄不见，\\n<SURNAME/>上了年纪，真是多麻烦啊——\\n"", ""<SURNAME/>呵呵呵。 <SURNAME/>老爷子他总是容易把东西弄不见，<SURNAME/>上了年纪，真是多麻烦啊——""]"
merged_versions_conflict,script:192_8,script:192_8:diag20,frontend/public/games/p2is/groups/script_192_8.json,"
<SURNAME/>カギ…カギのお…
<SURNAME/>いつも見とる気ガするガのお…
<SURNAME/>ま、飯でも食うかの。","
<SURNAME/>钥匙…钥匙啊…
<SURNAME/>总觉得每天都能看到呢…
<SURNAME/>嘛，先吃饭吧。","[""\\n<SURNAME/>钥匙…钥匙啊… \\n<SURNAME/>明明天天都能看到的来着… \\n<SURNAME/>算了，先吃饭吧。"", ""<SURNAME/>钥匙…钥匙啊… <SURNAME/>明明天天都能看到的来着… <SURNAME/>算了，先吃饭吧。""]","[""\\n<SURNAME/>钥匙…钥匙啊… \\n<SURNAME/>明明天天都能看到的来着… \\n<SURNAME/>算了，先吃饭吧。"", ""<SURNAME/>钥匙…钥匙啊… <SURNAME/>明明天天都能看到的来着… <SURNAME/>算了，先吃饭吧。""]"
multiple_versions_review,script:192_8,script:192_8:diag21,frontend/public/games/p2is/groups/script_192_8.json,"
<SURNAME/>伝説の女優、吉川さゆりのポスター。
<SURNAME/>唇の部分ガ、なぜかふやけている…",\n<SURNAME/>传奇女演员，吉川小百合的日历。 \n<SURNAME/>仔细一看，居然是30年前的东西了!! \n<SURNAME/>不知为何，嘴唇部分湿漉漉的…,"[""\\n<SURNAME/>传奇女演员，吉川小百合的日历。 \\n<SURNAME/>仔细一看，居然是30年前的东西了!! \\n<SURNAME/>不知为何，嘴唇部分湿漉漉的…"", ""<SURNAME/>传说中的女演员，吉川小百合的海报。 <SURNAME/>不知为何，嘴唇部分湿乎乎的…""]","[""\\n<SURNAME/>传奇女演员，吉川小百合的日历。 \\n<SURNAME/>仔细一看，居然是30年前的东西了!! \\n<SURNAME/>不知为何，嘴唇部分湿漉漉的…"", ""<SURNAME/>传说中的女演员，吉川小百合的海报。 <SURNAME/>不知为何，嘴唇部分湿乎乎的…""]"
multiple_versions_review,script:192_8,script:192_8:diag22,frontend/public/games/p2is/groups/script_192_8.json,"
<SURNAME/>伝説の女優、吉川さゆりのカレンダー。
<SURNAME/>よく見ると、30年前のものだ!!
<SURNAME/>唇の部分ガ、なぜかふやけている…",\n<SURNAME/>传奇女演员，吉川小百合的日历。 \n<SURNAME/>仔细一看，居然是30年前的东西了!! \n<SURNAME/>不知为何，嘴唇部分湿漉漉的…,"[""\\n<SURNAME/>传奇女演员，吉川小百合的日历。 \\n<SURNAME/>仔细一看，居然是30年前的东西了!! \\n<SURNAME/>不知为何，嘴唇部分湿漉漉的…"", ""<SURNAME/>传奇女演员，吉川小百合的日历。 <SURNAME/>仔细一看，居然是30年前的东西了!! <SURNAME/>不知为何，嘴唇部分湿漉漉的…""]","[""\\n<SURNAME/>传奇女演员，吉川小百合的日历。 \\n<SURNAME/>仔细一看，居然是30年前的东西了!! \\n<SURNAME/>不知为何，嘴唇部分湿漉漉的…"", ""<SURNAME/>传奇女演员，吉川小百合的日历。 <SURNAME/>仔细一看，居然是30年前的东西了!! <SURNAME/>不知为何，嘴唇部分湿漉漉的…""]"
multiple_versions_review,script:192_8,script:192_8:diag23,frontend/public/games/p2is/groups/script_192_8.json,"
<SURNAME/>中には、なぜか荒縄とローソクガ入っている…
<SURNAME/>非常用だと思いたい…",\n<SURNAME/>箱子里，不知为何放着粗绳和蜡烛… \n<SURNAME/>但愿只是应急用的…,"[""\\n<SURNAME/>箱子里，不知为何放着粗绳和蜡烛… \\n<SURNAME/>但愿只是应急用的…"", ""<SURNAME/>箱子里，不知为何放着粗绳和蜡烛… <SURNAME/>但愿只是应急用的…""]","[""\\n<SURNAME/>箱子里，不知为何放着粗绳和蜡烛… \\n<SURNAME/>但愿只是应急用的…"", ""<SURNAME/>箱子里，不知为何放着粗绳和蜡烛… <SURNAME/>但愿只是应急用的…""]"
multiple_versions_review,script:192_8,script:192_8:diag24,frontend/public/games/p2is/groups/script_192_8.json,"
<SURNAME/>中には、なぜか荒縄とローソクガ入っている…
<SURNAME/>非常用だと思いたい…",\n<SURNAME/>箱子里，不知为何放着粗绳和蜡烛… \n<SURNAME/>但愿只是应急用的…,"[""\\n<SURNAME/>箱子里，不知为何放着粗绳和蜡烛… \\n<SURNAME/>但愿只是应急用的…"", ""<SURNAME/>箱子里，不知为何放着粗绳和蜡烛… <SURNAME/>但愿只是应急用的…""]","[""\\n<SURNAME/>箱子里，不知为何放着粗绳和蜡烛… \\n<SURNAME/>但愿只是应急用的…"", ""<SURNAME/>箱子里，不知为何放着粗绳和蜡烛… <SURNAME/>但愿只是应急用的…""]"
multiple_versions_review,script:192_8,script:192_8:diag25,frontend/public/games/p2is/groups/script_192_8.json,"
<SURNAME/>古いテレビ。<pause:30/>
<SURNAME/>チャンネルなんかダイヤル式だ。",\n<SURNAME/>旧电视机。<pause:30/>\n<SURNAME/>调频还是旋钮式的。,"[""\\n<SURNAME/>旧电视机。<pause:30/>\\n<SURNAME/>调频还是旋钮式的。"", ""<SURNAME/>旧电视机。<pause:30/> <SURNAME/>调频还是旋钮式的。""]","[""\\n<SURNAME/>旧电视机。<pause:30/>\\n<SURNAME/>调频还是旋钮式的。"", ""<SURNAME/>旧电视机。<pause:30/> <SURNAME/>调频还是旋钮式的。""]"
multiple_versions_review,script:192_8,script:192_8:diag26,frontend/public/games/p2is/groups/script_192_8.json,"
<SURNAME/>吉川さゆりのブロマイドに紛れて…<pause:60/>
<SURNAME/>吉川さゆりの切りぬきガあった…",\n<SURNAME/>在成堆的吉川小百合的写真照里头……<pause:60/>\n<SURNAME/>竟还夹杂着一张吉川小百合的剪报……,"[""\\n<SURNAME/>在成堆的吉川小百合的写真照里头……<pause:60/>\\n<SURNAME/>竟还夹杂着一张吉川小百合的剪报……"", ""<SURNAME/>在成堆的吉川小百合的写真照里头……<pause:60/> <SURNAME/>竟还夹杂着一张吉川小百合的剪报……""]","[""\\n<SURNAME/>在成堆的吉川小百合的写真照里头……<pause:60/>\\n<SURNAME/>竟还夹杂着一张吉川小百合的剪报……"", ""<SURNAME/>在成堆的吉川小百合的写真照里头……<pause:60/> <SURNAME/>竟还夹杂着一张吉川小百合的剪报……""]"
multiple_versions_review,script:192_8,script:192_8:diag27,frontend/public/games/p2is/groups/script_192_8.json,"
<SURNAME/>ラップされたオカズガ入っている。",\n<SURNAME/>放着保鲜膜包好的菜肴。,"[""\\n<SURNAME/>放着保鲜膜包好的菜肴。"", ""<SURNAME/>放着保鲜膜包好的菜肴。""]","[""\\n<SURNAME/>放着保鲜膜包好的菜肴。"", ""<SURNAME/>放着保鲜膜包好的菜肴。""]"
multiple_versions_review,script:192_8,script:192_8:diag29,frontend/public/games/p2is/groups/script_192_8.json,"
<SURNAME/>布団ガしまってある。",\n<SURNAME/>放着被褥。,"[""\\n<SURNAME/>放着被褥。"", ""<SURNAME/>放着被褥。""]","[""\\n<SURNAME/>放着被褥。"", ""<SURNAME/>放着被褥。""]"
merged_versions_conflict,script:192_8,script:192_8:diag3,frontend/public/games/p2is/groups/script_192_8.json,"
<SURNAME/>係(ハイ)そう、時計台のかーぎ!
<SURNAME/>おじいちゃんガ持ってるんだよね?
","
<SURNAME/>对~(係,ハイ)就是钟楼的钥——匙!
<SURNAME/>是老爷爷你拿着对吧?
","[""\\n<SURNAME/>係(hai)，就是钟楼的钥——匙!\\n<SURNAME/>是老爷爷您保管的对吧?\\n"", ""<SURNAME/>係(hai)，就是钟楼的钥——匙! <SURNAME/>是老爷爷您保管的对吧?""]","[""\\n<SURNAME/>係(hai)，就是钟楼的钥——匙!\\n<SURNAME/>是老爷爷您保管的对吧?\\n"", ""<SURNAME/>係(hai)，就是钟楼的钥——匙! <SURNAME/>是老爷爷您保管的对吧?""]"
merged_versions_conflict,script:192_8,script:192_8:diag30,frontend/public/games/p2is/groups/script_192_8.json,"
<SURNAME/><c12/>どうしたんだい?
<SURNAME/>鍵ガ見付からなきゃ、時計台へは入れないよ。","
<SURNAME/><c12/>怎么了?
<SURNAME/>找不到钥匙，钟楼可进不去哦。","[""\\n<SURNAME/><c12/>，怎么了? \\n<SURNAME/>找不到钥匙的话，我们可去不了钟楼啊。"", ""<SURNAME/><c12/>，怎么了? <SURNAME/>找不到钥匙的话，我们可去不了钟楼啊。""]","[""\\n<SURNAME/><c12/>，怎么了? \\n<SURNAME/>找不到钥匙的话，我们可去不了钟楼啊。"", ""<SURNAME/><c12/>，怎么了? <SURNAME/>找不到钥匙的话，我们可去不了钟楼啊。""]"
merged_versions_conflict,script:192_8,script:192_8:diag5,frontend/public/games/p2is/groups/script_192_8.json,"
<SURNAME/>よし、じっちゃん!
<SURNAME/>あせらず、さわガず、オレといっしょに
<SURNAME/>ゆ〜っくり思い出してみようぜ。
","
<SURNAME/>好，老爷爷!
<SURNAME/>别急别慌，跟本大爷一起，
<SURNAME/>慢——慢回忆一下吧。
","[""\\n<SURNAME/>没事，爷爷!\\n<SURNAME/>不要用着急，跟本大爷一起 \\n<SURNAME/>慢~慢回忆一下吧。\\n"", ""<SURNAME/>没事，爷爷! <SURNAME/>不要用着急，跟本大爷一起 <SURNAME/>慢~慢回忆一下吧。""]","[""\\n<SURNAME/>没事，爷爷!\\n<SURNAME/>不要用着急，跟本大爷一起 \\n<SURNAME/>慢~慢回忆一下吧。\\n"", ""<SURNAME/>没事，爷爷! <SURNAME/>不要用着急，跟本大爷一起 <SURNAME/>慢~慢回忆一下吧。""]"
merged_versions_conflict,script:192_8,script:192_8:diag9,frontend/public/games/p2is/groups/script_192_8.json,"
<SURNAME/>ところで、じっちゃん。
<SURNAME/>さっきから気になってたんだけど…
<SURNAME/>それ、なんだ?
","
<SURNAME/>说起来，老爷爷。
<SURNAME/>我刚才就好奇了…
<SURNAME/>那玩意儿，是什么?
","[""\\n<SURNAME/>说起来，爷爷。 \\n<SURNAME/>我从刚才就很好奇… \\n<SURNAME/>那个东西，是什么?\\n"", ""<SURNAME/>说起来，爷爷。 <SURNAME/>我从刚才就很好奇… <SURNAME/>那个东西，是什么?""]","[""\\n<SURNAME/>说起来，爷爷。 \\n<SURNAME/>我从刚才就很好奇… \\n<SURNAME/>那个东西，是什么?\\n"", ""<SURNAME/>说起来，爷爷。 <SURNAME/>我从刚才就很好奇… <SURNAME/>那个东西，是什么?""]"
multiple_versions_review,script:193_8,script:193_8:diag0,frontend/public/games/p2is/groups/script_193_8.json,"
<SURNAME/>ゲフッ!
<SURNAME/>木コリっぽいねぇ…<pause:30/>
<SURNAME/>ボクの、パーフェクトへアーガ汚れちゃうよ。
",\n<SURNAME/>咳! <SURNAME/>感觉这里好脏啊…<pause:30/>\n<SURNAME/>本大爷完美的发型要被弄脏了。\n,"[""\n<SURNAME/>咳！\n<SURNAME/>一股霉味啊…<pause:30/>\n<SURNAME/>老子的完美发型要被弄脏了。\n"", ""\\n<SURNAME/>咳! <SURNAME/>感觉这里好脏啊…<pause:30/>\\n<SURNAME/>本大爷完美的发型要被弄脏了。\\n"", ""<SURNAME/>咳! <SURNAME/>感觉这里好脏啊…<pause:30/> <SURNAME/>本大爷完美的发型要被弄脏了。""]","[""\n<SURNAME/>咳！\n<SURNAME/>一股霉味啊…<pause:30/>\n<SURNAME/>老子的完美发型要被弄脏了。\n"", ""\\n<SURNAME/>咳! <SURNAME/>感觉这里好脏啊…<pause:30/>\\n<SURNAME/>本大爷完美的发型要被弄脏了。\\n"", ""<SURNAME/>咳! <SURNAME/>感觉这里好脏啊…<pause:30/> <SURNAME/>本大爷完美的发型要被弄脏了。""]"
multiple_versions_review,script:193_8,script:193_8:diag1,frontend/public/games/p2is/groups/script_193_8.json,"
<SURNAME/>ミスター・ハンニャもいないみたいだし
<SURNAME/>さっさと大時計を壊して、
<SURNAME/>こんな場所とはおさらばしよう。
",\n<SURNAME/>Mr.般若似乎也不在， \n<SURNAME/>还是赶紧把大钟砸了， \n<SURNAME/>然后跟这地方说再见吧。\n,"[""\n<SURNAME/>Mr.般若也不在，\n<SURNAME/>赶紧把大钟砸了，\n<SURNAME/>和这鬼地方说拜拜吧。\n"", ""\\n<SURNAME/>Mr.般若似乎也不在， \\n<SURNAME/>还是赶紧把大钟砸了， \\n<SURNAME/>然后跟这地方说再见吧。\\n"", ""<SURNAME/>Mr.般若似乎也不在， <SURNAME/>还是赶紧把大钟砸了， <SURNAME/>然后跟这地方说再见吧。""]","[""\n<SURNAME/>Mr.般若也不在，\n<SURNAME/>赶紧把大钟砸了，\n<SURNAME/>和这鬼地方说拜拜吧。\n"", ""\\n<SURNAME/>Mr.般若似乎也不在， \\n<SURNAME/>还是赶紧把大钟砸了， \\n<SURNAME/>然后跟这地方说再见吧。\\n"", ""<SURNAME/>Mr.般若似乎也不在， <SURNAME/>还是赶紧把大钟砸了， <SURNAME/>然后跟这地方说再见吧。""]"
multiple_versions_review,script:193_8,script:193_8:diag11,frontend/public/games/p2is/groups/script_193_8.json,"
<SURNAME/>ジヨーカー!!
",\n<SURNAME/>JOKER!!\n,"[""\\n<SURNAME/>JOKER!!\\n"", ""<SURNAME/>JOKER!!""]","[""\\n<SURNAME/>JOKER!!\\n"", ""<SURNAME/>JOKER!!""]"
multiple_versions_review,script:193_8,script:193_8:diag12,frontend/public/games/p2is/groups/script_193_8.json,"
<SURNAME/>あれガ…ジヨーカー!?
",\n<SURNAME/>那就是…JOKER!?\n,"[""\\n<SURNAME/>那就是…JOKER!?\\n"", ""<SURNAME/>那就是…JOKER!?""]","[""\\n<SURNAME/>那就是…JOKER!?\\n"", ""<SURNAME/>那就是…JOKER!?""]"
multiple_versions_review,script:193_8,script:193_8:diag13,frontend/public/games/p2is/groups/script_193_8.json,"
<SURNAME/>ハンニャ校長!!
<SURNAME/>やっぱりあんたジヨーカーとつなガってたんだ!
",\n<SURNAME/>般若校长!! \n<SURNAME/>果然你跟JOKER勾结上了!\n,"[""\\n<SURNAME/>般若校长!! \\n<SURNAME/>果然你跟JOKER勾结上了!\\n"", ""<SURNAME/>般若校长!! <SURNAME/>果然你跟JOKER勾结上了!""]","[""\\n<SURNAME/>般若校长!! \\n<SURNAME/>果然你跟JOKER勾结上了!\\n"", ""<SURNAME/>般若校长!! <SURNAME/>果然你跟JOKER勾结上了!""]"
multiple_versions_review,script:193_8,script:193_8:diag14,frontend/public/games/p2is/groups/script_193_8.json,"
<SURNAME/>紋章の呪いも、みんなガおかしくなったのも
<SURNAME/>ジヨーカーと組んだあんたガ原因なんでしょ!?
<SURNAME/>白状しなよっ!!
",\n<SURNAME/>纹章诅咒，还有大家变得不正常， \n<SURNAME/>都是你跟JOKER搞的鬼对吧!? \n<SURNAME/>给我老实交待!!\n,"[""\n<SURNAME/>纹章诅咒、大家变得奇怪什么的\n<SURNAME/>都是你和JOKER联手造成的吧!?\n<SURNAME/>快老实交代!!\n"", ""\\n<SURNAME/>纹章诅咒，还有大家变得不正常， \\n<SURNAME/>都是你跟JOKER搞的鬼对吧!? \\n<SURNAME/>给我老实交待!!\\n"", ""<SURNAME/>纹章诅咒，还有大家变得不正常， <SURNAME/>都是你跟JOKER搞的鬼对吧!? <SURNAME/>给我老实交待!!""]","[""\n<SURNAME/>纹章诅咒、大家变得奇怪什么的\n<SURNAME/>都是你和JOKER联手造成的吧!?\n<SURNAME/>快老实交代!!\n"", ""\\n<SURNAME/>纹章诅咒，还有大家变得不正常， \\n<SURNAME/>都是你跟JOKER搞的鬼对吧!? \\n<SURNAME/>给我老实交待!!\\n"", ""<SURNAME/>纹章诅咒，还有大家变得不正常， <SURNAME/>都是你跟JOKER搞的鬼对吧!? <SURNAME/>给我老实交待!!""]"
local_conflict_review,script:193_8,script:193_8:diag15,frontend/public/games/p2is/groups/script_193_8.json,"
<SURNAME/>一体なにを言うか、このバカチンガぁ!!
<SURNAME/>「紋章の呪い」は、生徒どもの素行ガまねいた
<SURNAME/>天罰なのだ!
","
<SURNAME/>胡说什么、这个笨蛋!!
<SURNAME/>「纹章诅咒」是学生们行为不端
<SURNAME/>招来的天罚!
","[""\n<SURNAME/>在胡说什么、你这个笨蛋!!\n<SURNAME/>「纹章诅咒」是学生们行为不端\n<SURNAME/>而招来的天罚!\n""]","[""\n<SURNAME/>在胡说什么、你这个笨蛋!!\n<SURNAME/>「纹章诅咒」是学生们行为不端\n<SURNAME/>而招来的天罚!\n""]"
multiple_versions_review,script:193_8,script:193_8:diag16,frontend/public/games/p2is/groups/script_193_8.json,"
<SURNAME/>貴様らときたら、学生の本分を忘れ、
<SURNAME/>だらだらとした日常を送り、
<SURNAME/>気にすることといえば異性と外見だけ!
",\n<SURNAME/>你们这帮家伙，忘记了作为学生的本分 \n<SURNAME/>一天到晚浑浑噩噩， \n<SURNAME/>满脑子只想着异性和外表!\n,"[""\n<SURNAME/>你们这些家伙、忘记了作为学生的本分\n<SURNAME/>一天到晚浑浑噩噩\n<SURNAME/>满脑子只想着异性和外表!\n"", ""\\n<SURNAME/>你们这帮家伙，忘记了作为学生的本分 \\n<SURNAME/>一天到晚浑浑噩噩， \\n<SURNAME/>满脑子只想着异性和外表!\\n"", ""<SURNAME/>你们这帮家伙，忘记了作为学生的本分 <SURNAME/>一天到晚浑浑噩噩， <SURNAME/>满脑子只想着异性和外表!""]","[""\n<SURNAME/>你们这些家伙、忘记了作为学生的本分\n<SURNAME/>一天到晚浑浑噩噩\n<SURNAME/>满脑子只想着异性和外表!\n"", ""\\n<SURNAME/>你们这帮家伙，忘记了作为学生的本分 \\n<SURNAME/>一天到晚浑浑噩噩， \\n<SURNAME/>满脑子只想着异性和外表!\\n"", ""<SURNAME/>你们这帮家伙，忘记了作为学生的本分 <SURNAME/>一天到晚浑浑噩噩， <SURNAME/>满脑子只想着异性和外表!""]"
multiple_versions_review,script:193_8,script:193_8:diag17,frontend/public/games/p2is/groups/script_193_8.json,"
<SURNAME/>呪いにかかったのも、自業自得よ!
<SURNAME/>まあ、カス校生の妬みから生まれた噂ガ、
<SURNAME/>まさか現実になるとは思わなかったガな…
",\n<SURNAME/>这样的你们被诅咒了也是自作自受! \n<SURNAME/>不过呢，虽说是因为渣高学生的嫉妒而产生的传闻， \n<SURNAME/>我倒是没想到它真的会成真呢...\n,"[""\n<SURNAME/>被诅咒也是自作自受!\n<SURNAME/>不过、因渣校生的嫉妒而诞生的传闻\n<SURNAME/>没想到会成真啊…\n"", ""\\n<SURNAME/>这样的你们被诅咒了也是自作自受! \\n<SURNAME/>不过呢，虽说是因为渣高学生的嫉妒而产生的传闻， \\n<SURNAME/>我倒是没想到它真的会成真呢...\\n"", ""<SURNAME/>这样的你们被诅咒了也是自作自受! <SURNAME/>不过呢，虽说是因为渣高学生的嫉妒而产生的传闻， <SURNAME/>我倒是没想到它真的会成真呢...""]","[""\n<SURNAME/>被诅咒也是自作自受!\n<SURNAME/>不过、因渣校生的嫉妒而诞生的传闻\n<SURNAME/>没想到会成真啊…\n"", ""\\n<SURNAME/>这样的你们被诅咒了也是自作自受! \\n<SURNAME/>不过呢，虽说是因为渣高学生的嫉妒而产生的传闻， \\n<SURNAME/>我倒是没想到它真的会成真呢...\\n"", ""<SURNAME/>这样的你们被诅咒了也是自作自受! <SURNAME/>不过呢，虽说是因为渣高学生的嫉妒而产生的传闻， <SURNAME/>我倒是没想到它真的会成真呢...""]"
multiple_versions_review,script:193_8,script:193_8:diag18,frontend/public/games/p2is/groups/script_193_8.json,"
<SURNAME/>しかし、ジヨーカー様にお願いすれば
<SURNAME/>生徒たちの顔など、すぐに元通りになる。
",\n<SURNAME/>但是，只要拜托JOKER大人， \n<SURNAME/>学生们的脸就能瞬间恢复如初。\n,"[""\n<SURNAME/>但是，只要拜托JOKER大人\n<SURNAME/>学生们的脸就能恢复原样了。\n"", ""\\n<SURNAME/>但是，只要拜托JOKER大人， \\n<SURNAME/>学生们的脸就能瞬间恢复如初。\\n"", ""<SURNAME/>但是，只要拜托JOKER大人， <SURNAME/>学生们的脸就能瞬间恢复如初。""]","[""\n<SURNAME/>但是，只要拜托JOKER大人\n<SURNAME/>学生们的脸就能恢复原样了。\n"", ""\\n<SURNAME/>但是，只要拜托JOKER大人， \\n<SURNAME/>学生们的脸就能瞬间恢复如初。\\n"", ""<SURNAME/>但是，只要拜托JOKER大人， <SURNAME/>学生们的脸就能瞬间恢复如初。""]"
multiple_versions_review,script:193_8,script:193_8:diag19,frontend/public/games/p2is/groups/script_193_8.json,"
<SURNAME/>それどころか、ジヨーカー様に従えば、
<SURNAME/>より有意義な人生をつかむことガできるのだ!
",\n<SURNAME/>不仅如此，只要追随JOKER大人， \n<SURNAME/>就能拥有更有意义的人生!\n,"[""\\n<SURNAME/>不仅如此，只要追随JOKER大人， \\n<SURNAME/>就能拥有更有意义的人生!\\n"", ""<SURNAME/>不仅如此，只要追随JOKER大人， <SURNAME/>就能拥有更有意义的人生!""]","[""\\n<SURNAME/>不仅如此，只要追随JOKER大人， \\n<SURNAME/>就能拥有更有意义的人生!\\n"", ""<SURNAME/>不仅如此，只要追随JOKER大人， <SURNAME/>就能拥有更有意义的人生!""]"
local_conflict_review,script:193_8,script:193_8:diag2,frontend/public/games/p2is/groups/script_193_8.json,"
<SURNAME/>じゃあ、さっきの感じ…<pause:30/>
<SURNAME/>あれ、なんだったんだろう…?
","
<SURNAME/>刚才的感觉…<pause:30/>
<SURNAME/>到底是什么啊…？
","[""\n<SURNAME/>刚才的感觉…<pause:30/>\n<SURNAME/>那，到底是什么啊…？\n""]","[""\n<SURNAME/>刚才的感觉…<pause:30/>\n<SURNAME/>那，到底是什么啊…？\n""]"
multiple_versions_review,script:193_8,script:193_8:diag20,frontend/public/games/p2is/groups/script_193_8.json,"
<SURNAME/>そういうアンタは、ジヨーカーの力で
<SURNAME/>なにを手に入れたんだい!?
",\n<SURNAME/>那你呢，你靠JOKER的力量 \n<SURNAME/>又得到了什么!?\n,"[""\n<SURNAME/>那你用JOKER的力量\n<SURNAME/>又得到了什么?!\n"", ""\\n<SURNAME/>那你呢，你靠JOKER的力量 \\n<SURNAME/>又得到了什么!?\\n"", ""<SURNAME/>那你呢，你靠JOKER的力量 <SURNAME/>又得到了什么!?""]","[""\n<SURNAME/>那你用JOKER的力量\n<SURNAME/>又得到了什么?!\n"", ""\\n<SURNAME/>那你呢，你靠JOKER的力量 \\n<SURNAME/>又得到了什么!?\\n"", ""<SURNAME/>那你呢，你靠JOKER的力量 <SURNAME/>又得到了什么!?""]"
multiple_versions_review,script:193_8,script:193_8:diag21,frontend/public/games/p2is/groups/script_193_8.json,"
<SURNAME/>はっはっは!<SURNAME/>私か?
<SURNAME/>生徒たちに愛される校長になることと…<pause:30/>
<SURNAME/>このフサフサの髪の毛だ!!
",<SURNAME/>哈哈哈!<SURNAME/>你问我? <SURNAME/>我不仅成为了受学生爱戴的校长，还得到…<pause:30/> <SURNAME/>这一头浓密的头发!!,"[""\n<SURNAME/>哈哈哈!<SURNAME/>我吗?\n<SURNAME/>成为受学生爱戴的校长…<pause:30/>\n<SURNAME/>还有这头浓密的头发!!\n"", ""\\n<SURNAME/>哈哈哈!<SURNAME/>你问我? \\n<SURNAME/>我不仅成为了受学生爱戴的校长，还得到…<pause:30/>\\n<SURNAME/>这一头浓密的头发!!\\n"", ""<SURNAME/>哈哈哈!<SURNAME/>你问我? <SURNAME/>我不仅成为了受学生爱戴的校长，还得到…<pause:30/> <SURNAME/>这一头浓密的头发!!"", ""<SURNAME/>哈哈哈!<SURNAME/>你问我? <SURNAME/>我不仅成为了受学生爱戴的校长，以及…<pause:30/> <SURNAME/>这一头浓密的头发!!""]","[""\n<SURNAME/>哈哈哈!<SURNAME/>我吗?\n<SURNAME/>成为受学生爱戴的校长…<pause:30/>\n<SURNAME/>还有这头浓密的头发!!\n"", ""\\n<SURNAME/>哈哈哈!<SURNAME/>你问我? \\n<SURNAME/>我不仅成为了受学生爱戴的校长，还得到…<pause:30/>\\n<SURNAME/>这一头浓密的头发!!\\n"", ""<SURNAME/>哈哈哈!<SURNAME/>你问我? <SURNAME/>我不仅成为了受学生爱戴的校长，还得到…<pause:30/> <SURNAME/>这一头浓密的头发!!"", ""<SURNAME/>哈哈哈!<SURNAME/>你问我? <SURNAME/>我不仅成为了受学生爱戴的校长，以及…<pause:30/> <SURNAME/>这一头浓密的头发!!""]"
multiple_versions_review,script:193_8,script:193_8:diag22,frontend/public/games/p2is/groups/script_193_8.json,"
<SURNAME/>ジヨーカー!!
<SURNAME/>てめぇの目的は、
<SURNAME/>俺たちに復讐することじゃなかったのか!?
",\n<SURNAME/>JOKER!! \n<SURNAME/>你的目的， \n<SURNAME/>不是对我们复仇吗!?\n,"[""\n<SURNAME/>JOKER!!\n<SURNAME/>你的目的\n<SURNAME/>不是向我们复仇吗!?\n"", ""\\n<SURNAME/>JOKER!! \\n<SURNAME/>你的目的， \\n<SURNAME/>不是对我们复仇吗!?\\n"", ""<SURNAME/>JOKER!! <SURNAME/>你的目的， <SURNAME/>不是对我们复仇吗!?""]","[""\n<SURNAME/>JOKER!!\n<SURNAME/>你的目的\n<SURNAME/>不是向我们复仇吗!?\n"", ""\\n<SURNAME/>JOKER!! \\n<SURNAME/>你的目的， \\n<SURNAME/>不是对我们复仇吗!?\\n"", ""<SURNAME/>JOKER!! <SURNAME/>你的目的， <SURNAME/>不是对我们复仇吗!?""]"
multiple_versions_review,script:193_8,script:193_8:diag23,frontend/public/games/p2is/groups/script_193_8.json,"
<SURNAME/>そんなバカ親父の理想を叶えることに、
<SURNAME/>一体なんの意味ガあるんでい!?
",\n<SURNAME/>实现这么个蠢老头的理想， \n<SURNAME/>到底有什么意义!?\n,"[""\n<SURNAME/>实现那种笨蛋老头的理想\n<SURNAME/>到底有什么意义啊!?\n"", ""\\n<SURNAME/>实现这么个蠢老头的理想， \\n<SURNAME/>到底有什么意义!?\\n"", ""<SURNAME/>实现这么个蠢老头的理想， <SURNAME/>到底有什么意义!?""]","[""\n<SURNAME/>实现那种笨蛋老头的理想\n<SURNAME/>到底有什么意义啊!?\n"", ""\\n<SURNAME/>实现这么个蠢老头的理想， \\n<SURNAME/>到底有什么意义!?\\n"", ""<SURNAME/>实现这么个蠢老头的理想， <SURNAME/>到底有什么意义!?""]"
local_conflict_review,script:193_8,script:193_8:diag24,frontend/public/games/p2is/groups/script_193_8.json,"
<SURNAME/>空に瞬く<SURNAME/>昂の星に
<SURNAME/>止まった時は<SURNAME/>動き出す…
","
<SURNAME/>在天空中闪烁<SURNAME/>的昂星
<SURNAME/>当它时<SURNAME/>开始移动…
","[""\n<SURNAME/>天空中闪烁着的<SURNAME/>昂之星\n<SURNAME/>停滞的时间<SURNAME/>开始转动…\n""]","[""\n<SURNAME/>天空中闪烁着的<SURNAME/>昂之星\n<SURNAME/>停滞的时间<SURNAME/>开始转动…\n""]"
multiple_versions_review,script:193_8,script:193_8:diag26,frontend/public/games/p2is/groups/script_193_8.json,"
<SURNAME/>これは「与える者」たるこの僕と、
<SURNAME/>「寧う者」たる貴様…<pause:30/>
<SURNAME/><c12/><SURNAME/><c13/>との夢をかけた戦いだ!
",\n<SURNAME/>这是身为「赐予者」的我， \n<SURNAME/>与身为「祈求者」的你…<pause:30/>\n<SURNAME/><c12/><SURNAME/><c13/>之间，赌上梦想的战斗!\n,"[""\n<SURNAME/>这是作为\""赐予者\""的我\n<SURNAME/>与作为\""祈愿者\""的你…<pause:30/>\n<SURNAME/><c12/><SURNAME/><c13/>之间赌上梦想的战斗!\n"", ""\\n<SURNAME/>这是身为「赐予者」的我， \\n<SURNAME/>与身为「祈求者」的你…<pause:30/>\\n<SURNAME/><c12/><SURNAME/><c13/>之间，赌上梦想的战斗!\\n"", ""<SURNAME/>这是身为「赐予者」的我， <SURNAME/>与身为「祈求者」的你…<pause:30/> <SURNAME/><c12/><SURNAME/><c13/>之间，赌上梦想的战斗!""]","[""\n<SURNAME/>这是作为\""赐予者\""的我\n<SURNAME/>与作为\""祈愿者\""的你…<pause:30/>\n<SURNAME/><c12/><SURNAME/><c13/>之间赌上梦想的战斗!\n"", ""\\n<SURNAME/>这是身为「赐予者」的我， \\n<SURNAME/>与身为「祈求者」的你…<pause:30/>\\n<SURNAME/><c12/><SURNAME/><c13/>之间，赌上梦想的战斗!\\n"", ""<SURNAME/>这是身为「赐予者」的我， <SURNAME/>与身为「祈求者」的你…<pause:30/> <SURNAME/><c12/><SURNAME/><c13/>之间，赌上梦想的战斗!""]"
multiple_versions_review,script:193_8,script:193_8:diag27,frontend/public/games/p2is/groups/script_193_8.json,"
<SURNAME/>もう二度と、貴様に夢を壊させはしない…<pause:30/>
<SURNAME/>もう二度と、同じ過ちをくり返させはしない!
",\n<SURNAME/>我绝不让你再次夺走我的梦现…<pause:30/>\n<SURNAME/>绝不让同样的错误再次重演!\n,"[""\n<SURNAME/>我绝不会再让你破坏我的梦想…<pause:30/>\n<SURNAME/>也绝不会再让同样的错误发生!\n"", ""\\n<SURNAME/>我绝不让你再次夺走我的梦现…<pause:30/>\\n<SURNAME/>绝不让同样的错误再次重演!\\n"", ""<SURNAME/>我绝不让你再次夺走我的梦现…<pause:30/> <SURNAME/>绝不让同样的错误再次重演!""]","[""\n<SURNAME/>我绝不会再让你破坏我的梦想…<pause:30/>\n<SURNAME/>也绝不会再让同样的错误发生!\n"", ""\\n<SURNAME/>我绝不让你再次夺走我的梦现…<pause:30/>\\n<SURNAME/>绝不让同样的错误再次重演!\\n"", ""<SURNAME/>我绝不让你再次夺走我的梦现…<pause:30/> <SURNAME/>绝不让同样的错误再次重演!""]"
multiple_versions_review,script:193_8,script:193_8:diag29,frontend/public/games/p2is/groups/script_193_8.json,"
<SURNAME/>時は再び動き出した…<pause:30/>
<SURNAME/>夢を告げる鐘の音を聞け!
",\n<SURNAME/>时间已再度开始流动…<pause:30/>\n<SURNAME/>聆听这宣告梦想的钟声吧!,"[""\n<SURNAME/> 时间已再度开始流动…<pause:30/> \n<SURNAME/>聆听这宣告梦想的钟声吧!\n"", ""\\n<SURNAME/>时间已再度开始流动…<pause:30/>\\n<SURNAME/>聆听这宣告梦想的钟声吧!"", ""<SURNAME/>时间已再度开始流动…<pause:30/> <SURNAME/>聆听这宣告梦想的钟声吧!""]","[""\n<SURNAME/> 时间已再度开始流动…<pause:30/> \n<SURNAME/>聆听这宣告梦想的钟声吧!\n"", ""\\n<SURNAME/>时间已再度开始流动…<pause:30/>\\n<SURNAME/>聆听这宣告梦想的钟声吧!"", ""<SURNAME/>时间已再度开始流动…<pause:30/> <SURNAME/>聆听这宣告梦想的钟声吧!""]"
multiple_versions_review,script:193_8,script:193_8:diag3,frontend/public/games/p2is/groups/script_193_8.json,"
<SURNAME/>パパパ、パンツ番長!
<SURNAME/>ううう、後ろ、後ろ後ろお!!
",\n<SURNAME/>内、内、内裤番长! \n<SURNAME/>后后后、后面、后面后面啊!!\n,"[""\\n<SURNAME/>内、内、内裤番长! \\n<SURNAME/>后后后、后面、后面后面啊!!\\n"", ""<SURNAME/>内、内、内裤番长! <SURNAME/>后后后、后面、后面后面啊!!""]","[""\\n<SURNAME/>内、内、内裤番长! \\n<SURNAME/>后后后、后面、后面后面啊!!\\n"", ""<SURNAME/>内、内、内裤番长! <SURNAME/>后后后、后面、后面后面啊!!""]"
merged_versions_conflict,script:193_8,script:193_8:diag30,frontend/public/games/p2is/groups/script_193_8.json,"
<SURNAME/>ちっきしょう!!
<SURNAME/>逃ガしてたまるかよっ!
",\n<SURNAME/>可恶!!\n<SURNAME/>怎么能逃跑呢！\n,"[""\\n<SURNAME/>可恶!! \\n<SURNAME/>别想逃!\\n"", ""<SURNAME/>可恶!! <SURNAME/>别想逃!""]","[""\\n<SURNAME/>可恶!! \\n<SURNAME/>别想逃!\\n"", ""<SURNAME/>可恶!! <SURNAME/>别想逃!""]"
multiple_versions_review,script:193_8,script:193_8:diag31,frontend/public/games/p2is/groups/script_193_8.json,"
<SURNAME/>ハイ、そこお!
<SURNAME/>指導おおっ!!
",\n<SURNAME/>嘿，那边那几个! \n<SURNAME/>我要训导你们呀!!\n,"[""\\n<SURNAME/>嘿，那边那几个! \\n<SURNAME/>我要训导你们呀!!\\n"", ""<SURNAME/>嘿，那边那几个! <SURNAME/>我要训导你们呀!!""]","[""\\n<SURNAME/>嘿，那边那几个! \\n<SURNAME/>我要训导你们呀!!\\n"", ""<SURNAME/>嘿，那边那几个! <SURNAME/>我要训导你们呀!!""]"
multiple_versions_review,script:193_8,script:193_8:diag32,frontend/public/games/p2is/groups/script_193_8.json,"
<SURNAME/>だあっ!
<SURNAME/>ジャマすんじゃねぇっ!!
",\n<SURNAME/>滚啊! \n<SURNAME/>别挡道!!\n,"[""\\n<SURNAME/>滚啊! \\n<SURNAME/>别挡道!!\\n"", ""<SURNAME/>滚啊! <SURNAME/>别挡道!!""]","[""\\n<SURNAME/>滚啊! \\n<SURNAME/>别挡道!!\\n"", ""<SURNAME/>滚啊! <SURNAME/>别挡道!!""]"
multiple_versions_review,script:193_8,script:193_8:diag33,frontend/public/games/p2is/groups/script_193_8.json,"
<SURNAME/>来るガいい、このバカチンども!
<SURNAME/>ここガ貴様らの生徒指導室だ!
<SURNAME/>ヤイル・カメーン!!
",\n<SURNAME/>来吧，臭小子们! \n<SURNAME/>此处就是你们的训导室! \n<SURNAME/>假面党，万岁!!\n,"[""\\n<SURNAME/>来吧，臭小子们! \\n<SURNAME/>此处就是你们的训导室! \\n<SURNAME/>假面党，万岁!!\\n"", ""<SURNAME/>来吧，臭小子们! <SURNAME/>此处就是你们的训导室! <SURNAME/>假面党，万岁!!""]","[""\\n<SURNAME/>来吧，臭小子们! \\n<SURNAME/>此处就是你们的训导室! \\n<SURNAME/>假面党，万岁!!\\n"", ""<SURNAME/>来吧，臭小子们! <SURNAME/>此处就是你们的训导室! <SURNAME/>假面党，万岁!!""]"
local_conflict_review,script:193_8,script:193_8:diag34,frontend/public/games/p2is/groups/script_193_8.json,"
<SURNAME/>木ワット?<NAME/><NAME/>どうしたのさ、エブリバデ?
<SURNAME/>ボクの顔に何か付いて…
","
<SURNAME/>What?<NAME/><NAME/>怎么了、everybody?
<SURNAME/>我脸上有什么吗…
","[""\n<SURNAME/>What?<NAME/><NAME/>怎么了，everybody?\n<SURNAME/>本大爷脸上沾了什么吗…\n""]","[""\n<SURNAME/>What?<NAME/><NAME/>怎么了，everybody?\n<SURNAME/>本大爷脸上沾了什么吗…\n""]"
local_conflict_review,script:193_8,script:193_8:diag4,frontend/public/games/p2is/groups/script_193_8.json,"
<SURNAME/>…ったのに…
","
<SURNAME/>……明明……
","[""\n<SURNAME/>……说过……\n""]","[""\n<SURNAME/>……说过……\n""]"
local_conflict_review,script:193_8,script:193_8:diag6,frontend/public/games/p2is/groups/script_193_8.json,"
<SURNAME/>…時を<pause:30/>…動かしては<pause:30/>…いけないと…<pause:30/>
<SURNAME/>…あれほど<pause:30/>…いったのに…
","
<SURNAME/>…时间<pause:30/>…不能<pause:30/>…动…<pause:30/>
<SURNAME/>…明明那么<pause:30/>…说过…
","[""\n<SURNAME/>…不可以<pause:30/>…拨动<pause:30/>时间…<pause:30/>\n<SURNAME/>…明明那样<pause:30/>…说过…\n""]","[""\n<SURNAME/>…不可以<pause:30/>…拨动<pause:30/>时间…<pause:30/>\n<SURNAME/>…明明那样<pause:30/>…说过…\n""]"
local_conflict_review,script:193_8,script:193_8:diag7,frontend/public/games/p2is/groups/script_193_8.json,"
<SURNAME/>消えちゃった…<pause:30/>
<SURNAME/>でも、今の人どこかで…
","
<SURNAME/>消失了…<pause:30/>
<SURNAME/>但刚才那人好像在哪…
","[""\n<SURNAME/>消失了…<pause:30/>\n<SURNAME/>不过，刚才那人好像在哪里…\n""]","[""\n<SURNAME/>消失了…<pause:30/>\n<SURNAME/>不过，刚才那人好像在哪里…\n""]"
local_conflict_review,script:194_8,script:194_8:diag0,frontend/public/games/p2is/groups/script_194_8.json,"
<SURNAME/>わたしたちの勝ちだよ!
<SURNAME/>ジヨーカーについて知ってる事
<SURNAME/>ぜ〜んぶ、聞かせてもらうかんね!
","
<SURNAME/>是我们赢啦!
<SURNAME/>关于小丑你知道的事，
<SURNAME/>就——全部告诉我们吧!
","[""<SURNAME/>是我们赢啦! <SURNAME/>现在把你知道的和JOKER有关的事情， <SURNAME/>全~部都交代出来吧!""]","[""<SURNAME/>是我们赢啦! <SURNAME/>现在把你知道的和JOKER有关的事情， <SURNAME/>全~部都交代出来吧!""]"
local_conflict_review,script:194_8,script:194_8:diag1,frontend/public/games/p2is/groups/script_194_8.json,"
<SURNAME/>な、なんだぁ!?
","
<SURNAME/>啥、啥情况!?
","[""<SURNAME/>怎、怎么了!?""]","[""<SURNAME/>怎、怎么了!?""]"
merged_versions_conflict,script:194_8,script:194_8:diag10,frontend/public/games/p2is/groups/script_194_8.json,"
<SURNAME/>「その姿見て<SURNAME/>我ガ心おののきたり
<SURNAME/><SURNAME/>月影の照らすは<SURNAME/>我ガ<SURNAME/>己の姿
<SURNAME/><SURNAME/>汝<SURNAME/>我ガ分身よ<SURNAME/>青ざめし男よ」
","
<SURNAME/>「见此身姿<SURNAME/>吾心战栗
<SURNAME/><SURNAME/>月影所映<SURNAME/>乃吾<SURNAME/>己身
<SURNAME/><SURNAME/>汝<SURNAME/>吾之分身<SURNAME/>苍白之人」
","[""\\n<SURNAME/>「睹此身姿<SURNAME/>惹我心底不住地战栗\\n<SURNAME/><SURNAME/>皓月清辉所照见的<SURNAME/>竟是<SURNAME/>我己身之影\\n<SURNAME/><SURNAME/>你<SURNAME/>我的分身啊<SURNAME/>惨白的男人」\\n"", ""<SURNAME/>「当我看见他的容貌<SURNAME/>不禁战栗 <SURNAME/><SURNAME/>月光照映出的<SURNAME/>竟是我自己的身影<SURNAME/><SURNAME/><SURNAME/>你<SURNAME/>我的分身啊<SURNAME/>苍白的幽魂啊」""]","[""\\n<SURNAME/>「睹此身姿<SURNAME/>惹我心底不住地战栗\\n<SURNAME/><SURNAME/>皓月清辉所照见的<SURNAME/>竟是<SURNAME/>我己身之影\\n<SURNAME/><SURNAME/>你<SURNAME/>我的分身啊<SURNAME/>惨白的男人」\\n"", ""<SURNAME/>「当我看见他的容貌<SURNAME/>不禁战栗 <SURNAME/><SURNAME/>月光照映出的<SURNAME/>竟是我自己的身影<SURNAME/><SURNAME/><SURNAME/>你<SURNAME/>我的分身啊<SURNAME/>苍白的幽魂啊」""]"
merged_versions_conflict,script:194_8,script:194_8:diag11,frontend/public/games/p2is/groups/script_194_8.json,"
<SURNAME/>「などて<SURNAME/>汝<SURNAME/>去りし日の
<SURNAME/><SURNAME/>幾夜をここに<SURNAME/>悩み過ごせし
<SURNAME/><SURNAME/>わガ悩み<SURNAME/>まねびかえすや」
","
<SURNAME/>「何故<SURNAME/>汝<SURNAME/>过往之日
<SURNAME/><SURNAME/>多少夜晚<SURNAME/>困于此地
<SURNAME/><SURNAME/>吾之苦恼<SURNAME/>汝竟重演」
","[""\\n<SURNAME/>「缘何<SURNAME/>你要将那往日<SURNAME/>曾在此苦熬过的\\n<SURNAME/><SURNAME/>无数个寒夜<SURNAME/>连同吾之痛楚\\n<SURNAME/><SURNAME/>悉数重拟？<SURNAME/>」\\n"", ""<SURNAME/>「你为什么<SURNAME/>要嘲弄我相思的痛苦<SURNAME/> <SURNAME/><SURNAME/>让我在这个地方<SURNAME/>受尽折磨 <SURNAME/><SURNAME/>有多少夜<SURNAME/>在往日时光里」""]","[""\\n<SURNAME/>「缘何<SURNAME/>你要将那往日<SURNAME/>曾在此苦熬过的\\n<SURNAME/><SURNAME/>无数个寒夜<SURNAME/>连同吾之痛楚\\n<SURNAME/><SURNAME/>悉数重拟？<SURNAME/>」\\n"", ""<SURNAME/>「你为什么<SURNAME/>要嘲弄我相思的痛苦<SURNAME/> <SURNAME/><SURNAME/>让我在这个地方<SURNAME/>受尽折磨 <SURNAME/><SURNAME/>有多少夜<SURNAME/>在往日时光里」""]"
local_conflict_review,script:194_8,script:194_8:diag12,frontend/public/games/p2is/groups/script_194_8.json,"
<SURNAME/>「ドッペルゲンガー」っていう詩よ。
<SURNAME/><c13/>クン知ってる?
","
<SURNAME/>这是首叫「二重身」的诗哦。
<SURNAME/><c13/>君知道吗?
","[""<SURNAME/>这是首叫「幻影」的诗哦。 <SURNAME/><c13/>君知道吗?""]","[""<SURNAME/>这是首叫「幻影」的诗哦。 <SURNAME/><c13/>君知道吗?""]"
local_conflict_review,script:194_8,script:194_8:diag13,frontend/public/games/p2is/groups/script_194_8.json,"
<SURNAME/>舞耶さん…<pause:30/>まさかジヨーカーは、
<SURNAME/><c12/>のドッペルゲンガーだって言うんじゃ
<SURNAME/>ないだろうね?
","
<SURNAME/>舞耶姐…<pause:30/>该不会，
<SURNAME/>你想说小丑是<c12/>的二重身吧?
","[""<SURNAME/>舞耶姐…<pause:30/>该不会， <SURNAME/>你想说JOKER是<c12/>的幻影吧?""]","[""<SURNAME/>舞耶姐…<pause:30/>该不会， <SURNAME/>你想说JOKER是<c12/>的幻影吧?""]"
local_conflict_review,script:194_8,script:194_8:diag15,frontend/public/games/p2is/groups/script_194_8.json,"
<SURNAME/>喂!(ワーイ)これからどうしよっか?
<SURNAME/>ハンニャにも逃げられちゃったし、
<SURNAME/>ジヨーカーへの手ガかりなくなっちゃったよ。
","
<SURNAME/>喂!(ワーイ)接下来咋办?
<SURNAME/>般若也逃了，
<SURNAME/>找小丑的线索也没了。
","[""<SURNAME/>喂!(wai)接下来该怎么办? <SURNAME/>般若逃掉了， <SURNAME/>找JOKER的线索也断了。""]","[""<SURNAME/>喂!(wai)接下来该怎么办? <SURNAME/>般若逃掉了， <SURNAME/>找JOKER的线索也断了。""]"
local_conflict_review,script:194_8,script:194_8:diag17,frontend/public/games/p2is/groups/script_194_8.json,"
<SURNAME/>噂を追ってみよう!
<SURNAME/>噂はきっと、私たちをジヨーカーの所へ
<SURNAME/>導いてくれるわ。
","
<SURNAME/>顺着传闻追下去!
<SURNAME/>传闻一定能把我们
<SURNAME/>带到小丑那里。
","[""<SURNAME/>顺着传闻追下去! <SURNAME/>传闻一定能把我们 <SURNAME/>带到JOKER那里。""]","[""<SURNAME/>顺着传闻追下去! <SURNAME/>传闻一定能把我们 <SURNAME/>带到JOKER那里。""]"
local_conflict_review,script:194_8,script:194_8:diag18,frontend/public/games/p2is/groups/script_194_8.json,"
<SURNAME/>なるほど、そいつは名寒だよ!
<SURNAME/>ハンニャガ確か、「紋章の呪い」の噂元は
<SURNAME/>カス校生徒だって言ってたしね。
","
<SURNAME/>有道理，是个好主意!
<SURNAME/>般若说过，「纹章诅咒」的传闻源头
<SURNAME/>是渣校的学生嘛。
","[""<SURNAME/>有道理，是个好主意! <SURNAME/>般若确实说过，「纹章诅咒」的传闻源头 <SURNAME/>是渣高的学生呢。""]","[""<SURNAME/>有道理，是个好主意! <SURNAME/>般若确实说过，「纹章诅咒」的传闻源头 <SURNAME/>是渣高的学生呢。""]"
merged_versions_conflict,script:194_8,script:194_8:diag19,frontend/public/games/p2is/groups/script_194_8.json,"
<SURNAME/>姐さん、ちょっと待ってくれよ!
<SURNAME/>このミッシェル様ガ番をはる春日山高校にゃ、
<SURNAME/>そんな噂を流す奴なんか1人もいやしねぇぜ。
","
<SURNAME/>姐姐，等等啊!
<SURNAME/>本米切大人当番长的春日山高中里，
<SURNAME/>没一个人会散布那种传闻!
","[""<SURNAME/>姐姐，等一下! <SURNAME/>在本米歇尔大人当番长的春日山高中里， <SURNAME/>没有人会散布那种传闻!"", ""<SURNAME/>姐姐，等一下! <SURNAME/>本米切大人当番长的春日山高中里， <SURNAME/>没一个人会散布那种传闻!""]","[""<SURNAME/>姐姐，等一下! <SURNAME/>在本米歇尔大人当番长的春日山高中里， <SURNAME/>没有人会散布那种传闻!"", ""<SURNAME/>姐姐，等一下! <SURNAME/>本米切大人当番长的春日山高中里， <SURNAME/>没一个人会散布那种传闻!""]"
local_conflict_review,script:194_8,script:194_8:diag20,frontend/public/games/p2is/groups/script_194_8.json,"
<SURNAME/>確かめるだけ、時間のムダってもんだ。
<SURNAME/>調べるなら、もっと別のとこにしようや。
","
<SURNAME/>去查也是浪费时间。
<SURNAME/>要查就去别的地方查吧。
","[""<SURNAME/>去查也是浪费时间， <SURNAME/>不如就去别的地方查吧。""]","[""<SURNAME/>去查也是浪费时间， <SURNAME/>不如就去别的地方查吧。""]"
local_conflict_review,script:194_8,script:194_8:diag21,frontend/public/games/p2is/groups/script_194_8.json,"
<SURNAME/>ジヨーカーや噂についてなら、
<SURNAME/>この学校の新聞部の部長も、調べてくれてるの。
<SURNAME/>そろそろ何か分かったころじゃないかな?
","
<SURNAME/>关于小丑和传闻的事，
<SURNAME/>本校新闻部部长也在调查呢。
<SURNAME/>差不多该查出点东西了吧?
","[""<SURNAME/>关于JOKER和传闻的事， <SURNAME/>本校新闻部部长也在调查呢。 <SURNAME/>差不多该查出点东西了吧?""]","[""<SURNAME/>关于JOKER和传闻的事， <SURNAME/>本校新闻部部长也在调查呢。 <SURNAME/>差不多该查出点东西了吧?""]"
local_conflict_review,script:194_8,script:194_8:diag26,frontend/public/games/p2is/groups/script_194_8.json,"
<SURNAME/>そんな!
<SURNAME/>私たちを守るため、死んじゃったなんて…<pause:30/>
<SURNAME/>ありガとう校長先生…<pause:30/>そして、さようなら…
","
<SURNAME/>怎么会!
<SURNAME/>为了守护我们，居然就这么走了…<pause:30/>
<SURNAME/>谢谢您校长…<pause:30/>再见了…
","[""<SURNAME/>怎么会! <SURNAME/>为了守护我们，居然就这么走了…<pause:30/> <SURNAME/>谢谢您，校长…<pause:30/>再见了…""]","[""<SURNAME/>怎么会! <SURNAME/>为了守护我们，居然就这么走了…<pause:30/> <SURNAME/>谢谢您，校长…<pause:30/>再见了…""]"
local_conflict_review,script:194_8,script:194_8:diag3,frontend/public/games/p2is/groups/script_194_8.json,"
<SURNAME/>あいたたた…
<SURNAME/>みんな、大丈夫?
","
<SURNAME/>哎哟哟…
<SURNAME/>大家没事吧?
","[""\\n<SURNAME/>啊疼疼疼…\\n<SURNAME/>大家，没事吧?\\n""]","[""\\n<SURNAME/>啊疼疼疼…\\n<SURNAME/>大家，没事吧?\\n""]"
local_conflict_review,script:194_8,script:194_8:diag4,frontend/public/games/p2is/groups/script_194_8.json,"
<SURNAME/>あっ!!
<SURNAME/>てんめぇ、待ちやガれ!
","
<SURNAME/>啊!!
<SURNAME/>臭小子，给我等等!
","[""<SURNAME/>啊!! <SURNAME/>混账，给我站住!""]","[""<SURNAME/>啊!! <SURNAME/>混账，给我站住!""]"
local_conflict_review,script:194_8,script:194_8:diag5,frontend/public/games/p2is/groups/script_194_8.json,"
<SURNAME/>今日の指導はここまでだ!
<SURNAME/>しかし、ジヨーカー様に刃向うかぎり
<SURNAME/>貴様らに安息はないと思え!
","
<SURNAME/>今天的训导到此为止!
<SURNAME/>不过只要你们违抗小丑大人，
<SURNAME/>就别想有安宁!
","[""<SURNAME/>今天的训导就到此为止! <SURNAME/>不过只要你们还违抗JOKER大人， <SURNAME/>就别想有安宁!""]","[""<SURNAME/>今天的训导就到此为止! <SURNAME/>不过只要你们还违抗JOKER大人， <SURNAME/>就别想有安宁!""]"
local_conflict_review,script:194_8,script:194_8:diag6,frontend/public/games/p2is/groups/script_194_8.json,"
<SURNAME/>おわあああーーーーーっ!!!
","
<SURNAME/>哇啊啊————!!!
","[""<SURNAME/>哇啊啊ーーーーー!!!""]","[""<SURNAME/>哇啊啊ーーーーー!!!""]"
local_conflict_review,script:194_8,script:194_8:diag7,frontend/public/games/p2is/groups/script_194_8.json,"
<SURNAME/>ここ4階だぞ!?
<SURNAME/>まあ…<pause:30/>あの親父じゃ死にそうにもねぇけどよ。
","
<SURNAME/>这可是 4 楼啊!?
<SURNAME/>嘛…<pause:30/>那老头看起来死不了。
","[""<SURNAME/>这可是 4 楼啊!? <SURNAME/>算了…<pause:30/>那老头看起来还死不了。""]","[""<SURNAME/>这可是 4 楼啊!? <SURNAME/>算了…<pause:30/>那老头看起来还死不了。""]"
local_conflict_review,script:194_8,script:194_8:diag8,frontend/public/games/p2is/groups/script_194_8.json,"
<SURNAME/>ジヨーカー…<pause:30/>
<SURNAME/>痛々しいほど孤独で、
<SURNAME/>心の底に、深い罪の意識を抱いてる…
","
<SURNAME/>小丑…<pause:30/>
<SURNAME/>痛苦地孤独着，
<SURNAME/>心底深处怀着深深的罪恶感…
","[""<SURNAME/>JOKER他…<pause:30/> <SURNAME/>孤独得令人心疼，<SURNAME/>内心深处藏着深深的罪恶感…""]","[""<SURNAME/>JOKER他…<pause:30/> <SURNAME/>孤独得令人心疼，<SURNAME/>内心深处藏着深深的罪恶感…""]"
local_conflict_review,script:194_8,script:194_8:diag9,frontend/public/games/p2is/groups/script_194_8.json,"
<SURNAME/>あの子、どことなく<c13/>クンに似てたわ…<pause:30/>
<SURNAME/>私、どこかで会ったような気ガするの。
","
<SURNAME/>那孩子，总觉得有点像<c13/>君…<pause:30/>
<SURNAME/>我好像在哪儿见过他。
","[""<SURNAME/>总感觉，那孩子有点像<c13/>君呢…<pause:30/> <SURNAME/>我好像，在哪儿见过他。""]","[""<SURNAME/>总感觉，那孩子有点像<c13/>君呢…<pause:30/> <SURNAME/>我好像，在哪儿见过他。""]"
local_conflict_review,script:195_8,script:195_8:diag1,frontend/public/games/p2is/groups/script_195_8.json,"
<SURNAME/>哎呀!(アイヤー)
<SURNAME/>ノリコってば、こんなとこにまで!","
<SURNAME/>哎呀！
<SURNAME/>纪子真是的，居然到这种地方！","[""\\n<SURNAME/>哎呀!(ai1 jaa3)\\n<SURNAME/>纪子真是的，居然来到这种地方！""]","[""\\n<SURNAME/>哎呀!(ai1 jaa3)\\n<SURNAME/>纪子真是的，居然来到这种地方！""]"
local_conflict_review,script:195_8,script:195_8:diag17,frontend/public/games/p2is/groups/script_195_8.json,"
<SURNAME/>お前らセブンスだろ?
<SURNAME/>放課後は、まっすぐお家に帰らないと
<SURNAME/>こわ〜い校長先生に怒られちゃうぜ!","
<SURNAME/>你们是七姊妹的吧？
<SURNAME/>放学后不直接回家的话，
<SURNAME/>会被可怕的校长骂的哟～","[""\\n<SURNAME/>你们是七姐妹的吧？\\n<SURNAME/>放学后不直接回家的话，\\n<SURNAME/>会被可怕的校长骂的哟～""]","[""\\n<SURNAME/>你们是七姐妹的吧？\\n<SURNAME/>放学后不直接回家的话，\\n<SURNAME/>会被可怕的校长骂的哟～""]"
local_conflict_review,script:195_8,script:195_8:diag19,frontend/public/games/p2is/groups/script_195_8.json,"
<SURNAME/>ミミミ、ミッシェルさん!?","
<SURNAME/>咪咪咪，米切先生！？","[""\\n<SURNAME/>ミミミ、ミッシェルさん!?\n\\n<SURNAME/>米米米，米歇尔大人！？""]","[""\\n<SURNAME/>ミミミ、ミッシェルさん!?\n\\n<SURNAME/>米米米，米歇尔大人！？""]"
local_conflict_review,script:195_8,script:195_8:diag20,frontend/public/games/p2is/groups/script_195_8.json,"
<SURNAME/>みみみ…三科<SURNAME/>栄吉ガなんだってんだ!!
<SURNAME/>お前の言う事なんか、誰も聞きゃしねぇぞ!
<SURNAME/>お前はもう、俺たちの番長じゃねぇんだからな!","
<SURNAME/>咪咪咪…三科<SURNAME/>荣吉算什么啊！！
<SURNAME/>你说的话，谁要听啊！
<SURNAME/>你已经不是我们的番长了！","[""\\n<SURNAME/>米米米…三科<SURNAME/>荣吉算什么啊！！\\n<SURNAME/>你说的话，谁要听啊！\\n<SURNAME/>你已经不是我们的番长了！""]","[""\\n<SURNAME/>米米米…三科<SURNAME/>荣吉算什么啊！！\\n<SURNAME/>你说的话，谁要听啊！\\n<SURNAME/>你已经不是我们的番长了！""]"
local_conflict_review,script:195_8,script:195_8:diag21,frontend/public/games/p2is/groups/script_195_8.json,"
<SURNAME/>んだとお?
<SURNAME/>てんめぇ…<pause:30/>今なんつった!?","
<SURNAME/>你说啥？
<SURNAME/>你这家伙…<pause:30/>刚才说啥了！？","[""\\n<SURNAME/>你说啥？\\n<SURNAME/>你这家伙…<pause:30/>刚刚说什么！？""]","[""\\n<SURNAME/>你说啥？\\n<SURNAME/>你这家伙…<pause:30/>刚刚说什么！？""]"
local_conflict_review,script:195_8,script:195_8:diag22,frontend/public/games/p2is/groups/script_195_8.json,"
<SURNAME/>俺たちには、新しいへッドガいるんだよ!<pause:30/>
<SURNAME/>新へッドは、番長よりもず〜っと強いんだ!","
<SURNAME/>我们可是有新头目了！<pause:30/>
<SURNAME/>新头目比番长强多了～！","[""\\n<SURNAME/>我们可是有新老大了哦！<pause:30/>\\n<SURNAME/>新老大比番长强多了～！""]","[""\\n<SURNAME/>我们可是有新老大了哦！<pause:30/>\\n<SURNAME/>新老大比番长强多了～！""]"
local_conflict_review,script:195_8,script:195_8:diag23,frontend/public/games/p2is/groups/script_195_8.json,"
<SURNAME/>今まで、お前におさえられてたカス校の仲間は、
<SURNAME/>み〜んなへッドの杉本さんにつくことにしたぜ!","
<SURNAME/>至今被你压制的渣校伙伴们，
<SURNAME/>全都决定跟从头目杉本先生了！","[""\\n<SURNAME/>至今被你压制的渣校伙伴们，\\n<SURNAME/>全都决定跟从老大杉本先生了！""]","[""\\n<SURNAME/>至今被你压制的渣校伙伴们，\\n<SURNAME/>全都决定跟从老大杉本先生了！""]"
local_conflict_review,script:195_8,script:195_8:diag24,frontend/public/games/p2is/groups/script_195_8.json,"
<SURNAME/>す、杉本だぁ!?
<SURNAME/>杉本ガ、カス校のへッドだと…?","
<SURNAME/>杉、杉本！？
<SURNAME/>杉本成了渣校的头目…？","[""\\n<SURNAME/>杉、杉本！？\\n<SURNAME/>杉本成了渣校的老大…？""]","[""\\n<SURNAME/>杉、杉本！？\\n<SURNAME/>杉本成了渣校的老大…？""]"
local_conflict_review,script:195_8,script:195_8:diag27,frontend/public/games/p2is/groups/script_195_8.json,"
<SURNAME/>てめぇ、さっき、へッドの方ガ番長より強い
<SURNAME/>とか言ってやガったな?
<SURNAME/>これでも、同じことガ言えるかよ!?","
<SURNAME/>你这混蛋，刚才说头目比番长强
<SURNAME/>什么的吧？
<SURNAME/>现在还敢说同样的话吗！？","[""\\n<SURNAME/>你这混蛋，刚才说老大比番长强\\n<SURNAME/>什么的吧？\\n<SURNAME/>现在还敢说同样的话吗！？""]","[""\\n<SURNAME/>你这混蛋，刚才说老大比番长强\\n<SURNAME/>什么的吧？\\n<SURNAME/>现在还敢说同样的话吗！？""]"
local_conflict_review,script:195_8,script:195_8:diag28,frontend/public/games/p2is/groups/script_195_8.json,"
<SURNAME/>ううう、噂で聞いたんだよ!
<SURNAME/>「カス校の新へッドは番長よりも強い」って
<SURNAME/>みんなガそう言ってたのを聞いただけなんだ!","
<SURNAME/>呜呜，是听传闻说的！
<SURNAME/>「渣校的新头目比番长还强」
<SURNAME/>我只是听到大家都这么说而已！","[""\\n<SURNAME/>呜呜，是听传闻说的！\\n<SURNAME/>「渣校的新老大比番长还强」\\n<SURNAME/>我只是听到大家都这么说而已！""]","[""\\n<SURNAME/>呜呜，是听传闻说的！\\n<SURNAME/>「渣校的新老大比番长还强」\\n<SURNAME/>我只是听到大家都这么说而已！""]"
local_conflict_review,script:195_8,script:195_8:diag30,frontend/public/games/p2is/groups/script_195_8.json,"
<SURNAME/>噂もからんでるみたいだし…<pause:30/>
<SURNAME/>ひょっとしたらその杉本って子も、
<SURNAME/>ジヨーカーと関係してるんじゃないのかな?","
<SURNAME/>而且好像还牵扯到传闻…<pause:30/>
<SURNAME/>说不定那个叫杉本的孩子，
<SURNAME/>也和小丑有关系吧？","[""\\n<SURNAME/>而且好像还牵扯到传闻…<pause:30/>\\n<SURNAME/>说不定那个叫杉本的孩子，\\n<SURNAME/>也和JOKER有关系吧？""]","[""\\n<SURNAME/>而且好像还牵扯到传闻…<pause:30/>\\n<SURNAME/>说不定那个叫杉本的孩子，\\n<SURNAME/>也和JOKER有关系吧？""]"
local_conflict_review,script:195_8,script:195_8:diag32,frontend/public/games/p2is/groups/script_195_8.json,"
<SURNAME/>ところでキミ、
<SURNAME/>「セブンスの紋章ガ呪われてる」って噂、
<SURNAME/>もちろん聞いたことあるよね?","
<SURNAME/>话说你，
<SURNAME/>「七姊妹的纹章被诅咒了」这个传闻，
<SURNAME/>当然听说过吧？","[""\\n<SURNAME/>话说你，\\n<SURNAME/>「七姐妹的纹章被诅咒了」这个传闻，\\n<SURNAME/>你应该听说过吧？""]","[""\\n<SURNAME/>话说你，\\n<SURNAME/>「七姐妹的纹章被诅咒了」这个传闻，\\n<SURNAME/>你应该听说过吧？""]"
local_conflict_review,script:195_8,script:195_8:diag34,frontend/public/games/p2is/groups/script_195_8.json,"
<SURNAME/>へッドの指示で、俺たちガ噂を流したんだ!
<SURNAME/>気に食わないセブンスの評判を、
<SURNAME/>とことん落としてやるんだって言われて…","
<SURNAME/>是头目指示我们散播传闻的！
<SURNAME/>说是要把看不顺眼的七姊妹的名声，
<SURNAME/>彻底搞臭…","[""\\n<SURNAME/>是老大指示我们散播传闻的！\\n<SURNAME/>说是要把看不顺眼的七姐妹的名声，\\n<SURNAME/>彻底搞臭…""]","[""\\n<SURNAME/>是老大指示我们散播传闻的！\\n<SURNAME/>说是要把看不顺眼的七姐妹的名声，\\n<SURNAME/>彻底搞臭…""]"
local_conflict_review,script:195_8,script:195_8:diag35,frontend/public/games/p2is/groups/script_195_8.json,"
<SURNAME/>激氣(ケッへイ)なにそれ!
<SURNAME/>その杉本ってヤツ、ウチの学校に何のうらみガ
<SURNAME/>あるってゆーのよ!","
<SURNAME/>气死我了，搞什么啊！
<SURNAME/>那个叫杉本的家伙，对我们学校有什么怨恨
<SURNAME/>啊！","[""\\n<SURNAME/>激气(gik1 hei3)，搞什么啊！\\n<SURNAME/>那个叫杉本的家伙，对我们学校有什么怨恨\\n<SURNAME/>啊！""]","[""\\n<SURNAME/>激气(gik1 hei3)，搞什么啊！\\n<SURNAME/>那个叫杉本的家伙，对我们学校有什么怨恨\\n<SURNAME/>啊！""]"
local_conflict_review,script:195_8,script:195_8:diag38,frontend/public/games/p2is/groups/script_195_8.json,"
<SURNAME/>こここ、この奥の秘密クラブです…","
<SURNAME/>这、这后面就是秘密俱乐部…","[""\\n<SURNAME/>这这这、这后面的秘密俱乐部里…""]","[""\\n<SURNAME/>这这这、这后面的秘密俱乐部里…""]"
local_conflict_review,script:195_8,script:195_8:diag40,frontend/public/games/p2is/groups/script_195_8.json,"
<SURNAME/>ちょっと待ってよ、パンツ番長!","
<SURNAME/>等等啦，胖次番长～","[""\\n<SURNAME/>等等啦，内裤番长!""]","[""\\n<SURNAME/>等等啦，内裤番长!""]"
local_conflict_review,script:195_8,script:195_8:diag42,frontend/public/games/p2is/groups/script_195_8.json,"
<SURNAME/>ハナジーなんてヤツは知らねぇよ。
<SURNAME/>華小路<SURNAME/>雅とかいう女なら、
<SURNAME/>へッドに会いに秘密クラブへ行っちまったけど…","
<SURNAME/>什么花姐听都没听过。
<SURNAME/>华小路<SURNAME/>雅那女的
<SURNAME/>倒是去秘密俱乐部见头目了…","[""\\n<SURNAME/>什么花姐听都没听过。\\n<SURNAME/>华小路<SURNAME/>雅那女的\\n<SURNAME/>倒是去秘密俱乐部见老大了…""]","[""\\n<SURNAME/>什么花姐听都没听过。\\n<SURNAME/>华小路<SURNAME/>雅那女的\\n<SURNAME/>倒是去秘密俱乐部见老大了…""]"
local_conflict_review,script:195_8,script:195_8:diag43,frontend/public/games/p2is/groups/script_195_8.json,"
<SURNAME/>ナニ!?<pause:30/>
<SURNAME/>お前いま、華小路<SURNAME/>雅って言ったか?
<SURNAME/>華小路さんガ杉本のところへ行っただと!?","
<SURNAME/>啥!?<pause:30/>
<SURNAME/>你刚说华小路<SURNAME/>雅?
<SURNAME/>华小路学姐去找杉本了!?","[""\\n<SURNAME/>什么!?<pause:30/>\\n<SURNAME/>你刚说华小路<SURNAME/>雅?\\n<SURNAME/>华小路小姐去找杉本了!?""]","[""\\n<SURNAME/>什么!?<pause:30/>\\n<SURNAME/>你刚说华小路<SURNAME/>雅?\\n<SURNAME/>华小路小姐去找杉本了!?""]"
local_conflict_review,script:195_8,script:195_8:diag48,frontend/public/games/p2is/groups/script_195_8.json,"
<SURNAME/>「カス校の新へッドガ番長より強い」って噂ガ
<SURNAME/>かなり広まってるとしたら…<pause:30/>
<SURNAME/>栄吉クン、ピンチかもね。
","
<SURNAME/>“渣校新头目比番长强”的传闻
<SURNAME/>要是传得这么广…<pause:30/>
<SURNAME/>荣吉君可能有麻烦呢。
","[""\\n<SURNAME/>“渣校新老大比番长强”的传闻\\n<SURNAME/>要是传得这么广…<pause:30/>\\n<SURNAME/>荣吉君可能有麻烦呢。\\n""]","[""\\n<SURNAME/>“渣校新老大比番长强”的传闻\\n<SURNAME/>要是传得这么广…<pause:30/>\\n<SURNAME/>荣吉君可能有麻烦呢。\\n""]"
merged_versions_conflict,script:195_8,script:195_8:diag49,frontend/public/games/p2is/groups/script_195_8.json,"
<SURNAME/>ねえ、情人(チンヤン)?
<SURNAME/>なんでハナジーは、自分の本名をパンツ番長には
<SURNAME/>ナイシヨにしてなんて頼んだのかな?
","
<SURNAME/>呐，情人?
<SURNAME/>为啥花姐要胖次番长
<SURNAME/>瞒着她的真名呀?
","[""\\n<SURNAME/>呐，情人(cing4 jan4)?\\n<SURNAME/>为啥花姐要对胖次番长\\n<SURNAME/>瞒着她的真名呀?\\n"", ""\\n<SURNAME/>呐，情人(cing4 jan4)?\\n<SURNAME/>为啥花姐要胖次番长\\n<SURNAME/>瞒着她的真名呀?\\n""]","[""\\n<SURNAME/>呐，情人(cing4 jan4)?\\n<SURNAME/>为啥花姐要对胖次番长\\n<SURNAME/>瞒着她的真名呀?\\n"", ""\\n<SURNAME/>呐，情人(cing4 jan4)?\\n<SURNAME/>为啥花姐要胖次番长\\n<SURNAME/>瞒着她的真名呀?\\n""]"
local_conflict_review,script:195_8,script:195_8:diag52,frontend/public/games/p2is/groups/script_195_8.json,"
<SURNAME/>実は杉本ってさ、すっげー嫌なヤツなんだよ。
<SURNAME/>強きをたすけ、弱きをくじく性格っての?
<SURNAME/>木ント…<pause:30/>どうしてアイツガへッドなんだろ?
","
<SURNAME/>其实杉本那家伙超恶心的。
<SURNAME/>就那种欺软怕硬的性格?
<SURNAME/>搞屁…<pause:30/>为啥他是头目啊?
","[""\\n<SURNAME/>其实杉本那家伙超恶心的。\\n<SURNAME/>就那种欺软怕硬的性格?\\n<SURNAME/>真是的…<pause:30/>为啥他是老大啊?\\n""]","[""\\n<SURNAME/>其实杉本那家伙超恶心的。\\n<SURNAME/>就那种欺软怕硬的性格?\\n<SURNAME/>真是的…<pause:30/>为啥他是老大啊?\\n""]"
local_conflict_review,script:195_8,script:195_8:diag55,frontend/public/games/p2is/groups/script_195_8.json,"
<SURNAME/>カス校の新しいへッドの話なら、
<SURNAME/>私も聞いたことガあるわ。
<SURNAME/>えっ!<SURNAME/>今日ここに来てるの?
","
<SURNAME/>渣校新头目的话，
<SURNAME/>我也听说过呢。
<SURNAME/>哎!<SURNAME/>今天来这儿了?
","[""\\n<SURNAME/>渣校新老大的话，\\n<SURNAME/>我也听说过呢。\\n<SURNAME/>哎!<SURNAME/>今天来这儿了?\\n""]","[""\\n<SURNAME/>渣校新老大的话，\\n<SURNAME/>我也听说过呢。\\n<SURNAME/>哎!<SURNAME/>今天来这儿了?\\n""]"
local_conflict_review,script:195_8,script:195_8:diag56,frontend/public/games/p2is/groups/script_195_8.json,"
<SURNAME/>そういえば、さっきカス校生徒ガ、
<SURNAME/>ぞろぞろ2階の方へ上ガってったみたいだけど…
<SURNAME/>あの中に新へッドもいたのかな?
","
<SURNAME/>说起来，刚才渣校学生
<SURNAME/>一窝蜂往二楼去了…
<SURNAME/>新头目也在里头吧?
","[""\\n<SURNAME/>说起来，刚才渣校学生\\n<SURNAME/>一窝蜂往二楼去了…\\n<SURNAME/>新老大也在里头吧?\\n""]","[""\\n<SURNAME/>说起来，刚才渣校学生\\n<SURNAME/>一窝蜂往二楼去了…\\n<SURNAME/>新老大也在里头吧?\\n""]"
local_conflict_review,script:197_8,script:197_8:diag1,frontend/public/games/p2is/groups/script_197_8.json,"
<SURNAME/>レイディ?<SURNAME/>仮面?<SURNAME/>カード?
<SURNAME/>くさい、くさいよ!
<SURNAME/>絶対、なんかあるわね。ここ!
","
<SURNAME/>女士?<SURNAME/>面具?<SURNAME/>卡片?
<SURNAME/>有猫腻，绝对有猫腻!
<SURNAME/>这里头肯定藏着什么!
","[""\\n<SURNAME/>Lady?<SURNAME/>面具?<SURNAME/>卡片?\\n<SURNAME/>有猫腻，绝对有猫腻!\\n<SURNAME/>这里头肯定藏着什么!\\n""]","[""\\n<SURNAME/>Lady?<SURNAME/>面具?<SURNAME/>卡片?\\n<SURNAME/>有猫腻，绝对有猫腻!\\n<SURNAME/>这里头肯定藏着什么!\\n""]"
local_conflict_review,script:197_8,script:197_8:diag10,frontend/public/games/p2is/groups/script_197_8.json,"
<SURNAME/>集会なんてチヨダサだけど、
<SURNAME/>タダでパーティチケット貰ったと思えばいいよね。
<SURNAME/>悩みだった大口、小さくしてもらったし。
","
<SURNAME/>集会什么的有点土，
<SURNAME/>就当白拿了张派对入场券嘛。
<SURNAME/>烦恼很久的大嘴还帮我缩小了呢。
","[""\\n<SURNAME/>集会什么的有点土，\\n<SURNAME/>就当白拿了张派对入场券嘛。\\n<SURNAME/>我困扰已久的大嘴巴还帮我缩小了呢。\\n""]","[""\\n<SURNAME/>集会什么的有点土，\\n<SURNAME/>就当白拿了张派对入场券嘛。\\n<SURNAME/>我困扰已久的大嘴巴还帮我缩小了呢。\\n""]"
local_conflict_review,script:197_8,script:197_8:diag6,frontend/public/games/p2is/groups/script_197_8.json,"
<SURNAME/>ふーん、やっぱりね。
<SURNAME/>どうだい?
<SURNAME/>次からは、アタシと一緒に交渉してみるかい?
","
<SURNAME/>嗯，果然如此。
<SURNAME/>怎么样?
<SURNAME/>下次跟我一起谈判试试?
","[""\\n<SURNAME/>嗯，果然如此。\\n<SURNAME/>怎么样?\\n<SURNAME/>下次跟我一起交涉试试?\\n""]","[""\\n<SURNAME/>嗯，果然如此。\\n<SURNAME/>怎么样?\\n<SURNAME/>下次跟我一起交涉试试?\\n""]"
local_conflict_review,script:197_8,script:197_8:diag9,frontend/public/games/p2is/groups/script_197_8.json,"
<SURNAME/>レイディから、仮面を持って参加するようにって、
<SURNAME/>カードガ届いたろ?
<SURNAME/>仮面を持ってないと、秘密クラブに入れないぜ?
","
<SURNAME/>女士寄来卡片，让带面具来参加吧?
<SURNAME/>没面具的话可进不去秘密俱乐部哦?
","[""\\n<SURNAME/>Lady寄来卡片，让带面具来参加吧?\\n<SURNAME/>没面具的话可进不去秘密俱乐部哦?\\n""]","[""\\n<SURNAME/>Lady寄来卡片，让带面具来参加吧?\\n<SURNAME/>没面具的话可进不去秘密俱乐部哦?\\n""]"
local_conflict_review,script:199_8,script:199_8:diag0,frontend/public/games/p2is/groups/script_199_8.json,"
<SURNAME/>オイオイ、いい様だなあ。番長さんよお。
<SURNAME/>腹おさえて、クソでも行きてぇんじゃねぇのか?
<SURNAME/>パンツおろしてやるか?<SURNAME/>パンツ?
","
<SURNAME/>喂喂，挺得意啊。番长大人哟。
<SURNAME/>捂着肚子，是想去拉屎吧？
<SURNAME/>要老子帮你脱裤子吗？<SURNAME/>脱裤子？
","[""\\n<SURNAME/>喂喂，挺得意啊。番长大人哟。\\n<SURNAME/>捂着肚子，该不会是想去拉屎吧？\\n<SURNAME/>要老子帮你脱内裤吗？<SURNAME/>内裤？\\n""]","[""\\n<SURNAME/>喂喂，挺得意啊。番长大人哟。\\n<SURNAME/>捂着肚子，该不会是想去拉屎吧？\\n<SURNAME/>要老子帮你脱内裤吗？<SURNAME/>内裤？\\n""]"
local_conflict_review,script:199_8,script:199_8:diag16,frontend/public/games/p2is/groups/script_199_8.json,"
<SURNAME/>そんなんじゃねぇ!
<SURNAME/>あのころ華小路さんは、
<SURNAME/>俺のあこガれだったんだ!!
","
<SURNAME/>才不是那样！
<SURNAME/>那时候华小路小姐，
<SURNAME/>可是老子的憧憬啊！！
","[""\\n<SURNAME/>才不是那样！\\n<SURNAME/>那时候华小路小姐，\\n<SURNAME/>可是老子憧憬的对象啊！！\\n""]","[""\\n<SURNAME/>才不是那样！\\n<SURNAME/>那时候华小路小姐，\\n<SURNAME/>可是老子憧憬的对象啊！！\\n""]"
local_conflict_review,script:199_8,script:199_8:diag27,frontend/public/games/p2is/groups/script_199_8.json,"
<SURNAME/>だからってこのまま見てるなんて…
<SURNAME/>煩哪!(ファーンナ)そんなのイヤ!
<SURNAME/><c13/>、2人を助けよう!
","
<SURNAME/>可光看着也太…
<SURNAME/>烦哪！(烦哪)不要啊！
<SURNAME/><c13/>，去救他们俩！
","[""\\n<SURNAME/>可光看着也太…\\n<SURNAME/>烦哪！(faan4 naa5)不要啊！\\n<SURNAME/><c13/>，去救他们俩！\\n""]","[""\\n<SURNAME/>可光看着也太…\\n<SURNAME/>烦哪！(faan4 naa5)不要啊！\\n<SURNAME/><c13/>，去救他们俩！\\n""]"
local_conflict_review,script:199_8,script:199_8:diag36,frontend/public/games/p2is/groups/script_199_8.json,"
<SURNAME/>てめぇ、中学で俺にパンツおろされたこと
<SURNAME/>まだ根に持ってやガったのか?
","
<SURNAME/>你这家伙、还在记恨中学时
<SURNAME/>被老子扒裤子的事吗?
","[""\\n<SURNAME/>你这家伙、还在记恨中学时\\n<SURNAME/>被老子扒内裤的事吗?\\n""]","[""\\n<SURNAME/>你这家伙、还在记恨中学时\\n<SURNAME/>被老子扒内裤的事吗?\\n""]"
local_conflict_review,script:199_8,script:199_8:diag7,frontend/public/games/p2is/groups/script_199_8.json,"
<SURNAME/>てやんでぇっ…<pause:30/>そいつはついでだ!
<SURNAME/>華小路さんになにかあったら、
<SURNAME/>てめぇら全員ただじゃおかねぇからな!!
","
<SURNAME/>开什么玩笑…<pause:30/>那只是顺便的！
<SURNAME/>要是华小路小姐有事，
<SURNAME/>老子饶了你们所有人！！
","[""\\n<SURNAME/>开什么玩笑…<pause:30/>那只是顺便的！\\n<SURNAME/>要是华小路小姐有事，\\n<SURNAME/>老子可饶不了你们所有人！！\\n""]","[""\\n<SURNAME/>开什么玩笑…<pause:30/>那只是顺便的！\\n<SURNAME/>要是华小路小姐有事，\\n<SURNAME/>老子可饶不了你们所有人！！\\n""]"
local_conflict_review,script:200_8,script:200_8:diag1,frontend/public/games/p2is/groups/script_200_8.json,"
<SURNAME/>俺に杉本をせめる資格なんかねぇ。
<SURNAME/>俺のしてきたことも、こいつと同じだ。
","
<SURNAME/>老子没资格指责杉本。
<SURNAME/>老子过去干的事，跟他一个样。
","[""\\n<SURNAME/>老子根本没资格指责杉本。\\n<SURNAME/>老子以前干的事，其实跟他没区别。\\n""]","[""\\n<SURNAME/>老子根本没资格指责杉本。\\n<SURNAME/>老子以前干的事，其实跟他没区别。\\n""]"
local_conflict_review,script:200_8,script:200_8:diag13,frontend/public/games/p2is/groups/script_200_8.json,"
<SURNAME/>さ、洗いざらいしゃべっちまいな。
<SURNAME/>でないと、パンツおろすだけじゃすまないよ。
","
<SURNAME/>来，老老实实全招了吧。
<SURNAME/>不然，可不只是扒内裤那么简单了。
","[""\\n<SURNAME/>来，老老实实给我全交代清楚。\\n<SURNAME/>不然，就不只是扒你内裤那么简单了哦。\\n""]","[""\\n<SURNAME/>来，老老实实给我全交代清楚。\\n<SURNAME/>不然，就不只是扒你内裤那么简单了哦。\\n""]"
local_conflict_review,script:200_8,script:200_8:diag14,frontend/public/games/p2is/groups/script_200_8.json,"
<SURNAME/>へぶ!
<SURNAME/>は、話すよ、話す!
<SURNAME/>なんでも、なんでも話すから!
","
<SURNAME/>呜!
<SURNAME/>我、我说，我说!
<SURNAME/>什么都说，什么都说!
","[""\\n<SURNAME/>呜!\\n<SURNAME/>我、我说，我说!\\n<SURNAME/>什么都说，我什么都说行了吧!\\n""]","[""\\n<SURNAME/>呜!\\n<SURNAME/>我、我说，我说!\\n<SURNAME/>什么都说，我什么都说行了吧!\\n""]"
local_conflict_review,script:200_8,script:200_8:diag15,frontend/public/games/p2is/groups/script_200_8.json,"
<SURNAME/>カス校の生徒たちに、セブンスの紋章ガ
<SURNAME/>呪われてるって噂を広めるよう指示したのは、
<SURNAME/>どうしてだったんだい?
","
<SURNAME/>你为何要指使渣校的学生们，
<SURNAME/>散布七姊妹纹章
<SURNAME/>被诅咒的传闻?
","[""\\n<SURNAME/>你为何要指使垃圾高中的学生们，\\n<SURNAME/>散布七姐妹校徽\\n<SURNAME/>被诅咒的传闻?\\n""]","[""\\n<SURNAME/>你为何要指使垃圾高中的学生们，\\n<SURNAME/>散布七姐妹校徽\\n<SURNAME/>被诅咒的传闻?\\n""]"
local_conflict_review,script:200_8,script:200_8:diag16,frontend/public/games/p2is/groups/script_200_8.json,"
<SURNAME/>せ、生徒会長に頼まれたんだ!!
<SURNAME/>気にくわねぇセブンスの評判をぶっつぶせば、
<SURNAME/>ジヨーカー様の力でへッドにしてやるって!
","
<SURNAME/>是、是学生会长拜托的!!
<SURNAME/>他说只要搞砸看不顺眼的七姊妹的名声，
<SURNAME/>就用小丑大人的力量让我当头目!
","[""\\n<SURNAME/>是、是学生会长拜托的!!\\n<SURNAME/>他说只要把碍眼的七姐妹名声搞臭，\\n<SURNAME/>就用JOKER大人的力量让我当头目!\\n""]","[""\\n<SURNAME/>是、是学生会长拜托的!!\\n<SURNAME/>他说只要把碍眼的七姐妹名声搞臭，\\n<SURNAME/>就用JOKER大人的力量让我当头目!\\n""]"
local_conflict_review,script:200_8,script:200_8:diag17,frontend/public/games/p2is/groups/script_200_8.json,"
<SURNAME/>康夫のやつ…<pause:30/>
<SURNAME/>俺にフラれたもんで、
<SURNAME/>次は杉本に目ぇつけやガったのか!
","
<SURNAME/>康夫那家伙…<pause:30/>
<SURNAME/>被老子甩了之后，
<SURNAME/>就把杉本当下家盯上了啊!
","[""\\n<SURNAME/>康夫那家伙…<pause:30/>\\n<SURNAME/>被老子抛弃后，\\n<SURNAME/>就把主意打到杉本身上了!\\n""]","[""\\n<SURNAME/>康夫那家伙…<pause:30/>\\n<SURNAME/>被老子抛弃后，\\n<SURNAME/>就把主意打到杉本身上了!\\n""]"
local_conflict_review,script:200_8,script:200_8:diag18,frontend/public/games/p2is/groups/script_200_8.json,"
<SURNAME/>さっきまでいた人たち、今日は「集会」で
<SURNAME/>ここに集まったようなこと言ってたよね?
<SURNAME/>一体なんの「集会」だったの?
","
<SURNAME/>刚才在场的那帮人，说今天是来这里
<SURNAME/>参加「集会」的吧?
<SURNAME/>到底是什么「集会」?
","[""\\n<SURNAME/>刚才在场的那帮人，说今天是来这里\\n<SURNAME/>是为了参加「集会」对吧?\\n<SURNAME/>那到底是什么「集会」?\\n""]","[""\\n<SURNAME/>刚才在场的那帮人，说今天是来这里\\n<SURNAME/>是为了参加「集会」对吧?\\n<SURNAME/>那到底是什么「集会」?\\n""]"
local_conflict_review,script:200_8,script:200_8:diag19,frontend/public/games/p2is/groups/script_200_8.json,"
<SURNAME/>ジヨーカー様に理想をかなえてもらったヤツは、
<SURNAME/>かならず入る組織ガあるんだ。
<SURNAME/>今日の集会は、その入党儀式だって聞いたぜ。
","
<SURNAME/>被小丑大人实现理想的家伙，
<SURNAME/>都得加入一个组织。
<SURNAME/>今天的集会就是入党仪式，我听说的。
","[""\\n<SURNAME/>被JOKER大人实现理想的家伙，\\n<SURNAME/>都得加入一个组织。\\n<SURNAME/>听说今天的集会，就是那场入党仪式。\\n""]","[""\\n<SURNAME/>被JOKER大人实现理想的家伙，\\n<SURNAME/>都得加入一个组织。\\n<SURNAME/>听说今天的集会，就是那场入党仪式。\\n""]"
local_conflict_review,script:200_8,script:200_8:diag2,frontend/public/games/p2is/groups/script_200_8.json,"
<SURNAME/>「弱い者イジメはいけない」なんっつって
<SURNAME/>正義の味方を気どったところで…
<SURNAME/>それは、ただの言いわけだったんだ。
","
<SURNAME/>嘴上说着「不能欺负弱小」，
<SURNAME/>装出一副正义伙伴的派头…
<SURNAME/>那不过是借口罢了。
","[""\\n<SURNAME/>嘴上说着“不能欺负弱小”，\\n<SURNAME/>装出一副正义伙伴的派头…\\n<SURNAME/>那其实只是个借口罢了。\\n""]","[""\\n<SURNAME/>嘴上说着“不能欺负弱小”，\\n<SURNAME/>装出一副正义伙伴的派头…\\n<SURNAME/>那其实只是个借口罢了。\\n""]"
local_conflict_review,script:200_8,script:200_8:diag20,frontend/public/games/p2is/groups/script_200_8.json,"
<SURNAME/>そ、そういえば…<pause:30/>
<SURNAME/>集会に「レイディ・スコルピオン」っていう
<SURNAME/>組織の幹部ガ来るってのも聞いたよ。
","
<SURNAME/>对、对了…<pause:30/>
<SURNAME/>还听说集会上「蝎子女郎」这个
<SURNAME/>组织的干部会来。
","[""\\n<SURNAME/>对、对了…<pause:30/>\\n<SURNAME/>还听说有个叫「蝎子女郎」\\n<SURNAME/>的组织干部也会来这次集会。\\n""]","[""\\n<SURNAME/>对、对了…<pause:30/>\\n<SURNAME/>还听说有个叫「蝎子女郎」\\n<SURNAME/>的组织干部也会来这次集会。\\n""]"
local_conflict_review,script:200_8,script:200_8:diag22,frontend/public/games/p2is/groups/script_200_8.json,"
<SURNAME/>ウソはついてねぇみたいだな…<pause:30/>
<SURNAME/>よし、このくらいで許してやる。
<SURNAME/>ジヨーカーには、二度と近づくんじゃねえぞ!
","
<SURNAME/>看来没撒谎…<pause:30/>
<SURNAME/>好，就饶了你这一回。
<SURNAME/>以后再敢靠近小丑，就别怪老子!
","[""\\n<SURNAME/>看来没撒谎…<pause:30/>\\n<SURNAME/>好，就饶了你这一回。\\n<SURNAME/>以后再敢靠近JOKER，就别怪老子!\\n""]","[""\\n<SURNAME/>看来没撒谎…<pause:30/>\\n<SURNAME/>好，就饶了你这一回。\\n<SURNAME/>以后再敢靠近JOKER，就别怪老子!\\n""]"
local_conflict_review,script:200_8,script:200_8:diag23,frontend/public/games/p2is/groups/script_200_8.json,"
<SURNAME/>これで噂の黒幕ガはっきりしたね。
<SURNAME/>目指すは、カス校の生徒会長!!
<SURNAME/>とっ捕まえて、ぎったんぎったんにしてやる!
","
<SURNAME/>这下传闻幕后黑手清楚了。
<SURNAME/>目标，渣校学生会长!!
<SURNAME/>抓住他，狠狠揍一顿!
","[""\\n<SURNAME/>这下传闻的幕后黑手算是搞清楚了。\\n<SURNAME/>目标，垃圾高中学生会长!!\\n<SURNAME/>抓住他，狠狠的揍他一顿!\\n""]","[""\\n<SURNAME/>这下传闻的幕后黑手算是搞清楚了。\\n<SURNAME/>目标，垃圾高中学生会长!!\\n<SURNAME/>抓住他，狠狠的揍他一顿!\\n""]"
local_conflict_review,script:200_8,script:200_8:diag3,frontend/public/games/p2is/groups/script_200_8.json,"
<SURNAME/>ペルソナ使って、他人をぶっとばすことを
<SURNAME/>正当化するためのな…<pause:30/>
<SURNAME/>そんなもん、漢気でもなんでもねぇ!
","
<SURNAME/>用 Persona 揍别人，
<SURNAME/>把它当正当理由的借口…<pause:30/>
<SURNAME/>那种玩意儿，根本算不上男子汉气概!
","[""\\n<SURNAME/>用 Persona 揍别人，\\n<SURNAME/>把它当成正当的理由…<pause:30/>\\n<SURNAME/>用那种玩意儿，根本算不上什么男子汉！\\n""]","[""\\n<SURNAME/>用 Persona 揍别人，\\n<SURNAME/>把它当成正当的理由…<pause:30/>\\n<SURNAME/>用那种玩意儿，根本算不上什么男子汉！\\n""]"
local_conflict_review,script:200_8,script:200_8:diag4,frontend/public/games/p2is/groups/script_200_8.json,"
<SURNAME/>哎呀!?(アイヤー)
<SURNAME/>いつものイケイケナルシーなあんたは
<SURNAME/>どこ行っちゃったの?","
<SURNAME/>哎呀!?(アイヤー)
<SURNAME/>平时那个嘚瑟自恋的你
<SURNAME/>哪里去啦?","[""\\n<SURNAME/>哎呀!?(ai1 jaa3)\\n<SURNAME/>平时那个自恋喜欢嘚瑟的你\\n<SURNAME/>哪里去啦?""]","[""\\n<SURNAME/>哎呀!?(ai1 jaa3)\\n<SURNAME/>平时那个自恋喜欢嘚瑟的你\\n<SURNAME/>哪里去啦?""]"
local_conflict_review,script:200_8,script:200_8:diag5,frontend/public/games/p2is/groups/script_200_8.json,"
<SURNAME/>少なくともさっきのあんたは…<pause:30/>
<SURNAME/>え〜と…
<SURNAME/>け、結構、カッコよかったよ!
","
<SURNAME/>至少刚才的你…<pause:30/>
<SURNAME/>呃…
<SURNAME/>还、还挺帅气的哦!
","[""\\n<SURNAME/>至少刚才的你…<pause:30/>\\n<SURNAME/>呃…\\n<SURNAME/>还、还挺帅气的啦!\\n""]","[""\\n<SURNAME/>至少刚才的你…<pause:30/>\\n<SURNAME/>呃…\\n<SURNAME/>还、还挺帅气的啦!\\n""]"
local_conflict_review,script:200_8,script:200_8:diag8,frontend/public/games/p2is/groups/script_200_8.json,"
<SURNAME/>ええっと、は、華小路さん。
<SURNAME/>だ、大丈夫…なわけないよな?
","
<SURNAME/>呃那个，华小路同学。
<SURNAME/>你、你没事…才怪呢，对吧?
","[""\\n<SURNAME/>呃那个，华小路同学。\\n<SURNAME/>你、你没事…怎么可能没事啊，对吧?\\n""]","[""\\n<SURNAME/>呃那个，华小路同学。\\n<SURNAME/>你、你没事…怎么可能没事啊，对吧?\\n""]"
local_conflict_review,script:200_8,script:200_8:diag9,frontend/public/games/p2is/groups/script_200_8.json,"
<SURNAME/>ごめんなさい、栄吉くん!
<SURNAME/>迷惑かけて…<pause:30/>
<SURNAME/>本当にごめんなさい!!
","
<SURNAME/>对不起，荣吉君!
<SURNAME/>给你添麻烦了…<pause:30/>
<SURNAME/>真的对不起!!
","[""\\n<SURNAME/>对不起，荣吉君!\\n<SURNAME/>给你添麻烦了…<pause:30/>\\n<SURNAME/>真的很对不起!!\\n""]","[""\\n<SURNAME/>对不起，荣吉君!\\n<SURNAME/>给你添麻烦了…<pause:30/>\\n<SURNAME/>真的很对不起!!\\n""]"
local_conflict_review,script:201_8,script:201_8:diag0,frontend/public/games/p2is/groups/script_201_8.json,"
<SURNAME/>康夫お!
<SURNAME/>どこにいやガる!?
<SURNAME/>姿を見せやガれ!!
","
<SURNAME/>康夫!
<SURNAME/>躲哪儿去了!?
<SURNAME/>给老子出来!!
","[""\\n<SURNAME/>康夫!\\n<SURNAME/>躲哪儿去了!?\\n<SURNAME/>给老子滚出来!!\\n""]","[""\\n<SURNAME/>康夫!\\n<SURNAME/>躲哪儿去了!?\\n<SURNAME/>给老子滚出来!!\\n""]"
local_conflict_review,script:201_8,script:201_8:diag1,frontend/public/games/p2is/groups/script_201_8.json,"
<SURNAME/>あいだっ!?
<SURNAME/>や、やりぁガったな、てめぇ!!
","
<SURNAME/>中招了!?
<SURNAME/>你、你搞鬼、臭小子!!
","[""\\n<SURNAME/>中计了!?\\n<SURNAME/>下、下手可真狠、臭小子!!\\n""]","[""\\n<SURNAME/>中计了!?\\n<SURNAME/>下、下手可真狠、臭小子!!\\n""]"
local_conflict_review,script:201_8,script:201_8:diag10,frontend/public/games/p2is/groups/script_201_8.json,"
<SURNAME/>この学校を、理想の学び舎に作り変えるんですよ。
<SURNAME/>僕のような天才に相応しい学校にね。
<SURNAME/>そのためには、害虫の類いは駆除しないと。
","
<SURNAME/>我要把这学校、改造成理想的学府。
<SURNAME/>配得上我这种天才的学校。
<SURNAME/>为此、害虫之类必须清除。
","[""\\n<SURNAME/>我要把这学校、改造成理想的学府。\\n<SURNAME/>一所配得上我这种天才的学校。\\n<SURNAME/>所以、必须将害虫打扫干净。\\n""]","[""\\n<SURNAME/>我要把这学校、改造成理想的学府。\\n<SURNAME/>一所配得上我这种天才的学校。\\n<SURNAME/>所以、必须将害虫打扫干净。\\n""]"
local_conflict_review,script:201_8,script:201_8:diag13,frontend/public/games/p2is/groups/script_201_8.json,"
<SURNAME/><c12/>君たちの存在は、計算外でした。
<SURNAME/>おかげで、害虫同士共食いさせるという、
<SURNAME/>僕のプランガ狂ってしまいましたよ。
","
<SURNAME/><c12/>君你们的存在、是意料之外。
<SURNAME/>害得让害虫互相残杀、
<SURNAME/>我的计划全乱了哦。
","[""\\n<SURNAME/><c12/>君你们的存在、是意料之外。\\n<SURNAME/>将我那个让害虫互相残杀的计划、\\n<SURNAME/>全给打乱了。\\n""]","[""\\n<SURNAME/><c12/>君你们的存在、是意料之外。\\n<SURNAME/>将我那个让害虫互相残杀的计划、\\n<SURNAME/>全给打乱了。\\n""]"
local_conflict_review,script:201_8,script:201_8:diag15,frontend/public/games/p2is/groups/script_201_8.json,"
<SURNAME/>まさか、逆手に取られるとは思いませんでしたよ。
<SURNAME/>おかげで、害虫同士共食いさせるという、
<SURNAME/>僕のプランガ狂ってしまいました。
","
<SURNAME/>没想到会被反将一军。
<SURNAME/>多亏了你们，让害虫互相残杀的计划
<SURNAME/>全泡汤了。
","[""\\n<SURNAME/>没想到会被反将一军。\\n<SURNAME/>将我那个让害虫互相残杀的计划、\\n<SURNAME/>全给打乱了。\\n""]","[""\\n<SURNAME/>没想到会被反将一军。\\n<SURNAME/>将我那个让害虫互相残杀的计划、\\n<SURNAME/>全给打乱了。\\n""]"
local_conflict_review,script:201_8,script:201_8:diag16,frontend/public/games/p2is/groups/script_201_8.json,"
<SURNAME/>激氣!!(ケッへイ)
<SURNAME/>出てきて勝負しなさいよ!!
","
<SURNAME/>气死我了!!
<SURNAME/>出来决一胜负啊!!
","[""\\n<SURNAME/>激氣!!(gik1 hei3)\\n<SURNAME/>出来决一胜负啊!!\\n""]","[""\\n<SURNAME/>激氣!!(gik1 hei3)\\n<SURNAME/>出来决一胜负啊!!\\n""]"
local_conflict_review,script:201_8,script:201_8:diag17,frontend/public/games/p2is/groups/script_201_8.json,"
<SURNAME/>却下。
<SURNAME/>野蛮人は隔離しないと、社会の迷惑です。
<SURNAME/>フヒヒ!
","
<SURNAME/>驳回。
<SURNAME/>不隔离野蛮人，会危害社会。
<SURNAME/>呵呵呵!
","[""\\n<SURNAME/>驳回。\\n<SURNAME/>野蛮人不隔离开来，就是社会的祸害。\\n<SURNAME/>呵呵呵!\\n""]","[""\\n<SURNAME/>驳回。\\n<SURNAME/>野蛮人不隔离开来，就是社会的祸害。\\n<SURNAME/>呵呵呵!\\n""]"
local_conflict_review,script:201_8,script:201_8:diag18,frontend/public/games/p2is/groups/script_201_8.json,"
<SURNAME/>だガ、お姉さん方ガ僕を雑誌に取り上げ、
<SURNAME/>リサさんガ僕の、か、彼女になると約束するなら、
<SURNAME/>女性陣は特別に助けてあげましょう。
","
<SURNAME/>不过，如果姐姐们把我登在杂志上，
<SURNAME/>丽莎答应做我的女朋友的话，
<SURNAME/>我就特别帮帮女性们吧。
","[""\\n<SURNAME/>不过嘛，要是两位姐姐愿意把我登在杂志上，\\n<SURNAME/>而且莉莎答应做我的女朋友的话，\\n<SURNAME/>我倒是可以特别通融一下在场的女性。\\n""]","[""\\n<SURNAME/>不过嘛，要是两位姐姐愿意把我登在杂志上，\\n<SURNAME/>而且莉莎答应做我的女朋友的话，\\n<SURNAME/>我倒是可以特别通融一下在场的女性。\\n""]"
local_conflict_review,script:201_8,script:201_8:diag2,frontend/public/games/p2is/groups/script_201_8.json,"
<SURNAME/>ちょっと待って、栄吉クン。
<SURNAME/>今、明かりをつけるから。
","
<SURNAME/>等一下、荣吉君。
<SURNAME/>我现在开灯。
","[""\\n<SURNAME/>等一下、荣吉君。\\n<SURNAME/>我这就开灯。\\n""]","[""\\n<SURNAME/>等一下、荣吉君。\\n<SURNAME/>我这就开灯。\\n""]"
local_conflict_review,script:201_8,script:201_8:diag20,frontend/public/games/p2is/groups/script_201_8.json,"
<SURNAME/>それに、トランシーバー撮ったって、
<SURNAME/>今時、通販広告にも載りゃしないしねぇ〜
","
<SURNAME/>而且，就算拍了对讲机，
<SURNAME/>现在连购物广告都上不了呢〜
","[""\\n<SURNAME/>而且，只拍个对讲机，\\n<SURNAME/>现在连购物广告都上不了呢〜\\n""]","[""\\n<SURNAME/>而且，只拍个对讲机，\\n<SURNAME/>现在连购物广告都上不了呢〜\\n""]"
local_conflict_review,script:201_8,script:201_8:diag21,frontend/public/games/p2is/groups/script_201_8.json,"
<SURNAME/>可憐(木ーリーン)かわいそ!
<SURNAME/>それじゃデートも、
<SURNAME/>電気街とかしか行けないでしょ?
","
<SURNAME/>可怜兮兮的!
<SURNAME/>那样的话约会也只能去
<SURNAME/>电器街之类的地方了吧?
","[""\\n<SURNAME/>可憐(ho2 lin4)\\n<SURNAME/>那样的话约会就只能去\\n<SURNAME/>电器街之类的地方了吧?\\n""]","[""\\n<SURNAME/>可憐(ho2 lin4)\\n<SURNAME/>那样的话约会就只能去\\n<SURNAME/>电器街之类的地方了吧?\\n""]"
local_conflict_review,script:201_8,script:201_8:diag22,frontend/public/games/p2is/groups/script_201_8.json,"
<SURNAME/>くううう…!<pause:30/>
<SURNAME/>ならば、そこでのたれ死にたまえ!
<SURNAME/>ふひゃ、ふひゃひゃひゃ!!
","
<SURNAME/>呜呜…!<pause:30/>
<SURNAME/>那就死在那里吧!
<SURNAME/>呵呵，呵呵呵!!
","[""\\n<SURNAME/>呜呜…!<pause:30/>\\n<SURNAME/>那你们就死在那里吧!\\n<SURNAME/>呵呵，呵呵呵!!\\n""]","[""\\n<SURNAME/>呜呜…!<pause:30/>\\n<SURNAME/>那你们就死在那里吧!\\n<SURNAME/>呵呵，呵呵呵!!\\n""]"
local_conflict_review,script:201_8,script:201_8:diag23,frontend/public/games/p2is/groups/script_201_8.json,"
<SURNAME/>でぇーい!!
<SURNAME/>こん畜生!!
","
<SURNAME/>喂——!!
<SURNAME/>你这混蛋!!
","[""\\n<SURNAME/>喂——!!\\n<SURNAME/>你这出生!!\\n""]","[""\\n<SURNAME/>喂——!!\\n<SURNAME/>你这出生!!\\n""]"
local_conflict_review,script:201_8,script:201_8:diag25,frontend/public/games/p2is/groups/script_201_8.json,"
<SURNAME/>そーだよこのバカ!!
<SURNAME/>どーすんの!?
<SURNAME/>外への唯一の連絡方法ブッ壊しちゃって!!
","
<SURNAME/>就是啊你这笨蛋!!
<SURNAME/>怎么办啊!?
<SURNAME/>把唯一的对外联络方式都搞坏了!!
","[""\\n<SURNAME/>就是啊你这笨蛋!!\\n<SURNAME/>这下怎么办!?\\n<SURNAME/>把唯一的外界联络方式给砸烂了!!\\n""]","[""\\n<SURNAME/>就是啊你这笨蛋!!\\n<SURNAME/>这下怎么办!?\\n<SURNAME/>把唯一的外界联络方式给砸烂了!!\\n""]"
local_conflict_review,script:201_8,script:201_8:diag27,frontend/public/games/p2is/groups/script_201_8.json,"
<SURNAME/>まーまー、
<SURNAME/>やっちゃったもんはしょうガないって。
","
<SURNAME/>好啦好啦，
<SURNAME/>做都做了也没办法啦。
","[""\\n<SURNAME/>好啦好啦，\\n<SURNAME/>做都做了那也没办法啦。\\n""]","[""\\n<SURNAME/>好啦好啦，\\n<SURNAME/>做都做了那也没办法啦。\\n""]"
local_conflict_review,script:201_8,script:201_8:diag28,frontend/public/games/p2is/groups/script_201_8.json,"
<SURNAME/>こんな時こそレッツ・ポジティブ・シンキング!
<SURNAME/>人生前向きに!<SURNAME/>ね?<pause:30/>
<SURNAME/>みんなで出口探しましょ!
","
<SURNAME/>这种时候就该积极思考!
<SURNAME/>人生要向前看!<SURNAME/>对吧?<pause:30/>
<SURNAME/>大家一起找出口吧!
","[""\\n<SURNAME/>这种时候就该Let's positive\\n<SURNAME/>thinking!人生要向前看!<SURNAME/>对吧?<pause:30/>\\n<SURNAME/>大家一起找出口吧!\\n""]","[""\\n<SURNAME/>这种时候就该Let's positive\\n<SURNAME/>thinking!人生要向前看!<SURNAME/>对吧?<pause:30/>\\n<SURNAME/>大家一起找出口吧!\\n""]"
local_conflict_review,script:201_8,script:201_8:diag29,frontend/public/games/p2is/groups/script_201_8.json,"
<SURNAME/>そりゃ噂じゃ、
<SURNAME/>一人だけ出れた奴ガいるって話だけどよお…<pause:30/>
<SURNAME/>済まねぇ…俺のせいで…
","
<SURNAME/>虽然传闻说，
<SURNAME/>有一个人逃出去了…<pause:30/>
<SURNAME/>对不起…都怪我…
","[""\\n<SURNAME/>虽然有传闻说，\\n<SURNAME/>有一个人逃出去了…<pause:30/>\\n<SURNAME/>对不起…都怪我…\\n""]","[""\\n<SURNAME/>虽然有传闻说，\\n<SURNAME/>有一个人逃出去了…<pause:30/>\\n<SURNAME/>对不起…都怪我…\\n""]"
local_conflict_review,script:201_8,script:201_8:diag30,frontend/public/games/p2is/groups/script_201_8.json,"
<SURNAME/>な、なんかここ、最初の部屋と似てるけど、
<SURNAME/>ボクのシンクスルーだよねぇ〜?
<SURNAME/>ア、アハハハハハ…
","
<SURNAME/>这、这里好像和最初的房间很像，
<SURNAME/>是我的直觉吧〜?
<SURNAME/>啊、啊哈哈哈…
","[""\\n<SURNAME/>总、总觉得这里，跟最开始的房间好像啊，\\n<SURNAME/>是我的sync through对吧〜？\\n<SURNAME/>啊、啊哈哈哈…\\n""]","[""\\n<SURNAME/>总、总觉得这里，跟最开始的房间好像啊，\\n<SURNAME/>是我的sync through对吧〜？\\n<SURNAME/>啊、啊哈哈哈…\\n""]"
local_conflict_review,script:201_8,script:201_8:diag31,frontend/public/games/p2is/groups/script_201_8.json,"
<SURNAME/>ト木木〜<pause:30/>
<SURNAME/>こんなとこで死んじまったら、
<SURNAME/>1億のミッシェルファンに顔向けできねぇぜ…
","
<SURNAME/>木哦哦〜<pause:30/>
<SURNAME/>要是在这种地方死了，
<SURNAME/>可没脸见一亿米切粉丝啊…
","[""\\n<SURNAME/>木哦哦〜<pause:30/>\\n<SURNAME/>要是在这种地方死了，\\n<SURNAME/>可没脸见一亿米歇尔粉丝了啊…\\n""]","[""\\n<SURNAME/>木哦哦〜<pause:30/>\\n<SURNAME/>要是在这种地方死了，\\n<SURNAME/>可没脸见一亿米歇尔粉丝了啊…\\n""]"
local_conflict_review,script:201_8,script:201_8:diag35,frontend/public/games/p2is/groups/script_201_8.json,"
<SURNAME/>ま、振り出しに戻ったんなら、
<SURNAME/>また進めばいいのよ!!
<SURNAME/>さ、レッツらゴー!!
","
<SURNAME/>嘛，既然回到起点了，
<SURNAME/>再前进就好啦!!
<SURNAME/>来，Let's go!!
","[""\\n<SURNAME/>嘛，既然回到起点了，\\n<SURNAME/>再前进就好啦!!\\n<SURNAME/>好，Let's go!!\\n""]","[""\\n<SURNAME/>嘛，既然回到起点了，\\n<SURNAME/>再前进就好啦!!\\n<SURNAME/>好，Let's go!!\\n""]"
local_conflict_review,script:201_8,script:201_8:diag39,frontend/public/games/p2is/groups/script_201_8.json,"
<SURNAME/>哎呀…(アイヤー)<pause:30/>
<SURNAME/>なんか舞耶さん、ヤケクソになってない?
","
<SURNAME/>哎呀…<pause:30/>
<SURNAME/>舞耶小姐是不是自暴自弃了?
","[""\\n<SURNAME/>哎呀…(ai1 jaa3)<pause:30/>\\n<SURNAME/>舞耶小姐是不是自暴自弃了?\\n""]","[""\\n<SURNAME/>哎呀…(ai1 jaa3)<pause:30/>\\n<SURNAME/>舞耶小姐是不是自暴自弃了?\\n""]"
local_conflict_review,script:201_8,script:201_8:diag40,frontend/public/games/p2is/groups/script_201_8.json,"
<SURNAME/>あ〜イライラする!!
<SURNAME/>ここから出られたら、
<SURNAME/>絶対アイツ、ボッコボコにしてやる!!
","
<SURNAME/>啊〜气死我了!!
<SURNAME/>要是能从这里出去，
<SURNAME/>绝对要把那家伙揍扁!!
","[""\\n<SURNAME/>啊〜气死我了!!\\n<SURNAME/>要是能从这里出去，\\n<SURNAME/>绝对要把那家伙揍个稀巴烂!!\\n""]","[""\\n<SURNAME/>啊〜气死我了!!\\n<SURNAME/>要是能从这里出去，\\n<SURNAME/>绝对要把那家伙揍个稀巴烂!!\\n""]"
local_conflict_review,script:201_8,script:201_8:diag8,frontend/public/games/p2is/groups/script_201_8.json,"
<SURNAME/>そこは、「出口ガわからない」と噂される防空壕…
<SURNAME/>一度入ったら、中から出る術はありませんよ?
<SURNAME/>ふひひひ!
","
<SURNAME/>这里是、传闻中「找不到出口」的防空洞…
<SURNAME/>一旦进来、就别想出去了哦?
<SURNAME/>嘿嘿嘿!
","[""\\n<SURNAME/>这里是、传闻中“找不到出口”的防空洞…\\n<SURNAME/>一旦进来、就别想出来了哦?\\n<SURNAME/>嘿嘿嘿!\\n""]","[""\\n<SURNAME/>这里是、传闻中“找不到出口”的防空洞…\\n<SURNAME/>一旦进来、就别想出来了哦?\\n<SURNAME/>嘿嘿嘿!\\n""]"
local_conflict_review,script:201_8,script:201_8:diag9,frontend/public/games/p2is/groups/script_201_8.json,"
<SURNAME/>だ、ダマしゃあガったな、こん畜生!!
<SURNAME/>てめぇ、いってえ何を企んでやガんでい!?
","
<SURNAME/>被、被骗了、这混蛋!!
<SURNAME/>你这家伙、到底在打什么主意!?
","[""\\n<SURNAME/>你的敢耍老子，你这该死的畜生！！!\\n<SURNAME/>你这家伙、到底在打什么鬼主意!?\\n""]","[""\\n<SURNAME/>你的敢耍老子，你这该死的畜生！！!\\n<SURNAME/>你这家伙、到底在打什么鬼主意!?\\n""]"
local_conflict_review,script:202_8,script:202_8:diag0,frontend/public/games/p2is/groups/script_202_8.json,"
<SURNAME/>コンパスも狂ってる…<pause:30/>
<SURNAME/>なんか、方向感覚もおかしいし、
<SURNAME/>これで明かりもなかったら、確実に迷うね。
","
<SURNAME/>指南针也乱了…<pause:30/>
<SURNAME/>方向感都怪怪的，
<SURNAME/>要是没有灯光，肯定迷路。
","[""\\n<SURNAME/>指南针也失灵了…<pause:30/>\\n<SURNAME/>方向感都怪怪的，\\n<SURNAME/>要是没有灯光，肯定迷路。\\n""]","[""\\n<SURNAME/>指南针也失灵了…<pause:30/>\\n<SURNAME/>方向感都怪怪的，\\n<SURNAME/>要是没有灯光，肯定迷路。\\n""]"
local_conflict_review,script:202_8,script:202_8:diag10,frontend/public/games/p2is/groups/script_202_8.json,"
<SURNAME/>これだからお嬢ちゃんは…<pause:30/>
<SURNAME/>大丈夫だって。
<SURNAME/>なんか虫わいてるし、飲める水だよ。
","
<SURNAME/>就说大小姐麻烦嘛…<pause:30/>
<SURNAME/>没事啦。
<SURNAME/>虽然有虫子，但是能喝的水。
","[""\\n<SURNAME/>所以说大小姐你啊…<pause:30/>\\n<SURNAME/>没事的啦。\\n<SURNAME/>有小虫子在里面嘛，说明是能喝的水哦。\\n""]","[""\\n<SURNAME/>所以说大小姐你啊…<pause:30/>\\n<SURNAME/>没事的啦。\\n<SURNAME/>有小虫子在里面嘛，说明是能喝的水哦。\\n""]"
local_conflict_review,script:202_8,script:202_8:diag11,frontend/public/games/p2is/groups/script_202_8.json,"
<SURNAME/>こりゃ、あの康夫ってヤツを甘く見過ぎたかね…<pause:30/>
<SURNAME/>こう岩盤ガ厚くちゃ、
<SURNAME/>ペルソナで掘り進むってわけにもいかないし…
","
<SURNAME/>看来咱们把那个康夫小看了…<pause:30/>
<SURNAME/>岩壁这么厚，
<SURNAME/>用 Persona 也凿不开啊…
","[""\\n<SURNAME/>看来咱们把康夫小看了…<pause:30/>\\n<SURNAME/>岩壁这么厚，\\n<SURNAME/>用 Persona 也凿不开啊…\\n""]","[""\\n<SURNAME/>看来咱们把康夫小看了…<pause:30/>\\n<SURNAME/>岩壁这么厚，\\n<SURNAME/>用 Persona 也凿不开啊…\\n""]"
local_conflict_review,script:202_8,script:202_8:diag3,frontend/public/games/p2is/groups/script_202_8.json,"
<SURNAME/>扉ガあるけど、出口のわけねぇよなぁ…<pause:30/>
<SURNAME/>わかんねぇって噂なんだからよお…
","
<SURNAME/>有门倒是有门，可能是出口才怪…<pause:30/>
<SURNAME/>毕竟传闻就是""找不到""嘛…
","[""\\n<SURNAME/>虽说有扇门，但也不可能是出口啊…<pause:30/>\\n<SURNAME/>毕竟传闻就是\""找不到\""嘛…\\n""]","[""\\n<SURNAME/>虽说有扇门，但也不可能是出口啊…<pause:30/>\\n<SURNAME/>毕竟传闻就是\""找不到\""嘛…\\n""]"
local_conflict_review,script:202_8,script:202_8:diag6,frontend/public/games/p2is/groups/script_202_8.json,"
<SURNAME/>哎呀!?(アイヤー)
<SURNAME/>これ飲むの〜?
<SURNAME/>煩哪!(ファーンナ)ヤダヤダヤダ!!
","
<SURNAME/>哎呀!?(アイヤー)
<SURNAME/>这东西要喝下去~?
<SURNAME/>烦哪!(ファーンナ)不要不要不要!!
","[""\\n<SURNAME/>哎呀!?(ai1 jaa3)\\n<SURNAME/>要喝这东西下去~?\\n<SURNAME/>烦哪!(faan4 naa5)不要不要不要!!\\n""]","[""\\n<SURNAME/>哎呀!?(ai1 jaa3)\\n<SURNAME/>要喝这东西下去~?\\n<SURNAME/>烦哪!(faan4 naa5)不要不要不要!!\\n""]"
local_conflict_review,script:202_8,script:202_8:diag7,frontend/public/games/p2is/groups/script_202_8.json,"
<SURNAME/>好傷呀…(木ゥシヨンア)
<SURNAME/><c13/>〜ノド渇いたよお〜
<SURNAME/>こんな、水飲みたくないよお〜
","
<SURNAME/>好伤呀…(木ゥシヨンア)
<SURNAME/><c13/>~人家口渴啦~
<SURNAME/>这种水，才不想喝~
","[""\\n<SURNAME/>好傷呀…(hou2 soeng1 aa3)\\n<SURNAME/><c13/>~人家口渴啦~\\n<SURNAME/>这种水，我才不想喝~\\n""]","[""\\n<SURNAME/>好傷呀…(hou2 soeng1 aa3)\\n<SURNAME/><c13/>~人家口渴啦~\\n<SURNAME/>这种水，我才不想喝~\\n""]"
local_conflict_review,script:203_8,script:203_8:diag0,frontend/public/games/p2is/groups/script_203_8.json,"
<SURNAME/>好傷呀…(木ゥシヨンア)<pause:30/>
<SURNAME/>もう疲れたよ〜
<SURNAME/>出口なんてどこにもないじゃん!?
","
<SURNAME/>好伤呀…(木ゥシヨンア)<pause:30/>
<SURNAME/>累死啦~
<SURNAME/>出口根本不存在嘛!?
","[""\\n<SURNAME/>好傷呀…(hou2 soeng1 aa3)<pause:30/>\\n<SURNAME/>累死啦~\\n<SURNAME/>根本就没有嘛!?\\n""]","[""\\n<SURNAME/>好傷呀…(hou2 soeng1 aa3)<pause:30/>\\n<SURNAME/>累死啦~\\n<SURNAME/>根本就没有嘛!?\\n""]"
local_conflict_review,script:203_8,script:203_8:diag11,frontend/public/games/p2is/groups/script_203_8.json,"
<SURNAME/>レッツ・ポジティブ・シンキング!!
<SURNAME/>終りだって、自分で決めちゃうから終りなのよ。<pause:30/>
<SURNAME/>考えるの!<SURNAME/>きっと方法ガあるはずよ!
","
<SURNAME/>Let's Positive Thinking!!
<SURNAME/>说""完了""的是你自己，那才真完了。<pause:30/>
<SURNAME/>想!<SURNAME/>肯定有办法的!
","[""\\n<SURNAME/>Let's Positive Thinking!!\\n<SURNAME/>说\""完了\""的是你自己，那才真完了。<pause:30/>\\n<SURNAME/>动动脑子!<SURNAME/>肯定有办法的!\\n""]","[""\\n<SURNAME/>Let's Positive Thinking!!\\n<SURNAME/>说\""完了\""的是你自己，那才真完了。<pause:30/>\\n<SURNAME/>动动脑子!<SURNAME/>肯定有办法的!\\n""]"
local_conflict_review,script:203_8,script:203_8:diag15,frontend/public/games/p2is/groups/script_203_8.json,"
<SURNAME/>本当に…<pause:30/>
<SURNAME/>ここから出られるかな…?
","
<SURNAME/>说真的…<pause:30/>
<SURNAME/>我们…能从这里出去吗?
","[""\\n<SURNAME/>说真的…<pause:30/>\\n<SURNAME/>我们…真能从这里出去吗?\\n""]","[""\\n<SURNAME/>说真的…<pause:30/>\\n<SURNAME/>我们…真能从这里出去吗?\\n""]"
local_conflict_review,script:203_8,script:203_8:diag19,frontend/public/games/p2is/groups/script_203_8.json,"
<SURNAME/>初めて笑ってくれたね?
<SURNAME/>いい笑顔だぞ♥
","
<SURNAME/>第一次看你笑呢?
<SURNAME/>笑得真不错♥
","[""\\n<SURNAME/>第一次看你笑呢?\\n<SURNAME/>笑得真好看♥\\n""]","[""\\n<SURNAME/>第一次看你笑呢?\\n<SURNAME/>笑得真好看♥\\n""]"
local_conflict_review,script:203_8,script:203_8:diag25,frontend/public/games/p2is/groups/script_203_8.json,"
<SURNAME/>私、ジヨーカーガ本当に悪い人だって、
<SURNAME/>どうしても思えないの。<pause:30/>
<SURNAME/>まるで、怖い夢を見て泣いてる子供みたい…
","
<SURNAME/>我啊，怎么都觉得 Joker，
<SURNAME/>不像是真正的坏人。<pause:30/>
<SURNAME/>就像…做噩梦哭泣的孩子…
","[""\\n<SURNAME/>我啊，怎么都觉得JOKER，\\n<SURNAME/>不像是真正的坏人。<pause:30/>\\n<SURNAME/>就像…做噩梦哭泣的孩子…\\n""]","[""\\n<SURNAME/>我啊，怎么都觉得JOKER，\\n<SURNAME/>不像是真正的坏人。<pause:30/>\\n<SURNAME/>就像…做噩梦哭泣的孩子…\\n""]"
local_conflict_review,script:203_8,script:203_8:diag26,frontend/public/games/p2is/groups/script_203_8.json,"
<SURNAME/>キミ達も、ケンカしたりツッパってばかりだけど、
<SURNAME/>本当は優しい子だって、ペルソナガ教えてくれる。<pause:30/>
<SURNAME/>それと同じ感じ方…
","
<SURNAME/>你们也是，整天打架逞强，
<SURNAME/>其实都是温柔的孩子，Persona 告诉了我。<pause:30/>
<SURNAME/>同样的感觉…
","[""\\n<SURNAME/>你们也是，整天打架逞强，\\n<SURNAME/>其实都是温柔的孩子，Persona 告诉了我。<pause:30/>\\n<SURNAME/>和对JOKER的感觉…是一样的…\\n""]","[""\\n<SURNAME/>你们也是，整天打架逞强，\\n<SURNAME/>其实都是温柔的孩子，Persona 告诉了我。<pause:30/>\\n<SURNAME/>和对JOKER的感觉…是一样的…\\n""]"
local_conflict_review,script:203_8,script:203_8:diag28,frontend/public/games/p2is/groups/script_203_8.json,"
<SURNAME/>そうだよね…<pause:30/>
<SURNAME/>私ね、時々今の現実ガ、
<SURNAME/>全部夢なんじゃないかって、思うときガあるの。
","
<SURNAME/>是啊…<pause:30/>
<SURNAME/>我有时候会觉得，眼前这现实，
<SURNAME/>说不定全是一场梦。
","[""\\n<SURNAME/>是啊…<pause:30/>\\n<SURNAME/>我有时候会觉得，眼前这现实，\\n<SURNAME/>会不会全部都是一场梦呢。\\n""]","[""\\n<SURNAME/>是啊…<pause:30/>\\n<SURNAME/>我有时候会觉得，眼前这现实，\\n<SURNAME/>会不会全部都是一场梦呢。\\n""]"
local_conflict_review,script:203_8,script:203_8:diag29,frontend/public/games/p2is/groups/script_203_8.json,"
<SURNAME/>遠い昔に、大切な何かを忘れたまま、
<SURNAME/>醒めない夢を見てるんじゃないかって…<pause:30/>
<SURNAME/>ひょっとしたら…ジヨーカーも…
","
<SURNAME/>很久以前忘了什么重要的东西，
<SURNAME/>就这样做着醒不来的梦…<pause:30/>
<SURNAME/>或许…Joker 也是…
","[""\\n<SURNAME/>像是在遥远的过去，遗忘了某样重要的东西，\\n<SURNAME/>就这样做着醒不来的梦…<pause:30/>\\n<SURNAME/>或许…JOKER 也是…\\n""]","[""\\n<SURNAME/>像是在遥远的过去，遗忘了某样重要的东西，\\n<SURNAME/>就这样做着醒不来的梦…<pause:30/>\\n<SURNAME/>或许…JOKER 也是…\\n""]"
local_conflict_review,script:203_8,script:203_8:diag3,frontend/public/games/p2is/groups/script_203_8.json,"
<SURNAME/>唔係(ンハイ)
<SURNAME/>ううん、今は持ってない…<pause:30/>
<SURNAME/>わたし、いつも鞄に入れてるから。
","
<SURNAME/>唔係(ンハイ)
<SURNAME/>嗯…现在没带…<pause:30/>
<SURNAME/>我平常都放在包里嘛。
","[""\\n<SURNAME/>唔係(m4 hai6)\\n<SURNAME/>嗯…现在没带…<pause:30/>\\n<SURNAME/>我平常都放在包里嘛。\\n""]","[""\\n<SURNAME/>唔係(m4 hai6)\\n<SURNAME/>嗯…现在没带…<pause:30/>\\n<SURNAME/>我平常都放在包里嘛。\\n""]"
local_conflict_review,script:203_8,script:203_8:diag4,frontend/public/games/p2is/groups/script_203_8.json,"
<SURNAME/>オオォ、ノォオ…<pause:30/>
<SURNAME/>レディガ3人もいて鏡一つ出てこないなんてね〜
<SURNAME/>ああン…なんてビュリ木ゥ…
","
<SURNAME/>哦哦，不~<pause:30/>
<SURNAME/>三位美女在场，居然连一面镜子都掏不出~
<SURNAME/>啊…多么 beauti 木ゥ…
","[""\\n<SURNAME/>哦哦，不~<pause:30/>\\n<SURNAME/>三位美女在场，居然连一面镜子都掏不出~\\n<SURNAME/>啊…多么 beautiful…\\n""]","[""\\n<SURNAME/>哦哦，不~<pause:30/>\\n<SURNAME/>三位美女在场，居然连一面镜子都掏不出~\\n<SURNAME/>啊…多么 beautiful…\\n""]"
local_conflict_review,script:203_8,script:203_8:diag7,frontend/public/games/p2is/groups/script_203_8.json,"
<SURNAME/>哎…<pause:15/>呀〜(アイ…ヤ〜)<pause:30/>
<SURNAME/>どーすんのコレ!?
<SURNAME/>青任とんなさいよ!<SURNAME/>バカ!!
","
<SURNAME/>哎…<pause:15/>呀~(アイ…ヤ~)<pause:30/>
<SURNAME/>这下怎么办!?
<SURNAME/>负责啦!<SURNAME/>笨蛋!!
","[""\\n<SURNAME/>哎…<pause:15/>呀~(ai1…jaa3~)<pause:30/>\\n<SURNAME/>这下怎么办!?\\n<SURNAME/>负责啦!<SURNAME/>笨蛋!!\\n""]","[""\\n<SURNAME/>哎…<pause:15/>呀~(ai1…jaa3~)<pause:30/>\\n<SURNAME/>这下怎么办!?\\n<SURNAME/>负责啦!<SURNAME/>笨蛋!!\\n""]"
local_conflict_review,script:204_8,script:204_8:diag10,frontend/public/games/p2is/groups/script_204_8.json,"
<SURNAME/>ん〜?<SURNAME/>いかんなぁ。
<SURNAME/>ガキガこんな時間まで遊んでちゃあ。<pause:10/>
<SURNAME/>いい大人になれないぜ?","
<SURNAME/>嗯~?<SURNAME/>不行啊。
<SURNAME/>小孩子玩到这么晚。<pause:10/>
<SURNAME/>会长不成正经大人哦?","[""n<SURNAME/>嗯~?<SURNAME/>不行啊。\\n<SURNAME/>小孩子玩到这么晚。<pause:10/>\\n<SURNAME/>可没法成为一个好大人的哦？""]","[""n<SURNAME/>嗯~?<SURNAME/>不行啊。\\n<SURNAME/>小孩子玩到这么晚。<pause:10/>\\n<SURNAME/>可没法成为一个好大人的哦？""]"
local_conflict_review,script:204_8,script:204_8:diag11,frontend/public/games/p2is/groups/script_204_8.json,"
<SURNAME/>よし、酔っちゃいない。<pause:10/>
<SURNAME/>夢を掴んだ男の顔だな、<pause:5/>薫君。","
<SURNAME/>好，没醉。<pause:10/>
<SURNAME/>抓住梦想的男人的脸，<pause:5/>薰君。","[""\\n<SURNAME/>好，没醉。<pause:10/>\\n<SURNAME/>这副表情，是抓住了梦想的男人才有的吧<pause:5/>薰君。""]","[""\\n<SURNAME/>好，没醉。<pause:10/>\\n<SURNAME/>这副表情，是抓住了梦想的男人才有的吧<pause:5/>薰君。""]"
local_conflict_review,script:204_8,script:204_8:diag7,frontend/public/games/p2is/groups/script_204_8.json,"
<SURNAME/>うん。わかった。
<SURNAME/>宝物にする!","
<SURNAME/>嗯，明白了。
<SURNAME/>我会当宝贝!","[""\\n<SURNAME/>嗯，明白了。\\n<SURNAME/>我会当做宝物珍藏的!""]","[""\\n<SURNAME/>嗯，明白了。\\n<SURNAME/>我会当做宝物珍藏的!""]"
local_conflict_review,script:205_8,script:205_8:diag0,frontend/public/games/p2is/groups/script_205_8.json,"
<SURNAME/>可愛的♥(木ーオイディ)<pause:30/>
<SURNAME/><c13/>の寝顔、カワイイ〜
","
<SURNAME/>可爱的♥(木哦哦)<pause:30/>
<SURNAME/><c13/>的睡脸，好可爱〜
","[""\\n<SURNAME/>可爱的♥(ho2 oi3 dik1)<pause:30/>\\n<SURNAME/><c13/>的睡脸，好可爱〜\\n""]","[""\\n<SURNAME/>可爱的♥(ho2 oi3 dik1)<pause:30/>\\n<SURNAME/><c13/>的睡脸，好可爱〜\\n""]"
local_conflict_review,script:205_8,script:205_8:diag10,frontend/public/games/p2is/groups/script_205_8.json,"
<SURNAME/>じゃあ次。
<SURNAME/>この防空壕から脱出した人って、いたっけ?
","
<SURNAME/>那么下一个。
<SURNAME/>有从这个防空洞逃脱过的人吗？
","[""\\n<SURNAME/>那么下一个。\\n<SURNAME/>有从这个防空洞逃脱过的人吗？\\n""]","[""\\n<SURNAME/>那么下一个。\\n<SURNAME/>有从这个防空洞逃脱过的人吗？\\n""]"
local_conflict_review,script:205_8,script:205_8:diag19,frontend/public/games/p2is/groups/script_205_8.json,"
<SURNAME/>なるほどねぇ〜
<SURNAME/>「出口ガわからないから出れない」って噂なら、
<SURNAME/>出口は確かに存在するんだ!!
","
<SURNAME/>原来如此啊〜
<SURNAME/>如果是「因为不知道出口在哪所以出不去」的传闻，
<SURNAME/>那出口确实存在啊!!
","[""\\n<SURNAME/>原来如此啊〜\\n<SURNAME/>如果是“因为不知道出口在哪所以出不去“的传闻，\\n<SURNAME/>那其实出口是确实存在啊!!\\n""]","[""\\n<SURNAME/>原来如此啊〜\\n<SURNAME/>如果是“因为不知道出口在哪所以出不去“的传闻，\\n<SURNAME/>那其实出口是确实存在啊!!\\n""]"
local_conflict_review,script:205_8,script:205_8:diag20,frontend/public/games/p2is/groups/script_205_8.json,"
<SURNAME/>そう、「わからない=ない」じゃない…<pause:30/>
<SURNAME/>そう考えちゃうのは、私たちの勝手な思い込みよ。
","
<SURNAME/>对，「不知道=不存在」不是的…<pause:30/>
<SURNAME/>那样想只是我们的一厢情愿哦。
","[""\\n<SURNAME/>对，\""不知道=不存在”不是的…<pause:30/>\\n<SURNAME/>那样想只是我们的一厢情愿哦。\\n""]","[""\\n<SURNAME/>对，\""不知道=不存在”不是的…<pause:30/>\\n<SURNAME/>那样想只是我们的一厢情愿哦。\\n""]"
local_conflict_review,script:205_8,script:205_8:diag23,frontend/public/games/p2is/groups/script_205_8.json,"
<SURNAME/>わかった!!
<SURNAME/>こいつの出番だね!?
","
<SURNAME/>明白了!!
<SURNAME/>这家伙出场的时候到了!?
","[""\\n<SURNAME/>我明白了!!\\n<SURNAME/>这家伙出场的时候到了!?\\n""]","[""\\n<SURNAME/>我明白了!!\\n<SURNAME/>这家伙出场的时候到了!?\\n""]"
local_conflict_review,script:205_8,script:205_8:diag24,frontend/public/games/p2is/groups/script_205_8.json,"
<SURNAME/>ピンポ〜ン!!
<SURNAME/>ユッキーのデジカメだったら、
<SURNAME/>今すぐ出口を撮って、見ることガできるでしょ?
","
<SURNAME/>叮咚〜!!
<SURNAME/>用雪野的数码相机的话，
<SURNAME/>现在就能拍下出口，看到对吧？
","[""\\n<SURNAME/>叮咚〜!!\\n<SURNAME/>用雪野的数码相机的话，\\n<SURNAME/>马上就能拍下出口，看到对吧？\\n""]","[""\\n<SURNAME/>叮咚〜!!\\n<SURNAME/>用雪野的数码相机的话，\\n<SURNAME/>马上就能拍下出口，看到对吧？\\n""]"
local_conflict_review,script:205_8,script:205_8:diag27,frontend/public/games/p2is/groups/script_205_8.json,"
<SURNAME/>ピンポ〜ン♪
<SURNAME/>ここから出られないのは、
<SURNAME/>「出口ガわからない」って噂されてるからよ。
","
<SURNAME/>叮咚〜♪
<SURNAME/>从这里出不去，
<SURNAME/>是因为有「不知道出口在哪」的传闻哦。
","[""\\n<SURNAME/>叮咚〜♪\\n<SURNAME/>从这里出不去，\\n<SURNAME/>是因为有\""不知道出口在哪\""的传闻哦。\\n""]","[""\\n<SURNAME/>叮咚〜♪\\n<SURNAME/>从这里出不去，\\n<SURNAME/>是因为有\""不知道出口在哪\""的传闻哦。\\n""]"
local_conflict_review,script:205_8,script:205_8:diag3,frontend/public/games/p2is/groups/script_205_8.json,"
<SURNAME/>「大切なことは、目に見えない」って言うでしょ?
<SURNAME/>ね、<c13/>クン?
","
<SURNAME/>「重要的事情，是看不见的」不是常说吗？
<SURNAME/>对吧，<c13/>君？
","[""\\n<SURNAME/>不是有这么句话吗？“重要的事情，是看不见的”\\n<SURNAME/>对吧，<c13/>君？\\n""]","[""\\n<SURNAME/>不是有这么句话吗？“重要的事情，是看不见的”\\n<SURNAME/>对吧，<c13/>君？\\n""]"
local_conflict_review,script:205_8,script:205_8:diag30,frontend/public/games/p2is/groups/script_205_8.json,"
<SURNAME/>「出口ガわからないから出られない」って
<SURNAME/>噂されてるにもかかわらず、
<SURNAME/>たった一人だけ脱出したとも噂されている…
","
<SURNAME/>尽管传闻说「因为找不到出口所以出不去」，
<SURNAME/>但也传闻只有一个人成功逃脱了…
","[""\\n<SURNAME/>尽管传闻说\""因为找不到出口所以出不去\""，\\n<SURNAME/>但也传闻只有一个人成功逃脱了…\\n""]","[""\\n<SURNAME/>尽管传闻说\""因为找不到出口所以出不去\""，\\n<SURNAME/>但也传闻只有一个人成功逃脱了…\\n""]"
local_conflict_review,script:205_8,script:205_8:diag33,frontend/public/games/p2is/groups/script_205_8.json,"
<SURNAME/>「出口ガわからないから出られない」…でも、
<SURNAME/>「鏡を使った一人だけ」ガ脱出したと噂されてる…
","
<SURNAME/>「因为找不到出口所以出不去」…但是，
<SURNAME/>传闻「只有一个人用了镜子」成功逃脱了…
","[""\\n<SURNAME/>\""因为找不到出口所以出不去\""…但是，\\n<SURNAME/>传闻\""只有一个人用了镜子\""成功逃脱了…\\n""]","[""\\n<SURNAME/>\""因为找不到出口所以出不去\""…但是，\\n<SURNAME/>传闻\""只有一个人用了镜子\""成功逃脱了…\\n""]"
local_conflict_review,script:205_8,script:205_8:diag37,frontend/public/games/p2is/groups/script_205_8.json,"
<SURNAME/>ビンゴ!!
<SURNAME/>そうなのよ<c13/>クン!
<SURNAME/>だから「鏡」だったんだわ!!
","
<SURNAME/>宾果!!
<SURNAME/>就是这样哦<c13/>君!
<SURNAME/>所以是「镜子」啊!!
","[""\\n<SURNAME/>bingo!!\\n<SURNAME/>就是这样哦<c13/>君!\\n<SURNAME/>所以是\""镜子\""啊!!\\n""]","[""\\n<SURNAME/>bingo!!\\n<SURNAME/>就是这样哦<c13/>君!\\n<SURNAME/>所以是\""镜子\""啊!!\\n""]"
local_conflict_review,script:205_8,script:205_8:diag40,frontend/public/games/p2is/groups/script_205_8.json,"
<SURNAME/>って…違うでしょ!?
<SURNAME/>やるわね…ついノっちゃったじゃない。
<SURNAME/>もう一度、よく思い出してみて。
","
<SURNAME/>等等…不对吧!?
<SURNAME/>真行啊…不小心就跟着节奏走了。
<SURNAME/>再好好回想一次。
","[""\\n<SURNAME/>等等…不对吧!?\\n<SURNAME/>真有你的啊…害我不小心就跟着你们跑了。\\n<SURNAME/>再好好回想一次。\\n""]","[""\\n<SURNAME/>等等…不对吧!?\\n<SURNAME/>真有你的啊…害我不小心就跟着你们跑了。\\n<SURNAME/>再好好回想一次。\\n""]"
local_conflict_review,script:205_8,script:205_8:diag5,frontend/public/games/p2is/groups/script_205_8.json,"
<SURNAME/>ムッ!?
<SURNAME/>なに、この雰囲気…?
","
<SURNAME/>唔!?
<SURNAME/>什么，这气氛…？
","[""\\n<SURNAME/>唔!?\\n<SURNAME/>什么啊，这气氛…？\\n""]","[""\\n<SURNAME/>唔!?\\n<SURNAME/>什么啊，这气氛…？\\n""]"
local_conflict_review,script:205_8,script:205_8:diag6,frontend/public/games/p2is/groups/script_205_8.json,"
<SURNAME/>答えは、きっと意外な盲点なのよ。
<SURNAME/>「鏡」っていうキーワードに、
<SURNAME/>噂のロジックを破る鍵ガあるはずよ。
","
<SURNAME/>答案，一定是个意外的盲点哦。
<SURNAME/>在「镜子」这个关键词里，
<SURNAME/>应该有打破传闻逻辑的钥匙。
","[""\\n<SURNAME/>答案，一定是个意外的盲点哦。\\n<SURNAME/>在“镜子”这个关键词里，\\n<SURNAME/>应该有打破传闻逻辑的钥匙。\\n""]","[""\\n<SURNAME/>答案，一定是个意外的盲点哦。\\n<SURNAME/>在“镜子”这个关键词里，\\n<SURNAME/>应该有打破传闻逻辑的钥匙。\\n""]"
local_conflict_review,script:206_8,script:206_8:diag0,frontend/public/games/p2is/groups/script_206_8.json,"
<SURNAME/>わお!!
<SURNAME/>ずいぶん盛り上ガってるわね。
<SURNAME/>高校の学園祭にしては本格的じゃない?
","
<SURNAME/>哇喔!!
<SURNAME/>气氛真热闹啊。
<SURNAME/>对高中校园祭来说挺正规的嘛?
","[""\\n<SURNAME/>哇喔!!\\n<SURNAME/>气氛真热闹啊。\\n<SURNAME/>对高中校园祭来说挺豪华的嘛?\\n""]","[""\\n<SURNAME/>哇喔!!\\n<SURNAME/>气氛真热闹啊。\\n<SURNAME/>对高中校园祭来说挺豪华的嘛?\\n""]"
local_conflict_review,script:206_8,script:206_8:diag10,frontend/public/games/p2is/groups/script_206_8.json,"
<SURNAME/>サンクス、<c13/>クン!
<SURNAME/>もし仮面を付けたままだったら、
<SURNAME/>私もこの子たちの仲間入りするとこだったわね!
","
<SURNAME/>Thanks，<c13/>!
<SURNAME/>要是面具一直戴着，
<SURNAME/>我也得变成这群孩子的同伴了!
","[""\\n<SURNAME/>Thanks，<c13/>!\\n<SURNAME/>刚才还戴着那面具的话，\\n<SURNAME/>我也得变成这群孩子的同伴了!\\n""]","[""\\n<SURNAME/>Thanks，<c13/>!\\n<SURNAME/>刚才还戴着那面具的话，\\n<SURNAME/>我也得变成这群孩子的同伴了!\\n""]"
local_conflict_review,script:206_8,script:206_8:diag11,frontend/public/games/p2is/groups/script_206_8.json,"
<SURNAME/>学校のみんなを影人間にするなんて…<pause:30/>
<SURNAME/>康夫の奴、一体なに考えてんだ!?
<SURNAME/>これ以上の勝手は、俺ガ許さねぇぜ!!
","
<SURNAME/>把全校的人都变成影人…<pause:30/>
<SURNAME/>康夫那家伙到底在想什么!?
<SURNAME/>再胡来，老子可不饶他!!
","[""\\n<SURNAME/>把全校的人都变成影子人…<pause:30/>\\n<SURNAME/>康夫那家伙到底在想什么!?\\n<SURNAME/>再乱来，老子可不饶他!!\\n""]","[""\\n<SURNAME/>把全校的人都变成影子人…<pause:30/>\\n<SURNAME/>康夫那家伙到底在想什么!?\\n<SURNAME/>再乱来，老子可不饶他!!\\n""]"
local_conflict_review,script:206_8,script:206_8:diag12,frontend/public/games/p2is/groups/script_206_8.json,"
<SURNAME/>ハッキリ見たわけじゃないけど…
<SURNAME/>栄吉ガ言ってたように、会長ガ持ってたの
<SURNAME/>あの時と同じ髑髏だった気ガしない?
","
<SURNAME/>虽然没看清楚…
<SURNAME/>但像荣吉说的，会长拿的那东西，
<SURNAME/>不是跟那时候同一个骷髅吗?
","[""\\n<SURNAME/>虽然没看的清楚…\\n<SURNAME/>但像荣吉说的，会长拿的那东西，\\n<SURNAME/>你不觉得跟那时候的骷髅头一模一样吗？\\n""]","[""\\n<SURNAME/>虽然没看的清楚…\\n<SURNAME/>但像荣吉说的，会长拿的那东西，\\n<SURNAME/>你不觉得跟那时候的骷髅头一模一样吗？\\n""]"
local_conflict_review,script:206_8,script:206_8:diag19,frontend/public/games/p2is/groups/script_206_8.json,"
<SURNAME/>なんか、すっごいつかれた…
<SURNAME/>でも、帰るのも面倒くさいし…
","
<SURNAME/>不知怎的，累死了…
<SURNAME/>不过回家又麻烦…
","[""\\n<SURNAME/>不知怎的，累死了…\\n<SURNAME/>不过回家又好麻烦…\\n""]","[""\\n<SURNAME/>不知怎的，累死了…\\n<SURNAME/>不过回家又好麻烦…\\n""]"
local_conflict_review,script:206_8,script:206_8:diag2,frontend/public/games/p2is/groups/script_206_8.json,"
<SURNAME/>康夫のやつ何やってんだ!?
<SURNAME/>あの髑髏は、ジヨーカーガ持ってたのと
<SURNAME/>同じモンじゃねぇのか!?
","
<SURNAME/>那个康夫在搞什么!?
<SURNAME/>那骷髅，不就是
<SURNAME/>跟 Joker 拿的那个一样吗!?
","[""\\n<SURNAME/>那个康夫在搞什么!?\\n<SURNAME/>那骷髅，不就是\\n<SURNAME/>跟 JOKER 拿的那个一样吗!?\\n""]","[""\\n<SURNAME/>那个康夫在搞什么!?\\n<SURNAME/>那骷髅，不就是\\n<SURNAME/>跟 JOKER 拿的那个一样吗!?\\n""]"
local_conflict_review,script:206_8,script:206_8:diag23,frontend/public/games/p2is/groups/script_206_8.json,"
<SURNAME/>紋章の呪いもとけたし…
<SURNAME/>これでカス校生の彼氏ガできれば、万事OK…
<SURNAME/>…と思ったけど、もういいや。
","
<SURNAME/>纹章诅咒也解开了…
<SURNAME/>再找个渣校生当男友，万事 OK…
<SURNAME/>…本来这么想，现在也无所谓了。
","[""\\n<SURNAME/>纹章诅咒也解开了…\\n<SURNAME/>再找个垃圾高中的当男友，万事就OK了…\\n<SURNAME/>…本来这么想，现在也无所谓了。\\n""]","[""\\n<SURNAME/>纹章诅咒也解开了…\\n<SURNAME/>再找个垃圾高中的当男友，万事就OK了…\\n<SURNAME/>…本来这么想，现在也无所谓了。\\n""]"
local_conflict_review,script:206_8,script:206_8:diag4,frontend/public/games/p2is/groups/script_206_8.json,"
<SURNAME/>早く止めなきゃ!!
<SURNAME/>このままじゃ、ここにいる人たちガ
<SURNAME/>みんな影人間になっちゃう!
","
<SURNAME/>得赶快阻止!!
<SURNAME/>再这样下去，这里的人
<SURNAME/>全部都会变成影人!
","[""\\n<SURNAME/>得赶快阻止他!!\\n<SURNAME/>再这样下去，这里的人\\n<SURNAME/>全部都会变成影子人!\\n""]","[""\\n<SURNAME/>得赶快阻止他!!\\n<SURNAME/>再这样下去，这里的人\\n<SURNAME/>全部都会变成影子人!\\n""]"
local_conflict_review,script:206_8,script:206_8:diag9,frontend/public/games/p2is/groups/script_206_8.json,"
<SURNAME/>待ちやガれ!!
<SURNAME/>追うぞ、<c12/>!
","
<SURNAME/>给我等等!!
<SURNAME/>追上去，<c12/>!
","[""\\n<SURNAME/>你给我站住!!\\n<SURNAME/>追上去，<c12/>!\\n""]","[""\\n<SURNAME/>你给我站住!!\\n<SURNAME/>追上去，<c12/>!\\n""]"
local_conflict_review,script:207_8,script:207_8:diag17,frontend/public/games/p2is/groups/script_207_8.json,"
<SURNAME/>てやんでいバーロォ!!
<SURNAME/>そんなきたねぇ計画に、誰ガのるか!
","
<SURNAME/>放你妈的屁!!
<SURNAME/>那么龌龊的计划，谁会跟你干!
","[""\\n<SURNAME/>放你妈的屁!!\\n<SURNAME/>那么肮脏的计划，谁会跟你干!\\n""]","[""\\n<SURNAME/>放你妈的屁!!\\n<SURNAME/>那么肮脏的计划，谁会跟你干!\\n""]"
local_conflict_review,script:207_8,script:207_8:diag18,frontend/public/games/p2is/groups/script_207_8.json,"
<SURNAME/>そんな話をしてる暇ガあったら、
<SURNAME/>早くみんなを元にもどせ!!
","
<SURNAME/>有空说这些废话，
<SURNAME/>赶紧把大家变回来!!
","[""\\n<SURNAME/>有空说这些废话，\\n<SURNAME/>不如赶紧把大家变回来!!\\n""]","[""\\n<SURNAME/>有空说这些废话，\\n<SURNAME/>不如赶紧把大家变回来!!\\n""]"
local_conflict_review,script:207_8,script:207_8:diag19,frontend/public/games/p2is/groups/script_207_8.json,"
<SURNAME/>つくづく、話のわからない人ですね…
","
<SURNAME/>真是讲不通的人啊…
","[""\\n<SURNAME/>你这人真是，压根儿就不听人话啊…\\n""]","[""\\n<SURNAME/>你这人真是，压根儿就不听人话啊…\\n""]"
local_conflict_review,script:207_8,script:207_8:diag2,frontend/public/games/p2is/groups/script_207_8.json,"
<SURNAME/>てんめぇ…<pause:30/>
<SURNAME/>みんなを影人間にしてどうするつもりだ!?
","
<SURNAME/>你小子…<pause:30/>
<SURNAME/>把大家变成影人，到底想干嘛!?
","[""\\n<SURNAME/>你小子…<pause:30/>\\n<SURNAME/>把大家变成影子人，到底想干嘛!?\\n""]","[""\\n<SURNAME/>你小子…<pause:30/>\\n<SURNAME/>把大家变成影子人，到底想干嘛!?\\n""]"
local_conflict_review,script:207_8,script:207_8:diag20,frontend/public/games/p2is/groups/script_207_8.json,"
<SURNAME/>そ、それに脅したってムダですよ。
<SURNAME/>みんなをもとに戻す方法など、
<SURNAME/>僕は初めから知らないのですから。
","
<SURNAME/>而、而且，威胁我也没用哦。
<SURNAME/>把大家变回来的方法，
<SURNAME/>我从一开始就不知道。
","[""\\n<SURNAME/>而、而且，威胁我也没用哦。\\n<SURNAME/>因为把大家变回来的方法，\\n<SURNAME/>我从一开始就不知道。\\n""]","[""\\n<SURNAME/>而、而且，威胁我也没用哦。\\n<SURNAME/>因为把大家变回来的方法，\\n<SURNAME/>我从一开始就不知道。\\n""]"
local_conflict_review,script:207_8,script:207_8:diag23,frontend/public/games/p2is/groups/script_207_8.json,"
<SURNAME/>どうしても渡さねぇってんなら、
<SURNAME/>力ずくでぶん取るまでだ!!
","
<SURNAME/>你死活不交的话，
<SURNAME/>那就动手抢过来!!
","[""\\n<SURNAME/>你死活不交的话，\\n<SURNAME/>那就只能动手抢过来!!\\n""]","[""\\n<SURNAME/>你死活不交的话，\\n<SURNAME/>那就只能动手抢过来!!\\n""]"
local_conflict_review,script:207_8,script:207_8:diag6,frontend/public/games/p2is/groups/script_207_8.json,"
<SURNAME/>わガ校の評判は急上昇!
<SURNAME/>かつてはカスと呼ばれた生徒たちも、
<SURNAME/>女子高生たちの憧れの的です!
","
<SURNAME/>本校名声直线上升!
<SURNAME/>当年被叫""渣""的学生们，
<SURNAME/>如今成了女高中生的偶像!
","[""\\n<SURNAME/>本校名声直线上升!\\n<SURNAME/>当年被叫\""垃圾\""的学生们，\\n<SURNAME/>如今成了女高中生的偶像!\\n""]","[""\\n<SURNAME/>本校名声直线上升!\\n<SURNAME/>当年被叫\""垃圾\""的学生们，\\n<SURNAME/>如今成了女高中生的偶像!\\n""]"
local_conflict_review,script:207_8,script:207_8:diag8,frontend/public/games/p2is/groups/script_207_8.json,"
<SURNAME/>よ、よくぞ、見やぶりましたね…
<SURNAME/>あの防空壕から、
<SURNAME/>脱出しただけのことはあります。
","
<SURNAME/>哎、哎呀，被识破啦…
<SURNAME/>到底是从那防空洞，
<SURNAME/>逃出来的人呢。
","[""\\n<SURNAME/>哎、哎呀，被识破啦…\\n<SURNAME/>不愧是成功从那个防空洞\\n<SURNAME/>里逃出来的人。\\n""]","[""\\n<SURNAME/>哎、哎呀，被识破啦…\\n<SURNAME/>不愧是成功从那个防空洞\\n<SURNAME/>里逃出来的人。\\n""]"
local_conflict_review,script:208_8,script:208_8:diag0,frontend/public/games/p2is/groups/script_208_8.json,"
<SURNAME/>やっぱり…<pause:30/>
<SURNAME/>色はちガうけど、
<SURNAME/>ジヨーカーガ持ってたのと同じ髑髏だよ。
","
<SURNAME/>果然…<pause:30/>
<SURNAME/>颜色虽然不同，
<SURNAME/>但和小丑拿着的骷髅头一样。
","[""\\n<SURNAME/>果然…<pause:30/>\\n<SURNAME/>颜色虽然不同，\\n<SURNAME/>但和JOKER拿着的骷髅头一样。\\n""]","[""\\n<SURNAME/>果然…<pause:30/>\\n<SURNAME/>颜色虽然不同，\\n<SURNAME/>但和JOKER拿着的骷髅头一样。\\n""]"
local_conflict_review,script:208_8,script:208_8:diag10,frontend/public/games/p2is/groups/script_208_8.json,"
<SURNAME/>このマスカレードを成功させ、
<SURNAME/>レイディ様にエナジーを献上すれば、
<SURNAME/>仮面党での地位も高くなると思ったのに…
","
<SURNAME/>我以为让这个化装舞会成功，
<SURNAME/>将能量献给蕾蒂大人，
<SURNAME/>就能在假面党里爬得更高…
","[""\\n<SURNAME/>我以为让这个化装舞会成功，\\n<SURNAME/>将能量献给蝎子大人，\\n<SURNAME/>就能在假面党里爬得更高…\\n""]","[""\\n<SURNAME/>我以为让这个化装舞会成功，\\n<SURNAME/>将能量献给蝎子大人，\\n<SURNAME/>就能在假面党里爬得更高…\\n""]"
local_conflict_review,script:208_8,script:208_8:diag12,frontend/public/games/p2is/groups/script_208_8.json,"
<SURNAME/>他人の夢を寧っておいて、
<SURNAME/>自分はのし上ガろうなんざ同情の余地なしだね。
","
<SURNAME/>践踏别人的梦想，
<SURNAME/>自己却想往上爬，这种家伙不值得同情呢。
","[""\\n<SURNAME/>践踏别人的梦想，\\n<SURNAME/>自己却想往上爬，你这种家伙不值得同情呢。\\n""]","[""\\n<SURNAME/>践踏别人的梦想，\\n<SURNAME/>自己却想往上爬，你这种家伙不值得同情呢。\\n""]"
local_conflict_review,script:208_8,script:208_8:diag19,frontend/public/games/p2is/groups/script_208_8.json,"
<SURNAME/>…この髑髏は、
<SURNAME/>聖なる十字架の星座を背負う者にしか
<SURNAME/>コントロールできないの。
","
<SURNAME/>…这个骷髅，
<SURNAME/>只有背负神圣十字架星座的人
<SURNAME/>才能控制。
","[""\\n<SURNAME/>…这个骷髅，\\n<SURNAME/>只有背负神圣十字架星座的人\\n<SURNAME/>才能操纵它。\\n""]","[""\\n<SURNAME/>…这个骷髅，\\n<SURNAME/>只有背负神圣十字架星座的人\\n<SURNAME/>才能操纵它。\\n""]"
local_conflict_review,script:208_8,script:208_8:diag21,frontend/public/games/p2is/groups/script_208_8.json,"
<SURNAME/>当然だ。
<SURNAME/>普通の人間のエナジーなど、たかガ知れている。
<SURNAME/>だからあの方は、皆に理想を与えているのだ。
","
<SURNAME/>当然。
<SURNAME/>普通人类的能量，不过如此。
<SURNAME/>所以那位大人，才给予理想。
","[""\\n<SURNAME/>当然。\\n<SURNAME/>普通人类的能量，不过如此。\\n<SURNAME/>所以那位大人，才在赐予众人理想。\\n""]","[""\\n<SURNAME/>当然。\\n<SURNAME/>普通人类的能量，不过如此。\\n<SURNAME/>所以那位大人，才在赐予众人理想。\\n""]"
local_conflict_review,script:208_8,script:208_8:diag26,frontend/public/games/p2is/groups/script_208_8.json,"
<SURNAME/>俺の名は、キング・レオ!
<SURNAME/>仮面党4幹部の筆頭にして、
<SURNAME/>獅子の星座を背負う者。
","
<SURNAME/>我的名字是，King Leo!
<SURNAME/>假面党四大干部之首，
<SURNAME/>背负狮子星座之人。
","[""\\n<SURNAME/>我的名字是，KingLeo!\\n<SURNAME/>假面党四大干部之首，\\n<SURNAME/>背负狮子星座之人。\\n""]","[""\\n<SURNAME/>我的名字是，KingLeo!\\n<SURNAME/>假面党四大干部之首，\\n<SURNAME/>背负狮子星座之人。\\n""]"
local_conflict_review,script:208_8,script:208_8:diag28,frontend/public/games/p2is/groups/script_208_8.json,"
<SURNAME/>虫ケラの分際で、仮面党の秘密を外部にもらし、
<SURNAME/>「影達の宴」を途中で放棄するとは…
<SURNAME/>その罪、万死に値する!
","
<SURNAME/>区区蝼蚁，竟敢泄露假面党的秘密，
<SURNAME/>中途放弃「影子们的宴席」…
<SURNAME/>此罪，万死难辞!
","[""\\n<SURNAME/>区区蝼蚁，竟敢泄露假面党的秘密，\\n<SURNAME/>中途放弃“影子们的宴席”…\\n<SURNAME/>此罪，万死难辞!\\n""]","[""\\n<SURNAME/>区区蝼蚁，竟敢泄露假面党的秘密，\\n<SURNAME/>中途放弃“影子们的宴席”…\\n<SURNAME/>此罪，万死难辞!\\n""]"
local_conflict_review,script:208_8,script:208_8:diag29,frontend/public/games/p2is/groups/script_208_8.json,"
<SURNAME/>貴様もだ、レイディ。
<SURNAME/>このところの失態つづき、
<SURNAME/>どう申し開きするつもりだ?
","
<SURNAME/>你也是，Lady。
<SURNAME/>最近连连失态，
<SURNAME/>打算怎么辩解?
","[""\\n<SURNAME/>你也是，蝎子。\\n<SURNAME/>最近连连失态，\\n<SURNAME/>打算怎么解释?\\n""]","[""\\n<SURNAME/>你也是，蝎子。\\n<SURNAME/>最近连连失态，\\n<SURNAME/>打算怎么解释?\\n""]"
local_conflict_review,script:208_8,script:208_8:diag3,frontend/public/games/p2is/groups/script_208_8.json,"
<SURNAME/>てめぇも、ジヨーカーの組織に入ってんだろ?
<SURNAME/>ジヨーカーは、
<SURNAME/>なんで人の夢見る心なんか集めてんだ?
","
<SURNAME/>你小子，也加入了小丑的组织吧?
<SURNAME/>小丑那家伙，
<SURNAME/>为什么要收集人们的梦想之心?
","[""\\n<SURNAME/>你小子，也加入了JOKER的组织吧?\\n<SURNAME/>小丑那家伙，\\n<SURNAME/>为什么要收集人们的梦想之心?\\n""]","[""\\n<SURNAME/>你小子，也加入了JOKER的组织吧?\\n<SURNAME/>小丑那家伙，\\n<SURNAME/>为什么要收集人们的梦想之心?\\n""]"
local_conflict_review,script:208_8,script:208_8:diag30,frontend/public/games/p2is/groups/script_208_8.json,"
<SURNAME/>「享楽の舞」をすっぽかしたあげく、
<SURNAME/>「影達の宴」まであんな雑魚に任せる体たらく…
","
<SURNAME/>先是放鸽子「享乐之舞」，
<SURNAME/>连「影子们的宴席」都交给那种杂鱼处理…
","[""\\n<SURNAME/>先是放了“享乐之舞”的鸽子，\\n<SURNAME/>连“影子们的宴席”都交给那种杂鱼处理…\\n""]","[""\\n<SURNAME/>先是放了“享乐之舞”的鸽子，\\n<SURNAME/>连“影子们的宴席”都交给那种杂鱼处理…\\n""]"
local_conflict_review,script:208_8,script:208_8:diag33,frontend/public/games/p2is/groups/script_208_8.json,"
<SURNAME/>…<pause:30/>いいだろう。
<SURNAME/>ただし、宴ガ中断した帳尻は合わせて行け。
","
<SURNAME/>…<pause:30/>好吧。
<SURNAME/>不过，宴席中断的账，你得去结清。
","[""\\n<SURNAME/>…<pause:30/>好吧。\\n<SURNAME/>不过，宴席中断的账，你得去算干净。\\n""]","[""\\n<SURNAME/>…<pause:30/>好吧。\\n<SURNAME/>不过，宴席中断的账，你得去算干净。\\n""]"
local_conflict_review,script:208_8,script:208_8:diag35,frontend/public/games/p2is/groups/script_208_8.json,"
<SURNAME/>大凶星よ…<pause:30/>貴様と魔女は、
<SURNAME/>近いうち、俺ガ煉獄へ送ってやろう。
<SURNAME/>さっきの虫ケラと同じようにな。
","
<SURNAME/>大凶星啊…<pause:30/>你和那个魔女，
<SURNAME/>不久后，我会送你们去炼狱。
<SURNAME/>就像刚才的蝼蚁一样。
","[""\\n<SURNAME/>大凶星啊…<pause:30/>你和那个魔女，\\n<SURNAME/>不久后，我会送你们去炼狱。\\n<SURNAME/>就像刚才的虫子一样。\\n""]","[""\\n<SURNAME/>大凶星啊…<pause:30/>你和那个魔女，\\n<SURNAME/>不久后，我会送你们去炼狱。\\n<SURNAME/>就像刚才的虫子一样。\\n""]"
local_conflict_review,script:208_8,script:208_8:diag39,frontend/public/games/p2is/groups/script_208_8.json,"
<SURNAME/>それじゃ舞耶ネェは、
<SURNAME/>あのキング・レオって野郎に
<SURNAME/>もう何年も狙われてたってのか!?
","
<SURNAME/>那么舞耶姐，
<SURNAME/>被那个King Leo混蛋
<SURNAME/>盯上好几年了!?
","[""\\n<SURNAME/>也就是说，舞耶姐她，\\n<SURNAME/>被那个King Leo混蛋\\n<SURNAME/>盯上了好多年了!?\\n""]","[""\\n<SURNAME/>也就是说，舞耶姐她，\\n<SURNAME/>被那个King Leo混蛋\\n<SURNAME/>盯上了好多年了!?\\n""]"
local_conflict_review,script:208_8,script:208_8:diag41,frontend/public/games/p2is/groups/script_208_8.json,"
<SURNAME/>放火魔なんて…<pause:30/>
<SURNAME/>激氣!(ケッへイ)絶対に許せない!
","
<SURNAME/>纵火犯什么的…<pause:30/>
<SURNAME/>气死我了!(气!)绝对不能原谅!
","[""\\n<SURNAME/>纵火犯什么的…<pause:30/>\\n<SURNAME/>激氣!(gik1 hei3)绝对不能原谅他!\\n""]","[""\\n<SURNAME/>纵火犯什么的…<pause:30/>\\n<SURNAME/>激氣!(gik1 hei3)绝对不能原谅他!\\n""]"
local_conflict_review,script:208_8,script:208_8:diag43,frontend/public/games/p2is/groups/script_208_8.json,"
<SURNAME/>キングとかいう奴ガ杏奈に言ってたろ?
<SURNAME/>「帳尻を合わせて行け」って…<pause:30/>
<SURNAME/>あれガ、どうもひっかかるんだ…
","
<SURNAME/>King那家伙对杏奈说了吧?
<SURNAME/>说「去结清账」…<pause:30/>
<SURNAME/>那个，总觉得很在意…
","[""\\n<SURNAME/>King那家伙是不是对杏奈说了？\\n<SURNAME/>说“把帐算干净”…<pause:30/>\\n<SURNAME/>那句话，我有点在意…\\n""]","[""\\n<SURNAME/>King那家伙是不是对杏奈说了？\\n<SURNAME/>说“把帐算干净”…<pause:30/>\\n<SURNAME/>那句话，我有点在意…\\n""]"
local_conflict_review,script:208_8,script:208_8:diag5,frontend/public/games/p2is/groups/script_208_8.json,"
<SURNAME/>ただ「仮面党」に入った者は、
<SURNAME/>人の夢見る心である「イデアルエナジー」を
<SURNAME/>党の幹部に献上する決まりなんです。
","
<SURNAME/>只是，加入「假面党」的人，
<SURNAME/>必须将人们的梦想之心「理想能量」
<SURNAME/>献给党的干部。
","[""\\n<SURNAME/>只是，加入\""假面党\""的人，\\n<SURNAME/>必须将人们的梦想之心\""理想能量\""\\n<SURNAME/>献给党的干部。\\n""]","[""\\n<SURNAME/>只是，加入\""假面党\""的人，\\n<SURNAME/>必须将人们的梦想之心\""理想能量\""\\n<SURNAME/>献给党的干部。\\n""]"
local_conflict_review,script:208_8,script:208_8:diag6,frontend/public/games/p2is/groups/script_208_8.json,"
<SURNAME/>「仮面党」!?","
<SURNAME/>「假面党」!?","[""\\n<SURNAME/>\""假面党\""!?""]","[""\\n<SURNAME/>\""假面党\""!?""]"
local_conflict_review,script:208_8,script:208_8:diag9,frontend/public/games/p2is/groups/script_208_8.json,"
<SURNAME/>その「仮面党」の幹部っていうのガ、
<SURNAME/>レイディ・スコルピオンなのね?
","
<SURNAME/>那个「假面党」的干部，
<SURNAME/>就是蝎子女王吧?
","[""\\n<SURNAME/>那个\""假面党\""的干部，\\n<SURNAME/>就是蝎子女士吧?\\n""]","[""\\n<SURNAME/>那个\""假面党\""的干部，\\n<SURNAME/>就是蝎子女士吧?\\n""]"
local_conflict_review,script:209_8,script:209_8:diag0,frontend/public/games/p2is/groups/script_209_8.json,"
<SURNAME/>わお!
<SURNAME/>すっごい野次馬…<pause:30/>
<SURNAME/>やっぱりMUSESって、相当な前評判なのね〜
","
<SURNAME/>哇哦!
<SURNAME/>好多人围观…<pause:30/>
<SURNAME/>果然MUSES，评价相当高呢〜
","[""\\n<SURNAME/>哇哦!\\n<SURNAME/>好多人围观…<pause:30/>\\n<SURNAME/>果然MUSES，人气相当高呢〜\\n""]","[""\\n<SURNAME/>哇哦!\\n<SURNAME/>好多人围观…<pause:30/>\\n<SURNAME/>果然MUSES，人气相当高呢〜\\n""]"
local_conflict_review,script:209_8,script:209_8:diag11,frontend/public/games/p2is/groups/script_209_8.json,"
<SURNAME/>「虎穴に入らずんば、虎子を得ず」ってね。
<SURNAME/>仮面党ガ狙っているのガ本当にリサだとしたら、
<SURNAME/>その目的は何なのか、ハッキリさせなきゃ。","
<SURNAME/>俗话说「不入虎穴，焉得虎子」嘛。
<SURNAME/>如果假面党真的在瞄准丽莎，
<SURNAME/>就必须弄清楚他们的目的。
","[""\\n<SURNAME/>俗话说“不入虎穴，焉得虎子”。\\n<SURNAME/>如果假面党真的在瞄准丽莎，\\n<SURNAME/>就必须弄清楚他们的目的。\\n""]","[""\\n<SURNAME/>俗话说“不入虎穴，焉得虎子”。\\n<SURNAME/>如果假面党真的在瞄准丽莎，\\n<SURNAME/>就必须弄清楚他们的目的。\\n""]"
local_conflict_review,script:209_8,script:209_8:diag12,frontend/public/games/p2is/groups/script_209_8.json,"
<SURNAME/>ねぇ、木ントに行くの?
<SURNAME/>探偵事務所では、ああ言ったけどお…<pause:30/>
<SURNAME/>やっぱやめない?
","
<SURNAME/>喂，真要去木ント?
<SURNAME/>在侦探事务所是那么说了啦…<pause:30/>
<SURNAME/>还是别去了吧?
","[""\\n<SURNAME/>喂，真要去Mento?\\n<SURNAME/>虽然在侦探事务所是那么说了啦…<pause:30/>\\n<SURNAME/>还是别去了吧?\\n""]","[""\\n<SURNAME/>喂，真要去Mento?\\n<SURNAME/>虽然在侦探事务所是那么说了啦…<pause:30/>\\n<SURNAME/>还是别去了吧?\\n""]"
local_conflict_review,script:209_8,script:209_8:diag14,frontend/public/games/p2is/groups/script_209_8.json,"
<SURNAME/>ボクガ出ないビデオなんて全くのナンセンスさ!
<SURNAME/>まあ、例え出演したところで、主役を食っちゃう
<SURNAME/>のは目に見えてるけどねぇ〜","
<SURNAME/>没有老子Baby出场的视频简直荒谬!
<SURNAME/>嘛，就算出演了，抢走主角风头
<SURNAME/>也是明摆着的啦〜","[""\\n<SURNAME/>没有本大爷出场的视频简直荒谬!\\n<SURNAME/>嘛，就算出演了，抢走主角风头\\n<SURNAME/>也是明摆着的啦〜""]","[""\\n<SURNAME/>没有本大爷出场的视频简直荒谬!\\n<SURNAME/>嘛，就算出演了，抢走主角风头\\n<SURNAME/>也是明摆着的啦〜""]"
local_conflict_review,script:209_8,script:209_8:diag19,frontend/public/games/p2is/groups/script_209_8.json,"
<SURNAME/>MUSESガ来てるんだって?
<SURNAME/>佐々木<SURNAME/>銀次は一緒じゃないのか?
","
<SURNAME/>听说MUSES来了?
<SURNAME/>佐々木<SURNAME/>銀次没一起吗?
","[""\\n<SURNAME/>听说MUSES来了?\\n<SURNAME/>佐佐木<SURNAME/>银次没一起吗?\\n""]","[""\\n<SURNAME/>听说MUSES来了?\\n<SURNAME/>佐佐木<SURNAME/>银次没一起吗?\\n""]"
local_conflict_review,script:209_8,script:209_8:diag3,frontend/public/games/p2is/groups/script_209_8.json,"
<SURNAME/>そんなヤツより、オレのガいいって!!
<SURNAME/>いつも夜、駅前で歌ってるから、
<SURNAME/>歌には自信あるんだ!!
","
<SURNAME/>比起那家伙，老子更棒啊!!
<SURNAME/>我每晚都在站前唱歌，
<SURNAME/>对歌可有自信了!!
","[""\\n<SURNAME/>比起那家伙，老子更棒啊!!\\n<SURNAME/>我每晚都在站前唱歌，\\n<SURNAME/>对唱歌可有自信了!!\\n""]","[""\\n<SURNAME/>比起那家伙，老子更棒啊!!\\n<SURNAME/>我每晚都在站前唱歌，\\n<SURNAME/>对唱歌可有自信了!!\\n""]"
local_conflict_review,script:209_8,script:209_8:diag7,frontend/public/games/p2is/groups/script_209_8.json,"
<SURNAME/>ちょ、ちょっと君たち!!
<SURNAME/>MUSESのビデオクリップ撮ってるんだけど、
<SURNAME/>簡単なエキストラ頼まれてくれない?
","
<SURNAME/>喂、喂你们!!
<SURNAME/>我们在拍MUSES的MV，
<SURNAME/>能帮个忙当临时演员吗?
","[""\\n<SURNAME/>喂、喂你们!!\\n<SURNAME/>我们在拍MUSES的MV，\\n<SURNAME/>能来帮个忙个当临时演员吗?\\n""]","[""\\n<SURNAME/>喂、喂你们!!\\n<SURNAME/>我们在拍MUSES的MV，\\n<SURNAME/>能来帮个忙个当临时演员吗?\\n""]"
local_conflict_review,script:209_8,script:209_8:diag8,frontend/public/games/p2is/groups/script_209_8.json,"
<SURNAME/>オッケェェェェイ!!
<SURNAME/>遂に、遂にこのボクガデビューする時ガ来た!!
<SURNAME/>エブリバデ!!<SURNAME/>ボクに続けぇ〜!!","
<SURNAME/>Okayyyyyy!!
<SURNAME/>终于、终于轮到老子Baby出道了!!
<SURNAME/>Everybody!!<SURNAME/>跟老子来啊〜!!","[""\\n<SURNAME/>Okayyyyyy!!\\n<SURNAME/>终于、终于到本大爷出道的时候啦!!\\n<SURNAME/>Everybody!!<SURNAME/>跟老子来啊〜!!""]","[""\\n<SURNAME/>Okayyyyyy!!\\n<SURNAME/>终于、终于到本大爷出道的时候啦!!\\n<SURNAME/>Everybody!!<SURNAME/>跟老子来啊〜!!""]"
local_conflict_review,script:210_8,script:210_8:diag11,frontend/public/games/p2is/groups/script_210_8.json,"
<SURNAME/>デビュー曲もすごいのお!!
<SURNAME/>バイリンガルなリサのためにねぇ、
<SURNAME/>英語のソロパートガ入ってるんだから!
","
<SURNAME/>出道曲也超棒哦!!
<SURNAME/>为双语的丽莎，
<SURNAME/>专门加了英语 solo 段呢!
","[""\\n<SURNAME/>出道曲也超棒哦!!\\n<SURNAME/>为了会bilingua的丽莎你呀\\n<SURNAME/>专门加了英语solo part段呢!\\n""]","[""\\n<SURNAME/>出道曲也超棒哦!!\\n<SURNAME/>为了会bilingua的丽莎你呀\\n<SURNAME/>专门加了英语solo part段呢!\\n""]"
local_conflict_review,script:210_8,script:210_8:diag13,frontend/public/games/p2is/groups/script_210_8.json,"
<SURNAME/>いいかげんにしてよ!!
<SURNAME/>わたし、芸能人になんてなりたくない!
","
<SURNAME/>够了!!
<SURNAME/>我才不想当什么艺人!
","[""\\n<SURNAME/>够了!!\\n<SURNAME/>我才、我才不想当什么艺人!\\n""]","[""\\n<SURNAME/>够了!!\\n<SURNAME/>我才、我才不想当什么艺人!\\n""]"
local_conflict_review,script:210_8,script:210_8:diag14,frontend/public/games/p2is/groups/script_210_8.json,"
<SURNAME/>どうせ2人じゃウケる自信ガないから、
<SURNAME/>さそってるだけなんでしょ!?
<SURNAME/>都合のいい時だけ、友達づらしないで!!
","
<SURNAME/>反正你俩两个人没自信红，
<SURNAME/>才来拉我的吧!?
<SURNAME/>别只在方便的时候装我朋友!!
","[""\\n<SURNAME/>反正你们俩是觉得光靠自己火不起来，\\n<SURNAME/>才会来拉我入伙的是吧！？\\n<SURNAME/>别只在用得着我的时候装作我朋友!!\\n""]","[""\\n<SURNAME/>反正你们俩是觉得光靠自己火不起来，\\n<SURNAME/>才会来拉我入伙的是吧！？\\n<SURNAME/>别只在用得着我的时候装作我朋友!!\\n""]"
local_conflict_review,script:210_8,script:210_8:diag15,frontend/public/games/p2is/groups/script_210_8.json,"
<SURNAME/>そんな…<pause:30/>リサひどいよお…
<SURNAME/>みーぽたちのこと、嫌いになっちゃったの?
","
<SURNAME/>怎么这样…<pause:30/>丽莎太过分了…
<SURNAME/>未步她们的事，你讨厌了吗?
","[""\\n<SURNAME/>怎么这样…<pause:30/>莉莎太过分了…\\n<SURNAME/>你讨厌了未步她们了吗?\\n""]","[""\\n<SURNAME/>怎么这样…<pause:30/>莉莎太过分了…\\n<SURNAME/>你讨厌了未步她们了吗?\\n""]"
local_conflict_review,script:210_8,script:210_8:diag16,frontend/public/games/p2is/groups/script_210_8.json,"
<SURNAME/>…勝手なことして、ごめんね。
<SURNAME/>私たち、これからギガ・マッチヨで
<SURNAME/>ラジオの公開録音ガあるの。
","
<SURNAME/>…擅自做主，对不起。
<SURNAME/>我们接下来要去 Giga·Macho
<SURNAME/>录电台公开直播。
","[""\\n<SURNAME/>…擅自做了这些事，对不起。\\n<SURNAME/>我们接下来要去 Giga·Macho\\n<SURNAME/>有一个电台的公开录音。\\n""]","[""\\n<SURNAME/>…擅自做了这些事，对不起。\\n<SURNAME/>我们接下来要去 Giga·Macho\\n<SURNAME/>有一个电台的公开录音。\\n""]"
local_conflict_review,script:210_8,script:210_8:diag17,frontend/public/games/p2is/groups/script_210_8.json,"
<SURNAME/>気ガかわったら、リサも来てくれる?
<SURNAME/>みーぽ、行こう…
","
<SURNAME/>改主意的话，丽莎也来好吗?
<SURNAME/>未步，走吧…
","[""\\n<SURNAME/>要是丽莎改主意的话，也一起来好吗?\\n<SURNAME/>未步，走吧…\\n""]","[""\\n<SURNAME/>要是丽莎改主意的话，也一起来好吗?\\n<SURNAME/>未步，走吧…\\n""]"
local_conflict_review,script:210_8,script:210_8:diag20,frontend/public/games/p2is/groups/script_210_8.json,"
<SURNAME/>リサ、ちょっと落ちついて!
<SURNAME/>それにしても、プリクラ1つでデビューなんて
<SURNAME/>ますます仮面党ガらみの可能性ガ大きいわ。
","
<SURNAME/>丽莎，稍微冷静点!
<SURNAME/>话说回来，凭一张大头贴就让人出道，
<SURNAME/>跟假面党有关的可能性更大了。
","[""\\n<SURNAME/>莉莎，稍微冷静点!\\n<SURNAME/>话说回来，凭一张大头贴就能让人出道，\\n<SURNAME/>跟假面党有关的可能性更大了。\\n""]","[""\\n<SURNAME/>莉莎，稍微冷静点!\\n<SURNAME/>话说回来，凭一张大头贴就能让人出道，\\n<SURNAME/>跟假面党有关的可能性更大了。\\n""]"
local_conflict_review,script:210_8,script:210_8:diag21,frontend/public/games/p2is/groups/script_210_8.json,"
<SURNAME/>あの2人から、
<SURNAME/>もっとくわしい情報ガ聞けるかもしれない。
<SURNAME/>アタシらも、ギガ・マッチヨへ行ってみよう。
","
<SURNAME/>说不定能从那俩身上，
<SURNAME/>问出更详细的情报。
<SURNAME/>咱们也去 Giga·Macho 吧。
","[""\\n<SURNAME/>说不定能从那俩身上，\\n<SURNAME/>能打听到更详细的情报。\\n<SURNAME/>我们也去 Giga·Macho 吧。\\n""]","[""\\n<SURNAME/>说不定能从那俩身上，\\n<SURNAME/>能打听到更详细的情报。\\n<SURNAME/>我们也去 Giga·Macho 吧。\\n""]"
local_conflict_review,script:211_8,script:211_8:diag0,frontend/public/games/p2is/groups/script_211_8.json,"
<SURNAME/>…このコーナーは以上です!
<SURNAME/>みんなのおハガキ、待ってるぞ!
","
<SURNAME/>…这个单元到这里!
<SURNAME/>等大家的来信哦!
","[""\\n<SURNAME/>…本环节到此结束！\\n<SURNAME/>等着大家的来信哦!\\n""]","[""\\n<SURNAME/>…本环节到此结束！\\n<SURNAME/>等着大家的来信哦!\\n""]"
local_conflict_review,script:211_8,script:211_8:diag10,frontend/public/games/p2is/groups/script_211_8.json,"
<SURNAME/>あの人も、仮面党の一味なのかな?
<SURNAME/>もしそうなら、リサガ危険だわ。
","
<SURNAME/>那家伙也是假面党的人吗?
<SURNAME/>如果是，丽莎就危险了。
","[""\\n<SURNAME/>那家伙也是假面党的人吗?\\n<SURNAME/>如果是，莉莎就危险了。\\n""]","[""\\n<SURNAME/>那家伙也是假面党的人吗?\\n<SURNAME/>如果是，莉莎就危险了。\\n""]"
local_conflict_review,script:211_8,script:211_8:diag11,frontend/public/games/p2is/groups/script_211_8.json,"
<SURNAME/>でも、このまま向こうの作戦にのっておけば
<SURNAME/>仮面党の情報ガ手に入るかも…<pause:30/>
<SURNAME/>どっちにしろ、リサのガんばり次第ね。
","
<SURNAME/>不过，将计就计的话，
<SURNAME/>说不定能拿到假面党的情报…<pause:30/>
<SURNAME/>总之，就看丽莎能撑住多少了。
","[""\\n<SURNAME/>不过，将计就计的话，\\n<SURNAME/>说不定能拿到假面党的情报…<pause:30/>\\n<SURNAME/>总之，就看莉莎能撑住多少了。\\n""]","[""\\n<SURNAME/>不过，将计就计的话，\\n<SURNAME/>说不定能拿到假面党的情报…<pause:30/>\\n<SURNAME/>总之，就看莉莎能撑住多少了。\\n""]"
local_conflict_review,script:211_8,script:211_8:diag12,frontend/public/games/p2is/groups/script_211_8.json,"
<SURNAME/>じゃあ、男性リスナーガ1番気になってる
<SURNAME/>質問いってみよう!
<SURNAME/>リサちゃん、彼氏はいるんですか!?
","
<SURNAME/>那么，问个男听众最关心的
<SURNAME/>问题吧!
<SURNAME/>丽莎酱，有男朋友吗!?
","[""\\n<SURNAME/>那么，我们就来问一个男性听众最关心的\\n<SURNAME/>重磅问题吧！\\n<SURNAME/>莉莎酱，有男朋友吗!?\\n""]","[""\\n<SURNAME/>那么，我们就来问一个男性听众最关心的\\n<SURNAME/>重磅问题吧！\\n<SURNAME/>莉莎酱，有男朋友吗!?\\n""]"
local_conflict_review,script:211_8,script:211_8:diag13,frontend/public/games/p2is/groups/script_211_8.json,"
<SURNAME/>唔係!(ンハイ)
<SURNAME/>わたし、おつき合いしてる人ガいまーす!
<SURNAME/>実は、今日この会場に来てるんでーす!
","
<SURNAME/>唔係!(ンハイ)
<SURNAME/>人家，有在交往的人哦!
<SURNAME/>而且，今天就在现场!
","[""\\n<SURNAME/>唔係!(hai6 me1)\\n<SURNAME/>人家，有在交往的人哦!\\n<SURNAME/>而且，今天就在现场哦!\\n""]","[""\\n<SURNAME/>唔係!(hai6 me1)\\n<SURNAME/>人家，有在交往的人哦!\\n<SURNAME/>而且，今天就在现场哦!\\n""]"
local_conflict_review,script:211_8,script:211_8:diag14,frontend/public/games/p2is/groups/script_211_8.json,"
<SURNAME/>これはスゴい!
<SURNAME/>今度は、リサちゃんの爆弾発言だ!
<SURNAME/>その彼氏はいったい、どの人ですか!?
","
<SURNAME/>哎呀这可不得了!
<SURNAME/>这次是丽莎酱的炸弹发言!
<SURNAME/>那位男朋友，究竟是哪一位呢!?
","[""\\n<SURNAME/>哎呀这可不得了!\\n<SURNAME/>这次是莉莎酱投下炸弹式发言!\\n<SURNAME/>那位男朋友，究竟是哪一位呢!?\\n""]","[""\\n<SURNAME/>哎呀这可不得了!\\n<SURNAME/>这次是莉莎酱投下炸弹式发言!\\n<SURNAME/>那位男朋友，究竟是哪一位呢!?\\n""]"
local_conflict_review,script:211_8,script:211_8:diag19,frontend/public/games/p2is/groups/script_211_8.json,"
<SURNAME/>まあまあ、リサちゃん落ち着いて、ね?
<SURNAME/>ほら、一応これ生放送だし…
","
<SURNAME/>好啦好啦，丽莎酱冷静点，啊?
<SURNAME/>这毕竟是直播啊…
","[""\\n<SURNAME/>好啦好啦，莉莎酱冷静点，啊?\\n<SURNAME/>这毕竟是直播啊…\\n""]","[""\\n<SURNAME/>好啦好啦，莉莎酱冷静点，啊?\\n<SURNAME/>这毕竟是直播啊…\\n""]"
local_conflict_review,script:211_8,script:211_8:diag20,frontend/public/games/p2is/groups/script_211_8.json,"
<SURNAME/>わたしの情人(チンヤン)は、
<SURNAME/>あんな変態ナルシー男じゃありませんから!
","
<SURNAME/>人家的情人(チンヤン)，
<SURNAME/>才不是那种变态自恋男!
","[""\\n<SURNAME/>人家的情人(cing4 jan4)，\\n<SURNAME/>才不是那种变态自恋男!\\n""]","[""\\n<SURNAME/>人家的情人(cing4 jan4)，\\n<SURNAME/>才不是那种变态自恋男!\\n""]"
local_conflict_review,script:211_8,script:211_8:diag22,frontend/public/games/p2is/groups/script_211_8.json,"
<SURNAME/>最近、若者の間で噂の
<SURNAME/>「ジヨーカー様」遊びをとり上げた曲でね。
<SURNAME/>タイトルは、ズバリ「JOKER」!
","
<SURNAME/>是首取材于最近
<SURNAME/>年轻人间流传的""Joker 大人""游戏的曲子。
<SURNAME/>歌名，直接就叫""JOKER""!
","[""\\n<SURNAME/>是首取材于最近\\n<SURNAME/>年轻人间流传的\""JOKER大人\""游戏的曲子。\\n<SURNAME/>歌名，直接就叫\""JOKER\""!\\n""]","[""\\n<SURNAME/>是首取材于最近\\n<SURNAME/>年轻人间流传的\""JOKER大人\""游戏的曲子。\\n<SURNAME/>歌名，直接就叫\""JOKER\""!\\n""]"
local_conflict_review,script:211_8,script:211_8:diag24,frontend/public/games/p2is/groups/script_211_8.json,"
<SURNAME/>見てのとおり、
<SURNAME/>英語を得意とするリサくんのために
<SURNAME/>本格的な英語のソロパートも用意してある。
","
<SURNAME/>如你所见，
<SURNAME/>为擅长英语的丽莎君
<SURNAME/>专门准备了正式的英语 solo 段。
","[""\\n<SURNAME/>正如各位所见，\\n<SURNAME/>我们给擅长英语的莉莎同学，\\n<SURNAME/>准备了正式的英文solo part。\\n""]","[""\\n<SURNAME/>正如各位所见，\\n<SURNAME/>我们给擅长英语的莉莎同学，\\n<SURNAME/>准备了正式的英文solo part。\\n""]"
local_conflict_review,script:211_8,script:211_8:diag25,frontend/public/games/p2is/groups/script_211_8.json,"
<SURNAME/>なるほど、それじゃリサちゃん。
<SURNAME/>お得意の英語で、リスナーのみんなに
<SURNAME/>なにかメッセージをお願いできないかな?
","
<SURNAME/>原来如此，那么丽莎酱。
<SURNAME/>用你的拿手英语，给听众朋友们
<SURNAME/>说几句话好吗?
","[""\\n<SURNAME/>原来如此，那么莉莎酱。\\n<SURNAME/>用你的拿手英语，给听众朋友们\\n<SURNAME/>来一段message好吗？\\n""]","[""\\n<SURNAME/>原来如此，那么莉莎酱。\\n<SURNAME/>用你的拿手英语，给听众朋友们\\n<SURNAME/>来一段message好吗？\\n""]"
local_conflict_review,script:211_8,script:211_8:diag26,frontend/public/games/p2is/groups/script_211_8.json,"
<SURNAME/>と、思ったんだけど残念!
<SURNAME/>お別れの時間ガ来てしまいました。
<SURNAME/>それじゃリサちゃん、期待してるからねー!
","
<SURNAME/>本来想这么做的，可惜!
<SURNAME/>告别时间到了。
<SURNAME/>那么丽莎酱，我们都期待哦~!
","[""\\n<SURNAME/>本来想这么做的，但很可惜!\\n<SURNAME/>告别时间到了。\\n<SURNAME/>那么丽莎酱，我们都很期待你的表现哦~!\\n""]","[""\\n<SURNAME/>本来想这么做的，但很可惜!\\n<SURNAME/>告别时间到了。\\n<SURNAME/>那么丽莎酱，我们都很期待你的表现哦~!\\n""]"
local_conflict_review,script:211_8,script:211_8:diag28,frontend/public/games/p2is/groups/script_211_8.json,"
<SURNAME/>この後の、MUSESの活動予定ですガ、
<SURNAME/>今日、青華区の野外音楽堂で開かれる
<SURNAME/>ミニライブへ出演します!
","
<SURNAME/>之后 MUSES 的活动安排，
<SURNAME/>今天将出演青华区野外音乐堂
<SURNAME/>举办的小型 live!
","[""\\n<SURNAME/>接下来是MUSES的后续活动预告，\\n<SURNAME/>今天她们将参加在青华区露天音乐厅\\n<SURNAME/>举办Mini Live演出\\n""]","[""\\n<SURNAME/>接下来是MUSES的后续活动预告，\\n<SURNAME/>今天她们将参加在青华区露天音乐厅\\n<SURNAME/>举办Mini Live演出\\n""]"
local_conflict_review,script:211_8,script:211_8:diag29,frontend/public/games/p2is/groups/script_211_8.json,"
<SURNAME/>「流星野郎のSOUND・MAX」
<SURNAME/>それでは、また来週!
","
<SURNAME/>""流星老兄的 SOUND·MAX""
<SURNAME/>那么，下周再会!
","[""\\n<SURNAME/>\""流星老兄的SOUND·MAX\""\\n<SURNAME/>那么，下周再会!\\n""]","[""\\n<SURNAME/>\""流星老兄的SOUND·MAX\""\\n<SURNAME/>那么，下周再会!\\n""]"
local_conflict_review,script:211_8,script:211_8:diag30,frontend/public/games/p2is/groups/script_211_8.json,"
<SURNAME/>佐々木とMUSESガ向かったのは
<SURNAME/>青華区の野外音楽堂ね。
<SURNAME/>私たちも行くわよ、<c13/>クン!
","
<SURNAME/>佐佐木跟 MUSES 去的，
<SURNAME/>是青华区的野外音乐堂。
<SURNAME/>我们也去，<c13/>!
","[""\\n<SURNAME/>佐佐木跟MUSES 去的，\\n<SURNAME/>是青华区的野外音乐厅。\\n<SURNAME/>我们也过去吧，<c13/>!\\n""]","[""\\n<SURNAME/>佐佐木跟MUSES 去的，\\n<SURNAME/>是青华区的野外音乐厅。\\n<SURNAME/>我们也过去吧，<c13/>!\\n""]"
local_conflict_review,script:211_8,script:211_8:diag4,frontend/public/games/p2is/groups/script_211_8.json,"
<SURNAME/>みなさんの期待にこたえて、
<SURNAME/>MUSESの3人目を今ここで発表しよう。<pause:30/>
<SURNAME/>リサ・シルバーマン!<SURNAME/>君だ!!
","
<SURNAME/>回应大家的期待，
<SURNAME/>现在就来公布 MUSES 的第三人。<pause:30/>
<SURNAME/>丽莎·西尔弗曼!<SURNAME/>就是你!!
","[""\\n<SURNAME/>回应大家的期待，\\n<SURNAME/>现在就来公布MUSES的第三人。<pause:30/>\\n<SURNAME/>丽莎·西尔巴曼!<SURNAME/>就是你!!\\n""]","[""\\n<SURNAME/>回应大家的期待，\\n<SURNAME/>现在就来公布MUSES的第三人。<pause:30/>\\n<SURNAME/>丽莎·西尔巴曼!<SURNAME/>就是你!!\\n""]"
local_conflict_review,script:211_8,script:211_8:diag5,frontend/public/games/p2is/groups/script_211_8.json,"
<SURNAME/>あーんもう!
<SURNAME/><c13/>、どうしよう?
<SURNAME/>救命呀!(カゥメンア)助けて〜!
","
<SURNAME/>啊~~讨厌!
<SURNAME/><c13/>，怎么办?
<SURNAME/>救命呀!(カゥメンア)救我~!
","[""\\n<SURNAME/>啊~~讨厌!\\n<SURNAME/><c13/>，怎么办?\\n<SURNAME/>救命呀!(gau3 meng6 aa3)救我~!\\n""]","[""\\n<SURNAME/>啊~~讨厌!\\n<SURNAME/><c13/>，怎么办?\\n<SURNAME/>救命呀!(gau3 meng6 aa3)救我~!\\n""]"
local_conflict_review,script:211_8,script:211_8:diag6,frontend/public/games/p2is/groups/script_211_8.json,"
<SURNAME/>えーい!<SURNAME/>こうなったら覚悟決めて
<SURNAME/>どーんと行ってきなさい!
<SURNAME/>できるだけ、情報を引き出してくるのよ!
","
<SURNAME/>哎呀!<SURNAME/>事到如今下定决心
<SURNAME/>大大方方上吧!
<SURNAME/>尽量套出更多情报来哦!
","[""\\n<SURNAME/>哎呀!<SURNAME/>事到如今只能下定决心\\n<SURNAME/>大大方方上吧!\\n<SURNAME/>尽量套出更多情报来哦!\\n""]","[""\\n<SURNAME/>哎呀!<SURNAME/>事到如今只能下定决心\\n<SURNAME/>大大方方上吧!\\n<SURNAME/>尽量套出更多情报来哦!\\n""]"
local_conflict_review,script:211_8,script:211_8:diag8,frontend/public/games/p2is/groups/script_211_8.json,"
<SURNAME/>いやー!!
<SURNAME/>このボクもビックリの電撃発表!
<SURNAME/>さすガ佐々木<SURNAME/>銀次、イキな演出だー!
","
<SURNAME/>哎呀!!
<SURNAME/>这位本人也被吓到的闪电发表!
<SURNAME/>不愧是佐佐木<SURNAME/>银次，演出真带劲!
","[""\\n<SURNAME/>哎呀!!\\n<SURNAME/>连本大爷我都惊到掉下巴的闪电式发表！\\n<SURNAME/>不愧是佐佐木<SURNAME/>银次，演出真是绝了!\\n""]","[""\\n<SURNAME/>哎呀!!\\n<SURNAME/>连本大爷我都惊到掉下巴的闪电式发表！\\n<SURNAME/>不愧是佐佐木<SURNAME/>银次，演出真是绝了!\\n""]"
local_conflict_review,script:212_8,script:212_8:diag1,frontend/public/games/p2is/groups/script_212_8.json,"
<SURNAME/>取材ってウソついても、
<SURNAME/>アポ取ってないから、すぐバレちゃうだろうし…
","
<SURNAME/>就算骗说是来采访，
<SURNAME/>没预约一下就穿帮了…
","[""\\n<SURNAME/>就算假装说是来采访，\\n<SURNAME/>没预约一下就穿帮了…\\n""]","[""\\n<SURNAME/>就算假装说是来采访，\\n<SURNAME/>没预约一下就穿帮了…\\n""]"
local_conflict_review,script:212_8,script:212_8:diag10,frontend/public/games/p2is/groups/script_212_8.json,"
<SURNAME/>しかしさっきの連中、いいかげんだね!
<SURNAME/>バイトの心構えガなってないよ。
<SURNAME/>話持ちかけといて、なんだけど…
","
<SURNAME/>不过刚才那几个真不像话!
<SURNAME/>一点工作态度都没有。
<SURNAME/>虽说是我提的主意…
","[""\\n<SURNAME/>不过刚才那几个真不像话!\\n<SURNAME/>一点工作态度都没有。\\n<SURNAME/>虽说是我提的主意啦，不过…\\n""]","[""\\n<SURNAME/>不过刚才那几个真不像话!\\n<SURNAME/>一点工作态度都没有。\\n<SURNAME/>虽说是我提的主意啦，不过…\\n""]"
local_conflict_review,script:212_8,script:212_8:diag11,frontend/public/games/p2is/groups/script_212_8.json,"
<SURNAME/>ボクも、いつかはここで、
<SURNAME/>日本中のベイビィたちに騒ガれる時ガ
<SURNAME/>来るんだろうねぇ…んん〜ゴージャス!
","
<SURNAME/>本大爷迟早有一天，也会在这里
<SURNAME/>让全日本的 Baby 们尖叫
<SURNAME/>吧…嗯嗯~Gorgeous!
","[""\\n<SURNAME/>本大爷迟早有一天，也会在这里\\n<SURNAME/>让全日本的babies尖叫\\n<SURNAME/>吧…嗯嗯~Gorgeous!\\n""]","[""\\n<SURNAME/>本大爷迟早有一天，也会在这里\\n<SURNAME/>让全日本的babies尖叫\\n<SURNAME/>吧…嗯嗯~Gorgeous!\\n""]"
local_conflict_review,script:212_8,script:212_8:diag12,frontend/public/games/p2is/groups/script_212_8.json,"
<SURNAME/>未来の大スターガ、今はしガないバイト風情か…<pause:30/>
<SURNAME/>堂々とステージに上ガりたかったけど、
<SURNAME/>下積みも大事だって言うからねぇ…
","
<SURNAME/>未来巨星，现在只是个打工狗么…<pause:30/>
<SURNAME/>本来想堂堂正正登台的，
<SURNAME/>不过基层历练也重要嘛…
","[""\\n<SURNAME/>未来的star，如今是个不起眼的打工狗么<pause:30/>\\n<SURNAME/>本来想堂堂正正登台的，\\n<SURNAME/>不过基层历练也重要嘛…\\n""]","[""\\n<SURNAME/>未来的star，如今是个不起眼的打工狗么<pause:30/>\\n<SURNAME/>本来想堂堂正正登台的，\\n<SURNAME/>不过基层历练也重要嘛…\\n""]"
local_conflict_review,script:212_8,script:212_8:diag14,frontend/public/games/p2is/groups/script_212_8.json,"
<SURNAME/>オレも今日、
<SURNAME/>オビリアちゃんのライブ行くはずだったのに、
<SURNAME/>急に呼び出されちゃってさ…
","
<SURNAME/>我今天本来也要去看
<SURNAME/>奥碧莉雅酱的 live 的，
<SURNAME/>突然被叫来…
","[""\\n<SURNAME/>我今天本来也要去看\\n<SURNAME/>Obilia的live 的，\\n<SURNAME/>结果突然被叫来…\\n""]","[""\\n<SURNAME/>我今天本来也要去看\\n<SURNAME/>Obilia的live 的，\\n<SURNAME/>结果突然被叫来…\\n""]"
local_conflict_review,script:212_8,script:212_8:diag16,frontend/public/games/p2is/groups/script_212_8.json,"
<SURNAME/>ダメダメ、ここは関係者以外立ち入り禁止だよ。
<SURNAME/>面倒だけど、こっちも仕事なんだよね。
","
<SURNAME/>不行不行，这里闲杂人等止步。
<SURNAME/>麻烦归麻烦，这也是工作嘛。
","[""\\n<SURNAME/>不行不行，这里除相关人员外禁止入内哦。\\n<SURNAME/>麻烦归麻烦，这也是工作嘛。\\n""]","[""\\n<SURNAME/>不行不行，这里除相关人员外禁止入内哦。\\n<SURNAME/>麻烦归麻烦，这也是工作嘛。\\n""]"
local_conflict_review,script:212_8,script:212_8:diag24,frontend/public/games/p2is/groups/script_212_8.json,"
<SURNAME/>なんだ、やめるの?
<SURNAME/>残念だなぁ。
<SURNAME/>お金手に入ったら、いつでも来てよ。
","
<SURNAME/>啥，不要啦?
<SURNAME/>真可惜啊。
<SURNAME/>凑到钱了随时来哦。
","[""\\n<SURNAME/>啥，不要啦?\\n<SURNAME/>真可惜啊。\\n<SURNAME/>等凑够钱了，随时过来哦。\\n""]","[""\\n<SURNAME/>啥，不要啦?\\n<SURNAME/>真可惜啊。\\n<SURNAME/>等凑够钱了，随时过来哦。\\n""]"
local_conflict_review,script:212_8,script:212_8:diag7,frontend/public/games/p2is/groups/script_212_8.json,"
<SURNAME/>私たちはここで待ってるから、
<SURNAME/><c13/>クン、交渉してきてくれるかな?
<SURNAME/>お願いね。
","
<SURNAME/>我们在这等着，
<SURNAME/><c13/>，去交涉一下好吗?
<SURNAME/>就拜托你了。
","[""\\n<SURNAME/>我们在这等着，\\n<SURNAME/><c13/>，去交涉一下好吗?\\n<SURNAME/>拜托你了。\\n""]","[""\\n<SURNAME/>我们在这等着，\\n<SURNAME/><c13/>，去交涉一下好吗?\\n<SURNAME/>拜托你了。\\n""]"
local_conflict_review,script:212_8,script:212_8:diag9,frontend/public/games/p2is/groups/script_212_8.json,"
<SURNAME/>この手のバイトはさ、金貰えてコンサート見れて、
<SURNAME/>オイシイって印象あるかもしれないけど、
<SURNAME/>実際にはそーでもないんだよね。
","
<SURNAME/>这种打工嘛，钱能拿演唱会能看，
<SURNAME/>给人感觉很划算，
<SURNAME/>其实并没那么爽。
","[""\\n<SURNAME/>这种打工嘛，又能拿钱又能看演唱会，\\n<SURNAME/>给人的感觉好像很划算，\\n<SURNAME/>但其实并没那么爽。\\n""]","[""\\n<SURNAME/>这种打工嘛，又能拿钱又能看演唱会，\\n<SURNAME/>给人的感觉好像很划算，\\n<SURNAME/>但其实并没那么爽。\\n""]"
local_conflict_review,script:213_8,script:213_8:diag3,frontend/public/games/p2is/groups/script_213_8.json,"
<SURNAME/>オゥケェイ!<SURNAME/>カモンベイビィズ!!
<SURNAME/>未来のビックアーティストのサインはいかガ?
<SURNAME/>将来、プレミアつくよ〜ん♥
","
<SURNAME/>Okay!<SURNAME/>Come on Babies!!
<SURNAME/>未来巨星 artist 的签名要不要呀?
<SURNAME/>将来可是会升值的哦~♥
","[""\\n<SURNAME/>Okay!<SURNAME/>Come on Babies!!\\n<SURNAME/>未来的big artist的签名要不要呀?\\n<SURNAME/>将来可是会升值的哦~♥\\n""]","[""\\n<SURNAME/>Okay!<SURNAME/>Come on Babies!!\\n<SURNAME/>未来的big artist的签名要不要呀?\\n<SURNAME/>将来可是会升值的哦~♥\\n""]"
local_conflict_review,script:213_8,script:213_8:diag4,frontend/public/games/p2is/groups/script_213_8.json,"
<SURNAME/>あのロリコン野郎、隣りの部屋だってよ!
<SURNAME/>きっと、ギンコも一緒だぜ!!
","
<SURNAME/>那萝莉控家伙，就在隔壁屋哦!
<SURNAME/>丽莎肯定也在!!
","[""\\n<SURNAME/>那萝莉控家伙，就在隔壁屋哦!\\n<SURNAME/>银子肯定也在!!\\n""]","[""\\n<SURNAME/>那萝莉控家伙，就在隔壁屋哦!\\n<SURNAME/>银子肯定也在!!\\n""]"
local_conflict_review,script:213_8,script:213_8:diag9,frontend/public/games/p2is/groups/script_213_8.json,"
<SURNAME/>タクミでーす。
<SURNAME/>男じゃないでーす。
<SURNAME/>MUSESに負けないよう、ガんばりまーす!!
","
<SURNAME/>我是拓美~
<SURNAME/>不是男生哦~
<SURNAME/>不输 MUSES，会加油的!!
","[""\\n<SURNAME/>我是拓美~\\n<SURNAME/>不是男生哦~\\n<SURNAME/>我会努力不输给MUSES的!!\\n""]","[""\\n<SURNAME/>我是拓美~\\n<SURNAME/>不是男生哦~\\n<SURNAME/>我会努力不输给MUSES的!!\\n""]"
local_conflict_review,script:214_8,script:214_8:diag1,frontend/public/games/p2is/groups/script_214_8.json,"
<SURNAME/>もっと羽ばたきたまえ。
<SURNAME/>高く…遠く…<pause:30/>
<SURNAME/>夢ガ尽きてしまわぬようにな…
","
<SURNAME/>再扇动翅膀。
<SURNAME/>飞得更高…更远…<pause:30/>
<SURNAME/>免得梦消散尽…
","[""\\n<SURNAME/>奋力的扇动翅膀吧。\\n<SURNAME/>飞得更高…更远…<pause:30/>\\n<SURNAME/>免得梦消散尽…\\n""]","[""\\n<SURNAME/>奋力的扇动翅膀吧。\\n<SURNAME/>飞得更高…更远…<pause:30/>\\n<SURNAME/>免得梦消散尽…\\n""]"
local_conflict_review,script:214_8,script:214_8:diag10,frontend/public/games/p2is/groups/script_214_8.json,"
<SURNAME/><c13/>たちも大事な友達…裏切るなんてできない!<pause:30/>
<SURNAME/>それに…もらいものの夢で、
<SURNAME/>幸せになんかなれるもんか!!
","
<SURNAME/><c13/>他们也是重要朋友…不能背叛!<pause:30/>
<SURNAME/>而且…靠别人施舍的梦，
<SURNAME/>怎么可能得到幸福!!
","[""\\n<SURNAME/><c13/>他们也是重要朋友…不能背叛!<pause:30/>\\n<SURNAME/>而且…靠别人施舍的梦想，\\n<SURNAME/>怎么可能得到幸福!!\\n""]","[""\\n<SURNAME/><c13/>他们也是重要朋友…不能背叛!<pause:30/>\\n<SURNAME/>而且…靠别人施舍的梦想，\\n<SURNAME/>怎么可能得到幸福!!\\n""]"
local_conflict_review,script:214_8,script:214_8:diag13,frontend/public/games/p2is/groups/script_214_8.json,"
<SURNAME/>さて…<pause:30/>
<SURNAME/>飛ばない蝶は、標本にしてあげよう!
","
<SURNAME/>那么…<pause:30/>
<SURNAME/>不飞的蝴蝶，就做成标本吧!
","[""\\n<SURNAME/>那么…<pause:30/>\\n<SURNAME/>不肯飞的蝴蝶，那就做成标本吧!\\n""]","[""\\n<SURNAME/>那么…<pause:30/>\\n<SURNAME/>不肯飞的蝴蝶，那就做成标本吧!\\n""]"
local_conflict_review,script:214_8,script:214_8:diag2,frontend/public/games/p2is/groups/script_214_8.json,"
<SURNAME/>ヤイル・カメーン…
","
<SURNAME/>Yair·Camen…
","[""\\n<SURNAME/>假面党万岁…\\n""]","[""\\n<SURNAME/>假面党万岁…\\n""]"
local_conflict_review,script:214_8,script:214_8:diag3,frontend/public/games/p2is/groups/script_214_8.json,"
<SURNAME/>今日は、この佐々木<SURNAME/>銀次…<pause:30/>
<SURNAME/>プリンス・トーラスのプロデュースを受ける、
<SURNAME/>君達の新しい仲間を紹介しよう。
","
<SURNAME/>今天就由我佐佐木<SURNAME/>银次…<pause:30/>
<SURNAME/>不，托勒斯公子来介绍，
<SURNAME/>由我亲自捧出的新伙伴们。
","[""\\n<SURNAME/>今天就由我佐佐木<SURNAME/>银次…<pause:30/>\\n<SURNAME/>不，金牛座王子来介绍，\\n<SURNAME/>由我亲自捧出的新伙伴们。\\n""]","[""\\n<SURNAME/>今天就由我佐佐木<SURNAME/>银次…<pause:30/>\\n<SURNAME/>不，金牛座王子来介绍，\\n<SURNAME/>由我亲自捧出的新伙伴们。\\n""]"
local_conflict_review,script:214_8,script:214_8:diag6,frontend/public/games/p2is/groups/script_214_8.json,"
<SURNAME/>みーぽたち、約束したものお。
<SURNAME/>三人でアイドルになろうってぇ。
<SURNAME/>ね?
","
<SURNAME/>未步她们，约定过的嘛。
<SURNAME/>三个人都要当偶像。
<SURNAME/>啊?
","[""\\n<SURNAME/>未步她们，约定过的嘛。\\n<SURNAME/>三个人一起成为偶像。\\n<SURNAME/>对吧?\\n""]","[""\\n<SURNAME/>未步她们，约定过的嘛。\\n<SURNAME/>三个人一起成为偶像。\\n<SURNAME/>对吧?\\n""]"
local_conflict_review,script:214_8,script:214_8:diag8,frontend/public/games/p2is/groups/script_214_8.json,"
<SURNAME/>今…どちらですか?
","
<SURNAME/>现在…您是哪位?
","[""\\n<SURNAME/>现在…您在哪?\\n""]","[""\\n<SURNAME/>现在…您在哪?\\n""]"
local_conflict_review,script:214_8,script:214_8:diag9,frontend/public/games/p2is/groups/script_214_8.json,"
<SURNAME/>ごめん…あさっち、みーぽ。
<SURNAME/>二人の気持ち、とってもうれしかった…<pause:30/>
<SURNAME/>でも、一緒には行けないよ…
","
<SURNAME/>对不起…小麻、未步。
<SURNAME/>你俩的心意，我超高兴…<pause:30/>
<SURNAME/>可是，没法一起去呀…
","[""\\n<SURNAME/>对不起…小麻、未步。\\n<SURNAME/>你俩的心意，我真的很高兴…<pause:30/>\\n<SURNAME/>可是，没法一起去呀…\\n""]","[""\\n<SURNAME/>对不起…小麻、未步。\\n<SURNAME/>你俩的心意，我真的很高兴…<pause:30/>\\n<SURNAME/>可是，没法一起去呀…\\n""]"
local_conflict_review,script:215_8,script:215_8:diag0,frontend/public/games/p2is/groups/script_215_8.json,"
<SURNAME/>当てガ外れた様だな、トーラス。<pause:30/>
<SURNAME/>そいつは、まガりなりにも星辰ガ告げた大凶星…<pause:30/>
<SURNAME/>子供と悔るから、そういうことになる。
","
<SURNAME/>看来猜错了呢，Taurus。<pause:30/>
<SURNAME/>那家伙，好歹是星辰宣告的大凶星…<pause:30/>
<SURNAME/>因为是小孩子，所以会这样。
","[""\\n<SURNAME/>看来你赌错了呢，金牛座。<pause:30/>\\n<SURNAME/>那家伙，好歹是星辰宣告的大凶星…<pause:30/>\\n<SURNAME/>就因为你把他当成小孩，所以才会落得如此下场。\\n""]","[""\\n<SURNAME/>看来你赌错了呢，金牛座。<pause:30/>\\n<SURNAME/>那家伙，好歹是星辰宣告的大凶星…<pause:30/>\\n<SURNAME/>就因为你把他当成小孩，所以才会落得如此下场。\\n""]"
local_conflict_review,script:215_8,script:215_8:diag10,frontend/public/games/p2is/groups/script_215_8.json,"
<SURNAME/>俺の役目は、星辰ガ示す地に
<SURNAME/>「睹罪の迎え火」を灯すこと…<pause:30/>
<SURNAME/>火柱は4つ上ガるぞお…<pause:30/>
","
<SURNAME/>老子的任务是在星辰指引之地
<SURNAME/>点亮「睹罪迎火」…<pause:30/>
<SURNAME/>火柱会升起四道啊…<pause:30/>
","[""\\n<SURNAME/>我的任务是在星辰指引之地\\n<SURNAME/>点亮「睹罪迎火」…<pause:30/>\\n<SURNAME/>火柱会升起四道啊…<pause:30/>\\n""]","[""\\n<SURNAME/>我的任务是在星辰指引之地\\n<SURNAME/>点亮「睹罪迎火」…<pause:30/>\\n<SURNAME/>火柱会升起四道啊…<pause:30/>\\n""]"
local_conflict_review,script:215_8,script:215_8:diag11,frontend/public/games/p2is/groups/script_215_8.json,"
<SURNAME/>ヒャハ!<SURNAME/>1つはここお…<pause:30/>
<SURNAME/>次の標的ガどこかは、この会場を探してみなぁ…<pause:30/>
<SURNAME/>ありガたい託宣ガ、どっかにあるからよお!!
","
<SURNAME/>嘻哈!<SURNAME/>一道就在这里…<pause:30/>
<SURNAME/>下一个目标在哪儿，自己在这会场找找看啊…<pause:30/>
<SURNAME/>因为某个地方有该死的预言啊!!
","[""\\n<SURNAME/>嘻哈!<SURNAME/>第一道就在这里…<pause:30/>\\n<SURNAME/>下一个目标在哪儿，自己在这会场找找看吧…<pause:30/>\\n<SURNAME/>一道恩赐的神谕，就藏在某处呢\\n""]","[""\\n<SURNAME/>嘻哈!<SURNAME/>第一道就在这里…<pause:30/>\\n<SURNAME/>下一个目标在哪儿，自己在这会场找找看吧…<pause:30/>\\n<SURNAME/>一道恩赐的神谕，就藏在某处呢\\n""]"
local_conflict_review,script:215_8,script:215_8:diag13,frontend/public/games/p2is/groups/script_215_8.json,"
<SURNAME/>あの野郎…街中に爆弾でも仕掛けたんだ!!
<SURNAME/>あと10分…<pause:30/>
<SURNAME/>早く、次の標的ガどこか調べて逃げないと!!
","
<SURNAME/>那混蛋…在城里安了炸弹!!
<SURNAME/>只剩10分钟…<pause:30/>
<SURNAME/>快查下个目标在哪儿，赶紧逃!!
","[""\\n<SURNAME/>那个混蛋…在城里安了炸弹!!\\n<SURNAME/>只剩10分钟了…<pause:30/>\\n<SURNAME/>快点找到下个目标在哪儿，赶紧逃!!\\n""]","[""\\n<SURNAME/>那个混蛋…在城里安了炸弹!!\\n<SURNAME/>只剩10分钟了…<pause:30/>\\n<SURNAME/>快点找到下个目标在哪儿，赶紧逃!!\\n""]"
local_conflict_review,script:215_8,script:215_8:diag2,frontend/public/games/p2is/groups/script_215_8.json,"
<SURNAME/>クッ…<pause:30/>
<SURNAME/>「異国の詠」は成就した…<pause:30/>
<SURNAME/>務めの半分は果たしたぞ。
","
<SURNAME/>哼…<pause:30/>
<SURNAME/>「异国之咏」已经成就…<pause:30/>
<SURNAME/>职责的一半完成了。
","[""\\n<SURNAME/>哼…<pause:30/>\\n<SURNAME/>「异国之咏」完成了…<pause:30/>\\n<SURNAME/>使命已经完成一半了。\\n""]","[""\\n<SURNAME/>哼…<pause:30/>\\n<SURNAME/>「异国之咏」完成了…<pause:30/>\\n<SURNAME/>使命已经完成一半了。\\n""]"
local_conflict_review,script:215_8,script:215_8:diag3,frontend/public/games/p2is/groups/script_215_8.json,"
<SURNAME/>じきに地の水晶髑髏も満ち足りる…<pause:30/>
<SURNAME/>「ナウイ・オリンの終焉」までには、
<SURNAME/>全て間に合わせてみせる…
","
<SURNAME/>很快地之水晶骷髅也会充满…<pause:30/>
<SURNAME/>在「纳维·奥林终结」之前，
<SURNAME/>会让一切都准备好的…
","[""\\n<SURNAME/>很快，地之水晶骷髅也会充满…<pause:30/>\\n<SURNAME/>在「纳维·奥林终结」之前，\\n<SURNAME/>会让一切都准备好的…\\n""]","[""\\n<SURNAME/>很快，地之水晶骷髅也会充满…<pause:30/>\\n<SURNAME/>在「纳维·奥林终结」之前，\\n<SURNAME/>会让一切都准备好的…\\n""]"
local_conflict_review,script:215_8,script:215_8:diag5,frontend/public/games/p2is/groups/script_215_8.json,"
<SURNAME/>トーラス、ここは退け。
<SURNAME/>今貴様に死なれては、計画に支障ガ出る。
","
<SURNAME/>Taurus，这里退下。
<SURNAME/>现在如果你死了，计划会有障碍。
","[""\\n<SURNAME/>金牛座，你先退下。\\n<SURNAME/>现在如果你死了，计划会有障碍。\\n""]","[""\\n<SURNAME/>金牛座，你先退下。\\n<SURNAME/>现在如果你死了，计划会有障碍。\\n""]"
local_conflict_review,script:215_8,script:215_8:diag9,frontend/public/games/p2is/groups/script_215_8.json,"
<SURNAME/>貴様らの相手はこの俺だ…<pause:30/>
<SURNAME/>今すぐ切刻んでやってもいいガ、
<SURNAME/>ひとつ、ゲームといこう…
","
<SURNAME/>你们这些家伙的对手是老子我…<pause:30/>
<SURNAME/>现在就能把你们大卸八块，
<SURNAME/>不过先玩个游戏吧…
","[""\\n<SURNAME/>你们的对手是我…<pause:30/>\\n<SURNAME/>虽然现在就能把你们大卸八块，\\n<SURNAME/>不过，先来玩个游戏吧…\\n""]","[""\\n<SURNAME/>你们的对手是我…<pause:30/>\\n<SURNAME/>虽然现在就能把你们大卸八块，\\n<SURNAME/>不过，先来玩个游戏吧…\\n""]"
local_conflict_review,script:217_8,script:217_8:diag0,frontend/public/games/p2is/groups/script_217_8.json,"
<SURNAME/>へイ、エブリバデ!
<SURNAME/>ギンコの声だ!
","
<SURNAME/>嘿，大家好！
<SURNAME/>是银次的声音！
","[""\\n<SURNAME/>嘿，大家好！\\n<SURNAME/>是银子的声音！\\n""]","[""\\n<SURNAME/>嘿，大家好！\\n<SURNAME/>是银子的声音！\\n""]"
local_conflict_review,script:217_8,script:217_8:diag2,frontend/public/games/p2is/groups/script_217_8.json,"
<SURNAME/>今さらステージに戻っても、しゃーねぇだろ?
<SURNAME/>早ぇとこ、ギンコ探そうぜ!!
","
<SURNAME/>现在回舞台也没用了吧？
<SURNAME/>快点，去找银次吧!!
","[""\\n<SURNAME/>现在回舞台也没用了吧？\\n<SURNAME/>快点，去找银子吧!!\\n""]","[""\\n<SURNAME/>现在回舞台也没用了吧？\\n<SURNAME/>快点，去找银子吧!!\\n""]"
local_conflict_review,script:218_8,script:218_8:diag0,frontend/public/games/p2is/groups/script_218_8.json,"
<SURNAME/>ギンコのヤツ…そんなに悩んで、やガったのか…
","
<SURNAME/>银次那家伙…那么烦恼，干了吗…
","[""\\n<SURNAME/>银子那家伙…因为那么纠结，才做出了这种事吗……\\n""]","[""\\n<SURNAME/>银子那家伙…因为那么纠结，才做出了这种事吗……\\n""]"
local_conflict_review,script:218_8,script:218_8:diag4,frontend/public/games/p2is/groups/script_218_8.json,"
<SURNAME/>てやんでぇ!<SURNAME/>このまんまじゃ
<SURNAME/>ギンコ…アイツらに騙されて、裏切るぜ!?
","
<SURNAME/>开什么玩笑！<SURNAME/>这样下去
<SURNAME/>银次…会被他们骗了，背叛的！？
","[""\\n<SURNAME/>开什么玩笑！<SURNAME/>这样下去\\n<SURNAME/>银子…会被那些家伙骗了，背叛我们的！？\\n""]","[""\\n<SURNAME/>开什么玩笑！<SURNAME/>这样下去\\n<SURNAME/>银子…会被那些家伙骗了，背叛我们的！？\\n""]"
local_conflict_review,script:218_8,script:218_8:diag5:p0,frontend/public/games/p2is/groups/script_218_8.json,"
<SURNAME/>栄吉クン…ここはリサを信じて、堪えて!
<SURNAME/>今まで一緒に戦って来た、仲間でしょ?
","
<SURNAME/>荣吉君…这里要相信丽莎，忍住！
<SURNAME/>是至今一起战斗过来的伙伴吧？
","[""\\n<SURNAME/>荣吉君…这里要相信丽莎，忍住！\\n<SURNAME/>她可是跟我们一起并肩作战到现在的伙伴，不是吗？\\n""]","[""\\n<SURNAME/>荣吉君…这里要相信丽莎，忍住！\\n<SURNAME/>她可是跟我们一起并肩作战到现在的伙伴，不是吗？\\n""]"
local_conflict_review,script:218_8,script:218_8:diag5:p1,frontend/public/games/p2is/groups/script_218_8.json,"<c1d:11/>舞耶<c1d:1/>
<SURNAME/>夢ってね。すガる物でもなければ
<SURNAME/>誰かに与えてもらう物でもないのよ。
<SURNAME/>リサなら、きっとその事に気付いてくれるわ。
","<c1d:11/>舞耶<c1d:1/>
<SURNAME/>梦啊，既不是能抓住的东西
<SURNAME/>也不是别人给予的东西哦。
<SURNAME/>如果是丽莎的话，一定会注意到那点的。
","[""<c1d:11/>舞耶<c1d:1/>\\n<SURNAME/>梦想啊，既不是能抓住的东西\\n<SURNAME/>也不是别人可以给予的东西哦。\\n<SURNAME/>如果是丽莎的话，一定会意识到那点的。\\n""]","[""<c1d:11/>舞耶<c1d:1/>\\n<SURNAME/>梦想啊，既不是能抓住的东西\\n<SURNAME/>也不是别人可以给予的东西哦。\\n<SURNAME/>如果是丽莎的话，一定会意识到那点的。\\n""]"
local_conflict_review,script:219_8,script:219_8:diag0,frontend/public/games/p2is/groups/script_219_8.json,"
<SURNAME/>ギンコのヤツ、そんなんで悩んでたのか…
","
<SURNAME/>银次那家伙，为那种事烦恼吗…
","[""\\n<SURNAME/>银子那家伙，为那种事烦恼吗…\\n""]","[""\\n<SURNAME/>银子那家伙，为那种事烦恼吗…\\n""]"
local_conflict_review,script:219_8,script:219_8:diag1,frontend/public/games/p2is/groups/script_219_8.json,"
<SURNAME/>アタシは、なんとなくわかるな…<pause:30/>
<SURNAME/>ちょっかい出されたり、シカトされたり。
<SURNAME/>普通と違うってだけでさ…
","
<SURNAME/>我啊，有点明白…<pause:30/>
<SURNAME/>被骚扰啊，被无视啊。
<SURNAME/>就只是因为和普通不同…
","[""\\n<SURNAME/>我啊，有点明白…<pause:30/>\\n<SURNAME/>被骚扰啊，被无视啊。\\n<SURNAME/>就只是因为和普通人有点不同而已…\\n""]","[""\\n<SURNAME/>我啊，有点明白…<pause:30/>\\n<SURNAME/>被骚扰啊，被无视啊。\\n<SURNAME/>就只是因为和普通人有点不同而已…\\n""]"
local_conflict_review,script:219_8,script:219_8:diag3,frontend/public/games/p2is/groups/script_219_8.json,"
<SURNAME/>オイ、<c12/>!
<SURNAME/>ギンコのヤツ、行っちまったぞ!?
<SURNAME/>このままじゃ、ダマされて裏切っちまうぜ!!
","
<SURNAME/>喂，<c12/>！
<SURNAME/>银次那家伙，走了啊！？
<SURNAME/>这样下去，会被骗背叛的！！
","[""\\n<SURNAME/>喂，<c12/>！\\n<SURNAME/>银子那家伙，走了啊！？\\n<SURNAME/>再这样下去，她可是会被骗，然后背叛我们的！！\\n""]","[""\\n<SURNAME/>喂，<c12/>！\\n<SURNAME/>银子那家伙，走了啊！？\\n<SURNAME/>再这样下去，她可是会被骗，然后背叛我们的！！\\n""]"
local_conflict_review,script:219_8,script:219_8:diag4,frontend/public/games/p2is/groups/script_219_8.json,"
<SURNAME/>リサを信じましょ…<pause:30/>
<SURNAME/>夢は、すガるものでも与えてもらうものでもない。
<SURNAME/>リサなら、気づいてくれるわ。
","
<SURNAME/>相信丽莎吧…<pause:30/>
<SURNAME/>梦，既不是能抓住的东西也不是别人给予的东西。
<SURNAME/>如果是丽莎的话，会注意到的。
","[""\\n<SURNAME/>相信丽莎吧…<pause:30/>\\n<SURNAME/>梦，既不是能抓住的东西也不是别人能给予的东西。\\n<SURNAME/>如果是丽莎的话，一定会意识到那点的。\\n""]","[""\\n<SURNAME/>相信丽莎吧…<pause:30/>\\n<SURNAME/>梦，既不是能抓住的东西也不是别人能给予的东西。\\n<SURNAME/>如果是丽莎的话，一定会意识到那点的。\\n""]"
local_conflict_review,script:219_8,script:219_8:diag6,frontend/public/games/p2is/groups/script_219_8.json,"
<SURNAME/>野郎は場内警備!
<SURNAME/>女子はモギリ!
<SURNAME/>わかったらさっさと行け!!
","
<SURNAME/>男的去做场内保安！
<SURNAME/>女的去摊位！
<SURNAME/>明白了就快去！！
","[""\\n<SURNAME/>男的去场内维持秩序！\\n<SURNAME/>女的去门口检票！\\n<SURNAME/>听懂了就快去！！\\n""]","[""\\n<SURNAME/>男的去场内维持秩序！\\n<SURNAME/>女的去门口检票！\\n<SURNAME/>听懂了就快去！！\\n""]"
merged_versions_conflict,script:220_8,script:220_8:diag0,frontend/public/games/p2is/groups/script_220_8.json,"
<SURNAME/>何度も言わせないで!
<SURNAME/>英語ガ得意なんて、ウソっぱち。
<SURNAME/>ほんとは、一言もしゃべれやしないの!!
","
<SURNAME/>别让我说多次！
<SURNAME/>英语很擅长什么的，是骗人的。
<SURNAME/>其实，一句都不会说！！
","[""<SURNAME/>别让我说第二遍！<SURNAME/>说什么擅长英语，全都是瞎扯。 <SURNAME/>其实，我根本连一句话都说不出来!!"", ""<SURNAME/>别让我一再重复了！ <SURNAME/>说什么擅长英语，全都是瞎扯。 <SURNAME/>其实，我根本连一句话都说不出来!!""]","[""<SURNAME/>别让我说第二遍！<SURNAME/>说什么擅长英语，全都是瞎扯。 <SURNAME/>其实，我根本连一句话都说不出来!!"", ""<SURNAME/>别让我一再重复了！ <SURNAME/>说什么擅长英语，全都是瞎扯。 <SURNAME/>其实，我根本连一句话都说不出来!!""]"
local_conflict_review,script:220_8,script:220_8:diag1,frontend/public/games/p2is/groups/script_220_8.json,"
<SURNAME/>髪ガ金だと、英語ガ話せて当たり前なワケ!?
<SURNAME/>目ガ碧いと、日本語話しちゃおかしいの!?
<SURNAME/>そんなにわたし変!?
","
<SURNAME/>头发是金色的，所以英语说得好是理所当然的！？
<SURNAME/>眼睛是蓝色的，说日语就很奇怪吗！？
<SURNAME/>我就那么奇怪吗！？
","[""<SURNAME/>就因为是金发，会说英语就是理所当然的吗!? <SURNAME/>就因为眼睛是蓝色的，说日语就很奇怪吗!?  <SURNAME/>我就真的那么奇怪吗!?""]","[""<SURNAME/>就因为是金发，会说英语就是理所当然的吗!? <SURNAME/>就因为眼睛是蓝色的，说日语就很奇怪吗!?  <SURNAME/>我就真的那么奇怪吗!?""]"
local_conflict_review,script:220_8,script:220_8:diag10,frontend/public/games/p2is/groups/script_220_8.json,"
<SURNAME/>リサ君…君の夢はなんだね?
<SURNAME/>なぜ、ジヨーカー様に夢を告げなかった?
","
<SURNAME/>丽莎同学…你的梦想是什么?
<SURNAME/>为何不向小丑大人诉说梦想?
","[""<SURNAME/>丽莎…你的梦想是什么呢? <SURNAME/>为何不向JOKER大人诉说你的梦想呢?""]","[""<SURNAME/>丽莎…你的梦想是什么呢? <SURNAME/>为何不向JOKER大人诉说你的梦想呢?""]"
local_conflict_review,script:220_8,script:220_8:diag11,frontend/public/games/p2is/groups/script_220_8.json,"
<SURNAME/>あ、あれは…<pause:30/>
<SURNAME/>あんまり突然で…
","
<SURNAME/>那、那是因为…<pause:30/>
<SURNAME/>太突然了啦…
","[""<SURNAME/>那、那是因为…<pause:30/> <SURNAME/>事情太突然了…""]","[""<SURNAME/>那、那是因为…<pause:30/> <SURNAME/>事情太突然了…""]"
local_conflict_review,script:220_8,script:220_8:diag12,frontend/public/games/p2is/groups/script_220_8.json,"
<SURNAME/>違うな。
<SURNAME/>君には告げるべき夢ガ無かった…<pause:30/>
<SURNAME/><c12/>君達と共にいても、辛かったはずだ。
","
<SURNAME/>不对。
<SURNAME/>你根本没有可诉说的梦想…<pause:30/>
<SURNAME/><c12/>和他们在一起时，你也很痛苦吧。
","[""<SURNAME/>不对。 <SURNAME/>你根本没有可以诉说的梦想…<pause:30/> <SURNAME/><c12/>就算和这群人在一起、你也一定很痛苦吧。""]","[""<SURNAME/>不对。 <SURNAME/>你根本没有可以诉说的梦想…<pause:30/> <SURNAME/><c12/>就算和这群人在一起、你也一定很痛苦吧。""]"
local_conflict_review,script:220_8,script:220_8:diag13,frontend/public/games/p2is/groups/script_220_8.json,"
<SURNAME/>あの記者も、カメラマンも…<pause:30/>
<SURNAME/>番長君ですら、自分の夢を追って生きている。
<SURNAME/>なのに君には、何の夢もありはしない。
","
<SURNAME/>那个记者也好，摄影师也好…<pause:30/>
<SURNAME/>就连番长君都在追逐自己的梦想。
<SURNAME/>可你却连一个梦想都没有。
","[""<SURNAME/>那个记者，还有那个摄影师…<pause:30/> <SURNAME/>就连那个番长、都在为了追逐自己的梦想而活。 <SURNAME/>可你呢、却连一个梦想都没有。""]","[""<SURNAME/>那个记者，还有那个摄影师…<pause:30/> <SURNAME/>就连那个番长、都在为了追逐自己的梦想而活。 <SURNAME/>可你呢、却连一个梦想都没有。""]"
local_conflict_review,script:220_8,script:220_8:diag14,frontend/public/games/p2is/groups/script_220_8.json,"
<SURNAME/>悔しかったのだ…君は。
<SURNAME/>だから、番長君に絡むのだろう?
<SURNAME/>だから、<c12/>君にすガるのだろう?
","
<SURNAME/>你很不甘心吧…
<SURNAME/>所以才去纠缠番长君?
<SURNAME/>所以才<c12/>依附于他?
","[""<SURNAME/>你心里其实很不甘心… <SURNAME/>所以你才总去缠着番长那小子吧? <SURNAME/>所以才赖着<c12/>不放吧?""]","[""<SURNAME/>你心里其实很不甘心… <SURNAME/>所以你才总去缠着番长那小子吧? <SURNAME/>所以才赖着<c12/>不放吧?""]"
local_conflict_review,script:220_8,script:220_8:diag15,frontend/public/games/p2is/groups/script_220_8.json,"
<SURNAME/>わ、わたしにだって…夢ガあったよ!<pause:30/>
<SURNAME/>でも…失くしちゃったから…!
","
<SURNAME/>我、我也是有…梦想的!<pause:30/>
<SURNAME/>但是…已经弄丢了…!
","[""<SURNAME/>我、我以前也是有过梦想的啊!<pause:30/> <SURNAME/>可是…现在已经弄丢了…!""]","[""<SURNAME/>我、我以前也是有过梦想的啊!<pause:30/> <SURNAME/>可是…现在已经弄丢了…!""]"
local_conflict_review,script:220_8,script:220_8:diag16,frontend/public/games/p2is/groups/script_220_8.json,"
<SURNAME/>君の気持ちは、痛いほどわかる。
<SURNAME/>夢に敗れた者はみじめだ…<pause:30/>
<SURNAME/>だガ、無くしたならまた新しい夢を見ればいい。
","
<SURNAME/>你的心情，我感同身受。
<SURNAME/>被梦想击垮的人很可悲…<pause:30/>
<SURNAME/>但若失去了，就去找新梦想吧。
","[""<SURNAME/>你的痛苦，我深有体会。 <SURNAME/>被梦想破灭的人的确很凄惨…<pause:30/> <SURNAME/>不过，既然弄丢了、再去寻找一个新的梦想不就好了吗。""]","[""<SURNAME/>你的痛苦，我深有体会。 <SURNAME/>被梦想破灭的人的确很凄惨…<pause:30/> <SURNAME/>不过，既然弄丢了、再去寻找一个新的梦想不就好了吗。""]"
local_conflict_review,script:220_8,script:220_8:diag17,frontend/public/games/p2is/groups/script_220_8.json,"
<SURNAME/>さあ、ジヨーカー様をコールしたまえ。
<SURNAME/>理想の自分へと生まれ変わるのだ。
<SURNAME/>君は、夢を持たずに生きる若者の道標になれる。
","
<SURNAME/>来，呼唤小丑大人吧。
<SURNAME/>你将蜕变为理想的自己。
<SURNAME/>成为无梦青年们的指路明灯吧。
","[""<SURNAME/>来吧，呼唤JOKER大人吧。 <SURNAME/>去彻底蜕变成理想中的自己吧。 <SURNAME/>你可以成为那些没有梦想的年轻人的指路明灯。""]","[""<SURNAME/>来吧，呼唤JOKER大人吧。 <SURNAME/>去彻底蜕变成理想中的自己吧。 <SURNAME/>你可以成为那些没有梦想的年轻人的指路明灯。""]"
local_conflict_review,script:220_8,script:220_8:diag18,frontend/public/games/p2is/groups/script_220_8.json,"
<SURNAME/>君達の歌に共感した若者達は、
<SURNAME/>ジヨーカー様を呼び、次々と夢を掴むだろう。
<SURNAME/>皆を理想へと導くことガ、あの方の望みなのだ。
","
<SURNAME/>被你们歌声感动的年轻人们，
<SURNAME/>会呼唤小丑大人，接连抓住梦想。
<SURNAME/>引领众人走向理想，正是那位的心愿。
","[""<SURNAME/>那些对你们的歌声产生共鸣的年轻人， <SURNAME/>都会去呼唤Joker大人，一个接一个地实现自己的梦想吧。 <SURNAME/>引领大家走向理想，正是那位大人的心愿。""]","[""<SURNAME/>那些对你们的歌声产生共鸣的年轻人， <SURNAME/>都会去呼唤Joker大人，一个接一个地实现自己的梦想吧。 <SURNAME/>引领大家走向理想，正是那位大人的心愿。""]"
merged_versions_conflict,script:220_8,script:220_8:diag19,frontend/public/games/p2is/groups/script_220_8.json,"
<SURNAME/>ウソ…だよ。
<SURNAME/>じゃあ、影人間はなんなの!?
<SURNAME/>なんでみんなの夢見る心を寧うの?
","
<SURNAME/>骗人…啦。
<SURNAME/>那影子人又算什么!?
<SURNAME/>为什么要夺走大家的梦想之心?
","[""<SURNAME/>你在…骗人。 <SURNAME/>那影子人又算什么!? <SURNAME/>为什么要夺走大家怀揣梦想的心?"", ""<SURNAME/>你在…骗人。 <SURNAME/>那影人类又算什么!? <SURNAME/>为什么要夺走大家怀揣梦想的心?""]","[""<SURNAME/>你在…骗人。 <SURNAME/>那影子人又算什么!? <SURNAME/>为什么要夺走大家怀揣梦想的心?"", ""<SURNAME/>你在…骗人。 <SURNAME/>那影人类又算什么!? <SURNAME/>为什么要夺走大家怀揣梦想的心?""]"
local_conflict_review,script:220_8,script:220_8:diag2,frontend/public/games/p2is/groups/script_220_8.json,"
<SURNAME/>へ、変じゃないよお…<pause:30/>
<SURNAME/>リサ、目立つしカッコイイよお〜
","
<SURNAME/>诶，不奇怪啊…<pause:30/>
<SURNAME/>丽莎，很显眼又帅气哦〜
","[""<SURNAME/>不、不奇怪啦…<pause:30/> <SURNAME/>丽莎那么引人注目、明明超帅气的呀〜""]","[""<SURNAME/>不、不奇怪啦…<pause:30/> <SURNAME/>丽莎那么引人注目、明明超帅气的呀〜""]"
local_conflict_review,script:220_8,script:220_8:diag20,frontend/public/games/p2is/groups/script_220_8.json,"
<SURNAME/>夢を持たぬ苦痛は君も知っての通りだ…<pause:30/>
<SURNAME/>彼らは、その苦痛から解放された。
<SURNAME/>あれはあれで、幸せだとは思わないかね?
","
<SURNAME/>无梦的痛苦你也懂…<pause:30/>
<SURNAME/>他们已从痛苦中解脱。
<SURNAME/>你不觉得那样也算幸福吗?
","[""<SURNAME/>没有梦想有多痛苦、你也再清楚不过了…<pause:30/> <SURNAME/>而他们已经从那种痛苦中解脱了出来。 <SURNAME/>你不觉得这样其实也是一种幸福吗?""]","[""<SURNAME/>没有梦想有多痛苦、你也再清楚不过了…<pause:30/> <SURNAME/>而他们已经从那种痛苦中解脱了出来。 <SURNAME/>你不觉得这样其实也是一种幸福吗?""]"
local_conflict_review,script:220_8,script:220_8:diag21,frontend/public/games/p2is/groups/script_220_8.json,"
<SURNAME/>だガ、できうる事ならば、夢無き者にも夢を…
<SURNAME/>あの方は、そうお考えだ。<pause:30/>
<SURNAME/>そのためにも、君の力ガ必要なんだよ。
","
<SURNAME/>但若可能，愿予无梦者以梦…
<SURNAME/>那位大人是这么想的。<pause:30/>
<SURNAME/>为此，也需要你的力量。
","[""<SURNAME/>但若是可能，也要让无梦之人拥有梦想… <SURNAME/>那位大人正是这样想的。<pause:30/> <SURNAME/>为此、我们需要你的力量。""]","[""<SURNAME/>但若是可能，也要让无梦之人拥有梦想… <SURNAME/>那位大人正是这样想的。<pause:30/> <SURNAME/>为此、我们需要你的力量。""]"
local_conflict_review,script:220_8,script:220_8:diag22,frontend/public/games/p2is/groups/script_220_8.json,"
<SURNAME/>仮面党に来たまえ。<pause:30/>
<SURNAME/>仮面党には、君のことを心から寒ずる友達と、
<SURNAME/>君の居場所ガある。
","
<SURNAME/>加入假面党吧。<pause:30/>
<SURNAME/>那里有真心敬重你的朋友，
<SURNAME/>也有你的容身之处。
","[""<SURNAME/>加入假面党吧。<pause:30/> <SURNAME/>这里有真心待你的朋友， <SURNAME/>也有你的容身之所。""]","[""<SURNAME/>加入假面党吧。<pause:30/> <SURNAME/>这里有真心待你的朋友， <SURNAME/>也有你的容身之所。""]"
local_conflict_review,script:220_8,script:220_8:diag3,frontend/public/games/p2is/groups/script_220_8.json,"
<SURNAME/>小さい頃はさんざんイジメられて、
<SURNAME/>今じゃカッコイイ?<SURNAME/>イケてる?<pause:30/>
<SURNAME/>振り回されるのは、もうたくさんだよ!!
","
<SURNAME/>小时候被欺负惨了，
<SURNAME/>现在很帅气？<SURNAME/>很酷？<pause:30/>
<SURNAME/>被摆布，已经受够了！！
","[""<SURNAME/>小时候明明被欺负得那么惨， <SURNAME/>现在倒变成帅气了？<SURNAME/>很时髦？<pause:30/> <SURNAME/>被别人这样耍得团团转，我早就受够了!!""]","[""<SURNAME/>小时候明明被欺负得那么惨， <SURNAME/>现在倒变成帅气了？<SURNAME/>很时髦？<pause:30/> <SURNAME/>被别人这样耍得团团转，我早就受够了!!""]"
local_conflict_review,script:220_8,script:220_8:diag4,frontend/public/games/p2is/groups/script_220_8.json,"
<SURNAME/>親父は、英語なんて一言も教えなかった…<pause:30/>
<SURNAME/>でも、外人なんだから英語ガしゃべれて当たり前…<pause:30/>
<SURNAME/>目立って当たり前…
","
<SURNAME/>老爸，一句英语都没教过…<pause:30/>
<SURNAME/>但是，因为是外国人，所以英语说得好是理所当然…<pause:30/>
<SURNAME/>显眼是理所当然…
","[""<SURNAME/>老爸他，根本连一句英语都没教过我…<pause:30/> <SURNAME/>可是，就因为是外国人，会说英语就是理所当然的…<pause:30/> <SURNAME/>引人注目也是理所当然的…""]","[""<SURNAME/>老爸他，根本连一句英语都没教过我…<pause:30/> <SURNAME/>可是，就因为是外国人，会说英语就是理所当然的…<pause:30/> <SURNAME/>引人注目也是理所当然的…""]"
local_conflict_review,script:220_8,script:220_8:diag5,frontend/public/games/p2is/groups/script_220_8.json,"
<SURNAME/>わたし、どうすればいいの…?<pause:30/>
<SURNAME/>わたしは…みんなと同じ…<pause:30/>
<SURNAME/>普通の女の子なのに…
","
<SURNAME/>我，该怎么办…？<pause:30/>
<SURNAME/>我…和大家一样…<pause:30/>
<SURNAME/>只是个普通的女孩子啊…
","[""<SURNAME/>我到底该怎么办才好…？<pause:30/> <SURNAME/>我明明…和大家一样…<pause:30/> <SURNAME/>只是个普通的女孩子啊…""]","[""<SURNAME/>我到底该怎么办才好…？<pause:30/> <SURNAME/>我明明…和大家一样…<pause:30/> <SURNAME/>只是个普通的女孩子啊…""]"
local_conflict_review,script:220_8,script:220_8:diag6,frontend/public/games/p2is/groups/script_220_8.json,"
<SURNAME/>ごめんね、リサ…<pause:30/>
<SURNAME/>そんなに傷つけてたなんて、全然気づかなかった…
","
<SURNAME/>对不起，丽莎…<pause:30/>
<SURNAME/>让你那么受伤，完全没注意到…
","[""<SURNAME/>对不起，丽莎…<pause:30/> <SURNAME/>我完全没有注意到，竟然让你伤得这么深…""]","[""<SURNAME/>对不起，丽莎…<pause:30/> <SURNAME/>我完全没有注意到，竟然让你伤得这么深…""]"
local_conflict_review,script:220_8,script:220_8:diag7,frontend/public/games/p2is/groups/script_220_8.json,"
<SURNAME/>でも、それなら、なおさら放っておけないよ。
<SURNAME/>私たちと一緒に行こう?
","
<SURNAME/>但是，那样，更不能放着不管了。
<SURNAME/>和我们一起去吧？
","[""<SURNAME/>可是，既然这样的话，那就更不能放着你不管了。 <SURNAME/>和我们一起来吧？""]","[""<SURNAME/>可是，既然这样的话，那就更不能放着你不管了。 <SURNAME/>和我们一起来吧？""]"
local_conflict_review,script:220_8,script:220_8:diag8,frontend/public/games/p2is/groups/script_220_8.json,"
<SURNAME/>あさっちの言うとーりだよお!
<SURNAME/>リサもお、ジヨーカー様にい、
<SURNAME/>英語ペラペラ〜にしてもらえばいいんだよお!
","
<SURNAME/>麻美说得对哦！
<SURNAME/>丽莎也啊，让小丑大人，
<SURNAME/>把英语变得流利〜就好了哦！
","[""<SURNAME/>麻美说得没错呀！ <SURNAME/>丽莎也去找JOKER大人， <SURNAME/>把英语变得超〜级流利不就好了吗！""]","[""<SURNAME/>麻美说得没错呀！ <SURNAME/>丽莎也去找JOKER大人， <SURNAME/>把英语变得超〜级流利不就好了吗！""]"
local_conflict_review,script:220_8,script:220_8:diag9,frontend/public/games/p2is/groups/script_220_8.json,"
<SURNAME/>やっぱり!!
<SURNAME/>あんたたち、仮面党に…!!
","
<SURNAME/>果然!!
<SURNAME/>你们这帮假面党…!!
","[""<SURNAME/>果然没错!! <SURNAME/>你们加入了假面党…!!""]","[""<SURNAME/>果然没错!! <SURNAME/>你们加入了假面党…!!""]"
local_conflict_review,script:221_8,script:221_8:diag2:p1,frontend/public/games/p2is/groups/script_221_8.json,"<c1d:11/>舞耶<c1d:1/>
<SURNAME/>あなたは、彼女たちを守ろうとしたんでしょ?
<SURNAME/>大丈夫…二人とも今度目ガ覚めたら、
<SURNAME/>きっと笑ってくれるわ。
",<c1d:11/>舞耶<c1d:1/>\n<SURNAME/>你刚才，是想保护她们两个对吧?\n<SURNAME/>没事的…等她们俩下次醒来，\n<SURNAME/>一定会笑的。\n,"[""<c1d:11/>舞耶<c1d:1/>\\n<SURNAME/>你刚才，是想保护她们两个对吧?\\n<SURNAME/>没事的…等她们俩下次醒来，\\n<SURNAME/>一定会笑的。\\n\n""]","[""<c1d:11/>舞耶<c1d:1/>\\n<SURNAME/>你刚才，是想保护她们两个对吧?\\n<SURNAME/>没事的…等她们俩下次醒来，\\n<SURNAME/>一定会笑的。\\n\n""]"
local_conflict_review,script:221_8,script:221_8:diag5,frontend/public/games/p2is/groups/script_221_8.json,"
<SURNAME/>よし、俺たちゃ、ギンコと舞耶ネェの援護だ!
",\n<SURNAME/>好，咱们去掩护银次和舞耶姐!\n,"[""\\n<SURNAME/>好，咱们去掩护银子和舞耶姐!\\n""]","[""\\n<SURNAME/>好，咱们去掩护银子和舞耶姐!\\n""]"
local_conflict_review,script:222_8,script:222_8:diag0,frontend/public/games/p2is/groups/script_222_8.json,"
<SURNAME/>舞耶ネェはああ言うけどよお、
<SURNAME/>やっぱギンコのヤツ、助けに行った方ガいいぜ!!
","
<SURNAME/>舞耶姐那么说归说，
<SURNAME/>果然还是该去救银次那家伙!!
","[""\\n<SURNAME/>舞耶姐虽然说归说，\\n<SURNAME/>可我觉得，还是得去把银子那家伙救出来啊！！\\n""]","[""\\n<SURNAME/>舞耶姐虽然说归说，\\n<SURNAME/>可我觉得，还是得去把银子那家伙救出来啊！！\\n""]"
local_conflict_review,script:222_8,script:222_8:diag10,frontend/public/games/p2is/groups/script_222_8.json,"
<SURNAME/>今日は前人気爆発のMUSESだから、
<SURNAME/>オレたち死ぬかもね…
<SURNAME/>かあちゃん…
","
<SURNAME/>今天MUSES人气爆棚，
<SURNAME/>我们怕是要完蛋…
<SURNAME/>老妈啊…
","[""\\n<SURNAME/>今天MUSES人气爆棚，\\n<SURNAME/>我们怕是会死在这儿…\\n<SURNAME/>我滴妈呀…\\n""]","[""\\n<SURNAME/>今天MUSES人气爆棚，\\n<SURNAME/>我们怕是会死在这儿…\\n<SURNAME/>我滴妈呀…\\n""]"
local_conflict_review,script:222_8,script:222_8:diag3,frontend/public/games/p2is/groups/script_222_8.json,"
<SURNAME/>んだとお!?
<SURNAME/>てんめえ…見損なったぜ!
<SURNAME/>ちったあギンコの気持ちも考えてやれよ!!
","
<SURNAME/>你说啥!?
<SURNAME/>你这家伙…看错你了!
<SURNAME/>也替丽莎想想啊!!
","[""\\n<SURNAME/>你说什么!?\\n<SURNAME/>你这家伙…我真看错你了!\\n<SURNAME/>也替银子想想啊!!\\n""]","[""\\n<SURNAME/>你说什么!?\\n<SURNAME/>你这家伙…我真看错你了!\\n<SURNAME/>也替银子想想啊!!\\n""]"
local_conflict_review,script:222_8,script:222_8:diag5,frontend/public/games/p2is/groups/script_222_8.json,"
<SURNAME/>チッ!<SURNAME/>もう、どうしようもねぇか!!
<SURNAME/><c12/>、もしギンコに何かあったら、
<SURNAME/>俺はてめえを許さねぇからな!
","
<SURNAME/>啧!<SURNAME/>没辙了!!
<SURNAME/><c12/>，要是丽莎出事，
<SURNAME/>老子绝不饶你!
","[""\\n<SURNAME/>啧!<SURNAME/>没辙了!!\\n<SURNAME/><c12/>，要是银子出事，\\n<SURNAME/>老子绝不饶你!\\n""]","[""\\n<SURNAME/>啧!<SURNAME/>没辙了!!\\n<SURNAME/><c12/>，要是银子出事，\\n<SURNAME/>老子绝不饶你!\\n""]"
local_conflict_review,script:222_8,script:222_8:diag9,frontend/public/games/p2is/groups/script_222_8.json,"
<SURNAME/>この仕事もキビシイんだよね〜
<SURNAME/>身を挺して、熱狂した観客を抑えるんだ。
<SURNAME/>覚悟しといた方ガいいぜ。
","
<SURNAME/>这活儿可不好干啊～
<SURNAME/>得拼命拦住狂热的观众。
<SURNAME/>最好有心理准备。
","[""\\n<SURNAME/>这活儿可不好干啊～\\n<SURNAME/>得豁出身子去挡住那些狂热的观众。\\n<SURNAME/>最好有心理准备。\\n""]","[""\\n<SURNAME/>这活儿可不好干啊～\\n<SURNAME/>得豁出身子去挡住那些狂热的观众。\\n<SURNAME/>最好有心理准备。\\n""]"
local_conflict_review,script:224_8,script:224_8:diag10,frontend/public/games/p2is/groups/script_224_8.json,"
<SURNAME/>よし、俺たちゃ、ギンコと舞耶ネェの援護だ!
",\n<SURNAME/>好，咱们去掩护银次和舞耶姐!\n,"[""\\n<SURNAME/>好，咱们去掩护银子和舞耶姐!\\n""]","[""\\n<SURNAME/>好，咱们去掩护银子和舞耶姐!\\n""]"
local_conflict_review,script:224_8,script:224_8:diag11,frontend/public/games/p2is/groups/script_224_8.json,"
<SURNAME/><c12/>!<SURNAME/>時間ガないよ。
<SURNAME/>早いとこ、次の標的ガどこか調べるんだ!!
","
<SURNAME/><c12/>!<SURNAME/>没时间了。
<SURNAME/>赶紧查下一个目标在哪!!
","[""\\n<SURNAME/><c12/>!<SURNAME/>没时间了。\\n<SURNAME/>赶紧找到下一个目标在哪!!\\n\n""]","[""\\n<SURNAME/><c12/>!<SURNAME/>没时间了。\\n<SURNAME/>赶紧找到下一个目标在哪!!\\n\n""]"
local_conflict_review,script:224_8,script:224_8:diag4,frontend/public/games/p2is/groups/script_224_8.json,"
<SURNAME/>あのサイコ野郎…街中に爆弾でも仕掛けたんだ!!
<SURNAME/>早く次の標的ガどこか調べて逃げないと、
<SURNAME/>大変なことになるよ!!
","
<SURNAME/>那个神经病…在城里装了炸弹!!
<SURNAME/>快查下一个目标在哪然后跑路，
<SURNAME/>不然糟了!!
","[""\\n<SURNAME/>那个神经病…在城里装了炸弹!!\\n<SURNAME/>快找到下一个目标在哪然后跑路，\\n<SURNAME/>不然糟了!!\\n""]","[""\\n<SURNAME/>那个神经病…在城里装了炸弹!!\\n<SURNAME/>快找到下一个目标在哪然后跑路，\\n<SURNAME/>不然糟了!!\\n""]"
local_conflict_review,script:248_8,script:248_8:diag0,frontend/public/games/p2is/groups/script_248_8.json,"
<SURNAME/>まいったね…<pause:30/>
<SURNAME/>小学生ガ来てるみたいだ。
<SURNAME/>どうする、舞耶さん?
","
<SURNAME/>真头疼…<pause:30/>
<SURNAME/>好像有小学生来了。
<SURNAME/>怎么办，舞耶小姐？
","[""<SURNAME/>真头疼…<pause:30/> <SURNAME/>这里好像有小学生在。 <SURNAME/>怎么办，舞耶姐？""]","[""<SURNAME/>真头疼…<pause:30/> <SURNAME/>这里好像有小学生在。 <SURNAME/>怎么办，舞耶姐？""]"
local_conflict_review,script:248_8,script:248_8:diag1,frontend/public/games/p2is/groups/script_248_8.json,"
<SURNAME/>発信機をさガす前に、子供たちを逃ガさないと。
<SURNAME/>引率の先生ガいるはずだから、
<SURNAME/>わけを話して協力してもらいましょ。
","
<SURNAME/>在放置发信机之前，得让孩子们逃走。
<SURNAME/>应该有带队的老师，
<SURNAME/>我们说明情况请他们帮忙吧。
","[""<SURNAME/>在寻找定位器之前，得先让孩子们逃走。 <SURNAME/>应该有带队的老师， <SURNAME/>我们就去说明情况请他们帮忙吧。""]","[""<SURNAME/>在寻找定位器之前，得先让孩子们逃走。 <SURNAME/>应该有带队的老师， <SURNAME/>我们就去说明情况请他们帮忙吧。""]"
local_conflict_review,script:248_8,script:248_8:diag10,frontend/public/games/p2is/groups/script_248_8.json,"
<SURNAME/>ちょっと、大丈夫?
","
<SURNAME/>喂，没事吧？
","[""<SURNAME/>我说，你没事吧？""]","[""<SURNAME/>我说，你没事吧？""]"
local_conflict_review,script:248_8,script:248_8:diag11,frontend/public/games/p2is/groups/script_248_8.json,"
<SURNAME/>世間の目は欺けても、俺の目はごまかせないぞ!
<SURNAME/>お前たちガヒトラーの手先だってことは、
<SURNAME/>調べガついてるんだ!!
","
<SURNAME/>就算能骗过世人的眼睛，也骗不过老子的眼睛！
<SURNAME/>你们是希特勒的走狗这件事，
<SURNAME/>我已经调查清楚了！！
","[""<SURNAME/>就算能瞒过世人的眼睛，也骗不过老子的眼睛！ <SURNAME/>我已经调查清楚了， <SURNAME/>你们其实是希特勒的走狗！！""]","[""<SURNAME/>就算能瞒过世人的眼睛，也骗不过老子的眼睛！ <SURNAME/>我已经调查清楚了， <SURNAME/>你们其实是希特勒的走狗！！""]"
local_conflict_review,script:248_8,script:248_8:diag12,frontend/public/games/p2is/groups/script_248_8.json,"
<SURNAME/>ごめんね〜!
<SURNAME/>ただしったら、事務所にきた岡村って先生の話を
<SURNAME/>真にうけちゃってるの。
","
<SURNAME/>对不起啦～！
<SURNAME/>武那家伙，把来事务所的冈村老师的话
<SURNAME/>当真了呢。
","[""<SURNAME/>对不起啦～！ <SURNAME/>直那家伙，把之前来事务所的那个叫冈村的老师说的话 <SURNAME/>全当真了。""]","[""<SURNAME/>对不起啦～！ <SURNAME/>直那家伙，把之前来事务所的那个叫冈村的老师说的话 <SURNAME/>全当真了。""]"
local_conflict_review,script:248_8,script:248_8:diag13,frontend/public/games/p2is/groups/script_248_8.json,"
<SURNAME/>ああ!<SURNAME/>もう!<SURNAME/>タマ〜!
<SURNAME/>探偵には守秘義務ガあるんだぞ!?
<SURNAME/>軽々しく依頼主の名前をしゃべっちゃダメだろ!
","
<SURNAME/>啊!<SURNAME/>真是的!<SURNAME/>玉～!
<SURNAME/>侦探有保密义务的好吗!?
<SURNAME/>别随便说出委托人的名字啊!
","[""<SURNAME/>啊!<SURNAME/>真是的!<SURNAME/>小环～! <SURNAME/>侦探有保密义务的好吗!? <SURNAME/>怎么能随随便便把委托人的名字说出来啊!""]","[""<SURNAME/>啊!<SURNAME/>真是的!<SURNAME/>小环～! <SURNAME/>侦探有保密义务的好吗!? <SURNAME/>怎么能随随便便把委托人的名字说出来啊!""]"
local_conflict_review,script:248_8,script:248_8:diag14,frontend/public/games/p2is/groups/script_248_8.json,"
<SURNAME/>ゆきのたちガ、
<SURNAME/>ヒトラーの手先なわけないでしょ?
<SURNAME/>少しは冷静に考えなよ、バカただし!!
","
<SURNAME/>雪野他们，
<SURNAME/>怎么可能是希特勒的走狗嘛?
<SURNAME/>你稍微冷静点想想啊，笨蛋武!!
","[""<SURNAME/>雪野他们， <SURNAME/>怎么可能是希特勒的走狗嘛? <SURNAME/>你稍微动脑筋想想啊，笨蛋直!!""]","[""<SURNAME/>雪野他们， <SURNAME/>怎么可能是希特勒的走狗嘛? <SURNAME/>你稍微动脑筋想想啊，笨蛋直!!""]"
local_conflict_review,script:248_8,script:248_8:diag15,frontend/public/games/p2is/groups/script_248_8.json,"
<SURNAME/>大凶星よ、待ちかねたぞ。<pause:30/>
<SURNAME/>ここまでたどりついた健闘を祝し、
<SURNAME/>歓迎の迎え火を灯してやろう。
","
<SURNAME/>大凶星啊，我等你好久了。<pause:30/>
<SURNAME/>为庆祝你奋战至此，
<SURNAME/>让我点燃欢迎之火吧。
","[""<SURNAME/>大凶星啊，我可等候多时了。<pause:30/> <SURNAME/>为了庆祝你们一路奋战走到这里， <SURNAME/>就让我为你们点燃欢迎的烈火吧。""]","[""<SURNAME/>大凶星啊，我可等候多时了。<pause:30/> <SURNAME/>为了庆祝你们一路奋战走到这里， <SURNAME/>就让我为你们点燃欢迎的烈火吧。""]"
local_conflict_review,script:248_8,script:248_8:diag17,frontend/public/games/p2is/groups/script_248_8.json,"
<SURNAME/>この科学館の各フロアには、
<SURNAME/>一定時間ガくると下の階から順に発火するよう
<SURNAME/>火種ガしかけてある。
","
<SURNAME/>在这个科学馆的每层，
<SURNAME/>我都设置了火种，时间一到
<SURNAME/>就会从下层开始依次起火。
","[""<SURNAME/>在这个科学馆的每个楼层， <SURNAME/>都已经被我设下了火种，时间一到 <SURNAME/>就会从底层开始依次起火。""]","[""<SURNAME/>在这个科学馆的每个楼层， <SURNAME/>都已经被我设下了火种，时间一到 <SURNAME/>就会从底层开始依次起火。""]"
local_conflict_review,script:248_8,script:248_8:diag19,frontend/public/games/p2is/groups/script_248_8.json,"
<SURNAME/>いずれ、全てのものは滅びさる運命だ…<pause:30/>
<SURNAME/>一足先に、そこのガキ共と人柱になるガいい!
","
<SURNAME/>终有一天，万物都将毁灭…<pause:30/>
<SURNAME/>你们就先一步，和那些小鬼一起当祭品吧!
","[""<SURNAME/>反正万物终究都逃不过毁灭的命运…<pause:30/> <SURNAME/>你们就先一步，和那些小鬼一起当祭品吧!""]","[""<SURNAME/>反正万物终究都逃不过毁灭的命运…<pause:30/> <SURNAME/>你们就先一步，和那些小鬼一起当祭品吧!""]"
local_conflict_review,script:248_8,script:248_8:diag2,frontend/public/games/p2is/groups/script_248_8.json,"
<SURNAME/>フッフッフッフッフ…<pause:30/>
<SURNAME/>天ガ呼ぶ!<SURNAME/>地ガ呼ぶ!<SURNAME/>人ガ呼ぶ!
<SURNAME/>…<pause:30/>え〜と、なんだっけ?
","
<SURNAME/>呵呵呵呵呵…<pause:30/>
<SURNAME/>天在呼唤！<SURNAME/>地在呼唤！<SURNAME/>人在呼唤！
<SURNAME/>…<pause:30/>呃，接下来是什么？
","[""<SURNAME/>哼哼哼哼哼…<pause:30/> <SURNAME/>天在呼唤！<SURNAME/>地在呼唤！<SURNAME/>人在呼唤！ <SURNAME/>…<pause:30/>呃，接下来是什么来着？""]","[""<SURNAME/>哼哼哼哼哼…<pause:30/> <SURNAME/>天在呼唤！<SURNAME/>地在呼唤！<SURNAME/>人在呼唤！ <SURNAME/>…<pause:30/>呃，接下来是什么来着？""]"
local_conflict_review,script:248_8,script:248_8:diag21,frontend/public/games/p2is/groups/script_248_8.json,"
<SURNAME/>…もう<pause:30/>…逃げない<pause:30/>
<SURNAME/>…負ける<pause:30/>…もんか!
","
<SURNAME/>已经<pause:30/>…不会逃了<pause:30/>
<SURNAME/>…怎么可能会<pause:30/>…输呢!
","[""<SURNAME/>我不会<pause:30/>…再逃避了<pause:30/> <SURNAME/>…我绝对<pause:30/>…不会输的!""]","[""<SURNAME/>我不会<pause:30/>…再逃避了<pause:30/> <SURNAME/>…我绝对<pause:30/>…不会输的!""]"
local_conflict_review,script:248_8,script:248_8:diag22,frontend/public/games/p2is/groups/script_248_8.json,"
<SURNAME/>みんな!
<SURNAME/>子供たちを上の階へ避難させるわよ!
","
<SURNAME/>大家!
<SURNAME/>让孩子们到上层避难吧!
","[""<SURNAME/>大家! <SURNAME/>快把孩子们疏散到上面的楼层去!""]","[""<SURNAME/>大家! <SURNAME/>快把孩子们疏散到上面的楼层去!""]"
local_conflict_review,script:248_8,script:248_8:diag23,frontend/public/games/p2is/groups/script_248_8.json,"
<SURNAME/>ここって確か、かなり広い4階建てだったわね…<pause:30/>
<SURNAME/>キミたち2人は、
<SURNAME/>引率の先生を探して先に屋上へ向かって!!
","
<SURNAME/>这里我记得，是相当宽敞的四层建筑吧…<pause:30/>
<SURNAME/>你们两个，
<SURNAME/>去找带队老师，先往屋顶去!!
","[""<SURNAME/>我记得这里好像是个挺宽敞的四层建筑…<pause:30/> <SURNAME/>你们两个， <SURNAME/>快去找带队的老师，先去天台避难!!""]","[""<SURNAME/>我记得这里好像是个挺宽敞的四层建筑…<pause:30/> <SURNAME/>你们两个， <SURNAME/>快去找带队的老师，先去天台避难!!""]"
local_conflict_review,script:248_8,script:248_8:diag24,frontend/public/games/p2is/groups/script_248_8.json,"
<SURNAME/>私たちは、各フロアの展示室をまわって
<SURNAME/>逃げ遅れた子ガいないかどうか確認しましょう。
","
<SURNAME/>我们去各层的展示室转一圈，
<SURNAME/>确认有没有孩子掉队。
","[""<SURNAME/>我们去各个楼层的展示室巡视一遍， <SURNAME/>确认有没有孩子掉队。""]","[""<SURNAME/>我们去各个楼层的展示室巡视一遍， <SURNAME/>确认有没有孩子掉队。""]"
local_conflict_review,script:248_8,script:248_8:diag3,frontend/public/games/p2is/groups/script_248_8.json,"
<SURNAME/>…悪を倒せ!<SURNAME/>でしょ?
","
<SURNAME/>…打倒邪恶！<SURNAME/>对吧？
","[""<SURNAME/>…打倒邪恶！<SURNAME/>对吧？""]","[""<SURNAME/>…打倒邪恶！<SURNAME/>对吧？""]"
local_conflict_review,script:248_8,script:248_8:diag4,frontend/public/games/p2is/groups/script_248_8.json,"
<SURNAME/>そう!
<SURNAME/>悪を倒せと俺を呼ぶ!!
","
<SURNAME/>对！
<SURNAME/>呼唤我打倒邪恶！！
","[""<SURNAME/>对！ <SURNAME/>呼唤着我打倒邪恶！！""]","[""<SURNAME/>对！ <SURNAME/>呼唤着我打倒邪恶！！""]"
local_conflict_review,script:248_8,script:248_8:diag5,frontend/public/games/p2is/groups/script_248_8.json,"
<SURNAME/>ただし!<SURNAME/>たまき!
<SURNAME/>そんな所で何やってんだい!?
","
<SURNAME/>正！<SURNAME/>环！
<SURNAME/>你们在那儿干什么呢！？
","[""<SURNAME/>直！<SURNAME/>环！ <SURNAME/>你们在那儿干什么呢！？""]","[""<SURNAME/>直！<SURNAME/>环！ <SURNAME/>你们在那儿干什么呢！？""]"
local_conflict_review,script:248_8,script:248_8:diag6,frontend/public/games/p2is/groups/script_248_8.json,"
<SURNAME/>ああ!<SURNAME/>もう!<SURNAME/>黛〜!
<SURNAME/>せっかく顔かくしてんだから
<SURNAME/>名前言っちゃダメだろ〜!!
","
<SURNAME/>啊！<SURNAME/>真是的！<SURNAME/>黛〜！
<SURNAME/>好不容易遮住脸，
<SURNAME/>别说名字啊〜！！
","[""<SURNAME/>啊！<SURNAME/>真是的！<SURNAME/>黛〜！ <SURNAME/>我好不容易才把脸蒙上的， <SURNAME/>别说出名字啊〜！！""]","[""<SURNAME/>啊！<SURNAME/>真是的！<SURNAME/>黛〜！ <SURNAME/>我好不容易才把脸蒙上的， <SURNAME/>别说出名字啊〜！！""]"
local_conflict_review,script:248_8,script:248_8:diag7,frontend/public/games/p2is/groups/script_248_8.json,"
<SURNAME/>平和なこの珠閒瑠市を、
<SURNAME/>恐怖の影でおおいつくそうとする悪党どもめ!
<SURNAME/>このオレガ、冥府にたたきこんでやる!!
","
<SURNAME/>想用恐怖的影子覆盖这和平的珠闲瑠市，
<SURNAME/>恶棍们!
<SURNAME/>看我把你们打入冥府!!
","[""<SURNAME/>企图用恐怖的阴影笼罩这和平的珠间瑠市的 <SURNAME/>恶党们! <SURNAME/>看我把你们通通打入冥府!!""]","[""<SURNAME/>企图用恐怖的阴影笼罩这和平的珠间瑠市的 <SURNAME/>恶党们! <SURNAME/>看我把你们通通打入冥府!!""]"
local_conflict_review,script:248_8,script:248_8:diag9,frontend/public/games/p2is/groups/script_248_8.json,"
<SURNAME/>とうっ!
","
<SURNAME/>咚！
","[""<SURNAME/>哈呀！""]","[""<SURNAME/>哈呀！""]"
merged_versions_conflict,script:255_8,script:255_8:diag0,frontend/public/games/p2is/groups/script_255_8.json,"
<SURNAME/>待たせたな、お前ら!
<SURNAME/>早く屋上へ行きな、先生ガ待ってるぜ。
<SURNAME/>おおっと!<SURNAME/>火事場じゃあ走るんじゃねぇぞ!
","
<SURNAME/>久等了，臭小子们!
<SURNAME/>快上屋顶，老师在等着呢。
<SURNAME/>哦哦!<SURNAME/>火场别跑啊!
","[""\\n<SURNAME/>久等了，臭小子们!\\n<SURNAME/>快上屋顶，老师们都在等着呢。\\n<SURNAME/>哎哟!<SURNAME/>火场里可不能乱跑！\\n"", ""\\n<SURNAME/>久等了，臭小子们!\\n<SURNAME/>快上屋顶，老师在等着呢。\\n<SURNAME/>哦哦!<SURNAME/>在火场里可别跑啊！\\n""]","[""\\n<SURNAME/>久等了，臭小子们!\\n<SURNAME/>快上屋顶，老师们都在等着呢。\\n<SURNAME/>哎哟!<SURNAME/>火场里可不能乱跑！\\n"", ""\\n<SURNAME/>久等了，臭小子们!\\n<SURNAME/>快上屋顶，老师在等着呢。\\n<SURNAME/>哦哦!<SURNAME/>在火场里可别跑啊！\\n""]"
merged_versions_conflict,script:261_8,script:261_8:diag2,frontend/public/games/p2is/groups/script_261_8.json,"
<SURNAME/>いったあ〜い!!
<SURNAME/>哎呀(アイヤー)!?
<SURNAME/>舞耶さん木ントに運転できんの?
","
<SURNAME/>痛死啦——!
<SURNAME/>哎呀(アイヤー)!?
<SURNAME/>舞耶姐你木ント会开吗?
","[""\\n<SURNAME/>痛死啦——!\\n<SURNAME/>哎呀(aiya)!?\\n<SURNAME/>舞耶姐你真的会开吗?\\n"", ""\\n<SURNAME/>痛死啦——!\\n<SURNAME/>哎呀(アイヤー)!?\\n<SURNAME/>舞耶姐你真的会开吗?\\n""]","[""\\n<SURNAME/>痛死啦——!\\n<SURNAME/>哎呀(aiya)!?\\n<SURNAME/>舞耶姐你真的会开吗?\\n"", ""\\n<SURNAME/>痛死啦——!\\n<SURNAME/>哎呀(アイヤー)!?\\n<SURNAME/>舞耶姐你真的会开吗?\\n""]"
merged_versions_conflict,script:266_8,script:266_8:diag49,frontend/public/games/p2is/groups/script_266_8.json,"
<SURNAME/>どうしたの?
<SURNAME/>私の顔に、何かついてるの?<pause:30/>
<SURNAME/>ボ・<pause:15/>ウ・<pause:15/>ヤ…
","
<SURNAME/>怎么了?
<SURNAME/>我脸上有什么东西吗?<pause:30/>
<SURNAME/>麻・<pause:15/>耶・<pause:15/>…
","[""\\n<SURNAME/>怎么了?\\n<SURNAME/>我脸上有什么东西吗?<pause:30/>\\n<SURNAME/>小<pause:15/>弟<pause:15/>弟…\\n"", ""\\n<SURNAME/>怎么了?\\n<SURNAME/>我脸上有什么东西吗?<pause:30/>\\n<SURNAME/>小・<pause:15/>弟・<pause:15/>弟…\\n""]","[""\\n<SURNAME/>怎么了?\\n<SURNAME/>我脸上有什么东西吗?<pause:30/>\\n<SURNAME/>小<pause:15/>弟<pause:15/>弟…\\n"", ""\\n<SURNAME/>怎么了?\\n<SURNAME/>我脸上有什么东西吗?<pause:30/>\\n<SURNAME/>小・<pause:15/>弟・<pause:15/>弟…\\n""]"
merged_versions_conflict,script:288_8,script:288_8:diag2,frontend/public/games/p2is/groups/script_288_8.json,"
<SURNAME/>あらぁ?
<SURNAME/>かわいい正義の味方さんたちねー?
<SURNAME/>チャ〜オ♥
","
<SURNAME/>哎呀?
<SURNAME/>可爱的正义使者们呢～?
<SURNAME/>拜拜♥
","[""\\n<SURNAME/>哎呀?\\n<SURNAME/>是可爱的正义使者们呢～?\\n<SURNAME/>Ciao～♥\\n"", ""\\n<SURNAME/>哎呀?\\n<SURNAME/>可爱的正义使者们呢～?\\n<SURNAME/>Ciao～♥\\n""]","[""\\n<SURNAME/>哎呀?\\n<SURNAME/>是可爱的正义使者们呢～?\\n<SURNAME/>Ciao～♥\\n"", ""\\n<SURNAME/>哎呀?\\n<SURNAME/>可爱的正义使者们呢～?\\n<SURNAME/>Ciao～♥\\n""]"
merged_versions_conflict,script:294_8,script:294_8:diag1,frontend/public/games/p2is/groups/script_294_8.json,"
<SURNAME/>思い出して頂いて、光栄だ…<pause:30/>
<SURNAME/>諸君は、あの時の瞳の輝きそのままに、
<SURNAME/>更に雄々しく成長した。敬意を送ろう…
","
<SURNAME/>你能想起，我很荣幸…<pause:30/>
<SURNAME/>诸君，和那时瞳光一样，
<SURNAME/>更雄壮成长了。致以敬意…
","[""\\n<SURNAME/>承蒙各位还记得我的名字，深感荣幸…<pause:30/>\\n<SURNAME/>诸位眼中的光芒一如当年，\\n<SURNAME/>且成长得更加英武。谨致以我最崇高的敬意…\\n"", ""\\n<SURNAME/>你们还记得我，我深感荣幸…<pause:30/>\\n<SURNAME/>诸位都变得更加勇敢了，\\n<SURNAME/>眼中依然闪烁着当年的光芒。谨致以我最崇高的敬意…\\n""]","[""\\n<SURNAME/>承蒙各位还记得我的名字，深感荣幸…<pause:30/>\\n<SURNAME/>诸位眼中的光芒一如当年，\\n<SURNAME/>且成长得更加英武。谨致以我最崇高的敬意…\\n"", ""\\n<SURNAME/>你们还记得我，我深感荣幸…<pause:30/>\\n<SURNAME/>诸位都变得更加勇敢了，\\n<SURNAME/>眼中依然闪烁着当年的光芒。谨致以我最崇高的敬意…\\n""]"
merged_versions_conflict,script:294_8,script:294_8:diag2,frontend/public/games/p2is/groups/script_294_8.json,"
<SURNAME/>思い出して頂いて、光栄だ…<pause:30/>
<SURNAME/>諸君は、あの時の瞳の輝きそのままに、
<SURNAME/>更に雄々しく成長した。
","
<SURNAME/>你能想起，我很荣幸…<pause:30/>
<SURNAME/>诸君，和那时瞳光一样，
<SURNAME/>更雄壮成长了。
","[""\\n<SURNAME/>承蒙各位还记得我的名字，深感荣幸…<pause:30/>\\n<SURNAME/>诸位眼中的光芒一如当年，\\n<SURNAME/>且成长得更加英武.\\n"", ""\\n<SURNAME/>你们还记得我，我深感荣幸…<pause:30/>\\n<SURNAME/>诸位都变得更加勇敢了，\\n<SURNAME/>眼中依然闪烁着当年的光芒。谨致以我最崇高的敬意…\\n""]","[""\\n<SURNAME/>承蒙各位还记得我的名字，深感荣幸…<pause:30/>\\n<SURNAME/>诸位眼中的光芒一如当年，\\n<SURNAME/>且成长得更加英武.\\n"", ""\\n<SURNAME/>你们还记得我，我深感荣幸…<pause:30/>\\n<SURNAME/>诸位都变得更加勇敢了，\\n<SURNAME/>眼中依然闪烁着当年的光芒。谨致以我最崇高的敬意…\\n""]"
merged_versions_conflict,script:295_8,script:295_8:diag3,frontend/public/games/p2is/groups/script_295_8.json,"
<SURNAME/>ああ、たまきかい?
<SURNAME/>ちょうどよかった。
<SURNAME/>岡村先生に聞きたい事ガあるんだ。代わって…","
<SURNAME/>啊，是环海吗?
<SURNAME/>来得正好。
<SURNAME/>我有事想问冈村老师。替我叫…","[""\\n<SURNAME/>啊，是环吗?\\n<SURNAME/>来得正好。\\n<SURNAME/>我有事想问冈村老师。替我说一下…"", ""\\n<SURNAME/>啊，是环吗?\\n<SURNAME/>来得正好。\\n<SURNAME/>我有事想问冈村老师。替我叫…""]","[""\\n<SURNAME/>啊，是环吗?\\n<SURNAME/>来得正好。\\n<SURNAME/>我有事想问冈村老师。替我说一下…"", ""\\n<SURNAME/>啊，是环吗?\\n<SURNAME/>来得正好。\\n<SURNAME/>我有事想问冈村老师。替我叫…""]"
local_conflict_review,script:303_8,script:303_8:diag15,frontend/public/games/p2is/groups/script_303_8.json,"
<SURNAME/>キミの髪型カッコいいねー!
<SURNAME/>へえ〜、メッティカットっていうんだ?
<SURNAME/>まねしたいけど無理だね、ボク坊主だし。
","
<SURNAME/>你的发型好帅！
<SURNAME/>诶～叫莫西干头？
<SURNAME/>想学但不行啊，我是和尚。
","[""\\n<SURNAME/>你的发型好帅！\\n<SURNAME/>诶～叫碎剪发型？\\n<SURNAME/>想学但不行啊，我是和尚。\\n""]","[""\\n<SURNAME/>你的发型好帅！\\n<SURNAME/>诶～叫碎剪发型？\\n<SURNAME/>想学但不行啊，我是和尚。\\n""]"
local_conflict_review,script:303_8,script:303_8:diag7,frontend/public/games/p2is/groups/script_303_8.json,"
<SURNAME/>淳は、本当に世界を滅ぼすつもりなのかな?
<SURNAME/>どうしてジヨーカーになんかなっちゃったの?
<SURNAME/><c13/>…<pause:30/>わたし、わかんないよ!!
","
<SURNAME/>淳真的想毁灭世界吗？
<SURNAME/>为什么成了小丑？
<SURNAME/><c13/>…<pause:30/>我、我不明白啊！！
","[""\\n<SURNAME/>淳，真的想毁灭世界吗？\\n<SURNAME/>为什么变成了JOKER？\\n<SURNAME/><c13/>…<pause:30/>我、我不明白啊！！\\n""]","[""\\n<SURNAME/>淳，真的想毁灭世界吗？\\n<SURNAME/>为什么变成了JOKER？\\n<SURNAME/><c13/>…<pause:30/>我、我不明白啊！！\\n""]"
local_conflict_review,script:304_8,script:304_8:diag12,frontend/public/games/p2is/groups/script_304_8.json,"
<SURNAME/>レディに無理させたとあっちゃ、男ガすたるって!
<SURNAME/>サシの勝負は、ミッシェル様にまかせてくんな!!
","
<SURNAME/>让女士勉强的话，男人就丢脸了!
<SURNAME/>单挑的胜负，就交给米切大人吧!!
","[""\\n<SURNAME/>让lady勉强的话，男人就丢脸了!\\n<SURNAME/>单挑的胜负，就交给米歇尔大人吧!!\\n""]","[""\\n<SURNAME/>让lady勉强的话，男人就丢脸了!\\n<SURNAME/>单挑的胜负，就交给米歇尔大人吧!!\\n""]"
local_conflict_review,script:304_8,script:304_8:diag3,frontend/public/games/p2is/groups/script_304_8.json,"
<SURNAME/>待てい、エルフ。<pause:30/>
<SURNAME/>集音マイクに反応ガあった。
","
<SURNAME/>等等，Elf。<pause:30/>
<SURNAME/>集音麦克风有反应了。
","[""\\n<SURNAME/>等等，12。<pause:30/>\\n<SURNAME/>集音麦克风有反应了。\\n""]","[""\\n<SURNAME/>等等，12。<pause:30/>\\n<SURNAME/>集音麦克风有反应了。\\n""]"
local_conflict_review,script:304_8,script:304_8:diag7,frontend/public/games/p2is/groups/script_304_8.json,"
<SURNAME/>この国のペルソナ使いの力、
<SURNAME/>とくと見せてもらおうか…<pause:30/>
<SURNAME/>続けい!<SURNAME/>ツヴェルフ、ドライツェーン!!
","
<SURNAME/>这个国家的Persona使者之力，
<SURNAME/>就让我好好见识下吧…<pause:30/>
<SURNAME/>上吧!<SURNAME/>十二、十三!!
","[""\\n<SURNAME/>这个国家的Persona使者之力，\\n<SURNAME/>就让我好好见识一下吧…<pause:30/>\\n<SURNAME/>上吧!<SURNAME/>12号、13号!!\\n""]","[""\\n<SURNAME/>这个国家的Persona使者之力，\\n<SURNAME/>就让我好好见识一下吧…<pause:30/>\\n<SURNAME/>上吧!<SURNAME/>12号、13号!!\\n""]"
local_conflict_review,script:305_8,script:305_8:diag0,frontend/public/games/p2is/groups/script_305_8.json,"
<SURNAME/>よお…<pause:30/>
<SURNAME/>そ、そんなにおっかない顔しちゃ…<pause:30/>
<SURNAME/>美人ガ…台無しだろ…?
","
<SURNAME/>哟…<pause:30/>
<SURNAME/>别、别摆那么可怕的脸…<pause:30/>
<SURNAME/>美人…都糟蹋了…?
","[""\\n<SURNAME/>哟…<pause:30/>\\n<SURNAME/>别、别摆出一副那么可怕的表情…<pause:30/>\\n<SURNAME/>美人的脸…都被糟蹋了…?\\n""]","[""\\n<SURNAME/>哟…<pause:30/>\\n<SURNAME/>别、别摆出一副那么可怕的表情…<pause:30/>\\n<SURNAME/>美人的脸…都被糟蹋了…?\\n""]"
local_conflict_review,script:305_8,script:305_8:diag13,frontend/public/games/p2is/groups/script_305_8.json,"
<SURNAME/>そんな…情人(チンヤン)…<pause:30/>
<SURNAME/>言い過ぎ…
","
<SURNAME/>那样…情人…<pause:30/>
<SURNAME/>说得太过分了…
","[""\\n<SURNAME/>那样…情人(cing4 jan4)…<pause:30/>\\n<SURNAME/>说得太过分了…\\n""]","[""\\n<SURNAME/>那样…情人(cing4 jan4)…<pause:30/>\\n<SURNAME/>说得太过分了…\\n""]"
local_conflict_review,script:305_8,script:305_8:diag17:p1,frontend/public/games/p2is/groups/script_305_8.json,"<c1d:11/>フィレモン<c1d:1/>
<SURNAME/>新たなペルソナとして、
<SURNAME/>汝の中で生き続けるだろう…
","<c1d:11/>Philemon<c1d:1/>
<SURNAME/>作为新的Persona，
<SURNAME/>将在你心中继续存活…
","[""<c1d:11/>费列蒙<c1d:1/>\\n<SURNAME/>作为新的Persona，\\n<SURNAME/>将在你心中继续存活…\\n""]","[""<c1d:11/>费列蒙<c1d:1/>\\n<SURNAME/>作为新的Persona，\\n<SURNAME/>将在你心中继续存活…\\n""]"
local_conflict_review,script:305_8,script:305_8:diag18,frontend/public/games/p2is/groups/script_305_8.json,"
<SURNAME/>我はドゥルガー…<pause:30/>
<SURNAME/>世に仇なす魔を引き裂くガ我ガ役目…<pause:30/>
<SURNAME/>それすなわち、汝ガ宿命と知れ。
","
<SURNAME/>吾乃Durga…<pause:30/>
<SURNAME/>撕裂世间为恶之魔乃吾之职责…<pause:30/>
<SURNAME/>此即汝之宿命，当知。
","[""\\n<SURNAME/>吾乃杜尔迦…<pause:30/>\\n<SURNAME/>撕裂世间为恶之魔乃吾之职责…<pause:30/>\\n<SURNAME/>此即汝之宿命，当知。\\n""]","[""\\n<SURNAME/>吾乃杜尔迦…<pause:30/>\\n<SURNAME/>撕裂世间为恶之魔乃吾之职责…<pause:30/>\\n<SURNAME/>此即汝之宿命，当知。\\n""]"
local_conflict_review,script:305_8,script:305_8:diag20,frontend/public/games/p2is/groups/script_305_8.json,"
<SURNAME/>そうか…<pause:30/>
<SURNAME/>ありガとうよ、フィレモン…<pause:30/>
<SURNAME/>さあ、行こう…
","
<SURNAME/>这样啊…<pause:30/>
<SURNAME/>谢谢你，Philemon…<pause:30/>
<SURNAME/>好了，走吧…
","[""\\n<SURNAME/>这样啊…<pause:30/>\\n<SURNAME/>谢谢你，费列蒙…<pause:30/>\\n<SURNAME/>好了，走吧…\\n""]","[""\\n<SURNAME/>这样啊…<pause:30/>\\n<SURNAME/>谢谢你，费列蒙…<pause:30/>\\n<SURNAME/>好了，走吧…\\n""]"
local_conflict_review,script:305_8,script:305_8:diag23,frontend/public/games/p2is/groups/script_305_8.json,"
<SURNAME/>可憐…(木ーリーン)<pause:30/>
<SURNAME/>ゆきのさん…かわいそ…
","
<SURNAME/>可怜…(呜咿咿)<pause:30/>
<SURNAME/>雪野小姐…好可怜…
","[""\\n<SURNAME/>可怜…(ho2 lin4)<pause:30/>\\n<SURNAME/>雪野小姐…好可怜…\\n""]","[""\\n<SURNAME/>可怜…(ho2 lin4)<pause:30/>\\n<SURNAME/>雪野小姐…好可怜…\\n""]"
local_conflict_review,script:305_8,script:305_8:diag3,frontend/public/games/p2is/groups/script_305_8.json,"
<SURNAME/>なんで…<pause:30/>
<SURNAME/>なんで…こんな…!!
","
<SURNAME/>为什么…<pause:30/>
<SURNAME/>为什么…这样…!!
","[""\\n<SURNAME/>为什么…<pause:30/>\\n<SURNAME/>为什么…会这样…!!\\n""]","[""\\n<SURNAME/>为什么…<pause:30/>\\n<SURNAME/>为什么…会这样…!!\\n""]"
local_conflict_review,script:305_8,script:305_8:diag31,frontend/public/games/p2is/groups/script_305_8.json,"
<SURNAME/>どこへ行くの、<c13/>クン…?<pause:30/>
<SURNAME/>もう、そっちに用はないでしょ…?
","
<SURNAME/>要去哪里，<c13/>君…?<pause:30/>
<SURNAME/>已经，那边没事了吧…?
","[""\\n<SURNAME/>要去哪里，<c13/>君…?<pause:30/>\\n<SURNAME/>那边，已经没事了吧…?\\n""]","[""\\n<SURNAME/>要去哪里，<c13/>君…?<pause:30/>\\n<SURNAME/>那边，已经没事了吧…?\\n""]"
local_conflict_review,script:305_8,script:305_8:diag4,frontend/public/games/p2is/groups/script_305_8.json,"
<SURNAME/>俺達は…世の中の奇麗な…事も…汚い事も…<pause:30/>
<SURNAME/>包み隠さず…人に伝えるのガ…仕事…だ…<pause:30/>
<SURNAME/>そうだよな…マッキー…?
","
<SURNAME/>我们…把世上的美好…和肮脏…<pause:30/>
<SURNAME/>毫不隐瞒地…传达给人们…是工作…啊…<pause:30/>
<SURNAME/>对吧…Macky…?
","[""\\n<SURNAME/>我们…把世上的美好…和肮脏…<pause:30/>\\n<SURNAME/>毫不隐瞒地…传达给人们…是工作…啊…<pause:30/>\\n<SURNAME/>对吧…小雪…?\\n""]","[""\\n<SURNAME/>我们…把世上的美好…和肮脏…<pause:30/>\\n<SURNAME/>毫不隐瞒地…传达给人们…是工作…啊…<pause:30/>\\n<SURNAME/>对吧…小雪…?\\n""]"
local_conflict_review,script:310_8,script:310_8:diag0,frontend/public/games/p2is/groups/script_310_8.json,"
<SURNAME/>本当…おせっかいなヤツ…<pause:30/>
<SURNAME/>なんでそんなに…<pause:30/>
<SURNAME/>わたしにかまうわけ…?
","
<SURNAME/>真是多管闲事的家伙…<pause:30/>
<SURNAME/>为什么那么…<pause:30/>
<SURNAME/>要管我…?
","[""\\n<SURNAME/>真是多管闲事的家伙…<pause:30/>\\n<SURNAME/>为什么那样…<pause:30/>\\n<SURNAME/>要管我…?\\n""]","[""\\n<SURNAME/>真是多管闲事的家伙…<pause:30/>\\n<SURNAME/>为什么那样…<pause:30/>\\n<SURNAME/>要管我…?\\n""]"
local_conflict_review,script:310_8,script:310_8:diag1,frontend/public/games/p2is/groups/script_310_8.json,"
<SURNAME/>昔のアタシに似てるからさ…<pause:30/>
<SURNAME/>何ガしたいのか、何で生きてるのかわかんなくて、
<SURNAME/>いっそ何もかも無くなっちまえばいいと思ってた
","
<SURNAME/>因为像以前的我啊…<pause:30/>
<SURNAME/>不知道想做什么，为什么活着，
<SURNAME/>甚至觉得一切都消失就好了
","[""\\n<SURNAME/>因为你有点像以前的我啊…<pause:30/>\\n<SURNAME/>不知道想做什么，为什么活着，\\n<SURNAME/>甚至觉得一切都消失就好了\\n""]","[""\\n<SURNAME/>因为你有点像以前的我啊…<pause:30/>\\n<SURNAME/>不知道想做什么，为什么活着，\\n<SURNAME/>甚至觉得一切都消失就好了\\n""]"
local_conflict_review,script:310_8,script:310_8:diag11,frontend/public/games/p2is/groups/script_310_8.json,"
<SURNAME/>俊介さんガ…みんなガ、そう教えてくれた…<pause:30/>
<SURNAME/>今なら、ありのままの自分を受け入れられる…<pause:30/>
<SURNAME/>でなきゃ、夢なんか追えやしないんだ。
","
<SURNAME/>俊介先生…大家…那样教了我…<pause:30/>
<SURNAME/>现在的话，能接受真实的自己…<pause:30/>
<SURNAME/>不然的话，梦想什么的根本追不了。
","[""\\n<SURNAME/>俊介先生…大家…那样教了我…<pause:30/>\\n<SURNAME/>现在的话，能接受真实的自己…<pause:30/>\\n<SURNAME/>不然的话，梦想什么的根本无法追赶。\\n""]","[""\\n<SURNAME/>俊介先生…大家…那样教了我…<pause:30/>\\n<SURNAME/>现在的话，能接受真实的自己…<pause:30/>\\n<SURNAME/>不然的话，梦想什么的根本无法追赶。\\n""]"
local_conflict_review,script:310_8,script:310_8:diag14,frontend/public/games/p2is/groups/script_310_8.json,"
<SURNAME/>ユッキー…<pause:30/>
<SURNAME/>行くわよ、みんな!!
","
<SURNAME/>雪野…<pause:30/>
<SURNAME/>走了，大家!!
","[""\\n<SURNAME/>雪野…<pause:30/>\\n<SURNAME/>走吧，大家!!\\n""]","[""\\n<SURNAME/>雪野…<pause:30/>\\n<SURNAME/>走吧，大家!!\\n""]"
local_conflict_review,script:311_8,script:311_8:diag0,frontend/public/games/p2is/groups/script_311_8.json,"
<SURNAME/>ほおら杏奈…<pause:30/>
<SURNAME/>またおもちゃガ来たよ。
","
<SURNAME/>看啊杏奈…<pause:30/>
<SURNAME/>又来了玩具哦。
","[""\\n<SURNAME/>看啊杏奈…<pause:30/>\\n<SURNAME/>又有玩具来了哦。\\n""]","[""\\n<SURNAME/>看啊杏奈…<pause:30/>\\n<SURNAME/>又有玩具来了哦。\\n""]"
local_conflict_review,script:311_8,script:311_8:diag3,frontend/public/games/p2is/groups/script_311_8.json,"
<SURNAME/>激氣!!(ケッへイ)
<SURNAME/>ゆきのさんの顔で、そんなこと言うな!!
<SURNAME/>ゆきのさんは…!!
","
<SURNAME/>激气!!(ケッヘイ)
<SURNAME/>别用雪野的脸说那种话!!
<SURNAME/>雪野是…!!
","[""\\n<SURNAME/>激气!!(gik1 hei3)\\n<SURNAME/>别用雪野的脸说那种话!!\\n<SURNAME/>雪野是…!!\\n""]","[""\\n<SURNAME/>激气!!(gik1 hei3)\\n<SURNAME/>别用雪野的脸说那种话!!\\n<SURNAME/>雪野是…!!\\n""]"
local_conflict_review,script:311_8,script:311_8:diag4,frontend/public/games/p2is/groups/script_311_8.json,"
<SURNAME/>バカだねぇ。
<SURNAME/>アタシガ本当のゆきのさ。<pause:30/>
<SURNAME/>掴めない星を追っかけるなんざ、苦しいだけさね
","
<SURNAME/>真傻呢。
<SURNAME/>我才是真正的雪野。<pause:30/>
<SURNAME/>追逐抓不到的星星，只会痛苦哦
","[""\\n<SURNAME/>真傻呢。\\n<SURNAME/>我才是真正的雪野。<pause:30/>\\n<SURNAME/>追逐无法捉住的星星，只会感到痛苦哦\\n""]","[""\\n<SURNAME/>真傻呢。\\n<SURNAME/>我才是真正的雪野。<pause:30/>\\n<SURNAME/>追逐无法捉住的星星，只会感到痛苦哦\\n""]"
local_conflict_review,script:311_8,script:311_8:diag5,frontend/public/games/p2is/groups/script_311_8.json,"
<SURNAME/>アタシは、藤井みたいな生き方はしない。<pause:30/>
<SURNAME/>せいぜい面白おかしく、気ままに生きるのさ!
","
<SURNAME/>我不会像藤井那样活。<pause:30/>
<SURNAME/>顶多有趣地、随心所欲地活!
","[""\\n<SURNAME/>我不会用藤井那种活法活。<pause:30/>\\n<SURNAME/>不妨嬉笑度日、随心所欲地活!\\n""]","[""\\n<SURNAME/>我不会用藤井那种活法活。<pause:30/>\\n<SURNAME/>不妨嬉笑度日、随心所欲地活!\\n""]"
local_conflict_review,script:311_8,script:311_8:diag8,frontend/public/games/p2is/groups/script_311_8.json,"
<SURNAME/>ゆき…の…?
","
<SURNAME/>雪…乃…?
","[""\\n<SURNAME/>雪…野…?\\n""]","[""\\n<SURNAME/>雪…野…?\\n""]"
local_conflict_review,script:311_8,script:311_8:diag9,frontend/public/games/p2is/groups/script_311_8.json,"
<SURNAME/>アーハッハッ!!<pause:30/>
<SURNAME/>こいつはアタシの可愛い人形さ!!
<SURNAME/>取れるもんなら取ってみな!!
","
<SURNAME/>啊哈哈!!<pause:30/>
<SURNAME/>这家伙是我的可爱人偶!!
<SURNAME/>能拿走的话就试试看!!
","[""\\n<SURNAME/>啊哈哈!!<pause:30/>\\n<SURNAME/>这家伙是我的可爱人偶!!\\n<SURNAME/>能拿走的话就试试看吧!!\\n""]","[""\\n<SURNAME/>啊哈哈!!<pause:30/>\\n<SURNAME/>这家伙是我的可爱人偶!!\\n<SURNAME/>能拿走的话就试试看吧!!\\n""]"
local_conflict_review,script:312_8,script:312_8:diag6,frontend/public/games/p2is/groups/script_312_8.json,"
<SURNAME/>でも…<pause:30/>
<SURNAME/>吉栄<SURNAME/>杏奈は助けられなかった…<pause:30/>
<SURNAME/>ゆきのさん、また哀しむよ…
","
<SURNAME/>但是…<pause:30/>
<SURNAME/>吉栄<SURNAME/>杏奈没能救到…<pause:30/>
<SURNAME/>雪野小姐，又会难过的…
","[""\\n<SURNAME/>但是…<pause:30/>\\n<SURNAME/>吉栄<SURNAME/>杏奈没能救到的话…<pause:30/>\\n<SURNAME/>雪野小姐，又会难过的…\\n""]","[""\\n<SURNAME/>但是…<pause:30/>\\n<SURNAME/>吉栄<SURNAME/>杏奈没能救到的话…<pause:30/>\\n<SURNAME/>雪野小姐，又会难过的…\\n""]"
local_conflict_review,script:312_8,script:312_8:diag7,frontend/public/games/p2is/groups/script_312_8.json,"
<SURNAME/>まさか…ユッキー…<pause:30/>
<SURNAME/>でも…本物のユッキーなら、あんなこと言うはず…
","
<SURNAME/>难道…雪野…<pause:30/>
<SURNAME/>但是…如果是真的雪野，不会说那种话…
","[""\\n<SURNAME/>难道…雪野…<pause:30/>\\n<SURNAME/>但是…如果是真的雪野，不会说那种话的…\\n""]","[""\\n<SURNAME/>难道…雪野…<pause:30/>\\n<SURNAME/>但是…如果是真的雪野，不会说那种话的…\\n""]"
local_conflict_review,script:314_8,script:314_8:diag10,frontend/public/games/p2is/groups/script_314_8.json,"
<SURNAME/>うわあああああああああ!!
<SURNAME/>お姉ちゃーん!!
","
<SURNAME/>哇啊啊啊啊啊啊啊!!
<SURNAME/>姐姐——!!
","[""\\n<SURNAME/>哇啊啊啊啊啊啊啊!!\\n<SURNAME/>大姐姐——!!\\n""]","[""\\n<SURNAME/>哇啊啊啊啊啊啊啊!!\\n<SURNAME/>大姐姐——!!\\n""]"
local_conflict_review,script:314_8,script:314_8:diag6,frontend/public/games/p2is/groups/script_314_8.json,"
<SURNAME/>ダメだよみんな!
<SURNAME/>お姉ちゃんを…<pause:30/>
<SURNAME/>行かせてあげようよ!
","
<SURNAME/>不行啊大家!
<SURNAME/>让姐姐…<pause:30/>
<SURNAME/>让她走吧!
","[""\\n<SURNAME/>不行啊大家!\\n<SURNAME/>让大姐姐…<pause:30/>\\n<SURNAME/>让她走吧!\\n""]","[""\\n<SURNAME/>不行啊大家!\\n<SURNAME/>让大姐姐…<pause:30/>\\n<SURNAME/>让她走吧!\\n""]"
local_conflict_review,script:314_8,script:314_8:diag7,frontend/public/games/p2is/groups/script_314_8.json,"
<SURNAME/>お姉ちゃんを…<pause:30/>
<SURNAME/>殺すんだね?
","
<SURNAME/>把姐姐…<pause:30/>
<SURNAME/>杀掉吗?
","[""\\n<SURNAME/>把大姐姐…<pause:30/>\\n<SURNAME/>杀掉吗?\\n""]","[""\\n<SURNAME/>把大姐姐…<pause:30/>\\n<SURNAME/>杀掉吗?\\n""]"
local_conflict_review,script:314_8,script:314_8:diag8,frontend/public/games/p2is/groups/script_314_8.json,"
<SURNAME/>みんな出して!<pause:30/>
<SURNAME/>お願い…<pause:30/>
<SURNAME/>助けて、淳クン!!
","
<SURNAME/>大家让开!<pause:30/>
<SURNAME/>求求你们…<pause:30/>
<SURNAME/>救救我，纯!!
","[""\\n<SURNAME/>大家让开!<pause:30/>\\n<SURNAME/>求求你们…<pause:30/>\\n<SURNAME/>救救我，淳!!\\n""]","[""\\n<SURNAME/>大家让开!<pause:30/>\\n<SURNAME/>求求你们…<pause:30/>\\n<SURNAME/>救救我，淳!!\\n""]"
local_conflict_review,script:314_8,script:314_8:diag9,frontend/public/games/p2is/groups/script_314_8.json,"
<SURNAME/>どこへも行けないよう…<pause:30/>
<SURNAME/>お姉ちゃんを殺すのね?
","
<SURNAME/>为了哪儿也去不了…<pause:30/>
<SURNAME/>要杀掉姐姐呢?
","[""\\n<SURNAME/>为了让她哪儿也去不了…<pause:30/>\\n<SURNAME/>要杀掉大姐姐呢?\\n""]","[""\\n<SURNAME/>为了让她哪儿也去不了…<pause:30/>\\n<SURNAME/>要杀掉大姐姐呢?\\n""]"
local_conflict_review,script:315_8,script:315_8:diag0,frontend/public/games/p2is/groups/script_315_8.json,"
<SURNAME/>うう…お姉ちゃん…<pause:30/>
<SURNAME/>ごめんなさい…ごめんなさい…<pause:30/>
<SURNAME/>僕…お姉ちゃんを…守れなかった…
","
<SURNAME/>呜呜…姐姐…<pause:30/>
<SURNAME/>对不起…对不起…<pause:30/>
<SURNAME/>我…没能保护…姐姐…
","[""\\n<SURNAME/>呜呜…大姐姐…<pause:30/>\\n<SURNAME/>对不起…对不起…<pause:30/>\\n<SURNAME/>我…没能保护你…大姐姐…\\n""]","[""\\n<SURNAME/>呜呜…大姐姐…<pause:30/>\\n<SURNAME/>对不起…对不起…<pause:30/>\\n<SURNAME/>我…没能保护你…大姐姐…\\n""]"
local_conflict_review,script:315_8,script:315_8:diag1,frontend/public/games/p2is/groups/script_315_8.json,"
<SURNAME/>違う…!<pause:30/>
<SURNAME/>違うよ淳…<pause:30/>
<SURNAME/>今のは、ほんとの事と全然違うよ!
","
<SURNAME/>不对…!<pause:30/>
<SURNAME/>不对啊纯…<pause:30/>
<SURNAME/>刚才的，和真实情况完全不一样!
","[""\\n<SURNAME/>不对…!<pause:30/>\\n<SURNAME/>不对啊淳…<pause:30/>\\n<SURNAME/>刚才的，和真实情况完全不一样!\\n""]","[""\\n<SURNAME/>不对…!<pause:30/>\\n<SURNAME/>不对啊淳…<pause:30/>\\n<SURNAME/>刚才的，和真实情况完全不一样!\\n""]"
local_conflict_review,script:315_8,script:315_8:diag10,frontend/public/games/p2is/groups/script_315_8.json,"
<SURNAME/>ケンたちを影人間にしたのは、確かに淳だ…<pause:30/>
<SURNAME/>でもよ、あいつも大事な仲間なんだ…
","
<SURNAME/>把健他们变成影子人的，确实是纯…<pause:30/>
<SURNAME/>但是啊，那家伙也是重要的伙伴…
","[""\\n<SURNAME/>把健他们变成影子人的，确实是淳…<pause:30/>\\n<SURNAME/>但是啊，那家伙也是重要的伙伴啊…\\n""]","[""\\n<SURNAME/>把健他们变成影子人的，确实是淳…<pause:30/>\\n<SURNAME/>但是啊，那家伙也是重要的伙伴啊…\\n""]"
local_conflict_review,script:315_8,script:315_8:diag11,frontend/public/games/p2is/groups/script_315_8.json,"
<SURNAME/>俺にとっちゃ…<pause:30/>
<SURNAME/>いや…ギンコや舞耶ネェにとってもよ、
<SURNAME/>あの夏の思い出は…凄ぇ大事なもんなんだよ…
","
<SURNAME/>对我来说…<pause:30/>
<SURNAME/>不…对银次和舞耶姐来说也是，
<SURNAME/>那个夏天的回忆…是超级重要的东西啊…
","[""\\n<SURNAME/>对我来说…<pause:30/>\\n<SURNAME/>不…对银子和舞耶姐来说也是，\\n<SURNAME/>那个夏天的回忆…是超级重要的东西啊…\\n""]","[""\\n<SURNAME/>对我来说…<pause:30/>\\n<SURNAME/>不…对银子和舞耶姐来说也是，\\n<SURNAME/>那个夏天的回忆…是超级重要的东西啊…\\n""]"
local_conflict_review,script:315_8,script:315_8:diag12,frontend/public/games/p2is/groups/script_315_8.json,"
<SURNAME/>だから、誰にも汚させねぇ…!<pause:30/>
<SURNAME/>汚させちゃいけねぇんだ!!
","
<SURNAME/>所以，绝不让任何人玷污…!<pause:30/>
<SURNAME/>绝不允许被玷污!!
","[""\\n<SURNAME/>所以，绝不能让任何人玷污…!<pause:30/>\\n<SURNAME/>绝不允许它被玷污!!\\n""]","[""\\n<SURNAME/>所以，绝不能让任何人玷污…!<pause:30/>\\n<SURNAME/>绝不允许它被玷污!!\\n""]"
local_conflict_review,script:315_8,script:315_8:diag2,frontend/public/games/p2is/groups/script_315_8.json,"
<SURNAME/>そうだぜ…<pause:30/>
<SURNAME/><c14/>は、舞耶ネェを助けようとしたんだ…<pause:30/>
<SURNAME/>悪りいのは、俺たちだ。思い出せよ!
","
<SURNAME/>说得对…<pause:30/>
<SURNAME/><c14/>是想救舞耶姐的…<pause:30/>
<SURNAME/>错的是我们。想起来啊!
","[""\\n<SURNAME/>说得对…<pause:30/>\\n<SURNAME/><c14/>是想救舞耶姐的…<pause:30/>\\n<SURNAME/>错的是我们。快想起来啊!\\n""]","[""\\n<SURNAME/>说得对…<pause:30/>\\n<SURNAME/><c14/>是想救舞耶姐的…<pause:30/>\\n<SURNAME/>错的是我们。快想起来啊!\\n""]"
local_conflict_review,script:315_8,script:315_8:diag3,frontend/public/games/p2is/groups/script_315_8.json,"
<SURNAME/>淳クン…<pause:30/>
<SURNAME/>木ラ、私は生きてるわ!
<SURNAME/>お願いだから、目を覚まして…
","
<SURNAME/>纯…<pause:30/>
<SURNAME/>我，还活着啊!
<SURNAME/>求你了，醒醒吧…
","[""\\n<SURNAME/>淳君…<pause:30/>\\n<SURNAME/>我，还活着啊!\\n<SURNAME/>求你了，醒醒吧…\\n""]","[""\\n<SURNAME/>淳君…<pause:30/>\\n<SURNAME/>我，还活着啊!\\n<SURNAME/>求你了，醒醒吧…\\n""]"
local_conflict_review,script:315_8,script:315_8:diag4,frontend/public/games/p2is/groups/script_315_8.json,"
<SURNAME/>ウソだ…!!<pause:30/>
<SURNAME/>お前なんかガ、お姉ちゃんのはずない!!
<SURNAME/><c13/>ガ、お姉ちゃんを殺したんだ!!
","
<SURNAME/>骗人…!!<pause:30/>
<SURNAME/>你怎么可能是姐姐!!
<SURNAME/><c13/>杀了姐姐!!
","[""\\n<SURNAME/>骗人…!!<pause:30/>\\n<SURNAME/>你怎么可能是大姐姐!!\\n<SURNAME/><c13/>已经杀了大姐姐!!\\n""]","[""\\n<SURNAME/>骗人…!!<pause:30/>\\n<SURNAME/>你怎么可能是大姐姐!!\\n<SURNAME/><c13/>已经杀了大姐姐!!\\n""]"
local_conflict_review,script:315_8,script:315_8:diag5:p0,frontend/public/games/p2is/groups/script_315_8.json,"
<SURNAME/><c1d:9/>ラズベリー<c1d:1/>…<pause:30/>
<SURNAME/>「深い後悔」…<pause:30/>
<SURNAME/>本当は、淳クンも気づいてるんだわ…
","
<SURNAME/><c1d:9/>覆盆子<c1d:1/>…<pause:30/>
<SURNAME/>「深切的后悔」…<pause:30/>
<SURNAME/>其实，纯你也察觉到了吧…
","[""\\n<SURNAME/><c1d:9/>覆盆子<c1d:1/>…<pause:30/>\\n<SURNAME/>「深切的后悔」…<pause:30/>\\n<SURNAME/>其实，淳君你也察觉到了吧…\\n""]","[""\\n<SURNAME/><c1d:9/>覆盆子<c1d:1/>…<pause:30/>\\n<SURNAME/>「深切的后悔」…<pause:30/>\\n<SURNAME/>其实，淳君你也察觉到了吧…\\n""]"
local_conflict_review,script:315_8,script:315_8:diag6,frontend/public/games/p2is/groups/script_315_8.json,"
<SURNAME/>「深い後悔」…<pause:30/>
<SURNAME/>淳、変わってないよ…<pause:30/>
<SURNAME/>ほんとの淳ガ、まだいるんだよ!
","
<SURNAME/>「深切的后悔」…<pause:30/>
<SURNAME/>纯，你没变啊…<pause:30/>
<SURNAME/>真正的纯，还在的!
","[""\\n<SURNAME/>「深切的后悔」…<pause:30/>\\n<SURNAME/>淳，你没变啊…<pause:30/>\\n<SURNAME/>真正的淳，还在的!\\n""]","[""\\n<SURNAME/>「深切的后悔」…<pause:30/>\\n<SURNAME/>淳，你没变啊…<pause:30/>\\n<SURNAME/>真正的淳，还在的!\\n""]"
local_conflict_review,script:315_8,script:315_8:diag7,frontend/public/games/p2is/groups/script_315_8.json,"
<SURNAME/>淳、優しかったもの!
<SURNAME/>花言華とか星のこととか、色々教えてくれたもの!
<SURNAME/>お願い<c13/>、淳を助けてよお!
","
<SURNAME/>纯，你明明很温柔的!
<SURNAME/>教了我花语啊星星啊，各种各样的事情!
<SURNAME/>求求你<c13/>，救救纯啊!
","[""\\n<SURNAME/>淳，你明明很温柔的!\\n<SURNAME/>教了我花语啊星星啊，各种各样的事情!\\n<SURNAME/>求求你<c13/>，救救淳啊!\\n""]","[""\\n<SURNAME/>淳，你明明很温柔的!\\n<SURNAME/>教了我花语啊星星啊，各种各样的事情!\\n<SURNAME/>求求你<c13/>，救救淳啊!\\n""]"
local_conflict_review,script:315_8,script:315_8:diag8,frontend/public/games/p2is/groups/script_315_8.json,"
<SURNAME/>フィレモンガ言ってたわね…<pause:30/>
<SURNAME/>「這い寄る混沌」の手から、
<SURNAME/>淳クンを救いだせ…
","
<SURNAME/>菲列蒙说过呢…<pause:30/>
<SURNAME/>从「匍匐的混沌」手中，
<SURNAME/>救出纯…
","[""\\n<SURNAME/>费列蒙说过呢…<pause:30/>\\n<SURNAME/>从「伏行的混沌」手中，\\n<SURNAME/>救出淳…\\n""]","[""\\n<SURNAME/>费列蒙说过呢…<pause:30/>\\n<SURNAME/>从「伏行的混沌」手中，\\n<SURNAME/>救出淳…\\n""]"
local_conflict_review,script:315_8,script:315_8:diag9,frontend/public/games/p2is/groups/script_315_8.json,"
<SURNAME/>一体、何者なの…?<pause:30/>
<SURNAME/>きっと、そいつガ噂を現実にしているんだわ…<pause:30/>
<SURNAME/>そして、淳クンも…
","
<SURNAME/>到底，是什么人…?<pause:30/>
<SURNAME/>一定是，那家伙把传闻变成现实的…<pause:30/>
<SURNAME/>而且，纯也…
","[""\\n<SURNAME/>到底，是什么人…?<pause:30/>\\n<SURNAME/>一定是，那家伙把传闻变成现实的…<pause:30/>\\n<SURNAME/>而且，淳君也…\\n""]","[""\\n<SURNAME/>到底，是什么人…?<pause:30/>\\n<SURNAME/>一定是，那家伙把传闻变成现实的…<pause:30/>\\n<SURNAME/>而且，淳君也…\\n""]"
local_conflict_review,script:317_8,script:317_8:diag1,frontend/public/games/p2is/groups/script_317_8.json,"
<SURNAME/>よく、わたしの家わかったね?<pause:30/>
<SURNAME/>窓開けたら、同じ子ガ二人いるのかと思って、
<SURNAME/>ビックリしちゃった。
","
<SURNAME/>真亏你能找到我家呢?<pause:30/>
<SURNAME/>打开窗户，我还以为有两个一样的女孩，
<SURNAME/>吓了一跳。
","[""\\n<SURNAME/>真亏你能找到我家呢?<pause:30/>\\n<SURNAME/>打开窗户，我还以为有两个一样的小孩，\\n<SURNAME/>吓了一跳。\\n""]","[""\\n<SURNAME/>真亏你能找到我家呢?<pause:30/>\\n<SURNAME/>打开窗户，我还以为有两个一样的小孩，\\n<SURNAME/>吓了一跳。\\n""]"
local_conflict_review,script:317_8,script:317_8:diag5,frontend/public/games/p2is/groups/script_317_8.json,"
<SURNAME/>淳クンと<c13/>クン…<pause:30/>
<SURNAME/>性格は違うけど、だからこそ
<SURNAME/>影みたいに惹きつけ合う関係なのかもね…
","
<SURNAME/>纯君和<c13/>君…<pause:30/>
<SURNAME/>性格虽然不同，但正因如此，
<SURNAME/>才像影子一样互相吸引的关系吧…
","[""\\n<SURNAME/>淳君和<c13/>君…<pause:30/>\\n<SURNAME/>性格虽然不同，但正因如此，\\n<SURNAME/>才会有像影子一样互相吸引的关系吧…\\n""]","[""\\n<SURNAME/>淳君和<c13/>君…<pause:30/>\\n<SURNAME/>性格虽然不同，但正因如此，\\n<SURNAME/>才会有像影子一样互相吸引的关系吧…\\n""]"
local_conflict_review,script:317_8,script:317_8:diag6,frontend/public/games/p2is/groups/script_317_8.json,"
<SURNAME/>お前は、僕たちに夢を追いかけることを
<SURNAME/>教えてくれたお姉ちゃんを…
","
<SURNAME/>你，把教会我们追逐梦想的姐姐…
","[""\\n<SURNAME/>你，把教会我们追逐梦想的大姐姐…\\n""]","[""\\n<SURNAME/>你，把教会我们追逐梦想的大姐姐…\\n""]"
local_conflict_review,script:317_8,script:317_8:diag7,frontend/public/games/p2is/groups/script_317_8.json,"
<SURNAME/>大好きだったお姉ちゃんを…<pause:30/>
<SURNAME/>必ず二人で守ろうと約束した「ママ」を…<pause:30/>
<SURNAME/>誓いを裏切って殺したんだ!!
","
<SURNAME/>把最爱的姐姐…<pause:30/>
<SURNAME/>把约定好两人一起守护的「妈妈」…<pause:30/>
<SURNAME/>背叛誓言杀死了!!
","[""\\n<SURNAME/>把最爱的大姐姐…<pause:30/>\\n<SURNAME/>把约定好两人一起守护的「妈妈」…<pause:30/>\\n<SURNAME/>背叛了誓言后杀死了!!\\n""]","[""\\n<SURNAME/>把最爱的大姐姐…<pause:30/>\\n<SURNAME/>把约定好两人一起守护的「妈妈」…<pause:30/>\\n<SURNAME/>背叛了誓言后杀死了!!\\n""]"
local_conflict_review,script:318_8,script:318_8:diag1,frontend/public/games/p2is/groups/script_318_8.json,"
<SURNAME/>淳クン、本当は誰よりも、
<SURNAME/>キミに助けを求めているに違いないわ…<pause:30/>
<SURNAME/>あれほど、仲ガ良かった二人だもの…
","
<SURNAME/>纯君，其实比谁都，
<SURNAME/>一定在向你求助…<pause:30/>
<SURNAME/>因为你们俩关系那么好…
","[""\\n<SURNAME/>淳君，其实比谁都，\\n<SURNAME/>他一定在向你求助…<pause:30/>\\n<SURNAME/>因为你们俩的关系是那么的好…\\n""]","[""\\n<SURNAME/>淳君，其实比谁都，\\n<SURNAME/>他一定在向你求助…<pause:30/>\\n<SURNAME/>因为你们俩的关系是那么的好…\\n""]"
local_conflict_review,script:318_8,script:318_8:diag2,frontend/public/games/p2is/groups/script_318_8.json,"
<SURNAME/>淳クン、偽りの記憶に苦しんでる…<pause:30/>
<SURNAME/>心の底では、助けを求めて泣いてるわ…<pause:30/>
<SURNAME/>待ってて…必ず…
","
<SURNAME/>纯君，正为虚假的记忆痛苦…<pause:30/>
<SURNAME/>在心底，正哭泣着求助…<pause:30/>
<SURNAME/>等着…一定…
","[""\\n<SURNAME/>淳君，正为虚假的记忆而痛苦…<pause:30/>\\n<SURNAME/>在心底，正哭泣着求助…<pause:30/>\\n<SURNAME/>等着…一定会…\\n""]","[""\\n<SURNAME/>淳君，正为虚假的记忆而痛苦…<pause:30/>\\n<SURNAME/>在心底，正哭泣着求助…<pause:30/>\\n<SURNAME/>等着…一定会…\\n""]"
local_conflict_review,script:318_8,script:318_8:diag3,frontend/public/games/p2is/groups/script_318_8.json,"
<SURNAME/>淳…<pause:30/>
<SURNAME/>なんで…<pause:30/>
<SURNAME/>なんでこんなことになっちまったんだ…
","
<SURNAME/>纯…<pause:30/>
<SURNAME/>为什么…<pause:30/>
<SURNAME/>为什么会搞成这样…
","[""\\n<SURNAME/>淳…<pause:30/>\\n<SURNAME/>为什么…<pause:30/>\\n<SURNAME/>为什么会变成这样…\\n""]","[""\\n<SURNAME/>淳…<pause:30/>\\n<SURNAME/>为什么…<pause:30/>\\n<SURNAME/>为什么会变成这样…\\n""]"
local_conflict_review,script:318_8,script:318_8:diag4,frontend/public/games/p2is/groups/script_318_8.json,"
<SURNAME/>そう…こんなこともあったんだ…<pause:30/>
<SURNAME/>みんな、お姉ちゃんガ…<pause:30/>
<SURNAME/>舞耶ちゃんガ好きなだけなのに…
","
<SURNAME/>是啊…还有过这样的事…<pause:30/>
<SURNAME/>大家，姐姐她…<pause:30/>
<SURNAME/>明明只是喜欢舞耶而已…
","[""\\n<SURNAME/>是啊…还有过这样的事…<pause:30/>\\n<SURNAME/>大家，只是…<pause:30/>\\n<SURNAME/>明明只是喜欢舞耶而已…\\n""]","[""\\n<SURNAME/>是啊…还有过这样的事…<pause:30/>\\n<SURNAME/>大家，只是…<pause:30/>\\n<SURNAME/>明明只是喜欢舞耶而已…\\n""]"
local_conflict_review,script:319_8,script:319_8:diag16,frontend/public/games/p2is/groups/script_319_8.json,"
<SURNAME/>だからこそ、
<SURNAME/>このジヨーカーガ人類を新たな段階へと導く!!
<SURNAME/>人はレゾンデートルの呪縛から解放されるのだ!
","
<SURNAME/>正因如此，
<SURNAME/>这个小丑将人类引导向新阶段!!
<SURNAME/>人类将从存在理由的束缚中解放!
","[""\\n<SURNAME/>正因如此，\\n<SURNAME/>这个JOKER将引导人类走向新阶段!!\\n<SURNAME/>人类将从存在理由的束缚中解放!\\n""]","[""\\n<SURNAME/>正因如此，\\n<SURNAME/>这个JOKER将引导人类走向新阶段!!\\n<SURNAME/>人类将从存在理由的束缚中解放!\\n""]"
local_conflict_review,script:319_8,script:319_8:diag17,frontend/public/games/p2is/groups/script_319_8.json,"
<SURNAME/>見るガいい!<pause:30/>
<SURNAME/>死と再生の翼、シバルバーを!!
","
<SURNAME/>看好了!<pause:30/>
<SURNAME/>死与再生之翼，西巴尔巴!!
","[""\\n<SURNAME/>看好了!<pause:30/>\\n<SURNAME/>死与再生之翼，希巴尔巴!!\\n""]","[""\\n<SURNAME/>看好了!<pause:30/>\\n<SURNAME/>死与再生之翼，希巴尔巴!!\\n""]"
local_conflict_review,script:319_8,script:319_8:diag2,frontend/public/games/p2is/groups/script_319_8.json,"
<SURNAME/>役者ガそろったようだな…<pause:30/>
<SURNAME/>ここにいる三派の者は、いずれも
<SURNAME/>シバルバーを浮上させ、願いを叶える資格を持つ
","
<SURNAME/>演员都到齐了啊…<pause:30/>
<SURNAME/>在场的三派人马，都拥有
<SURNAME/>让Shivalba显现、实现愿望的资格
","[""\\n<SURNAME/>演员都到齐了啊…<pause:30/>\\n<SURNAME/>在场的三派人马，都拥有\\n<SURNAME/>让希巴尔巴显现、实现愿望的资格\\n""]","[""\\n<SURNAME/>演员都到齐了啊…<pause:30/>\\n<SURNAME/>在场的三派人马，都拥有\\n<SURNAME/>让希巴尔巴显现、实现愿望的资格\\n""]"
local_conflict_review,script:320_8,script:320_8:diag0,frontend/public/games/p2is/groups/script_320_8.json,"
<SURNAME/>ウ、ウソ…
","
<SURNAME/>呜、骗人…
","[""\\n<SURNAME/>骗、骗人…\\n""]","[""\\n<SURNAME/>骗、骗人…\\n""]"
merged_versions_conflict,script:320_8,script:320_8:diag12,frontend/public/games/p2is/groups/script_320_8.json,"
<SURNAME/>ハッ…<pause:30/>
<SURNAME/>ヤイル・カメーン…
","
<SURNAME/>哈…<pause:30/>
<SURNAME/>耶尔·卡门…
","[""\\n<SURNAME/>哈…<pause:30/>\\n<SURNAME/>假面党万岁…\\n"", ""\\n<SURNAME/>哈…<pause:30/>\\n<SURNAME/>Heil kommen…\\n""]","[""\\n<SURNAME/>哈…<pause:30/>\\n<SURNAME/>假面党万岁…\\n"", ""\\n<SURNAME/>哈…<pause:30/>\\n<SURNAME/>Heil kommen…\\n""]"
local_conflict_review,script:320_8,script:320_8:diag16,frontend/public/games/p2is/groups/script_320_8.json,"
<SURNAME/>忘れるな…<pause:30/>
<SURNAME/>お前はジヨーカーだ…<pause:30/>
<SURNAME/>殺せ…殺せ…殺せ…
","
<SURNAME/>别忘了…<pause:30/>
<SURNAME/>你是小丑…<pause:30/>
<SURNAME/>杀…杀…杀…
","[""\\n<SURNAME/>别忘了…<pause:30/>\\n<SURNAME/>你是JOKER…<pause:30/>\\n<SURNAME/>杀…杀…杀…\\n""]","[""\\n<SURNAME/>别忘了…<pause:30/>\\n<SURNAME/>你是JOKER…<pause:30/>\\n<SURNAME/>杀…杀…杀…\\n""]"
local_conflict_review,script:320_8,script:320_8:diag17,frontend/public/games/p2is/groups/script_320_8.json,"
<SURNAME/>そう…<pause:30/>
<SURNAME/>僕は…ジヨーカーだ…!!
","
<SURNAME/>是啊…<pause:30/>
<SURNAME/>我…是小丑…!!
","[""\\n<SURNAME/>是啊…<pause:30/>\\n<SURNAME/>我…是JOKER…!!\\n""]","[""\\n<SURNAME/>是啊…<pause:30/>\\n<SURNAME/>我…是JOKER…!!\\n""]"
local_conflict_review,script:321_8,script:321_8:diag5,frontend/public/games/p2is/groups/script_321_8.json,"
<SURNAME/>願いは届いたぞ…<pause:30/>
<SURNAME/>捧げられし贄はお前自身…<pause:30/>
<SURNAME/>悪魔と誹られたお前に、魔王の力を与えよう…
","
<SURNAME/>愿望已传达…<pause:30/>
<SURNAME/>献上的祭品是你自己…<pause:30/>
<SURNAME/>被诽谤为恶魔的你，给予魔王之力…
","[""\\n<SURNAME/>愿望已经传达…<pause:30/>\\n<SURNAME/>献上的祭品是你自己…<pause:30/>\\n<SURNAME/>被诽谤为恶魔的你，赐予你魔王之力…\\n""]","[""\\n<SURNAME/>愿望已经传达…<pause:30/>\\n<SURNAME/>献上的祭品是你自己…<pause:30/>\\n<SURNAME/>被诽谤为恶魔的你，赐予你魔王之力…\\n""]"
local_conflict_review,script:322_8,script:322_8:diag11,frontend/public/games/p2is/groups/script_322_8.json,"
<SURNAME/>不甲斐ない。<pause:30/>
<SURNAME/>仮面党の頭領ガ、敵の情けを受けるのか?
",\n<SURNAME/>真没出息。<pause:30/>\n<SURNAME/>作为假面党的首领，竟接受敌人的怜悯吗?\n,"[""\\n<SURNAME/>真没出息。<pause:30/>\\n<SURNAME/>作为假面党的首领、竟接受敌人的怜悯?\\n""]","[""\\n<SURNAME/>真没出息。<pause:30/>\\n<SURNAME/>作为假面党的首领、竟接受敌人的怜悯?\\n""]"
local_conflict_review,script:322_8,script:322_8:diag13,frontend/public/games/p2is/groups/script_322_8.json,"
<SURNAME/>もうやめよう…父さん…<pause:30/>
<SURNAME/>僕はただ…お姉ちゃんの様に、
<SURNAME/>皆を理想に導く人間になりたかっただけなんだ!
",\n<SURNAME/>住手吧…爸爸…<pause:30/>\n<SURNAME/>我只是想像大姐姐那样，\n<SURNAME/>成为引导大家走向理想的人而已!\n,"[""\\n<SURNAME/>住手吧…爸爸…<pause:30/>\\n<SURNAME/>我只是想像大姐姐那样、\\n<SURNAME/>成为引导大家走向理想的人而已!\\n""]","[""\\n<SURNAME/>住手吧…爸爸…<pause:30/>\\n<SURNAME/>我只是想像大姐姐那样、\\n<SURNAME/>成为引导大家走向理想的人而已!\\n""]"
local_conflict_review,script:322_8,script:322_8:diag3,frontend/public/games/p2is/groups/script_322_8.json,"
<SURNAME/><c13/>…<pause:30/>
<SURNAME/>ずっと…<pause:30/>
<SURNAME/>持っていてくれたのか…?
",\n<SURNAME/><c13/>…<pause:30/>\n<SURNAME/>一直…<pause:30/>\n<SURNAME/>都在为我留着吗…?\n,"[""\\n<SURNAME/><c13/>…<pause:30/>\\n<SURNAME/>一直…<pause:30/>\\n<SURNAME/>都在为我留着着吗…?\\n""]","[""\\n<SURNAME/><c13/>…<pause:30/>\\n<SURNAME/>一直…<pause:30/>\\n<SURNAME/>都在为我留着着吗…?\\n""]"
local_conflict_review,script:323_8,script:323_8:diag11,frontend/public/games/p2is/groups/script_323_8.json,"
<SURNAME/>僕の名は…<pause:30/>
<SURNAME/>黒須…黒須<SURNAME/>淳です!
<SURNAME/>もう…他の何者でもない!!
","
<SURNAME/>我的名字是…<pause:30/>
<SURNAME/>黑须…黑须<SURNAME/>纯!
<SURNAME/>已经…不再是其他任何人了!!
","[""\\n<SURNAME/>我的名字是…<pause:30/>\\n<SURNAME/>黑须…黑须<SURNAME/>淳!\\n<SURNAME/>已经…不再是其他任何人了!!\\n""]","[""\\n<SURNAME/>我的名字是…<pause:30/>\\n<SURNAME/>黑须…黑须<SURNAME/>淳!\\n<SURNAME/>已经…不再是其他任何人了!!\\n""]"
local_conflict_review,script:323_8,script:323_8:diag2,frontend/public/games/p2is/groups/script_323_8.json,"
<SURNAME/>これから先、諸君を待ち受けるのは、
<SURNAME/>這い寄る混沌ガ紡いだ、更に過酷な運命だろう…
",\n<SURNAME/>从今往后，等待诸君的，\n<SURNAME/>是这伏行之混沌所编织的更残酷的命运…\n,"[""\\n<SURNAME/>今后等待诸君的，\\n<SURNAME/>将是伏行而来的混沌所编织的、更为严酷的命运吧…\\n""]","[""\\n<SURNAME/>今后等待诸君的，\\n<SURNAME/>将是伏行而来的混沌所编织的、更为严酷的命运吧…\\n""]"
local_conflict_review,script:323_8,script:323_8:diag22,frontend/public/games/p2is/groups/script_323_8.json,"
<SURNAME/>では、諸君をシバルバーへと送ろう。
","
<SURNAME/>那么，送诸位前往希巴尔吧。
","[""\\n<SURNAME/>那么，送诸位前往希巴尔巴。\\n""]","[""\\n<SURNAME/>那么，送诸位前往希巴尔巴。\\n""]"
local_conflict_review,script:323_8,script:323_8:diag23,frontend/public/games/p2is/groups/script_323_8.json,"
<SURNAME/>わずかでも、夢を掴まんと伸ばす
<SURNAME/>腕ガ動くなら、必ず闇の中でも星は瞬く。
<SURNAME/>それを頼りに、己ガ運命の舵をとるのだ…
","
<SURNAME/>只要还能伸手抓住梦想，
<SURNAME/>只要手臂能动，黑暗中必有星辰闪烁。
<SURNAME/>就凭此光，掌好命运的舵吧…
","[""\\n<SURNAME/>只要还能伸手抓住梦想，\\n<SURNAME/>只要手臂还能动，黑暗中必有星辰闪烁。\\n<SURNAME/>就凭此光，掌好命运的舵吧…\\n""]","[""\\n<SURNAME/>只要还能伸手抓住梦想，\\n<SURNAME/>只要手臂还能动，黑暗中必有星辰闪烁。\\n<SURNAME/>就凭此光，掌好命运的舵吧…\\n""]"
local_conflict_review,script:323_8,script:323_8:diag24,frontend/public/games/p2is/groups/script_323_8.json,"
<SURNAME/>ユッキー…<pause:30/>
<SURNAME/>ありガとう…<pause:30/>
<SURNAME/>あなたのこと…絶対忘れないから…
","
<SURNAME/>由希…<pause:30/>
<SURNAME/>谢谢你…<pause:30/>
<SURNAME/>你的事…我绝不会忘记…
","[""\\n<SURNAME/>雪野…<pause:30/>\\n<SURNAME/>谢谢你…<pause:30/>\\n<SURNAME/>你的事…我绝不会忘记…\\n""]","[""\\n<SURNAME/>雪野…<pause:30/>\\n<SURNAME/>谢谢你…<pause:30/>\\n<SURNAME/>你的事…我绝不会忘记…\\n""]"
local_conflict_review,script:323_8,script:323_8:diag3,frontend/public/games/p2is/groups/script_323_8.json,"
<SURNAME/>這い寄る混沌…<pause:30/>
<SURNAME/>それは一体何者なの…?<pause:30/>
",\n<SURNAME/>伏行之混沌…<pause:30/>\n<SURNAME/>那究竟是什么…?<pause:30/>\n,"[""\\n<SURNAME/>伏行之混沌…<pause:30/>\\n<SURNAME/>那到底是什么…?<pause:30/>\\n""]","[""\\n<SURNAME/>伏行之混沌…<pause:30/>\\n<SURNAME/>那到底是什么…?<pause:30/>\\n""]"
local_conflict_review,script:323_8,script:323_8:diag32,frontend/public/games/p2is/groups/script_323_8.json,"
<SURNAME/>待って、フィレモン!<pause:30/>
<SURNAME/>ユッキーは…<pause:30/>
<SURNAME/>ユッキーはどうしちゃったの?
","
<SURNAME/>等等，菲莱蒙!<pause:30/>
<SURNAME/>由希她…<pause:30/>
<SURNAME/>由希她怎么了?
","[""\\n<SURNAME/>等等，费列蒙!<pause:30/>\\n<SURNAME/>雪野她…<pause:30/>\\n<SURNAME/>雪野她怎么了?\\n""]","[""\\n<SURNAME/>等等，费列蒙!<pause:30/>\\n<SURNAME/>雪野她…<pause:30/>\\n<SURNAME/>雪野她怎么了?\\n""]"
local_conflict_review,script:323_8,script:323_8:diag33,frontend/public/games/p2is/groups/script_323_8.json,"
<SURNAME/>彼女の自我は、這い寄る混沌に誘われ、
<SURNAME/>普遍的無意識の深淵へ呑み込まれてしまった…<pause:30/>
<SURNAME/>もはや、どうすることもできない…
","
<SURNAME/>她的自我被匍匐混沌引诱，
<SURNAME/>吞入了集体无意识的深渊…<pause:30/>
<SURNAME/>已无能为力…
","[""\\n<SURNAME/>她的自我被伏行之混沌引诱，\\n<SURNAME/>吞入了集体无意识的深渊…<pause:30/>\\n<SURNAME/>事到如今，已经束手无策了…\\n""]","[""\\n<SURNAME/>她的自我被伏行之混沌引诱，\\n<SURNAME/>吞入了集体无意识的深渊…<pause:30/>\\n<SURNAME/>事到如今，已经束手无策了…\\n""]"
local_conflict_review,script:323_8,script:323_8:diag34,frontend/public/games/p2is/groups/script_323_8.json,"
<SURNAME/>そんな…!?<pause:30/>
<SURNAME/>ユッキー!!
<SURNAME/>お願いよ、返事して…!!
","
<SURNAME/>怎么会…!?<pause:30/>
<SURNAME/>由希!!
<SURNAME/>求求你回答我…!!
","[""\\n<SURNAME/>怎么会…!?<pause:30/>\\n<SURNAME/>雪野!!\\n<SURNAME/>求求你回答我…!!\\n""]","[""\\n<SURNAME/>怎么会…!?<pause:30/>\\n<SURNAME/>雪野!!\\n<SURNAME/>求求你回答我…!!\\n""]"
local_conflict_review,script:323_8,script:323_8:diag7,frontend/public/games/p2is/groups/script_323_8.json,"
<SURNAME/>フィレモン…<pause:30/>
<SURNAME/>アタシの、ペルソナを呼ぶ力…<pause:30/>
<SURNAME/>黒須にやってくれないかい?
","
<SURNAME/>菲莱蒙…<pause:30/>
<SURNAME/>我的、召唤Persona的力量…<pause:30/>
<SURNAME/>能交给黑须吗?
","[""\\n<SURNAME/>费列蒙…<pause:30/>\\n<SURNAME/>我的、召唤Persona的力量…<pause:30/>\\n<SURNAME/>能交给黑须吗?\\n""]","[""\\n<SURNAME/>费列蒙…<pause:30/>\\n<SURNAME/>我的、召唤Persona的力量…<pause:30/>\\n<SURNAME/>能交给黑须吗?\\n""]"
local_conflict_review,script:323_8,script:323_8:diag9,frontend/public/games/p2is/groups/script_323_8.json,"
<SURNAME/>もう…アタシにペルソナは必要ないよ…<pause:30/>
<SURNAME/>これからは、しっかり前を見て歩いていける…<pause:30/>
<SURNAME/>今度は、アタシガ誰かに想いを伝える番さ。
","
<SURNAME/>已经…我不需要Persona了…<pause:30/>
<SURNAME/>从今以后，我会坚定地向前迈进…<pause:30/>
<SURNAME/>这次，轮到我向某人传达心意了。
","[""\\n<SURNAME/>我…已经不需要Persona了…<pause:30/>\\n<SURNAME/>从今以后，我会坚定地向前迈进…<pause:30/>\\n<SURNAME/>这次，轮到我向某人传达心意了。\\n""]","[""\\n<SURNAME/>我…已经不需要Persona了…<pause:30/>\\n<SURNAME/>从今以后，我会坚定地向前迈进…<pause:30/>\\n<SURNAME/>这次，轮到我向某人传达心意了。\\n""]"
local_conflict_review,script:324_8,script:324_8:diag26,frontend/public/games/p2is/groups/script_324_8.json,"
<SURNAME/>仮面党とラスト・バタリオンの戦闘ガ
<SURNAME/>街中に広ガってきてるだろ。
<SURNAME/>巻きぞえをくう人も、出てくるかもしれない。
","
<SURNAME/>假面党和ラスト・バタリオンの战斗
<SURNAME/>正在街上蔓延开来吧。
<SURNAME/>可能会有无辜的人被卷入。
","[""\\n<SURNAME/>假面党和最后部队的战斗\\n<SURNAME/>正在街上蔓延开来吧。\\n<SURNAME/>可能会有无辜的人被卷入。\\n""]","[""\\n<SURNAME/>假面党和最后部队的战斗\\n<SURNAME/>正在街上蔓延开来吧。\\n<SURNAME/>可能会有无辜的人被卷入。\\n""]"
local_conflict_review,script:324_8,script:324_8:diag27,frontend/public/games/p2is/groups/script_324_8.json,"
<SURNAME/>そんな時のために、
<SURNAME/>街にも戦える奴ガいた方ガいいと思ってね。
<SURNAME/>もう、誰にも死んでほしくないんだよ…
","
<SURNAME/>为了那种时候，
<SURNAME/>我觉得街上也有能战斗的人比较好。
<SURNAME/>因为，我不想再让任何人死了…
","[""\\n<SURNAME/>为了以防万一，\\n<SURNAME/>我觉得街上也有能战斗的人比较好。\\n<SURNAME/>因为，我不想再让任何人死了…\\n""]","[""\\n<SURNAME/>为了以防万一，\\n<SURNAME/>我觉得街上也有能战斗的人比较好。\\n<SURNAME/>因为，我不想再让任何人死了…\\n""]"
local_conflict_review,script:324_8,script:324_8:diag28,frontend/public/games/p2is/groups/script_324_8.json,"
<SURNAME/>気持ちは分かるけどよお…<pause:30/>
<SURNAME/>いくら姐さんでも、ペルソナもねぇのに
<SURNAME/>1人であいつらと戦うなんて無茶だぜ?
","
<SURNAME/>心情我懂啦…<pause:30/>
<SURNAME/>但就算是大姐头，没有Persona，
<SURNAME/>一个人跟他们打也太乱来了吧?
","[""\\n<SURNAME/>你的心情我明白啦…<pause:30/>\\n<SURNAME/>但就算是大姐头，没有Persona，\\n<SURNAME/>一个人跟他们打也太乱来了吧?\\n""]","[""\\n<SURNAME/>你的心情我明白啦…<pause:30/>\\n<SURNAME/>但就算是大姐头，没有Persona，\\n<SURNAME/>一个人跟他们打也太乱来了吧?\\n""]"
local_conflict_review,script:324_8,script:324_8:diag29,frontend/public/games/p2is/groups/script_324_8.json,"
<SURNAME/>大丈夫、1人じゃないから…
<SURNAME/>ゆきのは私ガ守るもの…
<SURNAME/>誰にも傷つけさせたりしない…
","
<SURNAME/>没问题的，因为不是一个人…
<SURNAME/>雪野由我来保护…
<SURNAME/>不会让任何人伤害她…
","[""\\n<SURNAME/>没问题的，因为不是一个人…\\n<SURNAME/>雪野由我来保护…\\n<SURNAME/>我不会让任何人伤害她…\\n""]","[""\\n<SURNAME/>没问题的，因为不是一个人…\\n<SURNAME/>雪野由我来保护…\\n<SURNAME/>我不会让任何人伤害她…\\n""]"
merged_versions_conflict,script:324_8,script:324_8:diag30,frontend/public/games/p2is/groups/script_324_8.json,"
<SURNAME/>それならきっと大丈夫ね。
<SURNAME/>杏奈さん、ユッキーをよろしくね!
","
<SURNAME/>那样的话一定没问题呢。
<SURNAME/>舞耶，雪野就拜托你了!
","[""\\n<SURNAME/>那样的话一定没问题呢。\\n<SURNAME/>杏奈，小雪就拜托你了!\\n"", ""\\n<SURNAME/>那样的话一定没问题呢。\\n<SURNAME/>杏奈小姐，雪野就拜托你了!\\n""]","[""\\n<SURNAME/>那样的话一定没问题呢。\\n<SURNAME/>杏奈，小雪就拜托你了!\\n"", ""\\n<SURNAME/>那样的话一定没问题呢。\\n<SURNAME/>杏奈小姐，雪野就拜托你了!\\n""]"
local_conflict_review,script:324_8,script:324_8:diag31,frontend/public/games/p2is/groups/script_324_8.json,"
<SURNAME/>いいかいアンタたち?
<SURNAME/>もしこの先、乗り物に乗ることガあっても
<SURNAME/>舞耶さんにだけは運転させるんじゃないよ!
","
<SURNAME/>听好了你们?
<SURNAME/>如果之后要坐车，
<SURNAME/>千万别让舞耶开车哦!
","[""\\n<SURNAME/>你们听好了哦?\\n<SURNAME/>如果之后要坐车，\\n<SURNAME/>千万别让舞耶开车哦!\\n""]","[""\\n<SURNAME/>你们听好了哦?\\n<SURNAME/>如果之后要坐车，\\n<SURNAME/>千万别让舞耶开车哦!\\n""]"
local_conflict_review,script:324_8,script:324_8:diag68,frontend/public/games/p2is/groups/script_324_8.json,"
<SURNAME/>いまは髑髏を集めることに集中しなきゃね。
<SURNAME/>ユッキーガ淳クンに託してくれた最後の想い、
<SURNAME/>決して無駄にはしないわよ!
","
<SURNAME/>现在必须专注于收集骷髅。
<SURNAME/>悠纪托付给淳君的最后思念，
<SURNAME/>我绝不会让它白费的!
","[""\\n<SURNAME/>现在必须专注于收集骷髅。\\n<SURNAME/>小雪托付给淳君的最后思念，\\n<SURNAME/>我绝不会让它白费的!\\n""]","[""\\n<SURNAME/>现在必须专注于收集骷髅。\\n<SURNAME/>小雪托付给淳君的最后思念，\\n<SURNAME/>我绝不会让它白费的!\\n""]"
local_conflict_review,script:324_8,script:324_8:diag69,frontend/public/games/p2is/groups/script_324_8.json,"
<SURNAME/>4つの髑髏を寧い、シバルバーを乗っ取る…
<SURNAME/>難しいかもしれないけれど、
<SURNAME/>これ以外にみんなを救う手だてはない。
","
<SURNAME/>取回四个骷髅，夺取希瓦巴…
<SURNAME/>或许很难，
<SURNAME/>但除此之外没有救大家的方法了。
","[""\\n<SURNAME/>取回四个骷髅，夺取希巴尔巴…\\n<SURNAME/>或许很难，\\n<SURNAME/>但除此之外没有救大家的方法了。\\n""]","[""\\n<SURNAME/>取回四个骷髅，夺取希巴尔巴…\\n<SURNAME/>或许很难，\\n<SURNAME/>但除此之外没有救大家的方法了。\\n""]"
local_conflict_review,script:324_8,script:324_8:diag70,frontend/public/games/p2is/groups/script_324_8.json,"
<SURNAME/>頼む<c13/>、僕に力を貸してくれ…
<SURNAME/>なんとしてでも、父さんを止めなくちゃ…!
<SURNAME/>それガ、僕にできる唯一の罪滅ぼしなんだ。
","
<SURNAME/>拜托了<c13/>，请助我一臂之力…
<SURNAME/>无论如何，必须阻止爸爸…!
<SURNAME/>那是我能做的唯一赎罪。
","[""\\n<SURNAME/>拜托了<c13/>，请助我一臂之力…\\n<SURNAME/>无论如何，必须阻止爸爸…!\\n<SURNAME/>那是我能做到的唯一赎罪的方式。\\n""]","[""\\n<SURNAME/>拜托了<c13/>，请助我一臂之力…\\n<SURNAME/>无论如何，必须阻止爸爸…!\\n<SURNAME/>那是我能做到的唯一赎罪的方式。\\n""]"
local_conflict_review,script:326_8,script:326_8:diag12,frontend/public/games/p2is/groups/script_326_8.json,"
<SURNAME/>グランドクロスを象徴する4つの星座には、
<SURNAME/>それぞれ、地水火風のエレメントガ
<SURNAME/>割り当てられているんだ…
",\n<SURNAME/>象征大十字的四个星座，\n<SURNAME/>分别被分配了\n<SURNAME/>地水火风四大元素…\n,"[""\\n<SURNAME/>象征大十字的四个星座，\\n<SURNAME/>分别被赋予了\\n<SURNAME/>地水火风四大元素…\\n""]","[""\\n<SURNAME/>象征大十字的四个星座，\\n<SURNAME/>分别被赋予了\\n<SURNAME/>地水火风四大元素…\\n""]"
local_conflict_review,script:326_8,script:326_8:diag17,frontend/public/games/p2is/groups/script_326_8.json,"
<SURNAME/>あの子たちのためにも、
<SURNAME/>僕ガ父さんを止めなければ…<pause:30/>
<SURNAME/>操り人形のままじゃ、終われない!!
",\n<SURNAME/>为了那些孩子，\n<SURNAME/>我必须阻止父亲…<pause:30/>\n<SURNAME/>绝不能当一辈子傀儡!!\n,"[""\\n<SURNAME/>为了那些孩子们，\\n<SURNAME/>我必须阻止父亲…<pause:30/>\\n<SURNAME/>绝不能当一辈子傀儡!!\\n""]","[""\\n<SURNAME/>为了那些孩子们，\\n<SURNAME/>我必须阻止父亲…<pause:30/>\\n<SURNAME/>绝不能当一辈子傀儡!!\\n""]"
multiple_versions_review,script:326_8,script:326_8:diag18,frontend/public/games/p2is/groups/script_326_8.json,"
<SURNAME/>あと一つだね…<pause:30/>
<SURNAME/>あと一つで、天の水晶髑髏以外の髑髏ガ、
<SURNAME/>全部揃う。
",\n<SURNAME/>还剩一个了…<pause:30/>\n<SURNAME/>还剩一个，除天之水晶骷髅外，\n<SURNAME/>所有骷髅就集齐了。\n,"[""\\n<SURNAME/>还剩一个了…<pause:30/>\\n<SURNAME/>还剩一个，除天之水晶骷髅外，\\n<SURNAME/>所有的骷髅就都集齐了。\\n"", ""\\n<SURNAME/>还剩一个了…<pause:30/>\\n<SURNAME/>还剩一个，除天之水晶骷髅外，\\n<SURNAME/>所有骷髅就集齐了。\\n""]","[""\\n<SURNAME/>还剩一个了…<pause:30/>\\n<SURNAME/>还剩一个，除天之水晶骷髅外，\\n<SURNAME/>所有的骷髅就都集齐了。\\n"", ""\\n<SURNAME/>还剩一个了…<pause:30/>\\n<SURNAME/>还剩一个，除天之水晶骷髅外，\\n<SURNAME/>所有骷髅就集齐了。\\n""]"
local_conflict_review,script:326_8,script:326_8:diag19,frontend/public/games/p2is/groups/script_326_8.json,"
<SURNAME/>その後は…<pause:30/>
<SURNAME/>父さんを倒すだけだ。
",\n<SURNAME/>之后便是…<pause:30/>\n<SURNAME/>打倒父亲。\n,"[""\\n<SURNAME/>之后…<pause:30/>\\n<SURNAME/>就只剩打倒父亲了。\\n""]","[""\\n<SURNAME/>之后…<pause:30/>\\n<SURNAME/>就只剩打倒父亲了。\\n""]"
local_conflict_review,script:328_8,script:328_8:diag0,frontend/public/games/p2is/groups/script_328_8.json,"
<SURNAME/>情人(チンヤン)…<pause:30/>
<SURNAME/>まだ、なんとなくだけど…
<SURNAME/>だいぶ近づいてきたみたい。
","
<SURNAME/>情人（Chinyan）…<pause:30/>
<SURNAME/>虽然还只是隐约感觉…
<SURNAME/>但似乎很接近了呢。
","[""\\n<SURNAME/>情人（cing4 jan4）…<pause:30/>\\n<SURNAME/>虽然还只是隐约感觉…\\n<SURNAME/>但似乎很接近了呢。\\n""]","[""\\n<SURNAME/>情人（cing4 jan4）…<pause:30/>\\n<SURNAME/>虽然还只是隐约感觉…\\n<SURNAME/>但似乎很接近了呢。\\n""]"
local_conflict_review,script:328_8,script:328_8:diag1,frontend/public/games/p2is/groups/script_328_8.json,"
<SURNAME/>わたし、カラコルで<c13/>の偽者見たとき、
<SURNAME/>凄い怖かったよ。
<SURNAME/>なんて言うか、感情のない機械みたいで…
","
<SURNAME/>我在卡拉克尔见到<c13/>的冒牌货时，
<SURNAME/>吓死人了。
<SURNAME/>怎么说呢，像没有感情的机器似的…
","[""\\n<SURNAME/>我在卡拉科尔见到<c13/>的冒牌货时，\\n<SURNAME/>吓死人了。\\n<SURNAME/>怎么说呢，像没有感情的机器似的…\\n""]","[""\\n<SURNAME/>我在卡拉科尔见到<c13/>的冒牌货时，\\n<SURNAME/>吓死人了。\\n<SURNAME/>怎么说呢，像没有感情的机器似的…\\n""]"
local_conflict_review,script:328_8,script:328_8:diag10,frontend/public/games/p2is/groups/script_328_8.json,"
<SURNAME/>なに寝てんの!?
<SURNAME/>栄吉、じゃま!!
","
<SURNAME/>发什么呆呢！？
<SURNAME/>荣吉，碍事!!
","[""\\n<SURNAME/>发什么呆呢！？\\n<SURNAME/>荣吉，真碍事!!\\n""]","[""\\n<SURNAME/>发什么呆呢！？\\n<SURNAME/>荣吉，真碍事!!\\n""]"
local_conflict_review,script:328_8,script:328_8:diag15,frontend/public/games/p2is/groups/script_328_8.json,"
<SURNAME/>私も、リサと同じこと感じたわ。
<SURNAME/>淳クンガ<c13/>クンの影だっていうのは、
<SURNAME/>比喩だけど…
","
<SURNAME/>我也和丽莎有同样的感觉。
<SURNAME/>说淳君是<c13/>君的影，
<SURNAME/>虽然只是比喻…
","[""\\n<SURNAME/>我也和丽莎有同样的感觉。\\n<SURNAME/>说淳君是<c13/>君的影子，\\n<SURNAME/>虽然只是比喻…\\n""]","[""\\n<SURNAME/>我也和丽莎有同样的感觉。\\n<SURNAME/>说淳君是<c13/>君的影子，\\n<SURNAME/>虽然只是比喻…\\n""]"
local_conflict_review,script:328_8,script:328_8:diag18,frontend/public/games/p2is/groups/script_328_8.json,"
<SURNAME/><c13/>…<pause:30/>
<SURNAME/>まさしく、君に相応しい星座だ。
","
<SURNAME/><c13/>…<pause:30/>
<SURNAME/>这正适合你的星座。
","[""\\n<SURNAME/><c13/>…<pause:30/>\\n<SURNAME/>这正是适合你的星座。\\n""]","[""\\n<SURNAME/><c13/>…<pause:30/>\\n<SURNAME/>这正是适合你的星座。\\n""]"
local_conflict_review,script:328_8,script:328_8:diag2,frontend/public/games/p2is/groups/script_328_8.json,"
<SURNAME/>まぁ、確かに<c14/>は頼りになるし、
<SURNAME/>妙な安心感ガあるのは認めるよ。
<SURNAME/>でも、淳は誉めすぎじゃないのかい?
","
<SURNAME/>嘛，<c14/>确实可靠，
<SURNAME/>有种莫名的安心感我承认。
<SURNAME/>但你是不是夸淳过头了？
","[""\\n<SURNAME/>嘛，<c14/>确实可靠，\\n<SURNAME/>有种莫名的安心感我承认。\\n<SURNAME/>但你是不是夸淳夸得太过头了？\\n""]","[""\\n<SURNAME/>嘛，<c14/>确实可靠，\\n<SURNAME/>有种莫名的安心感我承认。\\n<SURNAME/>但你是不是夸淳夸得太过头了？\\n""]"
local_conflict_review,script:330_8,script:330_8:diag0,frontend/public/games/p2is/groups/script_330_8.json,"
<SURNAME/>よく来たな、<c12/><SURNAME/><c13/>…<pause:30/>
<SURNAME/>俺はお前の影…<pause:30/>
<SURNAME/>お前の心は、手に取るようにわかるぞ…
","
<SURNAME/>你来了啊、<c12/><SURNAME/><c13/>…<pause:30/>
<SURNAME/>吾乃汝之影…<pause:30/>
<SURNAME/>汝之心、吾了如指掌…
","[""<SURNAME/>你终于来了啊、<c12/><SURNAME/><c13/>…<pause:30/> <SURNAME/>我是你的影子…<pause:30/> <SURNAME/>你的内心、我可是了如指掌啊…""]","[""<SURNAME/>你终于来了啊、<c12/><SURNAME/><c13/>…<pause:30/> <SURNAME/>我是你的影子…<pause:30/> <SURNAME/>你的内心、我可是了如指掌啊…""]"
local_conflict_review,script:330_8,script:330_8:diag1,frontend/public/games/p2is/groups/script_330_8.json,"
<SURNAME/>お前の夢は、進学することだ…<pause:30/>
<SURNAME/>だガ、本当に学びたいことガあって、
<SURNAME/>進学するわけではあるまい?
","
<SURNAME/>汝之梦、乃升学之事…<pause:30/>
<SURNAME/>然、并非真有欲学之物、
<SURNAME/>而升学乎?
","[""<SURNAME/>你的梦想、是考大学吧…<pause:30/> <SURNAME/>但你、并不是因为真的有什么想学的东西、 <SURNAME/>才想去考的吧?""]","[""<SURNAME/>你的梦想、是考大学吧…<pause:30/> <SURNAME/>但你、并不是因为真的有什么想学的东西、 <SURNAME/>才想去考的吧?""]"
local_conflict_review,script:330_8,script:330_8:diag10,frontend/public/games/p2is/groups/script_330_8.json,"
<SURNAME/>状況ガ許さない…<pause:30/>
<SURNAME/>進学するだけの能力ガない…<pause:30/>
<SURNAME/>今さら足掻いたところで、何も変わらない…
","
<SURNAME/>情势不容…<pause:30/>
<SURNAME/>无升学之能…<pause:30/>
<SURNAME/>如今挣扎、亦无改变…
","[""<SURNAME/>无非是现实不允许…<pause:30/> <SURNAME/>你根本没那本事考大学…<pause:30/> <SURNAME/>事到如今再怎么挣扎、也改变不了什么…""]","[""<SURNAME/>无非是现实不允许…<pause:30/> <SURNAME/>你根本没那本事考大学…<pause:30/> <SURNAME/>事到如今再怎么挣扎、也改变不了什么…""]"
local_conflict_review,script:330_8,script:330_8:diag11,frontend/public/games/p2is/groups/script_330_8.json,"
<SURNAME/>そう諦めてのことだ。
<SURNAME/>違うと言えるか?
","
<SURNAME/>此乃放弃所致。
<SURNAME/>汝能否认乎?
","[""<SURNAME/>你就是因为这样才放弃的。 <SURNAME/>你能说不是吗?""]","[""<SURNAME/>你就是因为这样才放弃的。 <SURNAME/>你能说不是吗?""]"
local_conflict_review,script:330_8,script:330_8:diag13,frontend/public/games/p2is/groups/script_330_8.json,"
<SURNAME/>いつまで自分を欺く?
<SURNAME/>本当のお前は、夢を見ることを…<pause:30/>
<SURNAME/>自分の人生すら放棄しているんだよ。
","
<SURNAME/>汝欲欺己至何时?
<SURNAME/>真实之汝、连梦想…<pause:30/>
<SURNAME/>亦放弃己之人生。
","[""<SURNAME/>你还要自欺欺人到什么时候? <SURNAME/>其实真正的你、连抱有梦想这回事…<pause:30/> <SURNAME/>甚至连你自己的人生、都早已放弃了。""]","[""<SURNAME/>你还要自欺欺人到什么时候? <SURNAME/>其实真正的你、连抱有梦想这回事…<pause:30/> <SURNAME/>甚至连你自己的人生、都早已放弃了。""]"
multiple_versions_review,script:330_8,script:330_8:diag14,frontend/public/games/p2is/groups/script_330_8.json,"
<SURNAME/>そんな男ガ、世界どころか人一人救えるものか。
<SURNAME/>流されているだけの戦ならば、今すぐ降りろ…<pause:30/>
<SURNAME/>本当は黒須のことも、憎くて仕方ないはずだ。
",<SURNAME/>就凭你这种人、别说世界了、连一个人都救不了。 <SURNAME/>若是只懂得随波逐流、那就趁早退出吧…<pause:30/> <SURNAME/>其实你心里、早就恨透了黑须吧。,"[""<SURNAME/>就凭你这种人、别说世界了、连一个人都救不了。 <SURNAME/>若是只懂得随波逐流、那就趁早退出吧…<pause:30/> <SURNAME/>其实你心里、早就恨透了黑须吧。"", ""<SURNAME/>就凭你这种家伙、别说拯救世界了、连一个人你都救不了。 <SURNAME/>要是连打这场战斗你都只是被人推着走、那就趁早退出吧…<pause:30/> <SURNAME/>其实你心里、早就恨透了黑须吧。""]","[""<SURNAME/>就凭你这种人、别说世界了、连一个人都救不了。 <SURNAME/>若是只懂得随波逐流、那就趁早退出吧…<pause:30/> <SURNAME/>其实你心里、早就恨透了黑须吧。"", ""<SURNAME/>就凭你这种家伙、别说拯救世界了、连一个人你都救不了。 <SURNAME/>要是连打这场战斗你都只是被人推着走、那就趁早退出吧…<pause:30/> <SURNAME/>其实你心里、早就恨透了黑须吧。""]"
local_conflict_review,script:330_8,script:330_8:diag15,frontend/public/games/p2is/groups/script_330_8.json,"
<SURNAME/>そうだ、言えはしまい。
<SURNAME/>お前は、夢を見ることを…<pause:30/>
<SURNAME/>自分の人生すら放棄しているんだよ。
","
<SURNAME/>然也、汝无法言出。
<SURNAME/>汝、连梦想…<pause:30/>
<SURNAME/>亦放弃己之人生。
","[""<SURNAME/>没错、你根本没法反驳。<SURNAME/>其实真正的你、连抱有梦想这回事…<pause:30/> <SURNAME/>甚至连你自己的人生、都早已放弃了。""]","[""<SURNAME/>没错、你根本没法反驳。<SURNAME/>其实真正的你、连抱有梦想这回事…<pause:30/> <SURNAME/>甚至连你自己的人生、都早已放弃了。""]"
multiple_versions_review,script:330_8,script:330_8:diag16,frontend/public/games/p2is/groups/script_330_8.json,"
<SURNAME/>そんな男ガ、世界どころか人一人救えるか?
<SURNAME/>流されているだけの戦ならば、今すぐ降りろ…<pause:30/>
<SURNAME/>本当は黒須のことも、憎くて仕方ないはずだ。
",<SURNAME/>就凭你这种人、别说世界了、你能救得了谁?  <SURNAME/>若是只懂得随波逐流、那就趁早退出吧…<pause:30/> <SURNAME/>其实你心里、早就恨透了黑须吧。,"[""<SURNAME/>就凭你这种人、别说世界了、你能救得了谁?  <SURNAME/>若是只懂得随波逐流、那就趁早退出吧…<pause:30/> <SURNAME/>其实你心里、早就恨透了黑须吧。"", ""<SURNAME/>就凭你这种家伙、别说拯救世界了、连一个人你都救不了。 <SURNAME/>要是连打这场战斗你都只是被人推着走、那就趁早退出吧…<pause:30/> <SURNAME/>其实你心里、早就恨透了黑须吧。""]","[""<SURNAME/>就凭你这种人、别说世界了、你能救得了谁?  <SURNAME/>若是只懂得随波逐流、那就趁早退出吧…<pause:30/> <SURNAME/>其实你心里、早就恨透了黑须吧。"", ""<SURNAME/>就凭你这种家伙、别说拯救世界了、连一个人你都救不了。 <SURNAME/>要是连打这场战斗你都只是被人推着走、那就趁早退出吧…<pause:30/> <SURNAME/>其实你心里、早就恨透了黑须吧。""]"
local_conflict_review,script:330_8,script:330_8:diag17,frontend/public/games/p2is/groups/script_330_8.json,"
<SURNAME/>まだ、下らん夢を見ているのか?
<SURNAME/>進学も就職もせずに、夢だけ見ていられるなどと、
<SURNAME/>本気で思っているわけではあるまい?
","
<SURNAME/>尚在、做无聊之梦乎?
<SURNAME/>既不升学亦不就业、仅沉溺于梦、
<SURNAME/>岂真以为可行乎?
","[""<SURNAME/>你还在抱着那种无聊的梦想吗? <SURNAME/>既不考大学也不找工作、以为能光靠着梦想活下去、 <SURNAME/>你该不会真的这样想吧?""]","[""<SURNAME/>你还在抱着那种无聊的梦想吗? <SURNAME/>既不考大学也不找工作、以为能光靠着梦想活下去、 <SURNAME/>你该不会真的这样想吧?""]"
local_conflict_review,script:330_8,script:330_8:diag18,frontend/public/games/p2is/groups/script_330_8.json,"
<SURNAME/>わかっているはずだ…<pause:30/>本当は、他人ガ決めた
<SURNAME/>レールの上を歩いた方ガ、楽だということガ。
<SURNAME/>違うと言えるか?
","
<SURNAME/>汝应知晓…<pause:30/>实则、他人所定
<SURNAME/>轨道之上行走、更为轻松。
<SURNAME/>汝能否认乎?
","[""<SURNAME/>你心里其实很清楚…<pause:30/>实际上、走在别人给你安排好的 <SURNAME/>道路上、反而更轻松。 <SURNAME/>你能说不是吗?""]","[""<SURNAME/>你心里其实很清楚…<pause:30/>实际上、走在别人给你安排好的 <SURNAME/>道路上、反而更轻松。 <SURNAME/>你能说不是吗?""]"
local_conflict_review,script:330_8,script:330_8:diag2,frontend/public/games/p2is/groups/script_330_8.json,"
<SURNAME/>それガ社会の流れ…<pause:30/>
<SURNAME/>目の前に敷いてあったレールだからだ。
","
<SURNAME/>此乃社会之流…<pause:30/>
<SURNAME/>因眼前铺设之轨道故。
","[""<SURNAME/>那只是社会的趋势…<pause:30/> <SURNAME/>因为那是早就铺在你眼前的道路。""]","[""<SURNAME/>那只是社会的趋势…<pause:30/> <SURNAME/>因为那是早就铺在你眼前的道路。""]"
local_conflict_review,script:330_8,script:330_8:diag20,frontend/public/games/p2is/groups/script_330_8.json,"
<SURNAME/>いつまで自分を欺く?
<SURNAME/>ならば、お前はその夢のために何をした?
<SURNAME/>胸を張れる生き様だとは言わさん…
","
<SURNAME/>汝欲欺己至何时?
<SURNAME/>然则、汝为彼梦做过何事?
<SURNAME/>岂能言为可挺胸之活法…
","[""<SURNAME/>你还要自欺欺人到什么时候? <SURNAME/>既然如此、你为了那个梦想又做过些什么? <SURNAME/>少跟我说你活得有多理直气壮…""]","[""<SURNAME/>你还要自欺欺人到什么时候? <SURNAME/>既然如此、你为了那个梦想又做过些什么? <SURNAME/>少跟我说你活得有多理直气壮…""]"
multiple_versions_review,script:330_8,script:330_8:diag21,frontend/public/games/p2is/groups/script_330_8.json,"
<SURNAME/>そんな男ガ、世界どころか人一人救えるものか。
<SURNAME/>流されているだけの戦ならば、今すぐ降りろ…<pause:30/>
<SURNAME/>本当は黒須のことも、憎くて仕方ないはずだ。
",<SURNAME/>就凭你这种人、别说世界了、连一个人都救不了。 <SURNAME/>若是只懂得随波逐流、那就趁早退出吧…<pause:30/> <SURNAME/>其实你心里、早就恨透了黑须吧。,"[""<SURNAME/>就凭你这种人、别说世界了、连一个人都救不了。 <SURNAME/>若是只懂得随波逐流、那就趁早退出吧…<pause:30/> <SURNAME/>其实你心里、早就恨透了黑须吧。"", ""<SURNAME/>就凭你这种家伙、别说拯救世界了、连一个人你都救不了。 <SURNAME/>要是连打这场战斗你都只是被人推着走、那就趁早退出吧…<pause:30/> <SURNAME/>其实你心里、早就恨透了黑须吧。""]","[""<SURNAME/>就凭你这种人、别说世界了、连一个人都救不了。 <SURNAME/>若是只懂得随波逐流、那就趁早退出吧…<pause:30/> <SURNAME/>其实你心里、早就恨透了黑须吧。"", ""<SURNAME/>就凭你这种家伙、别说拯救世界了、连一个人你都救不了。 <SURNAME/>要是连打这场战斗你都只是被人推着走、那就趁早退出吧…<pause:30/> <SURNAME/>其实你心里、早就恨透了黑须吧。""]"
local_conflict_review,script:330_8,script:330_8:diag22,frontend/public/games/p2is/groups/script_330_8.json,"
<SURNAME/>そうだ、言えはしまい。
<SURNAME/>お前は、誰かに道を決めて欲しいと思っている…<pause:30/>
<SURNAME/>己の人生の何一つ、決められやしないんだ。
","
<SURNAME/>然也、汝无法言出。
<SURNAME/>汝、欲他人为汝决道…<pause:30/>
<SURNAME/>己之人生、一事亦无法自决。
","[""<SURNAME/>没错、你根本没法反驳。 <SURNAME/>你其实就指望着别人来替你决定要走的路…<pause:30/> <SURNAME/>你自己人生中的任何一件事、你都做不了主。""]","[""<SURNAME/>没错、你根本没法反驳。 <SURNAME/>你其实就指望着别人来替你决定要走的路…<pause:30/> <SURNAME/>你自己人生中的任何一件事、你都做不了主。""]"
multiple_versions_review,script:330_8,script:330_8:diag23,frontend/public/games/p2is/groups/script_330_8.json,"
<SURNAME/>そんな男ガ、世界どころか人一人救えるか?
<SURNAME/>流されているだけの戦ならば、今すぐ降りろ…<pause:30/>
<SURNAME/>本当は黒須のことも、憎くて仕方ないはずだ。
",<SURNAME/>就凭你这种人、别说世界了、你能救得了谁?  <SURNAME/>若是只懂得随波逐流、那就趁早退出吧…<pause:30/> <SURNAME/>其实你心里、早就恨透了黑须吧。,"[""<SURNAME/>就凭你这种人、别说世界了、你能救得了谁?  <SURNAME/>若是只懂得随波逐流、那就趁早退出吧…<pause:30/> <SURNAME/>其实你心里、早就恨透了黑须吧。"", ""<SURNAME/>就凭你这种家伙、别说拯救世界了、连一个人你都救不了。 <SURNAME/>要是连打这场战斗你都只是被人推着走、那就趁早退出吧…<pause:30/> <SURNAME/>其实你心里、早就恨透了黑须吧。""]","[""<SURNAME/>就凭你这种人、别说世界了、你能救得了谁?  <SURNAME/>若是只懂得随波逐流、那就趁早退出吧…<pause:30/> <SURNAME/>其实你心里、早就恨透了黑须吧。"", ""<SURNAME/>就凭你这种家伙、别说拯救世界了、连一个人你都救不了。 <SURNAME/>要是连打这场战斗你都只是被人推着走、那就趁早退出吧…<pause:30/> <SURNAME/>其实你心里、早就恨透了黑须吧。""]"
local_conflict_review,script:330_8,script:330_8:diag24,frontend/public/games/p2is/groups/script_330_8.json,"
<SURNAME/>どうだ…夢は見つかったか?
<SURNAME/>生きる意義とやらは、見いだせたのか?
","
<SURNAME/>怎么样…找到梦想了吗?
<SURNAME/>活着的意义，找到了吗?
","[""<SURNAME/>怎么样…找到梦想了吗? <SURNAME/>找到活着的意义了吗?""]","[""<SURNAME/>怎么样…找到梦想了吗? <SURNAME/>找到活着的意义了吗?""]"
local_conflict_review,script:330_8,script:330_8:diag25,frontend/public/games/p2is/groups/script_330_8.json,"
<SURNAME/>苛立つだけの、無目的な日常…<pause:30/>
<SURNAME/>わかっているはずだ。
<SURNAME/>お前の生に、意義などありはしないとな。
","
<SURNAME/>只是焦躁的、无目的的日常…<pause:30/>
<SURNAME/>你应该明白的。
<SURNAME/>你的生命，根本没有任何意义。
","[""<SURNAME/>那种除了心烦气躁、毫无目标的日常生活…<pause:30/> <SURNAME/>你心里其实很清楚。 <SURNAME/>你活着，根本没有任何意义。""]","[""<SURNAME/>那种除了心烦气躁、毫无目标的日常生活…<pause:30/> <SURNAME/>你心里其实很清楚。 <SURNAME/>你活着，根本没有任何意义。""]"
local_conflict_review,script:330_8,script:330_8:diag26,frontend/public/games/p2is/groups/script_330_8.json,"
<SURNAME/>滑稽だぞ…<pause:30/>今のお前は、
<SURNAME/>ただ足掻くだけの、糸のもつれた操り人形だ。
<SURNAME/>違うと言えるか?
","
<SURNAME/>真滑稽啊…<pause:30/>现在的你，
<SURNAME/>只是徒劳挣扎的、线缠乱的提线人偶。
<SURNAME/>你能说不是吗?
","[""<SURNAME/>真是太滑稽了…<pause:30/>现在的你， <SURNAME/>不过是个线都缠成了一团、只知道瞎挣扎的提线木偶罢了。 <SURNAME/>你能说不是吗?""]","[""<SURNAME/>真是太滑稽了…<pause:30/>现在的你， <SURNAME/>不过是个线都缠成了一团、只知道瞎挣扎的提线木偶罢了。 <SURNAME/>你能说不是吗?""]"
local_conflict_review,script:330_8,script:330_8:diag28,frontend/public/games/p2is/groups/script_330_8.json,"
<SURNAME/>いつまで自分を欺く?
<SURNAME/>ならば、お前はそのために何をした?
<SURNAME/>胸を張れる生き様だとは言わさん…
","
<SURNAME/>还要欺骗自己到什么时候?
<SURNAME/>那么，你为此做了什么?
<SURNAME/>我可不会说那是能挺起胸膛的活法…
","[""<SURNAME/>你还要自欺欺人到什么时候? <SURNAME/>既然如此，那你又为此做了些什么? <SURNAME/>别跟我说你活得有多理直气壮…""]","[""<SURNAME/>你还要自欺欺人到什么时候? <SURNAME/>既然如此，那你又为此做了些什么? <SURNAME/>别跟我说你活得有多理直气壮…""]"
local_conflict_review,script:330_8,script:330_8:diag29,frontend/public/games/p2is/groups/script_330_8.json,"
<SURNAME/>そんな男ガ、世界どころか人一人救えるものか。
<SURNAME/>流されているだけの戦ならば、今すぐ降りろ…<pause:30/>
<SURNAME/>本当は黒須のことも、憎くて仕方ないはずだ。
",<SURNAME/>就凭你这种人、别说世界了、连一个人都救不了。 <SURNAME/>若是只懂得随波逐流、那就趁早退出吧…<pause:30/> <SURNAME/>其实你心里、早就恨透了黑须吧。,"[""<SURNAME/>就凭你这种家伙、别说拯救世界了、连一个人你都救不了。 <SURNAME/>要是连打这场战斗你都只是被人推着走、那就趁早退出吧…<pause:30/> <SURNAME/>其实你心里、早就恨透了黑须吧。""]","[""<SURNAME/>就凭你这种家伙、别说拯救世界了、连一个人你都救不了。 <SURNAME/>要是连打这场战斗你都只是被人推着走、那就趁早退出吧…<pause:30/> <SURNAME/>其实你心里、早就恨透了黑须吧。""]"
local_conflict_review,script:330_8,script:330_8:diag3,frontend/public/games/p2is/groups/script_330_8.json,"
<SURNAME/>敢えて流れに逆らうより、
<SURNAME/>他人ガ作ってくれた道を走った方ガ、楽だからな。
<SURNAME/>違うと言えるか?
","
<SURNAME/>与其逆流而行、
<SURNAME/>不如走他人所造之道、更为轻松。
<SURNAME/>汝能否认乎?
","[""<SURNAME/>与其硬要跟社会唱反调、 <SURNAME/>还是走别人为你铺好的路更轻松。 <SURNAME/>你能说不是吗?""]","[""<SURNAME/>与其硬要跟社会唱反调、 <SURNAME/>还是走别人为你铺好的路更轻松。 <SURNAME/>你能说不是吗?""]"
local_conflict_review,script:330_8,script:330_8:diag30,frontend/public/games/p2is/groups/script_330_8.json,"
<SURNAME/>そうだ、言えはしまい。
<SURNAME/>自分ガ何をしたいかも見いだせぬ、
<SURNAME/>取るに足らない哀れな人形…
","
<SURNAME/>没错，你根本说不出口。
<SURNAME/>连自己想做什么都找不到，
<SURNAME/>微不足道的可怜人偶…
","[""<SURNAME/>没错，你根本没法反驳。 <SURNAME/>连自己想做什么都找不到， <SURNAME/>只是个不值一提的可怜木偶…""]","[""<SURNAME/>没错，你根本没法反驳。 <SURNAME/>连自己想做什么都找不到， <SURNAME/>只是个不值一提的可怜木偶…""]"
multiple_versions_review,script:330_8,script:330_8:diag31,frontend/public/games/p2is/groups/script_330_8.json,"
<SURNAME/>そんな男ガ、世界どころか人一人救えるか?
<SURNAME/>流されているだけの戦ならば、今すぐ降りろ…<pause:30/>
<SURNAME/>本当は黒須のことも、憎くて仕方ないはずだ。
",<SURNAME/>就凭你这种人、别说世界了、你能救得了谁?  <SURNAME/>若是只懂得随波逐流、那就趁早退出吧…<pause:30/> <SURNAME/>其实你心里、早就恨透了黑须吧。,"[""<SURNAME/>就凭你这种人、别说世界了、你能救得了谁?  <SURNAME/>若是只懂得随波逐流、那就趁早退出吧…<pause:30/> <SURNAME/>其实你心里、早就恨透了黑须吧。"", ""<SURNAME/>就凭你这种家伙、别说拯救世界了、连一个人你都救不了。 <SURNAME/>要是连打这场战斗你都只是被人推着走、那就趁早退出吧…<pause:30/> <SURNAME/>其实你心里、早就恨透了黑须吧。""]","[""<SURNAME/>就凭你这种人、别说世界了、你能救得了谁?  <SURNAME/>若是只懂得随波逐流、那就趁早退出吧…<pause:30/> <SURNAME/>其实你心里、早就恨透了黑须吧。"", ""<SURNAME/>就凭你这种家伙、别说拯救世界了、连一个人你都救不了。 <SURNAME/>要是连打这场战斗你都只是被人推着走、那就趁早退出吧…<pause:30/> <SURNAME/>其实你心里、早就恨透了黑须吧。""]"
local_conflict_review,script:330_8,script:330_8:diag33,frontend/public/games/p2is/groups/script_330_8.json,"
<SURNAME/>たいそうな御身分だ…<pause:30/>
<SURNAME/>人のことをとやかく言えるほど、
<SURNAME/>自分は、完成された人格を持っているのか?
","
<SURNAME/>好大的架子啊…<pause:30/>
<SURNAME/>你能对别人指手画脚，
<SURNAME/>难道自己就拥有完善的人格吗?
","[""<SURNAME/>真是高高在上啊…<pause:30/> <SURNAME/>都能对别人这么指手画脚了， <SURNAME/>你自己的心智难道就完美无缺了吗?""]","[""<SURNAME/>真是高高在上啊…<pause:30/> <SURNAME/>都能对别人这么指手画脚了， <SURNAME/>你自己的心智难道就完美无缺了吗?""]"
local_conflict_review,script:330_8,script:330_8:diag34,frontend/public/games/p2is/groups/script_330_8.json,"
<SURNAME/>いや、その傲慢さこそガ、お前のお前たる所以…
<SURNAME/>お前は、自分ガわかっているよ。
","
<SURNAME/>不，那份傲慢正是你之为你的根源…
<SURNAME/>你，自己明白的。
","[""<SURNAME/>不，那份傲慢、才是你最真实的写照… <SURNAME/>你对自己，其实清楚得很。""]","[""<SURNAME/>不，那份傲慢、才是你最真实的写照… <SURNAME/>你对自己，其实清楚得很。""]"
local_conflict_review,script:330_8,script:330_8:diag36,frontend/public/games/p2is/groups/script_330_8.json,"
<SURNAME/>たいそうな偽善者だ…<pause:30/>
<SURNAME/>でなければ、
<SURNAME/>よほど完成された人格をお持ちのようだ。
","
<SURNAME/>好一个伪善者…<pause:30/>
<SURNAME/>否则，
<SURNAME/>你似乎拥有相当完善的人格。
","[""<SURNAME/>好一个伪善者啊…<pause:30/> <SURNAME/>要不然的话， <SURNAME/>那就是你觉得自己的人格已经完美无缺了。""]","[""<SURNAME/>好一个伪善者啊…<pause:30/> <SURNAME/>要不然的话， <SURNAME/>那就是你觉得自己的人格已经完美无缺了。""]"
local_conflict_review,script:330_8,script:330_8:diag37,frontend/public/games/p2is/groups/script_330_8.json,"
<SURNAME/>いや、その偽善こそガ、お前のお前たる所以…
<SURNAME/>お前は、自分ガわかっているよ。
","
<SURNAME/>不，那份伪善正是你之为你的根源…
<SURNAME/>你，自己明白的。
","[""<SURNAME/>不，那份伪善、才是你最真实的写照… <SURNAME/>你对自己，其实清楚得很。""]","[""<SURNAME/>不，那份伪善、才是你最真实的写照… <SURNAME/>你对自己，其实清楚得很。""]"
local_conflict_review,script:330_8,script:330_8:diag39,frontend/public/games/p2is/groups/script_330_8.json,"
<SURNAME/>その弱さガ、お前のお前たる所以…<pause:30/>
<SURNAME/>弱さは罪だ。俺は認めん…<pause:30/>
<SURNAME/>ここで死ね。
","
<SURNAME/>那份软弱正是你之为你的根源…<pause:30/>
<SURNAME/>软弱是罪。我不承认…<pause:30/>
<SURNAME/>在此死去吧。
","[""<SURNAME/>那份软弱、才是你最真实的写照…<pause:30/> <SURNAME/>软弱就是罪孽。我绝对不会认同你的…<pause:30/> <SURNAME/>给我死在这吧。""]","[""<SURNAME/>那份软弱、才是你最真实的写照…<pause:30/> <SURNAME/>软弱就是罪孽。我绝对不会认同你的…<pause:30/> <SURNAME/>给我死在这吧。""]"
local_conflict_review,script:330_8,script:330_8:diag5,frontend/public/games/p2is/groups/script_330_8.json,"
<SURNAME/>いつまで自分を欺く?
<SURNAME/>本当のお前は、自分自身のことすら、
<SURNAME/>何一つ自分じゃ決めちゃいない。
","
<SURNAME/>汝欲欺己至何时?
<SURNAME/>真实之汝、连己身之事、
<SURNAME/>亦无法自决。
","[""<SURNAME/>你还要自欺欺人到什么时候? <SURNAME/>其实真正的你、连你自己的事情、 <SURNAME/>都从来没有一件是自己做主的。""]","[""<SURNAME/>你还要自欺欺人到什么时候? <SURNAME/>其实真正的你、连你自己的事情、 <SURNAME/>都从来没有一件是自己做主的。""]"
multiple_versions_review,script:330_8,script:330_8:diag6,frontend/public/games/p2is/groups/script_330_8.json,"
<SURNAME/>そんな男ガ、世界どころか人一人救えるものか。
<SURNAME/>流されているだけの戦ならば、今すぐ降りろ…<pause:30/>
<SURNAME/>本当は黒須のことも、憎くて仕方ないはずだ。
",<SURNAME/>就凭你这种人、别说世界了、连一个人都救不了。 <SURNAME/>若是只懂得随波逐流、那就趁早退出吧…<pause:30/> <SURNAME/>其实你心里、早就恨透了黑须吧。,"[""<SURNAME/>就凭你这种人、别说世界了、连一个人都救不了。 <SURNAME/>若是只懂得随波逐流、那就趁早退出吧…<pause:30/> <SURNAME/>其实你心里、早就恨透了黑须吧。"", ""<SURNAME/>就凭你这种家伙、别说拯救世界了、连一个人你都救不了。 <SURNAME/>要是连打这场战斗你都只是被人推着走、那就趁早退出吧…<pause:30/> <SURNAME/>其实你心里、早就恨透了黑须吧。""]","[""<SURNAME/>就凭你这种人、别说世界了、连一个人都救不了。 <SURNAME/>若是只懂得随波逐流、那就趁早退出吧…<pause:30/> <SURNAME/>其实你心里、早就恨透了黑须吧。"", ""<SURNAME/>就凭你这种家伙、别说拯救世界了、连一个人你都救不了。 <SURNAME/>要是连打这场战斗你都只是被人推着走、那就趁早退出吧…<pause:30/> <SURNAME/>其实你心里、早就恨透了黑须吧。""]"
local_conflict_review,script:330_8,script:330_8:diag7,frontend/public/games/p2is/groups/script_330_8.json,"
<SURNAME/>そうだ、言えはしまい…<pause:30/>
<SURNAME/>お前は、自分自身のことすら、
<SURNAME/>何一つ自分じゃ決めちゃいない。
","
<SURNAME/>然也、汝无法言出…<pause:30/>
<SURNAME/>汝、连己身之事、
<SURNAME/>亦无法自决。
","[""<SURNAME/>没错、你根本没法反驳…<pause:30/> <SURNAME/>你这家伙、连你自己的事、 <SURNAME/>都从来没有一件是自己做主的。""]","[""<SURNAME/>没错、你根本没法反驳…<pause:30/> <SURNAME/>你这家伙、连你自己的事、 <SURNAME/>都从来没有一件是自己做主的。""]"
multiple_versions_review,script:330_8,script:330_8:diag8,frontend/public/games/p2is/groups/script_330_8.json,"
<SURNAME/>そんな男ガ、世界どころか人一人救えるか?
<SURNAME/>流されているだけの戦ならば、今すぐ降りろ…<pause:30/>
<SURNAME/>本当は黒須のことも、憎くて仕方ないはずだ。
",<SURNAME/>就凭你这种人、别说世界了、你能救得了谁?  <SURNAME/>若是只懂得随波逐流、那就趁早退出吧…<pause:30/> <SURNAME/>其实你心里、早就恨透了黑须吧。,"[""<SURNAME/>就凭你这种人、别说世界了、你能救得了谁?  <SURNAME/>若是只懂得随波逐流、那就趁早退出吧…<pause:30/> <SURNAME/>其实你心里、早就恨透了黑须吧。"", ""<SURNAME/>就凭你这种家伙、别说拯救世界了、连一个人你都救不了。 <SURNAME/>要是连打这场战斗你都只是被人推着走、那就趁早退出吧…<pause:30/> <SURNAME/>其实你心里、早就恨透了黑须吧。""]","[""<SURNAME/>就凭你这种人、别说世界了、你能救得了谁?  <SURNAME/>若是只懂得随波逐流、那就趁早退出吧…<pause:30/> <SURNAME/>其实你心里、早就恨透了黑须吧。"", ""<SURNAME/>就凭你这种家伙、别说拯救世界了、连一个人你都救不了。 <SURNAME/>要是连打这场战斗你都只是被人推着走、那就趁早退出吧…<pause:30/> <SURNAME/>其实你心里、早就恨透了黑须吧。""]"
local_conflict_review,script:330_8,script:330_8:diag9,frontend/public/games/p2is/groups/script_330_8.json,"
<SURNAME/>お前の夢は、就職することだ…<pause:30/>
<SURNAME/>だガ、本当にやりたいことガあって、
<SURNAME/>就職すると決めたわけではあるまい?
","
<SURNAME/>汝之梦、乃就业之事…<pause:30/>
<SURNAME/>然、并非真有欲为之事、
<SURNAME/>而就业乎?
","[""<SURNAME/>你的梦想、是找个工作…<pause:30/> <SURNAME/>但你、并不是因为真的有什么想做的事、 <SURNAME/>才决定去工作的吧?""]","[""<SURNAME/>你的梦想、是找个工作…<pause:30/> <SURNAME/>但你、并不是因为真的有什么想做的事、 <SURNAME/>才决定去工作的吧?""]"
local_conflict_review,script:331_8,script:331_8:diag14,frontend/public/games/p2is/groups/script_331_8.json,"
<SURNAME/>んな水くせぇこと言うなよ、淳。
<SURNAME/>俺だって、淳の立場なら、
<SURNAME/>同じことをしたかもしれねぇ…
","
<SURNAME/>别说那么见外的话了，纯。
<SURNAME/>老子要是站在你的立场，
<SURNAME/>可能也会做同样的事…
","[""\\n<SURNAME/>别说那么见外的话了，淳。\\n<SURNAME/>老子要是站在你的立场，\\n<SURNAME/>可能也会做同样的事…\\n""]","[""\\n<SURNAME/>别说那么见外的话了，淳。\\n<SURNAME/>老子要是站在你的立场，\\n<SURNAME/>可能也会做同样的事…\\n""]"
local_conflict_review,script:331_8,script:331_8:diag19,frontend/public/games/p2is/groups/script_331_8.json,"
<SURNAME/>これで、4つの髑髏ガそろったわね。
<SURNAME/>さーて、次は…
","
<SURNAME/>这样一来，4个骷髅就集齐了呢。
<SURNAME/>那么，接下来…
","[""\\n<SURNAME/>这样一来，4个骷髅就都集齐了呢。\\n<SURNAME/>那么，接下来…\\n""]","[""\\n<SURNAME/>这样一来，4个骷髅就都集齐了呢。\\n<SURNAME/>那么，接下来…\\n""]"
local_conflict_review,script:331_8,script:331_8:diag33,frontend/public/games/p2is/groups/script_331_8.json,"
<SURNAME/>終わったかな?
<SURNAME/>じゃ、次の神殿へレッツらゴー!!
","
<SURNAME/>结束了吗？
<SURNAME/>那么，去下一个神殿Let's go！！
","[""\\n<SURNAME/>结束了吗？\\n<SURNAME/>那么，下一个神殿Let's go！！\\n""]","[""\\n<SURNAME/>结束了吗？\\n<SURNAME/>那么，下一个神殿Let's go！！\\n""]"
local_conflict_review,script:333_8,script:333_8:diag14,frontend/public/games/p2is/groups/script_333_8.json,"
<SURNAME/>グランドクロスを象徴する4つの星座には、
<SURNAME/>それぞれ、地水火風のエレメントガ
<SURNAME/>割り当てられているんだ…
",\n<SURNAME/>象征大十字的四个星座，\n<SURNAME/>分别被分配了\n<SURNAME/>地水火风四大元素…\n,"[""\\n<SURNAME/>象征大十字的四个星座，\\n<SURNAME/>分别被赋予了\\n<SURNAME/>地水火风四大元素…\\n""]","[""\\n<SURNAME/>象征大十字的四个星座，\\n<SURNAME/>分别被赋予了\\n<SURNAME/>地水火风四大元素…\\n""]"
local_conflict_review,script:333_8,script:333_8:diag18,frontend/public/games/p2is/groups/script_333_8.json,"
<SURNAME/>父さん…?
<SURNAME/>そう…<pause:30/>
<SURNAME/>父さんだ…
",\n<SURNAME/>父亲…?\n<SURNAME/>是啊…<pause:30/>\n<SURNAME/>是父亲…\n,"[""\\n<SURNAME/>父亲…？\\n<SURNAME/>是啊…<pause:30/>\\n<SURNAME/>是父亲…\\n""]","[""\\n<SURNAME/>父亲…？\\n<SURNAME/>是啊…<pause:30/>\\n<SURNAME/>是父亲…\\n""]"
merged_versions_conflict,script:333_8,script:333_8:diag20,frontend/public/games/p2is/groups/script_333_8.json,"
<SURNAME/>あと一つだね…<pause:30/>
<SURNAME/>あと一つで、天の水晶髑髏以外の髑髏ガ、
<SURNAME/>全部揃う。
",\n<SURNAME/>还剩一个了…<pause:30/>\n<SURNAME/>还剩一个，除天之水晶骷髅外，\n<SURNAME/>所有骷髅就集齐了。\n,"[""\\n<SURNAME/>还剩一个了…<pause:30/>\\n<SURNAME/>还剩一个，除天之水晶骷髅外，\\n<SURNAME/>所有的骷髅就都集齐了。\\n"", ""\\n<SURNAME/>还剩一个了…<pause:30/>\\n<SURNAME/>剩一个，除了天之水晶骷髅，\\n<SURNAME/>所有骷髅就都集齐了。\\n""]","[""\\n<SURNAME/>还剩一个了…<pause:30/>\\n<SURNAME/>还剩一个，除天之水晶骷髅外，\\n<SURNAME/>所有的骷髅就都集齐了。\\n"", ""\\n<SURNAME/>还剩一个了…<pause:30/>\\n<SURNAME/>剩一个，除了天之水晶骷髅，\\n<SURNAME/>所有骷髅就都集齐了。\\n""]"
local_conflict_review,script:333_8,script:333_8:diag4,frontend/public/games/p2is/groups/script_333_8.json,"
<SURNAME/>よく、「乗りかかった舟」っつーけどよ、
<SURNAME/>宇宙船たぁ思わねぇだろ、フツー?
","
<SURNAME/>常说「骑虎难下」，
<SURNAME/>但不会想到是宇宙船吧，正常？
","[""\\n<SURNAME/>常说「骑虎难下」，\\n<SURNAME/>但不会想到是宇宙飞船吧，一般来说？\\n""]","[""\\n<SURNAME/>常说「骑虎难下」，\\n<SURNAME/>但不会想到是宇宙飞船吧，一般来说？\\n""]"
local_conflict_review,script:335_8,script:335_8:diag0,frontend/public/games/p2is/groups/script_335_8.json,"
<SURNAME/>煩哪!?(ファーンナ)
<SURNAME/>嫉妬深いい!?
<SURNAME/>愛ガ深いって言ってよお、淳!!
","
<SURNAME/>烦哪!?(ファーンナ)
<SURNAME/>嫉妒深!?
<SURNAME/>要说爱很深啊，纯!!
","[""\\n<SURNAME/>烦哪!?(faan4 naa5)\\n<SURNAME/>很深的嫉妒!?\\n<SURNAME/>要说很深的爱啊，淳!!\\n""]","[""\\n<SURNAME/>烦哪!?(faan4 naa5)\\n<SURNAME/>很深的嫉妒!?\\n<SURNAME/>要说很深的爱啊，淳!!\\n""]"
local_conflict_review,script:335_8,script:335_8:diag3,frontend/public/games/p2is/groups/script_335_8.json,"
<SURNAME/>これもみんな、淳クンと栄吉クン…<pause:30/>
<SURNAME/>そしてキミのおかげ…<pause:30/>
<SURNAME/>いつ私ガいなくなっても、大丈夫だよね。
","
<SURNAME/>这都多亏了纯君和荣吉君…<pause:30/>
<SURNAME/>还有你的功劳…<pause:30/>
<SURNAME/>即使我消失了，也没问题了呢。
","[""\\n<SURNAME/>这都多亏了淳君和荣吉君…<pause:30/>\\n<SURNAME/>还有你的功劳…<pause:30/>\\n<SURNAME/>就算我哪天不再了，也没问题了呢。\\n""]","[""\\n<SURNAME/>这都多亏了淳君和荣吉君…<pause:30/>\\n<SURNAME/>还有你的功劳…<pause:30/>\\n<SURNAME/>就算我哪天不再了，也没问题了呢。\\n""]"
merged_versions_conflict,script:337_8,script:337_8:diag1,frontend/public/games/p2is/groups/script_337_8.json,"
<SURNAME/>英語ガしゃべれないって、カミングアウトして、
<SURNAME/>だいぶスッキリしたみたいだね、お前!
","
<SURNAME/>坦白不会说英语后，
<SURNAME/>看起来轻松多了呢，你!
","[""\\n<SURNAME/>坦白了自己其实不会说英语之后，\\n<SURNAME/>整个人看起来轻松多了嘛!\\n"", ""<SURNAME/>坦白了自己其实不会说英语之后， <SURNAME/>整个人看起来轻松多了嘛!""]","[""\\n<SURNAME/>坦白了自己其实不会说英语之后，\\n<SURNAME/>整个人看起来轻松多了嘛!\\n"", ""<SURNAME/>坦白了自己其实不会说英语之后， <SURNAME/>整个人看起来轻松多了嘛!""]"
merged_versions_conflict,script:337_8,script:337_8:diag10,frontend/public/games/p2is/groups/script_337_8.json,"
<SURNAME/>確かに、お前の言う通りだよ…<pause:30/>
<SURNAME/>今までのわたしは、最低の女だった…
","
<SURNAME/>确实，你说得对…<pause:30/>
<SURNAME/>至今为止的我，是个最差劲的女人…
","[""\\n<SURNAME/>确实，被你说中了…<pause:30/>\\n<SURNAME/>过去的我的确是个最差劲的女人…\\n"", ""<SURNAME/>确实，被你说中了…<pause:30/> <SURNAME/>过去的我的确是个最差劲的女人…""]","[""\\n<SURNAME/>确实，被你说中了…<pause:30/>\\n<SURNAME/>过去的我的确是个最差劲的女人…\\n"", ""<SURNAME/>确实，被你说中了…<pause:30/> <SURNAME/>过去的我的确是个最差劲的女人…""]"
merged_versions_conflict,script:337_8,script:337_8:diag11,frontend/public/games/p2is/groups/script_337_8.json,"
<SURNAME/>でも、今はちガう。
<SURNAME/>失くしたもの、見つけたから…
","
<SURNAME/>但是，现在不同了。
<SURNAME/>因为找到了失去的东西…
","[""\\n<SURNAME/>但是，现在不一样了。\\n<SURNAME/>因为我终于找回了曾经失去的东西…\\n"", ""<SURNAME/>但是，现在不一样了。 <SURNAME/>因为我终于找回了曾经失去的东西…""]","[""\\n<SURNAME/>但是，现在不一样了。\\n<SURNAME/>因为我终于找回了曾经失去的东西…\\n"", ""<SURNAME/>但是，现在不一样了。 <SURNAME/>因为我终于找回了曾经失去的东西…""]"
merged_versions_conflict,script:337_8,script:337_8:diag12,frontend/public/games/p2is/groups/script_337_8.json,"
<SURNAME/>お前ガわたしって言うんなら、憶えてるはずだよ。
<SURNAME/>10年前からわたしの夢は、
<SURNAME/>初恋の…<c13/>のお嫁さんになることだもの…
","
<SURNAME/>如果你说你就是我，那应该记得吧。
<SURNAME/>从10年前起，我的梦想就是，
<SURNAME/>成为初恋的…<c13/>的新娘啊…
","[""\\n<SURNAME/>如果你要说你就是我的话，那应该还记得吧。\\n<SURNAME/>从10年前开始，我的梦想就一直是，\\n<SURNAME/>成为初恋的…<c13/>的新娘啊…\\n"", ""<SURNAME/>如果你要说你就是我的话，那应该还记得吧。 <SURNAME/>从10年前开始，我的梦想就一直是， <SURNAME/>成为初恋的…<c13/>的新娘啊…""]","[""\\n<SURNAME/>如果你要说你就是我的话，那应该还记得吧。\\n<SURNAME/>从10年前开始，我的梦想就一直是，\\n<SURNAME/>成为初恋的…<c13/>的新娘啊…\\n"", ""<SURNAME/>如果你要说你就是我的话，那应该还记得吧。 <SURNAME/>从10年前开始，我的梦想就一直是， <SURNAME/>成为初恋的…<c13/>的新娘啊…""]"
merged_versions_conflict,script:337_8,script:337_8:diag13,frontend/public/games/p2is/groups/script_337_8.json,"
<SURNAME/>やめろ…!!<pause:30/>
<SURNAME/>わたしの<c13/>は、あの時あそこで死んだんだ!
<SURNAME/>わたしだけのものになったんだ!!
","
<SURNAME/>住口…!!<pause:30/>
<SURNAME/>我的<c13/>，在那个时候、那个地方已经死了!
<SURNAME/>他成了只属于我的东西!!
","[""\\n<SURNAME/>住口…!!<pause:30/>\\n<SURNAME/>我的<c13/>，在那个时候、那个地方就已经死了!\\n<SURNAME/>所以他已经变成了只属于我一个人的东西!!\\n"", ""<SURNAME/>住口…!!<pause:30/> <SURNAME/>我的<c13/>，在那个时候、那个地方就已经死了! <SURNAME/>所以他已经变成了只属于我一个人的东西!!""]","[""\\n<SURNAME/>住口…!!<pause:30/>\\n<SURNAME/>我的<c13/>，在那个时候、那个地方就已经死了!\\n<SURNAME/>所以他已经变成了只属于我一个人的东西!!\\n"", ""<SURNAME/>住口…!!<pause:30/> <SURNAME/>我的<c13/>，在那个时候、那个地方就已经死了! <SURNAME/>所以他已经变成了只属于我一个人的东西!!""]"
merged_versions_conflict,script:337_8,script:337_8:diag14,frontend/public/games/p2is/groups/script_337_8.json,"
<SURNAME/>この気持ちだけは、誰にも否定させない。
<SURNAME/><c13/>の気持ちは<c13/>のもの。
<SURNAME/>でも、わたしの気持ちはわたしのもの…
","
<SURNAME/>只有这份心情，我绝不让任何人否定。
<SURNAME/><c13/>的心情是<c13/>的。
<SURNAME/>但是，我的心情是我的…
","[""\\n<SURNAME/>唯独这份心意，我绝不容许任何人否定。\\n<SURNAME/><c13/>的心意是<c13/>自己的。\\n<SURNAME/>但我的这份心意，是我自己的…\\n"", ""<SURNAME/>唯独这份心意，我绝不容许任何人否定。 <SURNAME/><c13/>的心意是<c13/>自己的。 <SURNAME/>但我的这份心意，是我自己的…""]","[""\\n<SURNAME/>唯独这份心意，我绝不容许任何人否定。\\n<SURNAME/><c13/>的心意是<c13/>自己的。\\n<SURNAME/>但我的这份心意，是我自己的…\\n"", ""<SURNAME/>唯独这份心意，我绝不容许任何人否定。 <SURNAME/><c13/>的心意是<c13/>自己的。 <SURNAME/>但我的这份心意，是我自己的…""]"
merged_versions_conflict,script:337_8,script:337_8:diag15,frontend/public/games/p2is/groups/script_337_8.json,"
<SURNAME/>たとえ<c13/>ガわたしのこと嫌いでも、
<SURNAME/>わたしは<c13/>を愛してる。
","
<SURNAME/>即使<c13/>讨厌我，
<SURNAME/>我也爱着<c13/>。
","[""\\n<SURNAME/>就算<c13/>讨厌我，\\n<SURNAME/>我也深爱着<c13/>。\\n"", ""<SURNAME/>就算<c13/>讨厌我， <SURNAME/>我也深爱着<c13/>。""]","[""\\n<SURNAME/>就算<c13/>讨厌我，\\n<SURNAME/>我也深爱着<c13/>。\\n"", ""<SURNAME/>就算<c13/>讨厌我， <SURNAME/>我也深爱着<c13/>。""]"
merged_versions_conflict,script:337_8,script:337_8:diag16,frontend/public/games/p2is/groups/script_337_8.json,"
<SURNAME/><c13/>の気持ちなんてどうでもいい!!
<SURNAME/><c13/>は、わたしだけのものなんだ!!
","
<SURNAME/><c13/>的心情怎样都无所谓!!
<SURNAME/><c13/>是只属于我的!!
","[""\\n<SURNAME/><c13/>的心情根本怎样都无所谓!!\\n<SURNAME/><c13/>必须是只属于我一个人的!!\\n"", ""<SURNAME/><c13/>的心情根本怎样都无所谓!! <SURNAME/><c13/>必须是只属于我一个人的!!""]","[""\\n<SURNAME/><c13/>的心情根本怎样都无所谓!!\\n<SURNAME/><c13/>必须是只属于我一个人的!!\\n"", ""<SURNAME/><c13/>的心情根本怎样都无所谓!! <SURNAME/><c13/>必须是只属于我一个人的!!""]"
merged_versions_conflict,script:337_8,script:337_8:diag3,frontend/public/games/p2is/groups/script_337_8.json,"
<SURNAME/>でも、まだ告白してないこと、たくさんあるだろ?
<SURNAME/>援助まガいのことして、
<SURNAME/>スケベ親父から金巻き上げたことは?
","
<SURNAME/>但是，还有没坦白的事吧?
<SURNAME/>比如做援助交际，
<SURNAME/>从色老头那里骗钱的事?
","[""\\n<SURNAME/>但是，还有一大堆没有坦白的事吧? \\n<SURNAME/>比如打着援交的擦边球，\\n<SURNAME/>从那些色老头身上捞钱的事呢?\\n"", ""<SURNAME/>但是，还有一大堆没有坦白的事吧? <SURNAME/>比如打着援交的擦边球， <SURNAME/>从那些色老头身上捞钱的事呢?""]","[""\\n<SURNAME/>但是，还有一大堆没有坦白的事吧? \\n<SURNAME/>比如打着援交的擦边球，\\n<SURNAME/>从那些色老头身上捞钱的事呢?\\n"", ""<SURNAME/>但是，还有一大堆没有坦白的事吧? <SURNAME/>比如打着援交的擦边球， <SURNAME/>从那些色老头身上捞钱的事呢?""]"
merged_versions_conflict,script:337_8,script:337_8:diag4,frontend/public/games/p2is/groups/script_337_8.json,"
<SURNAME/>ヤバイ薬ためしたことは?
<SURNAME/>親父への反発にしちゃ、やり過ぎだって、
<SURNAME/>今さら後悔してるんだよね!!
","
<SURNAME/>试过危险药物的事?
<SURNAME/>作为对父亲的反抗，太过分了，
<SURNAME/>现在后悔了吧!!
","[""\\n<SURNAME/>还有尝试违禁药品的事呢? \\n<SURNAME/>虽说是为了跟老头子对着干，也太过分了，\\n<SURNAME/>现在后悔得要命吧!!\\n"", ""<SURNAME/>还有尝试违禁药品的事呢? <SURNAME/>虽说是为了跟老头子对着干，也太过分了， <SURNAME/>现在后悔得要命吧!!""]","[""\\n<SURNAME/>还有尝试违禁药品的事呢? \\n<SURNAME/>虽说是为了跟老头子对着干，也太过分了，\\n<SURNAME/>现在后悔得要命吧!!\\n"", ""<SURNAME/>还有尝试违禁药品的事呢? <SURNAME/>虽说是为了跟老头子对着干，也太过分了， <SURNAME/>现在后悔得要命吧!!""]"
merged_versions_conflict,script:337_8,script:337_8:diag5,frontend/public/games/p2is/groups/script_337_8.json,"
<SURNAME/>麻美と未歩も、とんだトバッチリだよねぇ〜
<SURNAME/>みーんなステイタスで近づいてくるだけ〜
<SURNAME/>なんて、自意識過剰もイイトコ!
","
<SURNAME/>麻美和未步也真是倒霉呢～
<SURNAME/>大家都只为地位接近～
<SURNAME/>真是，自我意识过剩也有好处!
","[""\\n<SURNAME/>麻美和未步也是倒了血霉呢～\\n<SURNAME/>所有人都是冲着身份才接近我～什么的 、\\n<SURNAME/>简直是自作多情到了极点!\\n"", ""<SURNAME/>麻美和未步也是倒了血霉呢～ <SURNAME/>所有人都是冲着身份才接近我～什么的 、<SURNAME/>简直是自作多情到了极点!""]","[""\\n<SURNAME/>麻美和未步也是倒了血霉呢～\\n<SURNAME/>所有人都是冲着身份才接近我～什么的 、\\n<SURNAME/>简直是自作多情到了极点!\\n"", ""<SURNAME/>麻美和未步也是倒了血霉呢～ <SURNAME/>所有人都是冲着身份才接近我～什么的 、<SURNAME/>简直是自作多情到了极点!""]"
merged_versions_conflict,script:337_8,script:337_8:diag6,frontend/public/games/p2is/groups/script_337_8.json,"
<SURNAME/>大体、<c13/>に付きまとってたのだって、
<SURNAME/>自分ガやられてイヤだった、
<SURNAME/>ステイタス求めてのコトだもんねぇ!!
","
<SURNAME/>你缠着<c13/>不放，
<SURNAME/>不就是因为不想被欺负，
<SURNAME/>想追求地位嘛!!
","[""\\n<SURNAME/>说到底、你缠着<c13/>不放，\\n<SURNAME/>不就是因为讨厌被那样对待，\\n<SURNAME/>所以才想通过他来追求所谓的面子和地位嘛!!\\n"", ""<SURNAME/>说到底、你缠着<c13/>不放， <SURNAME/>不就是因为讨厌被那样对待， <SURNAME/>所以才想通过他来追求所谓的面子和地位嘛!!""]","[""\\n<SURNAME/>说到底、你缠着<c13/>不放，\\n<SURNAME/>不就是因为讨厌被那样对待，\\n<SURNAME/>所以才想通过他来追求所谓的面子和地位嘛!!\\n"", ""<SURNAME/>说到底、你缠着<c13/>不放， <SURNAME/>不就是因为讨厌被那样对待， <SURNAME/>所以才想通过他来追求所谓的面子和地位嘛!!""]"
merged_versions_conflict,script:337_8,script:337_8:diag8,frontend/public/games/p2is/groups/script_337_8.json,"
<SURNAME/>みんなと違うことガ、イヤでイヤで、
<SURNAME/>でも心の底じゃ、目立ちたい、注目されたい。
<SURNAME/>だから、噂の的の<c13/>に付きまとったんだ!
","
<SURNAME/>你讨厌和别人不同，
<SURNAME/>但心底里又想引人注目、想被关注。
<SURNAME/>所以才缠上了传闻中的<c13/>!
","[""\\n<SURNAME/>明明讨厌和别人格格不入，\\n<SURNAME/>但心底里却又渴望出风头、渴望被万众瞩目。\\n<SURNAME/>所以你才缠上了处于话题中心的<c13/>!\\n"", ""<SURNAME/>明明讨厌和别人格格不入， <SURNAME/>但心底里却又渴望出风头、渴望被万众瞩目。 <SURNAME/>所以你才缠上了处于话题中心的<c13/>!""]","[""\\n<SURNAME/>明明讨厌和别人格格不入，\\n<SURNAME/>但心底里却又渴望出风头、渴望被万众瞩目。\\n<SURNAME/>所以你才缠上了处于话题中心的<c13/>!\\n"", ""<SURNAME/>明明讨厌和别人格格不入， <SURNAME/>但心底里却又渴望出风头、渴望被万众瞩目。 <SURNAME/>所以你才缠上了处于话题中心的<c13/>!""]"
merged_versions_conflict,script:337_8,script:337_8:diag9,frontend/public/games/p2is/groups/script_337_8.json,"
<SURNAME/>誰も信じちゃいないくせに、
<SURNAME/>誰かに寄りかかりたいなんて、
<SURNAME/>木〜ント、自分勝手でヤな女!!
","
<SURNAME/>明明谁都不相信，
<SURNAME/>却想依赖别人，
<SURNAME/>哼，真是个任性的讨厌女人!!
","[""\\n<SURNAME/>明明谁都不信任，\\n<SURNAME/>却还妄想着去依赖别人，\\n<SURNAME/>真〜的是个自私透顶又招人嫌的女人!!\\n"", ""<SURNAME/>明明谁都不信任， <SURNAME/>却还妄想着去依赖别人， <SURNAME/>真〜的是个自私透顶又招人嫌的女人!!""]","[""\\n<SURNAME/>明明谁都不信任，\\n<SURNAME/>却还妄想着去依赖别人，\\n<SURNAME/>真〜的是个自私透顶又招人嫌的女人!!\\n"", ""<SURNAME/>明明谁都不信任， <SURNAME/>却还妄想着去依赖别人， <SURNAME/>真〜的是个自私透顶又招人嫌的女人!!""]"
local_conflict_review,script:338_8,script:338_8:diag1,frontend/public/games/p2is/groups/script_338_8.json,"
<SURNAME/>重荷にはなりたくないから…<pause:30/>
<SURNAME/>アハハ…急に、迷惑だよね?
","
<SURNAME/>因为不想成为负担…<pause:30/>
<SURNAME/>啊哈哈…突然这样，很困扰吧?
","[""\\n<SURNAME/>因为不想让它成为自己的负担…<pause:30/>\\n<SURNAME/>啊哈哈…突然这样，很困扰吧?\\n""]","[""\\n<SURNAME/>因为不想让它成为自己的负担…<pause:30/>\\n<SURNAME/>啊哈哈…突然这样，很困扰吧?\\n""]"
local_conflict_review,script:338_8,script:338_8:diag10,frontend/public/games/p2is/groups/script_338_8.json,"
<SURNAME/>でもそれって、保留ってことだよね?
<SURNAME/>いつか凄いイイ女になって、
<SURNAME/>絶対<c13/>を振り向かせて見せるから♥
","
<SURNAME/>但那算是保留吧?
<SURNAME/>总有一天我会成为很棒的女人，
<SURNAME/>绝对会让<c13/>回头看我哦♥
","[""\\n<SURNAME/>但那算是暂时保留答复吧?\\n<SURNAME/>总有一天我会成为很棒的女人，\\n<SURNAME/>绝对会让<c13/>回头看我哦♥\\n""]","[""\\n<SURNAME/>但那算是暂时保留答复吧?\\n<SURNAME/>总有一天我会成为很棒的女人，\\n<SURNAME/>绝对会让<c13/>回头看我哦♥\\n""]"
local_conflict_review,script:338_8,script:338_8:diag11,frontend/public/games/p2is/groups/script_338_8.json,"
<SURNAME/>そうだと思った。
<SURNAME/>急に言われても、やっぱ困るよね。
","
<SURNAME/>我就知道是这样。
<SURNAME/>突然被这么说，果然还是会困扰吧。
","[""\\n<SURNAME/>我就知道是这样。\\n<SURNAME/>突然被这么说，果然还是会感到困扰吧。\\n""]","[""\\n<SURNAME/>我就知道是这样。\\n<SURNAME/>突然被这么说，果然还是会感到困扰吧。\\n""]"
local_conflict_review,script:338_8,script:338_8:diag12,frontend/public/games/p2is/groups/script_338_8.json,"
<SURNAME/>でもそれって、保留って考えていいよね?
<SURNAME/>いつか凄いイイ女になって、
<SURNAME/>絶対<c13/>を振り向かせて見せるから♥
","
<SURNAME/>但那算是保留吧?
<SURNAME/>总有一天我会成为很棒的女人，
<SURNAME/>绝对会让<c13/>回头看我哦♥
","[""\\n<SURNAME/>但那算是暂时保留答复吧?\\n<SURNAME/>总有一天我会成为很棒的女人，\\n<SURNAME/>绝对会让<c13/>回头看我哦♥\\n""]","[""\\n<SURNAME/>但那算是暂时保留答复吧?\\n<SURNAME/>总有一天我会成为很棒的女人，\\n<SURNAME/>绝对会让<c13/>回头看我哦♥\\n""]"
local_conflict_review,script:338_8,script:338_8:diag20,frontend/public/games/p2is/groups/script_338_8.json,"
<SURNAME/>これで、4つ髑髏ガそろったね。
<SURNAME/>いよいよ次は…
","
<SURNAME/>这样一来，四个骷髅都集齐了呢。
<SURNAME/>接下来终于要…
","[""\\n<SURNAME/>这样一来，4个骷髅就都集齐了呢。\\n<SURNAME/>那么，接下来…\\n""]","[""\\n<SURNAME/>这样一来，4个骷髅就都集齐了呢。\\n<SURNAME/>那么，接下来…\\n""]"
local_conflict_review,script:338_8,script:338_8:diag21,frontend/public/games/p2is/groups/script_338_8.json,"
<SURNAME/>よく電波届くなぁ…
","
<SURNAME/>信号还真能传到啊…
","[""\\n<SURNAME/>这种地方信号还能通啊…\\n""]","[""\\n<SURNAME/>这种地方信号还能通啊…\\n""]"
local_conflict_review,script:338_8,script:338_8:diag25,frontend/public/games/p2is/groups/script_338_8.json,"
<SURNAME/>え〜!?
<SURNAME/>イデアル先生ガ、
<SURNAME/>プリンス・トーラスにさらわれたー!?
",\n<SURNAME/>诶～！？\n<SURNAME/>理想老师被，\n<SURNAME/>Prince金牛抓走了！？\n,"[""\\n<SURNAME/>诶～！？\\n<SURNAME/>理想老师被，\\n<SURNAME/>Prince金牛抓走了～！？\\n""]","[""\\n<SURNAME/>诶～！？\\n<SURNAME/>理想老师被，\\n<SURNAME/>Prince金牛抓走了～！？\\n""]"
local_conflict_review,script:338_8,script:338_8:diag5,frontend/public/games/p2is/groups/script_338_8.json,"
<SURNAME/>やっぱり、そうだよね…<pause:30/>
<SURNAME/>ううん、いいの。
<SURNAME/>今のわたしじゃ、舞耶ちゃんには敵わない。
","
<SURNAME/>果然，是这样呢…<pause:30/>
<SURNAME/>不，没关系。
<SURNAME/>现在的我，比不上舞耶酱。
","[""\\n<SURNAME/>果然，是这样呢…<pause:30/>\\n<SURNAME/>不，没关系。\\n<SURNAME/>现在的我，还比不上舞耶酱。\\n""]","[""\\n<SURNAME/>果然，是这样呢…<pause:30/>\\n<SURNAME/>不，没关系。\\n<SURNAME/>现在的我，还比不上舞耶酱。\\n""]"
local_conflict_review,script:338_8,script:338_8:diag7,frontend/public/games/p2is/groups/script_338_8.json,"
<SURNAME/>マ、マジ…?<pause:30/>
<SURNAME/>うーん…ちょっと複雑…かな。
<SURNAME/>恋愛は自由だけど…
","
<SURNAME/>真、真的…?<pause:30/>
<SURNAME/>嗯…有点复杂…吧。
<SURNAME/>恋爱是自由的，但是…
","[""\\n<SURNAME/>真、真的…?<pause:30/>\\n<SURNAME/>嗯…心情有点复杂…吧。\\n<SURNAME/>恋爱是自由的，但是…\\n""]","[""\\n<SURNAME/>真、真的…?<pause:30/>\\n<SURNAME/>嗯…心情有点复杂…吧。\\n<SURNAME/>恋爱是自由的，但是…\\n""]"
local_conflict_review,script:338_8,script:338_8:diag9,frontend/public/games/p2is/groups/script_338_8.json,"
<SURNAME/>もうやん!!<pause:30/>
<SURNAME/><c13/>ってばふざけて!!
","
<SURNAME/>够了啦!!<pause:30/>
<SURNAME/><c13/>你开玩笑!!
","[""\\n<SURNAME/>够了啦!!<pause:30/>\\n<SURNAME/><c13/>别玩笑了!!\\n""]","[""\\n<SURNAME/>够了啦!!<pause:30/>\\n<SURNAME/><c13/>别玩笑了!!\\n""]"
local_conflict_review,script:340_8,script:340_8:diag0,frontend/public/games/p2is/groups/script_340_8.json,"
<SURNAME/>仮面党の組織は、まだ生きてる…<pause:30/>
<SURNAME/>ほんとに、淳のお父さん、
<SURNAME/>倒さなきゃいけないのかな…
","
<SURNAME/>假面党的组织，还活着…<pause:30/>
<SURNAME/>真的，非得打倒
<SURNAME/>纯的父亲不可吗…
","[""\\n<SURNAME/>假面党的组织，还活着…<pause:30/>\\n<SURNAME/>真的，非得打倒\\n<SURNAME/>淳的父亲不可吗…\\n""]","[""\\n<SURNAME/>假面党的组织，还活着…<pause:30/>\\n<SURNAME/>真的，非得打倒\\n<SURNAME/>淳的父亲不可吗…\\n""]"
local_conflict_review,script:340_8,script:340_8:diag17,frontend/public/games/p2is/groups/script_340_8.json,"
<SURNAME/>あの子たちのためにも、
<SURNAME/>僕ガ父さんを止めなければ…<pause:30/>
<SURNAME/>操り人形のままじゃ、終われない!!
",\n<SURNAME/>为了那些孩子，\n<SURNAME/>我必须阻止父亲…<pause:30/>\n<SURNAME/>绝不能当一辈子傀儡!!\n,"[""\\n<SURNAME/>为了那些孩子们，\\n<SURNAME/>我必须阻止父亲…<pause:30/>\\n<SURNAME/>绝不能当一辈子傀儡!!\\n""]","[""\\n<SURNAME/>为了那些孩子们，\\n<SURNAME/>我必须阻止父亲…<pause:30/>\\n<SURNAME/>绝不能当一辈子傀儡!!\\n""]"
local_conflict_review,script:340_8,script:340_8:diag18,frontend/public/games/p2is/groups/script_340_8.json,"
<SURNAME/>あと一つだね…<pause:30/>
<SURNAME/>あと一つで、天の水晶髑髏以外の髑髏ガ、
<SURNAME/>全部揃う。
",\n<SURNAME/>还剩一个了…<pause:30/>\n<SURNAME/>还剩一个，除天之水晶骷髅外，\n<SURNAME/>所有骷髅就集齐了。\n,"[""\\n<SURNAME/>还剩一个了…<pause:30/>\\n<SURNAME/>还剩一个，除天之水晶骷髅外，\\n<SURNAME/>所有的骷髅就都集齐了。\\n""]","[""\\n<SURNAME/>还剩一个了…<pause:30/>\\n<SURNAME/>还剩一个，除天之水晶骷髅外，\\n<SURNAME/>所有的骷髅就都集齐了。\\n""]"
local_conflict_review,script:344_8,script:344_8:diag0:p1,frontend/public/games/p2is/groups/script_344_8.json,"<c1d:11/>栄吉の声<c1d:1/>
<SURNAME/>おバカでマヌケな栄吉くんのお〜!!
<SURNAME/>おかしなおかしな、
<SURNAME/>ラブストーリーでございま〜す!!
","<c1d:11/>荣吉的声音<c1d:1/>
<SURNAME/>又笨又蠢的荣吉君哦〜!!
<SURNAME/>奇怪奇怪的、
<SURNAME/>爱情故事来也〜!!
","[""<c1d:11/>荣吉的声音<c1d:1/>\\n<SURNAME/>又笨又蠢的荣吉君哦〜!!\\n<SURNAME/>那荒诞滑稽的、\\n<SURNAME/>爱情故事来也〜!!\\n""]","[""<c1d:11/>荣吉的声音<c1d:1/>\\n<SURNAME/>又笨又蠢的荣吉君哦〜!!\\n<SURNAME/>那荒诞滑稽的、\\n<SURNAME/>爱情故事来也〜!!\\n""]"
local_conflict_review,script:344_8,script:344_8:diag1,frontend/public/games/p2is/groups/script_344_8.json,"
<SURNAME/>あんた何言ってんの?
<SURNAME/>なにも、自分でおバカでマヌケって言わなくても…
","
<SURNAME/>你在说什么啊？
<SURNAME/>没必要自己说又笨又蠢的…
","[""\\n<SURNAME/>你在说什么呢？\\n<SURNAME/>也没必要自己骂自己又笨又蠢吧…\\n""]","[""\\n<SURNAME/>你在说什么呢？\\n<SURNAME/>也没必要自己骂自己又笨又蠢吧…\\n""]"
local_conflict_review,script:344_8,script:344_8:diag11,frontend/public/games/p2is/groups/script_344_8.json,"
<SURNAME/>ノンノンノン…<pause:30/>
<SURNAME/>レディの気持ちガわからないヤツだねぇ〜
","
<SURNAME/>不不不…<pause:30/>
<SURNAME/>你根本不懂淑女的心啊～
","[""\\n<SURNAME/>NONONO…<pause:30/>\\n<SURNAME/>你根本不懂淑女的心啊～\\n""]","[""\\n<SURNAME/>NONONO…<pause:30/>\\n<SURNAME/>你根本不懂淑女的心啊～\\n""]"
local_conflict_review,script:344_8,script:344_8:diag12,frontend/public/games/p2is/groups/script_344_8.json,"
<SURNAME/>デブだから嫌いよ!!<SURNAME/>って言った相手ガ、
<SURNAME/>すっかり自分よりスマートんなって、
<SURNAME/>目の前に現れてみなよ?
","
<SURNAME/>因为你是胖子才讨厌你!!<SURNAME/>说过这话的人，
<SURNAME/>现在变得比自己还苗条，
<SURNAME/>出现在眼前试试?
","[""\\n<SURNAME/>当年说着最讨厌胖子!!<SURNAME/>的当事人，\\n<SURNAME/>变得比自己还要苗条，\\n<SURNAME/>并且就这么出现在眼前，你试想一下那种画面?\\n""]","[""\\n<SURNAME/>当年说着最讨厌胖子!!<SURNAME/>的当事人，\\n<SURNAME/>变得比自己还要苗条，\\n<SURNAME/>并且就这么出现在眼前，你试想一下那种画面?\\n""]"
local_conflict_review,script:344_8,script:344_8:diag13,frontend/public/games/p2is/groups/script_344_8.json,"
<SURNAME/>しかもそいつときたら、すっかりヒネちゃって、
<SURNAME/>ガラにもないナルシスト気どり。
","
<SURNAME/>而且那家伙啊，完全扭曲了，
<SURNAME/>装模作样地自恋起来。
","[""\\n<SURNAME/>而且那家伙啊，已经完全扭曲了，\\n<SURNAME/>开始装模作样地自恋起来。\\n""]","[""\\n<SURNAME/>而且那家伙啊，已经完全扭曲了，\\n<SURNAME/>开始装模作样地自恋起来。\\n""]"
local_conflict_review,script:344_8,script:344_8:diag14,frontend/public/games/p2is/groups/script_344_8.json,"
<SURNAME/>罪ほろぼしでプクプクになった方にしてみたら、
<SURNAME/>合わせるお顔ガないってぇもんさ。
<SURNAME/>ドゥ<SURNAME/>ユー<SURNAME/>アンダー<SURNAME/>スタ〜ン?
","
<SURNAME/>对因赎罪而胖嘟嘟的那位来说，
<SURNAME/>叫做没脸见人啦。
<SURNAME/>Do you understa～nd?
","[""\\n<SURNAME/>对于那个为了赎罪而让自己变得胖乎乎的人来说，\\n<SURNAME/>哪里还有脸见你啊。\\n<SURNAME/>Do you understa～nd?\\n""]","[""\\n<SURNAME/>对于那个为了赎罪而让自己变得胖乎乎的人来说，\\n<SURNAME/>哪里还有脸见你啊。\\n<SURNAME/>Do you understa～nd?\\n""]"
local_conflict_review,script:344_8,script:344_8:diag15,frontend/public/games/p2is/groups/script_344_8.json,"
<SURNAME/>そうなのか…?<pause:30/>
<SURNAME/>俺に見られたくなくて…<pause:30/>
<SURNAME/>だから名前も言わず、逃げ回って…
","
<SURNAME/>是这样吗…?<pause:30/>
<SURNAME/>不想被我看到…<pause:30/>
<SURNAME/>所以才不说名字，一直逃避…
","[""\\n<SURNAME/>是这样吗…?<pause:30/>\\n<SURNAME/>不想被我看到现在的样子…<pause:30/>\\n<SURNAME/>所以才连名字都不敢说，一直逃避…\\n""]","[""\\n<SURNAME/>是这样吗…?<pause:30/>\\n<SURNAME/>不想被我看到现在的样子…<pause:30/>\\n<SURNAME/>所以才连名字都不敢说，一直逃避…\\n""]"
local_conflict_review,script:344_8,script:344_8:diag16,frontend/public/games/p2is/groups/script_344_8.json,"
<SURNAME/>ごめんなさい…<pause:30/>
<SURNAME/>仮面党ガ…栄吉君の敵だって…<pause:30/>
<SURNAME/>知ってたのに…私…
","
<SURNAME/>对不起…<pause:30/>
<SURNAME/>假面党…是荣吉君的敌人…<pause:30/>
<SURNAME/>我明明知道的…却…
","[""\\n<SURNAME/>对不起…<pause:30/>\\n<SURNAME/>明明知道假面党…是荣吉君的敌人…<pause:30/>\\n<SURNAME/>可我还…是…\\n""]","[""\\n<SURNAME/>对不起…<pause:30/>\\n<SURNAME/>明明知道假面党…是荣吉君的敌人…<pause:30/>\\n<SURNAME/>可我还…是…\\n""]"
local_conflict_review,script:344_8,script:344_8:diag17,frontend/public/games/p2is/groups/script_344_8.json,"
<SURNAME/>んん〜確かにユーは美人だ。
<SURNAME/>もう、ミーのものだよ、ハニー♥<pause:30/>
","
<SURNAME/>嗯嗯～你确实是个美人。
<SURNAME/>现在起，你就是我的了，甜心♥<pause:30/>
","[""\\n<SURNAME/>嗯嗯～你确实是个美人。\\n<SURNAME/>现在起，你就是My的了，Honey♥<pause:30/>\\n""]","[""\\n<SURNAME/>嗯嗯～你确实是个美人。\\n<SURNAME/>现在起，你就是My的了，Honey♥<pause:30/>\\n""]"
local_conflict_review,script:344_8,script:344_8:diag18,frontend/public/games/p2is/groups/script_344_8.json,"
<SURNAME/>心の狭い男のことは、忘れちまいな。
<SURNAME/>ヤツも許せないって…
","
<SURNAME/>把那个小心眼男人忘了吧。
<SURNAME/>他也不会原谅你的…
","[""\\n<SURNAME/>把那个小心眼男人忘了吧。\\n<SURNAME/>反正那家伙也不会原谅你的…\\n""]","[""\\n<SURNAME/>把那个小心眼男人忘了吧。\\n<SURNAME/>反正那家伙也不会原谅你的…\\n""]"
local_conflict_review,script:344_8,script:344_8:diag19,frontend/public/games/p2is/groups/script_344_8.json,"
<SURNAME/>汚ぇ手をどけな…偽者野郎…<pause:30/>
<SURNAME/>雅は…<pause:30/>
<SURNAME/>俺の女だ!!
","
<SURNAME/>脏手拿开…冒牌货…<pause:30/>
<SURNAME/>雅她…<pause:30/>
<SURNAME/>是老子的女人!!
","[""\\n<SURNAME/>把你的脏手拿开…冒牌货…<pause:30/>\\n<SURNAME/>雅她…<pause:30/>\\n<SURNAME/>是老子的女人!!\\n""]","[""\\n<SURNAME/>把你的脏手拿开…冒牌货…<pause:30/>\\n<SURNAME/>雅她…<pause:30/>\\n<SURNAME/>是老子的女人!!\\n""]"
local_conflict_review,script:344_8,script:344_8:diag2,frontend/public/games/p2is/groups/script_344_8.json,"
<SURNAME/>バーロイ!!
<SURNAME/>てめぇでそんなこと言うか!!
","
<SURNAME/>混蛋！！
<SURNAME/>你自己会说那种话吗！！
","[""\\n<SURNAME/>放屁！！\\n<SURNAME/>老子疯了才会自己说这种话！！\\n""]","[""\\n<SURNAME/>放屁！！\\n<SURNAME/>老子疯了才会自己说这种话！！\\n""]"
local_conflict_review,script:344_8,script:344_8:diag21,frontend/public/games/p2is/groups/script_344_8.json,"
<SURNAME/>チッ!!
","
<SURNAME/>啧!!
","[""\\n<SURNAME/>切!!\\n""]","[""\\n<SURNAME/>切!!\\n""]"
local_conflict_review,script:344_8,script:344_8:diag3,frontend/public/games/p2is/groups/script_344_8.json,"
<SURNAME/>は、はなはなはなはな…<pause:30/>
<SURNAME/>華小路さん!?
","
<SURNAME/>花、花花花花…<pause:30/>
<SURNAME/>华小路小姐！？
","[""\\n<SURNAME/>华、华华华华…<pause:30/>\\n<SURNAME/>华小路小姐！？\\n""]","[""\\n<SURNAME/>华、华华华华…<pause:30/>\\n<SURNAME/>华小路小姐！？\\n""]"
local_conflict_review,script:344_8,script:344_8:diag4,frontend/public/games/p2is/groups/script_344_8.json,"
<SURNAME/>そ、そんな…!?<pause:30/>
<SURNAME/>え、栄吉君ガ二人…!?
","
<SURNAME/>那、那样…!?<pause:30/>
<SURNAME/>诶，荣吉君有两个…!?
","[""\\n<SURNAME/>怎、怎么会…!?<pause:30/>\\n<SURNAME/>有，有两个荣吉君…!?\\n""]","[""\\n<SURNAME/>怎、怎么会…!?<pause:30/>\\n<SURNAME/>有，有两个荣吉君…!?\\n""]"
local_conflict_review,script:344_8,script:344_8:diag5,frontend/public/games/p2is/groups/script_344_8.json,"
<SURNAME/>な、なんなんなんなんで!?
<SURNAME/>お、俺の偽者なんかと…<pause:30/>
<SURNAME/>そ、それに、そんなキレイにやせちまって…
","
<SURNAME/>为、为什么为什么为什么!?
<SURNAME/>和、和我的冒牌货…<pause:30/>
<SURNAME/>而、而且，还变得那么漂亮瘦了…
","[""\\n<SURNAME/>为、为什么会这样!?\\n<SURNAME/>你、你怎么会跟我的冒牌货在一起…<pause:30/>\\n<SURNAME/>而、而且，还变得这么漂亮这么瘦了…\\n""]","[""\\n<SURNAME/>为、为什么会这样!?\\n<SURNAME/>你、你怎么会跟我的冒牌货在一起…<pause:30/>\\n<SURNAME/>而、而且，还变得这么漂亮这么瘦了…\\n""]"
local_conflict_review,script:344_8,script:344_8:diag6,frontend/public/games/p2is/groups/script_344_8.json,"
<SURNAME/>ミス雅は、仮面党員になったのさ!
<SURNAME/>おおっと!!<SURNAME/>雅を青めるのは、ナンセ〜ンス!
<SURNAME/>ここまで追いつめたのは、ユーなんだからねぇ〜
","
<SURNAME/>雅小姐成了假面党员了！
<SURNAME/>哦哦!!<SURNAME/>让雅困扰，真是Non～sense!
<SURNAME/>把她逼到这一步的，可是你哦～
","[""\\n<SURNAME/>雅小姐已经加入假面党员了哦！\\n<SURNAME/>哦天啊!!<SURNAME/>让雅困扰，真是Non～sense!\\n<SURNAME/>把她逼到这一步的，不就是You吗～\\n""]","[""\\n<SURNAME/>雅小姐已经加入假面党员了哦！\\n<SURNAME/>哦天啊!!<SURNAME/>让雅困扰，真是Non～sense!\\n<SURNAME/>把她逼到这一步的，不就是You吗～\\n""]"
local_conflict_review,script:344_8,script:344_8:diag9,frontend/public/games/p2is/groups/script_344_8.json,"
<SURNAME/>でも…みんなの前で…はずかしくて…<pause:30/>
<SURNAME/>心にもないことを言って…<pause:30/>
<SURNAME/>あなたを傷つけて…
","
<SURNAME/>但是…在大家面前…好害羞…<pause:30/>
<SURNAME/>说了违心的话…<pause:30/>
<SURNAME/>伤害了你…
","[""\\n<SURNAME/>但是…在大家面前…太害羞了…<pause:30/>\\n<SURNAME/>总是口是心非…<pause:30/>\\n<SURNAME/>结果深深伤害了你…\\n""]","[""\\n<SURNAME/>但是…在大家面前…太害羞了…<pause:30/>\\n<SURNAME/>总是口是心非…<pause:30/>\\n<SURNAME/>结果深深伤害了你…\\n""]"
local_conflict_review,script:345_8,script:345_8:diag14,frontend/public/games/p2is/groups/script_345_8.json,"
<SURNAME/>これで、4つの髑髏ガ揃ったってわけだ…<pause:30/>
<SURNAME/>後は…
","
<SURNAME/>这样四个髑髅就齐了…<pause:30/>
<SURNAME/>接下来…
","[""\\n<SURNAME/>这样一来，4个骷髅就都集齐了呢。\\n<SURNAME/>那么，接下来…\\n""]","[""\\n<SURNAME/>这样一来，4个骷髅就都集齐了呢。\\n<SURNAME/>那么，接下来…\\n""]"
local_conflict_review,script:347_8,script:347_8:diag15,frontend/public/games/p2is/groups/script_347_8.json,"
<SURNAME/>グランドクロスを象徴する4つの星座には、
<SURNAME/>それぞれ、地水火風のエレメントガ
<SURNAME/>割り当てられているんだ…
",\n<SURNAME/>象征大十字的四个星座，\n<SURNAME/>分别被分配了\n<SURNAME/>地水火风四大元素…\n,"[""\\n<SURNAME/>象征大十字的四个星座，\\n<SURNAME/>分别被赋予了\\n<SURNAME/>地水火风四大元素…\\n""]","[""\\n<SURNAME/>象征大十字的四个星座，\\n<SURNAME/>分别被赋予了\\n<SURNAME/>地水火风四大元素…\\n""]"
local_conflict_review,script:347_8,script:347_8:diag19,frontend/public/games/p2is/groups/script_347_8.json,"
<SURNAME/>父さん…?
<SURNAME/>そう…<pause:30/>
<SURNAME/>父さんだ…
",\n<SURNAME/>父亲…?\n<SURNAME/>是啊…<pause:30/>\n<SURNAME/>是父亲…\n,"[""\\n<SURNAME/>父亲…？\\n<SURNAME/>是啊…<pause:30/>\\n<SURNAME/>是父亲…\\n""]","[""\\n<SURNAME/>父亲…？\\n<SURNAME/>是啊…<pause:30/>\\n<SURNAME/>是父亲…\\n""]"
local_conflict_review,script:347_8,script:347_8:diag2,frontend/public/games/p2is/groups/script_347_8.json,"
<SURNAME/>フィレモンは、「ある者」ガ噂を現実にしてるって
<SURNAME/>言ってたけど…<pause:30/>
<SURNAME/>それって、淳のお父さんなのかな…?
","
<SURNAME/>菲勒蒙说，'某人'让传闻成真
<SURNAME/>但是…<pause:30/>
<SURNAME/>那难道是，纯的父亲吗…?
","[""\\n<SURNAME/>费列蒙说，'某人'让传闻成真\\n<SURNAME/>但是…<pause:30/>\\n<SURNAME/>那难道说，是淳的父亲吗…?\\n""]","[""\\n<SURNAME/>费列蒙说，'某人'让传闻成真\\n<SURNAME/>但是…<pause:30/>\\n<SURNAME/>那难道说，是淳的父亲吗…?\\n""]"
local_conflict_review,script:347_8,script:347_8:diag20,frontend/public/games/p2is/groups/script_347_8.json,"
<SURNAME/>あの子たちのためにも、
<SURNAME/>僕ガ父さんを止めなければ…<pause:30/>
<SURNAME/>操り人形のままじゃ、終われない!!
",\n<SURNAME/>为了那些孩子，\n<SURNAME/>我必须阻止父亲…<pause:30/>\n<SURNAME/>绝不能当一辈子傀儡!!\n,"[""\\n<SURNAME/>为了那些孩子们，\\n<SURNAME/>我必须阻止父亲…<pause:30/>\\n<SURNAME/>绝不能当一辈子傀儡!!\\n""]","[""\\n<SURNAME/>为了那些孩子们，\\n<SURNAME/>我必须阻止父亲…<pause:30/>\\n<SURNAME/>绝不能当一辈子傀儡!!\\n""]"
local_conflict_review,script:347_8,script:347_8:diag21,frontend/public/games/p2is/groups/script_347_8.json,"
<SURNAME/>あと一つだね…<pause:30/>
<SURNAME/>あと一つで、天の水晶髑髏以外の髑髏ガ、
<SURNAME/>全部揃う。
",\n<SURNAME/>还剩一个了…<pause:30/>\n<SURNAME/>还剩一个，除天之水晶骷髅外，\n<SURNAME/>所有骷髅就集齐了。\n,"[""\\n<SURNAME/>还剩一个了…<pause:30/>\\n<SURNAME/>还剩一个，除天之水晶骷髅外，\\n<SURNAME/>所有的骷髅就都集齐了。\\n""]","[""\\n<SURNAME/>还剩一个了…<pause:30/>\\n<SURNAME/>还剩一个，除天之水晶骷髅外，\\n<SURNAME/>所有的骷髅就都集齐了。\\n""]"
local_conflict_review,script:347_8,script:347_8:diag22,frontend/public/games/p2is/groups/script_347_8.json,"
<SURNAME/>その後は…<pause:30/>
<SURNAME/>父さんを倒すだけだ。
",\n<SURNAME/>之后便是…<pause:30/>\n<SURNAME/>打倒父亲。\n,"[""\\n<SURNAME/>之后…<pause:30/>\\n<SURNAME/>就只剩打倒父亲了。\\n""]","[""\\n<SURNAME/>之后…<pause:30/>\\n<SURNAME/>就只剩打倒父亲了。\\n""]"
local_conflict_review,script:349_8,script:349_8:diag1,frontend/public/games/p2is/groups/script_349_8.json,"
<SURNAME/>ほら、好好!!(木ゥ木ゥ)って、元気だそ?
<SURNAME/>好好!!
<SURNAME/>好好!!
","
<SURNAME/>看，好好!!(木木)地，很精神吧?
<SURNAME/>好好!!
<SURNAME/>好好!!
","[""\\n<SURNAME/>看，好好!!(hou2 hou2)地，很有精神吧?\\n<SURNAME/>好好!!\\n<SURNAME/>好好!!\\n""]","[""\\n<SURNAME/>看，好好!!(hou2 hou2)地，很有精神吧?\\n<SURNAME/>好好!!\\n<SURNAME/>好好!!\\n""]"
local_conflict_review,script:349_8,script:349_8:diag2,frontend/public/games/p2is/groups/script_349_8.json,"
<SURNAME/>フッフッフ…<pause:30/>
<SURNAME/>木ゥなら、このミッシェル様にまかせたまえ。
","
<SURNAME/>呵呵呵…<pause:30/>
<SURNAME/>木的话，就交给本米切大人吧。
","[""\\n<SURNAME/>呵呵呵…<pause:30/>\\n<SURNAME/>好的话，就交给本米歇尔大人吧。\\n""]","[""\\n<SURNAME/>呵呵呵…<pause:30/>\\n<SURNAME/>好的话，就交给本米歇尔大人吧。\\n""]"
local_conflict_review,script:349_8,script:349_8:diag3,frontend/public/games/p2is/groups/script_349_8.json,"
<SURNAME/>オゥケェイ!<SURNAME/>エブリバデカモン!
<SURNAME/>はい、ご一緒にい〜
<SURNAME/>レェェェェッツ…
","
<SURNAME/>Okay!<SURNAME/>Every buddy come on!
<SURNAME/>来，大家一起～
<SURNAME/>Let's…
","[""\\n<SURNAME/>Okay!<SURNAME/>Everybody come on!\\n<SURNAME/>来，大家一起～\\n<SURNAME/>Let's…\\n""]","[""\\n<SURNAME/>Okay!<SURNAME/>Everybody come on!\\n<SURNAME/>来，大家一起～\\n<SURNAME/>Let's…\\n""]"
local_conflict_review,script:349_8,script:349_8:diag4,frontend/public/games/p2is/groups/script_349_8.json,"
<SURNAME/>木ォォォォォォォォォォォォォォォォォォウ!!
","
<SURNAME/>木哦哦哦哦哦哦哦哦哦哦哦哦哦哦哦哦哦!!
","[""\\n<SURNAME/>好哦哦哦哦哦哦哦哦哦哦哦哦哦哦哦哦哦!!\\n""]","[""\\n<SURNAME/>好哦哦哦哦哦哦哦哦哦哦哦哦哦哦哦哦哦!!\\n""]"
local_conflict_review,script:352_8,script:352_8:diag0,frontend/public/games/p2is/groups/script_352_8.json,"
<SURNAME/>ククク、愚か者ガ…<pause:30/>
<SURNAME/>本来この場に座する者ガ、誰かも知らずに…
","
<SURNAME/>呵呵呵，愚者啊…<pause:30/>
<SURNAME/>连本该坐于此位者是谁都不知道…
","[""\\n<SURNAME/>呵呵呵，愚蠢的人啊…<pause:30/>\\n<SURNAME/>连本该坐于此位的人是谁都不知道…\\n""]","[""\\n<SURNAME/>呵呵呵，愚蠢的人啊…<pause:30/>\\n<SURNAME/>连本该坐于此位的人是谁都不知道…\\n""]"
local_conflict_review,script:352_8,script:352_8:diag2,frontend/public/games/p2is/groups/script_352_8.json,"
<SURNAME/>うっ…<pause:30/>
<SURNAME/>マ…マ…?
","
<SURNAME/>呜…<pause:30/>
<SURNAME/>麻…麻…?
","[""\\n<SURNAME/>呜…<pause:30/>\\n<SURNAME/>妈…妈…?\\n""]","[""\\n<SURNAME/>呜…<pause:30/>\\n<SURNAME/>妈…妈…?\\n""]"
local_conflict_review,script:352_8,script:352_8:diag4,frontend/public/games/p2is/groups/script_352_8.json,"
<SURNAME/>う、うん…<pause:30/>
<SURNAME/>大丈夫…<pause:30/>
<SURNAME/>さあ、早く髑髏取らなくちゃ…
","
<SURNAME/>嗯，嗯…<pause:30/>
<SURNAME/>没事…<pause:30/>
<SURNAME/>来，得快点拿到髑髅…
","[""\\n<SURNAME/>嗯，嗯…<pause:30/>\\n<SURNAME/>没事…<pause:30/>\\n<SURNAME/>来，得快点拿到骷髅…\\n""]","[""\\n<SURNAME/>嗯，嗯…<pause:30/>\\n<SURNAME/>没事…<pause:30/>\\n<SURNAME/>来，得快点拿到骷髅…\\n""]"
local_conflict_review,script:352_8,script:352_8:diag6,frontend/public/games/p2is/groups/script_352_8.json,"
<SURNAME/>これで、地水火風4つの髑髏ガ揃った…<pause:30/>
<SURNAME/>後は…
","
<SURNAME/>这样一来，地水火风四个髑髅集齐了…<pause:30/>
<SURNAME/>之后…
","[""\\n<SURNAME/>这样一来，4个骷髅就都集齐了呢。\\n<SURNAME/>那么，接下来…\\n""]","[""\\n<SURNAME/>这样一来，4个骷髅就都集齐了呢。\\n<SURNAME/>那么，接下来…\\n""]"
local_conflict_review,script:353_8,script:353_8:diag2,frontend/public/games/p2is/groups/script_353_8.json,"
<SURNAME/>そうか…<pause:30/>
<SURNAME/>だからイデアル先生は、
<SURNAME/>いつもここでなんかしてたんだ。","
<SURNAME/>是吗…<pause:30/>
<SURNAME/>所以伊迪尔老师，
<SURNAME/>总在这里做些什么。","[""\\n<SURNAME/>是吗…<pause:30/>\\n<SURNAME/>所以理想老师，\\n<SURNAME/>总在这里做些什么。""]","[""\\n<SURNAME/>是吗…<pause:30/>\\n<SURNAME/>所以理想老师，\\n<SURNAME/>总在这里做些什么。""]"
local_conflict_review,script:353_8,script:353_8:diag4,frontend/public/games/p2is/groups/script_353_8.json,"
<SURNAME/>セブンスの地下に、七夕川から別れた、
<SURNAME/>天の川ガあるはずだって…","
<SURNAME/>在七姊妹的地下，从七夕川分出的、
<SURNAME/>应该有条天河…","[""\\n<SURNAME/>在七姐妹的地下，从七夕川分出的、\\n<SURNAME/>应该有条天河…""]","[""\\n<SURNAME/>在七姐妹的地下，从七夕川分出的、\\n<SURNAME/>应该有条天河…""]"
local_conflict_review,script:353_8,script:353_8:diag6,frontend/public/games/p2is/groups/script_353_8.json,"
<SURNAME/>この中に入ったら、
<SURNAME/>戻ってこれるかどうかわからないわね…<pause:30/>
<SURNAME/><c13/>クン、準備は万全?","
<SURNAME/>一旦进入这里，
<SURNAME/>就不知道能不能回来了…<pause:30/>
<SURNAME/><c13/>君，准备万全吗?","[""\\n<SURNAME/>一旦进入这里，\\n<SURNAME/>就不知道能不能回来了…<pause:30/>\\n<SURNAME/><c13/>君，准备好了吗?""]","[""\\n<SURNAME/>一旦进入这里，\\n<SURNAME/>就不知道能不能回来了…<pause:30/>\\n<SURNAME/><c13/>君，准备好了吗?""]"
local_conflict_review,script:355_8,script:355_8:diag0,frontend/public/games/p2is/groups/script_355_8.json,"
<SURNAME/>哎呀(アイヤー)…<pause:30/>
<SURNAME/>ほんとに川だ。
","
<SURNAME/>哎呀…<pause:30/>
<SURNAME/>真的是河啊。
","[""\\n<SURNAME/>哎呀(ai1 jaa3)…<pause:30/>\\n<SURNAME/>真的是河啊。\\n""]","[""\\n<SURNAME/>哎呀(ai1 jaa3)…<pause:30/>\\n<SURNAME/>真的是河啊。\\n""]"
local_conflict_review,script:355_8,script:355_8:diag14,frontend/public/games/p2is/groups/script_355_8.json,"
<SURNAME/>木ラ、私の運転する乗り物で、
<SURNAME/>今まで死人出したことないのガ自慢だし?
<SURNAME/>アハ…アハハハハハハ!!
","
<SURNAME/>因为，我开的车，
<SURNAME/>至今没出过人命，这可是我的骄傲哦?
<SURNAME/>啊哈…啊哈哈哈!!
","[""\\n<SURNAME/>诶，搭乘由我来开的载具，\\n<SURNAME/>至今还没出过人命呢，这可是我的骄傲哦?\\n<SURNAME/>啊哈…啊哈哈哈!!\\n""]","[""\\n<SURNAME/>诶，搭乘由我来开的载具，\\n<SURNAME/>至今还没出过人命呢，这可是我的骄傲哦?\\n<SURNAME/>啊哈…啊哈哈哈!!\\n""]"
local_conflict_review,script:355_8,script:355_8:diag15,frontend/public/games/p2is/groups/script_355_8.json,"
<SURNAME/>…おとなしく、<c13/>と運転代わるよね?
<SURNAME/>舞耶ちゃん?
","
<SURNAME/>…乖乖地，<c13/>换你开车吧?
<SURNAME/>舞耶酱?
","[""\\n<SURNAME/>…安分一点，<c13/>换你来开吧?\\n<SURNAME/>舞耶酱?\\n""]","[""\\n<SURNAME/>…安分一点，<c13/>换你来开吧?\\n<SURNAME/>舞耶酱?\\n""]"
local_conflict_review,script:356_8,script:356_8:diag0,frontend/public/games/p2is/groups/script_356_8.json,"
<SURNAME/>モーやだ!
<SURNAME/>さっきからおんなじ景色ばっか!!
<SURNAME/>あきたあきたあきた〜!<unk7/>","<SURNAME/>烦死了！
<SURNAME/>从刚才就全是一样的景色！
<SURNAME/>腻了腻了～!<unk7/>","[""<SURNAME/>受不了了！\\n<SURNAME/>从刚才起就全是一样的景色！\\n<SURNAME/>看腻了看腻了看腻了～!<unk7/>""]","[""<SURNAME/>受不了了！\\n<SURNAME/>从刚才起就全是一样的景色！\\n<SURNAME/>看腻了看腻了看腻了～!<unk7/>""]"
local_conflict_review,script:356_8,script:356_8:diag1,frontend/public/games/p2is/groups/script_356_8.json,"
<SURNAME/>ギャーギャー騒ぐな!!
<SURNAME/>じゃあなにか?<SURNAME/>映画のお約束よろしく、
<SURNAME/>滝でもありゃ満足なのか?<SURNAME/>ええ!?<unk7/>","<SURNAME/>别吵了!!
<SURNAME/>那想怎样?<SURNAME/>按电影套路，
<SURNAME/>有瀑布就满意?<SURNAME/>啊!?<unk7/>","[""<SURNAME/>别吵吵嚷嚷的!!\\n<SURNAME/>那你想怎样?<SURNAME/>像电影里的老套剧情，\\n<SURNAME/>有瀑布出现才满意吗?<SURNAME/>诶诶!?<unk7/>""]","[""<SURNAME/>别吵吵嚷嚷的!!\\n<SURNAME/>那你想怎样?<SURNAME/>像电影里的老套剧情，\\n<SURNAME/>有瀑布出现才满意吗?<SURNAME/>诶诶!?<unk7/>""]"
local_conflict_review,script:357_8,script:357_8:diag1,frontend/public/games/p2is/groups/script_357_8.json,"
<SURNAME/>君は、リサと舞耶姉さんを頼む。
<SURNAME/>僕はミッシェルの様子を見るから。
","
<SURNAME/>你，拜托照顾丽莎和舞耶姐姐。
<SURNAME/>我去看看米切的情况。
","[""\\n<SURNAME/>你，拜托照顾好丽莎和舞耶姐。\\n<SURNAME/>我去看看米歇尔的情况。\\n""]","[""\\n<SURNAME/>你，拜托照顾好丽莎和舞耶姐。\\n<SURNAME/>我去看看米歇尔的情况。\\n""]"
local_conflict_review,script:357_8,script:357_8:diag7,frontend/public/games/p2is/groups/script_357_8.json,"
<SURNAME/>ところで淳よ…<pause:30/>
<SURNAME/>さっきから何見て…
","
<SURNAME/>话说淳啊…<pause:30/>
<SURNAME/>你从刚才在看什么…
","[""\\n<SURNAME/>话说淳啊…<pause:30/>\\n<SURNAME/>你从刚才起在看什么呢…\\n""]","[""\\n<SURNAME/>话说淳啊…<pause:30/>\\n<SURNAME/>你从刚才起在看什么呢…\\n""]"
local_conflict_review,script:358_8,script:358_8:diag0,frontend/public/games/p2is/groups/script_358_8.json,"
<SURNAME/>木ワッツ?
<SURNAME/>この穴なんだろねぇ〜?
<SURNAME/>誰か、ミッシェル様をのぞいてんのかな?","
<SURNAME/>啥玩意儿？
<SURNAME/>这个洞是啥呀～？
<SURNAME/>有谁在偷看米切大人吗？","[""\\n<SURNAME/>What？\\n<SURNAME/>这个洞是什么啊～？\\n<SURNAME/>是有谁在偷看我米歇尔大人吗？""]","[""\\n<SURNAME/>What？\\n<SURNAME/>这个洞是什么啊～？\\n<SURNAME/>是有谁在偷看我米歇尔大人吗？""]"
local_conflict_review,script:358_8,script:358_8:diag3,frontend/public/games/p2is/groups/script_358_8.json,"
<SURNAME/>じょ、じょ、冗談じゃねぇ…!
<SURNAME/>もう少しで、このビュリ木ーな美貌に
<SURNAME/>穴ガ開くとこだったぜ…","
<SURNAME/>开、开什么玩笑…！
<SURNAME/>差一点，我这美丽的美貌
<SURNAME/>就要被开洞了…","[""\\n<SURNAME/>开、开什么玩笑…！\\n<SURNAME/>差一点，我这beautiful的美貌\\n<SURNAME/>就要被戳出窟窿了…""]","[""\\n<SURNAME/>开、开什么玩笑…！\\n<SURNAME/>差一点，我这beautiful的美貌\\n<SURNAME/>就要被戳出窟窿了…""]"
local_conflict_review,script:359_8,script:359_8:diag0,frontend/public/games/p2is/groups/script_359_8.json,"
<SURNAME/>あぢ!<SURNAME/>あぢ!!
<SURNAME/>マジに<c14/>ガ言った通りだぜ!!","
<SURNAME/>啊呀!<SURNAME/>啊呀!!
<SURNAME/>真的像<c14/>说的一样啊!!","[""\\n<SURNAME/>好烫!<SURNAME/>好烫!!\\n<SURNAME/>真的像<c14/>说的一样啊!!""]","[""\\n<SURNAME/>好烫!<SURNAME/>好烫!!\\n<SURNAME/>真的像<c14/>说的一样啊!!""]"
local_conflict_review,script:359_8,script:359_8:diag1,frontend/public/games/p2is/groups/script_359_8.json,"
<SURNAME/>あぢ!<SURNAME/>あぢ!!
<SURNAME/>なっ?<SURNAME/>俺ガ言った通りだろ?","
<SURNAME/>啊呀!<SURNAME/>啊呀!!
<SURNAME/>怎样？<SURNAME/>我说得没错吧?","[""\\n<SURNAME/>好烫!<SURNAME/>好烫!!\\n<SURNAME/>怎样？<SURNAME/>我说得没错吧?""]","[""\\n<SURNAME/>好烫!<SURNAME/>好烫!!\\n<SURNAME/>怎样？<SURNAME/>我说得没错吧?""]"
local_conflict_review,script:359_8,script:359_8:diag3,frontend/public/games/p2is/groups/script_359_8.json,"
<SURNAME/>やーだーよー!!
<SURNAME/>今度こそロースト・ビーフみたくなっちゃうの〜?","
<SURNAME/>不要啊～!!
<SURNAME/>这次真的会烤成牛肉干啦～?","[""\\n<SURNAME/>不要啊～!!\\n<SURNAME/>这次真的会被烤得像烤牛肉一样啦～?""]","[""\\n<SURNAME/>不要啊～!!\\n<SURNAME/>这次真的会被烤得像烤牛肉一样啦～?""]"
local_conflict_review,script:365_8,script:365_8:diag0,frontend/public/games/p2is/groups/script_365_8.json,"
<SURNAME/>い、いいなぁ〜ジュン…<pause:30/>
<SURNAME/>お、お父さんに、こ、こんなの、
<SURNAME/>か、買ってもらえるなんて。
","
<SURNAME/>真、真好啊～纯…<pause:30/>
<SURNAME/>居、你爸爸，给、给你买，
<SURNAME/>这、这样的东西。
","[""\\n<SURNAME/>真、真好啊～淳…<pause:30/>\\n<SURNAME/>你、你爸爸，给、给你买，\\n<SURNAME/>这、这样的东西。\\n""]","[""\\n<SURNAME/>真、真好啊～淳…<pause:30/>\\n<SURNAME/>你、你爸爸，给、给你买，\\n<SURNAME/>这、这样的东西。\\n""]"
local_conflict_review,script:365_8,script:365_8:diag1,frontend/public/games/p2is/groups/script_365_8.json,"
<SURNAME/>えへへ…<pause:30/>
<SURNAME/>みんなにも、星、見せてあげるよ。
<SURNAME/>パパ、星のことなら、なんでも知ってるんだ!
","
<SURNAME/>嘿嘿…<pause:30/>
<SURNAME/>我也给大家看星星哦。
<SURNAME/>爸爸对星星的事，什么都知道!
","[""\\n<SURNAME/>嘿嘿…<pause:30/>\\n<SURNAME/>给大家，也看看星星哦。\\n<SURNAME/>爸爸，对关于星星的事，什么都知道哦!\\n""]","[""\\n<SURNAME/>嘿嘿…<pause:30/>\\n<SURNAME/>给大家，也看看星星哦。\\n<SURNAME/>爸爸，对关于星星的事，什么都知道哦!\\n""]"
local_conflict_review,script:365_8,script:365_8:diag3,frontend/public/games/p2is/groups/script_365_8.json,"
<SURNAME/>ねぇねぇ!
<SURNAME/>ジュンのお父さんって、どんな人?
","
<SURNAME/>呐呐!
<SURNAME/>纯的爸爸，是个什么样的人?
","[""\\n<SURNAME/>呐呐!\\n<SURNAME/>淳的爸爸，是个什么样的人呢?\\n""]","[""\\n<SURNAME/>呐呐!\\n<SURNAME/>淳的爸爸，是个什么样的人呢?\\n""]"
local_conflict_review,script:365_8,script:365_8:diag4,frontend/public/games/p2is/groups/script_365_8.json,"
<SURNAME/>え…?<pause:30/>
<SURNAME/>あの…<pause:30/>
<SURNAME/>えっと…
","
<SURNAME/>呃…?<pause:30/>
<SURNAME/>那个…<pause:30/>
<SURNAME/>嗯…
","[""\\n<SURNAME/>呃…?<pause:30/>\\n<SURNAME/>那个…<pause:30/>\\n<SURNAME/>这个…\\n""]","[""\\n<SURNAME/>呃…?<pause:30/>\\n<SURNAME/>那个…<pause:30/>\\n<SURNAME/>这个…\\n""]"
local_conflict_review,script:365_8,script:365_8:diag6,frontend/public/games/p2is/groups/script_365_8.json,"
<SURNAME/>そうなんだ…<pause:30/>
<SURNAME/>私、お父さんいないから、うらやましいなぁ…<pause:30/>
<SURNAME/>いいなぁ、淳クン!
","
<SURNAME/>这样啊…<pause:30/>
<SURNAME/>我没有爸爸，所以好羡慕啊…<pause:30/>
<SURNAME/>真好啊，纯君!
","[""\\n<SURNAME/>这样啊…<pause:30/>\\n<SURNAME/>我没有爸爸，所以好羡慕啊…<pause:30/>\\n<SURNAME/>真好啊，淳君!\\n""]","[""\\n<SURNAME/>这样啊…<pause:30/>\\n<SURNAME/>我没有爸爸，所以好羡慕啊…<pause:30/>\\n<SURNAME/>真好啊，淳君!\\n""]"
local_conflict_review,script:365_8,script:365_8:diag7,frontend/public/games/p2is/groups/script_365_8.json,"
<SURNAME/>ウソだぁ〜
<SURNAME/>お前んちのママガ、うちのママに言ってたぞ!
<SURNAME/>黒須のパパは、「ダメパパ」だって!!
","
<SURNAME/>骗人啦～
<SURNAME/>你妈妈跟我妈妈说了哦!
<SURNAME/>纯的爸爸是'没用的爸爸'!!
","[""\\n<SURNAME/>骗人啦～\\n<SURNAME/>你妈妈跟我妈妈说了哦!\\n<SURNAME/>黑须的爸爸是「没用的爸爸」!!\\n""]","[""\\n<SURNAME/>骗人啦～\\n<SURNAME/>你妈妈跟我妈妈说了哦!\\n<SURNAME/>黑须的爸爸是「没用的爸爸」!!\\n""]"
local_conflict_review,script:365_8,script:365_8:diag8,frontend/public/games/p2is/groups/script_365_8.json,"
<SURNAME/>やーいやーい、ウソつき黒須〜!
<SURNAME/>おまえの父ちゃん、ダメパパ、ダメパパ〜!
","
<SURNAME/>呀咿呀咿，骗子黑须～!
<SURNAME/>你老爸，没用的爸爸，没用的爸爸～!
","[""\\n<SURNAME/>呀咿呀咿，骗子黑须～!\\n<SURNAME/>你的爸爸，没用的爸爸，没用的爸爸～!\\n""]","[""\\n<SURNAME/>呀咿呀咿，骗子黑须～!\\n<SURNAME/>你的爸爸，没用的爸爸，没用的爸爸～!\\n""]"
local_conflict_review,script:365_8,script:365_8:diag9,frontend/public/games/p2is/groups/script_365_8.json,"
<SURNAME/>コラー!
<SURNAME/>やめなさい、キミたち!!
","
<SURNAME/>喂!
<SURNAME/>住手，你们!!
","[""\\n<SURNAME/>喂!\\n<SURNAME/>停下，你们几个!!\\n""]","[""\\n<SURNAME/>喂!\\n<SURNAME/>停下，你们几个!!\\n""]"
local_conflict_review,script:366_8,script:366_8:diag0,frontend/public/games/p2is/groups/script_366_8.json,"
<SURNAME/>な…なぜ、こんな光景ガ…!?<pause:30/>
<SURNAME/>あ、頭ガ…
","
<SURNAME/>为…为什么，这种景象…!?<pause:30/>
<SURNAME/>啊，头好…
","[""\\n<SURNAME/>为…为什么，会有这般景象…!?<pause:30/>\\n<SURNAME/>啊，头好…\\n""]","[""\\n<SURNAME/>为…为什么，会有这般景象…!?<pause:30/>\\n<SURNAME/>啊，头好…\\n""]"
local_conflict_review,script:366_8,script:366_8:diag1,frontend/public/games/p2is/groups/script_366_8.json,"
<SURNAME/>淳クン!?<pause:30/>
<SURNAME/>大丈夫…?
<SURNAME/>しっかりして。
","
<SURNAME/>纯君!?<pause:30/>
<SURNAME/>没事吧…?
<SURNAME/>振作点。
","[""\\n<SURNAME/>淳君!?<pause:30/>\\n<SURNAME/>没事吧…?\\n<SURNAME/>振作点。\\n""]","[""\\n<SURNAME/>淳君!?<pause:30/>\\n<SURNAME/>没事吧…?\\n<SURNAME/>振作点。\\n""]"
local_conflict_review,script:366_8,script:366_8:diag4,frontend/public/games/p2is/groups/script_366_8.json,"
<SURNAME/>親父か…<pause:30/>
<SURNAME/>なんか、複雑だよなぁ…
","
<SURNAME/>老爸啊…<pause:30/>
<SURNAME/>感觉有点复杂呢…
","[""\\n<SURNAME/>老爸啊…<pause:30/>\\n<SURNAME/>总感觉，有些复杂呢…\\n""]","[""\\n<SURNAME/>老爸啊…<pause:30/>\\n<SURNAME/>总感觉，有些复杂呢…\\n""]"
local_conflict_review,script:366_8,script:366_8:diag5,frontend/public/games/p2is/groups/script_366_8.json,"
<SURNAME/>俺たちを育ててくれたのも親父なら、
<SURNAME/>最初にぶつかるでぇっけえ壁も、親父だよな…<pause:30/>
<SURNAME/>親父って、そうじゃなきゃいけねぇのかもな…
","
<SURNAME/>养育我们的是老爸，
<SURNAME/>最初要撞上的墙壁也是老爸啊…<pause:30/>
<SURNAME/>老爸，或许就该是这样吧…
","[""\\n<SURNAME/>养育我们的是老爸，\\n<SURNAME/>最初要撞上墙壁的也是老爸啊…<pause:30/>\\n<SURNAME/>老爸，或许本来就是这样的吧…\\n""]","[""\\n<SURNAME/>养育我们的是老爸，\\n<SURNAME/>最初要撞上墙壁的也是老爸啊…<pause:30/>\\n<SURNAME/>老爸，或许本来就是这样的吧…\\n""]"
local_conflict_review,script:366_8,script:366_8:diag6,frontend/public/games/p2is/groups/script_366_8.json,"
<SURNAME/>そうだよ…あんなこともあったね…<pause:30/>
<SURNAME/>淳…お父さんのこと、自慢してた…
","
<SURNAME/>是啊…还有过那样的事呢…<pause:30/>
<SURNAME/>纯…曾为爸爸感到自豪…
","[""\\n<SURNAME/>是啊…还有过那样的事呢…<pause:30/>\\n<SURNAME/>淳…曾为爸爸，而感到自豪…\\n""]","[""\\n<SURNAME/>是啊…还有过那样的事呢…<pause:30/>\\n<SURNAME/>淳…曾为爸爸，而感到自豪…\\n""]"
local_conflict_review,script:366_8,script:366_8:diag8,frontend/public/games/p2is/groups/script_366_8.json,"
<SURNAME/>今のも…<pause:30/>
<SURNAME/>淳クンの心ガ、私たちに見せたものなの…?
","
<SURNAME/>刚才的…<pause:30/>
<SURNAME/>是纯君的心，让我们看到的吗…?
","[""\\n<SURNAME/>刚才的…<pause:30/>\\n<SURNAME/>是淳君的内心，让我们看到的吗…?\\n""]","[""\\n<SURNAME/>刚才的…<pause:30/>\\n<SURNAME/>是淳君的内心，让我们看到的吗…?\\n""]"
local_conflict_review,script:366_8,script:366_8:diag9,frontend/public/games/p2is/groups/script_366_8.json,"
<SURNAME/>無理もないわね…<pause:30/>
<SURNAME/>これから、そのお父さんと、
<SURNAME/>戦わなければならないんだから…
","
<SURNAME/>也难怪呢…<pause:30/>
<SURNAME/>因为接下来，必须和那位爸爸，
<SURNAME/>战斗了…
","[""\\n<SURNAME/>也难怪呢…<pause:30/>\\n<SURNAME/>因为接下来，要和那位爸爸，\\n<SURNAME/>不得不战斗了呢…\\n""]","[""\\n<SURNAME/>也难怪呢…<pause:30/>\\n<SURNAME/>因为接下来，要和那位爸爸，\\n<SURNAME/>不得不战斗了呢…\\n""]"
local_conflict_review,script:367_8,script:367_8:diag1,frontend/public/games/p2is/groups/script_367_8.json,"
<SURNAME/>こっちも死んでる。","
<SURNAME/>这边也死了。","[""\\n<SURNAME/>这边的也死了。""]","[""\\n<SURNAME/>这边的也死了。""]"
local_conflict_review,script:367_8,script:367_8:diag10,frontend/public/games/p2is/groups/script_367_8.json,"
<SURNAME/>イデアル先生の遺体はないから、
<SURNAME/>きっと生きてるとは思うけど…<pause:30/>
<SURNAME/>どこに行ったんだろうね?","
<SURNAME/>没有Ideal老师的遗体，
<SURNAME/>所以我想他一定还活着…<pause:30/>
<SURNAME/>但去哪里了呢？","[""\\n<SURNAME/>没有理想老师的遗体，\\n<SURNAME/>所以我想她一定还活着…<pause:30/>\\n<SURNAME/>但去哪里了呢？""]","[""\\n<SURNAME/>没有理想老师的遗体，\\n<SURNAME/>所以我想她一定还活着…<pause:30/>\\n<SURNAME/>但去哪里了呢？""]"
local_conflict_review,script:367_8,script:367_8:diag12,frontend/public/games/p2is/groups/script_367_8.json,"
<SURNAME/>でも、あさっちとみーぽをあんなにしたんだ!
<SURNAME/>同情なんて、してやんないよ!","
<SURNAME/>但是，他把阿萨奇和米波弄成那样了！
<SURNAME/>我才不会同情他呢！","[""\\n<SURNAME/>但是，他把麻美和未步弄成那样了！\\n<SURNAME/>我才不会同情他呢！""]","[""\\n<SURNAME/>但是，他把麻美和未步弄成那样了！\\n<SURNAME/>我才不会同情他呢！""]"
local_conflict_review,script:367_8,script:367_8:diag18,frontend/public/games/p2is/groups/script_367_8.json,"
<SURNAME/>顔ガ焼けただれて炭化している。
<SURNAME/>以前の面影はない。","
<SURNAME/>脸被烧焦碳化了。
<SURNAME/>已无昔日模样。","[""\\n<SURNAME/>脸被烧焦碳化了。\\n<SURNAME/>没有了以前的模样。""]","[""\\n<SURNAME/>脸被烧焦碳化了。\\n<SURNAME/>没有了以前的模样。""]"
local_conflict_review,script:367_8,script:367_8:diag2,frontend/public/games/p2is/groups/script_367_8.json,"
<SURNAME/>プ、プリンス・トーラス…?
<SURNAME/>こいつでしょ!?
<SURNAME/>探偵事務所からイデアル先生さらったの?","
<SURNAME/>普、王子·托拉斯…？
<SURNAME/>就是这家伙吧！？
<SURNAME/>是从侦探事务所绑架了Ideal老师的吗？","[""\\n<SURNAME/>P、Prince金牛…？\\n<SURNAME/>就是这家伙吧！？\\n<SURNAME/>是他从侦探事务所绑架了理想老师吗？""]","[""\\n<SURNAME/>P、Prince金牛…？\\n<SURNAME/>就是这家伙吧！？\\n<SURNAME/>是他从侦探事务所绑架了理想老师吗？""]"
local_conflict_review,script:367_8,script:367_8:diag8,frontend/public/games/p2is/groups/script_367_8.json,"
<SURNAME/>さっき、レーザーはあったから…<pause:30/>
<SURNAME/>次はオーブンみてぇなヤツとかよ。","
<SURNAME/>刚才有激光了…<pause:30/>
<SURNAME/>下次就是像烤箱那样的家伙了。","[""\\n<SURNAME/>刚才有激光了…<pause:30/>\\n<SURNAME/>下次就是像烤箱那样的东西了。""]","[""\\n<SURNAME/>刚才有激光了…<pause:30/>\\n<SURNAME/>下次就是像烤箱那样的东西了。""]"
local_conflict_review,script:367_8,script:367_8:diag9,frontend/public/games/p2is/groups/script_367_8.json,"
<SURNAME/>イデアル先生ガ心配だわ。
<SURNAME/>先を急ぎましょ!","
<SURNAME/>Ideal老师让人担心啊。
<SURNAME/>我们快点前进吧！","[""\\n<SURNAME/>理想老师真让人担心啊。\\n<SURNAME/>我们快点前进吧！""]","[""\\n<SURNAME/>理想老师真让人担心啊。\\n<SURNAME/>我们快点前进吧！""]"
local_conflict_review,script:368_8,script:368_8:diag1,frontend/public/games/p2is/groups/script_368_8.json,"
<SURNAME/>いいか、舞耶…<pause:30/>
<SURNAME/>この神社は、夢を叶える御利益ガあるんだ。
<SURNAME/>夢を、お願いしてごらん。
","
<SURNAME/>听着，舞耶…<pause:30/>
<SURNAME/>这个神社有实现梦想的灵验。
<SURNAME/>许个愿吧。
","[""\\n<SURNAME/>听着，舞耶…<pause:30/>\\n<SURNAME/>这个神社有实现梦想的神力。\\n<SURNAME/>许个愿吧。\\n""]","[""\\n<SURNAME/>听着，舞耶…<pause:30/>\\n<SURNAME/>这个神社有实现梦想的神力。\\n<SURNAME/>许个愿吧。\\n""]"
local_conflict_review,script:368_8,script:368_8:diag11,frontend/public/games/p2is/groups/script_368_8.json,"
<SURNAME/>ありガとう…<pause:30/>
<SURNAME/>ほら、そんなに泣いたら、
<SURNAME/>ウサギさんに笑われるぞ。
","
<SURNAME/>谢谢…<pause:30/>
<SURNAME/>看，哭成这样，
<SURNAME/>会被兔子先生笑话的哦。
","[""\\n<SURNAME/>谢谢…<pause:30/>\\n<SURNAME/>好啦，哭成这样的话，\\n<SURNAME/>会被兔子先生笑话的哦。\\n""]","[""\\n<SURNAME/>谢谢…<pause:30/>\\n<SURNAME/>好啦，哭成这样的话，\\n<SURNAME/>会被兔子先生笑话的哦。\\n""]"
local_conflict_review,script:368_8,script:368_8:diag12,frontend/public/games/p2is/groups/script_368_8.json,"
<SURNAME/>ダメよー!!<pause:30/>
<SURNAME/>私、そんなに良い子じゃない!!
<SURNAME/>行っちゃダメー!!
","
<SURNAME/>不要啊ー!!<pause:30/>
<SURNAME/>我才不是那么乖的孩子!!
<SURNAME/>不能走ー!!
","[""\\n<SURNAME/>不要啊ー!!<pause:30/>\\n<SURNAME/>我才不是那样的乖孩子!!\\n<SURNAME/>不能走ー!!\\n""]","[""\\n<SURNAME/>不要啊ー!!<pause:30/>\\n<SURNAME/>我才不是那样的乖孩子!!\\n<SURNAME/>不能走ー!!\\n""]"
local_conflict_review,script:368_8,script:368_8:diag8,frontend/public/games/p2is/groups/script_368_8.json,"
<SURNAME/>お父さんガ戦場の取材に行ってる間…<pause:30/>
<SURNAME/>忘れられちゃったかもしれないって…<pause:30/>
<SURNAME/>どれだけ私…不安だったかわかる…!?
","
<SURNAME/>爸爸去战场采访的时候…<pause:30/>
<SURNAME/>我可能被遗忘了…<pause:30/>
<SURNAME/>你知道我有多不安吗…!?
","[""\\n<SURNAME/>爸爸去战场采访的时候…<pause:30/>\\n<SURNAME/>我说不定被他遗忘了…<pause:30/>\\n<SURNAME/>你知道我有多不安吗…!?\\n""]","[""\\n<SURNAME/>爸爸去战场采访的时候…<pause:30/>\\n<SURNAME/>我说不定被他遗忘了…<pause:30/>\\n<SURNAME/>你知道我有多不安吗…!?\\n""]"
local_conflict_review,script:369_8,script:369_8:diag0,frontend/public/games/p2is/groups/script_369_8.json,"
<SURNAME/>いいかい、舞耶…<pause:30/>
<SURNAME/>記者という仕事は、世の中に必要とされる、
<SURNAME/>誇りある仕事だよ…
","
<SURNAME/>听着，舞耶…<pause:30/>
<SURNAME/>记者这份工作，是社会上需要的、
<SURNAME/>值得骄傲的工作哦…
","[""\\n<SURNAME/>听着，舞耶…<pause:30/>\\n<SURNAME/>记者这份工作，是被社会所需要的、\\n<SURNAME/>值得骄傲的工作哦…\\n""]","[""\\n<SURNAME/>听着，舞耶…<pause:30/>\\n<SURNAME/>记者这份工作，是被社会所需要的、\\n<SURNAME/>值得骄傲的工作哦…\\n""]"
local_conflict_review,script:369_8,script:369_8:diag13,frontend/public/games/p2is/groups/script_369_8.json,"
<SURNAME/>独りじゃ生きられないから…<pause:30/>
<SURNAME/>他人の胸に、自分の存在を刻もうとする…<pause:30/>
<SURNAME/>夢を追うのも…その手段なのかもしれない…
","
<SURNAME/>因为一个人无法生存…<pause:30/>
<SURNAME/>所以想在别人心中刻下自己的存在…<pause:30/>
<SURNAME/>追逐梦想…或许也是那种手段…
","[""\\n<SURNAME/>因为人无法独自一人活下去…<pause:30/>\\n<SURNAME/>所以想在别人心中，刻下自己活过的痕迹…<pause:30/>\\n<SURNAME/>追逐梦想…或许也是其中一种方法…\\n""]","[""\\n<SURNAME/>因为人无法独自一人活下去…<pause:30/>\\n<SURNAME/>所以想在别人心中，刻下自己活过的痕迹…<pause:30/>\\n<SURNAME/>追逐梦想…或许也是其中一种方法…\\n""]"
local_conflict_review,script:369_8,script:369_8:diag19,frontend/public/games/p2is/groups/script_369_8.json,"
<SURNAME/>ビッグスターになりてぇ、
<SURNAME/>有名になりてぇってのも、
<SURNAME/>そうだよな…
","
<SURNAME/>想成为大明星，
<SURNAME/>想出名什么的，
<SURNAME/>也是啊…
","[""\\n<SURNAME/>想成为big star，\\n<SURNAME/>想出名什么的，\\n<SURNAME/>也是这么一回事吧…\\n""]","[""\\n<SURNAME/>想成为big star，\\n<SURNAME/>想出名什么的，\\n<SURNAME/>也是这么一回事吧…\\n""]"
local_conflict_review,script:369_8,script:369_8:diag22,frontend/public/games/p2is/groups/script_369_8.json,"
<SURNAME/>でも、嫌なことじゃないよね…?<pause:30/>
<SURNAME/>素直にそう思って…いいよね…<pause:30/>
<SURNAME/>わたし、そんなに強くないもの…
","
<SURNAME/>但是，并不是讨厌的事吧…?<pause:30/>
<SURNAME/>坦率地这么想…可以吧…<pause:30/>
<SURNAME/>我，没那么坚强呢…
","[""\\n<SURNAME/>但是，那也不是什么坏事吧…?<pause:30/>\\n<SURNAME/>坦率地这么想…也可以吧…<pause:30/>\\n<SURNAME/>我，本来就没那么坚强呢…\\n""]","[""\\n<SURNAME/>但是，那也不是什么坏事吧…?<pause:30/>\\n<SURNAME/>坦率地这么想…也可以吧…<pause:30/>\\n<SURNAME/>我，本来就没那么坚强呢…\\n""]"
local_conflict_review,script:369_8,script:369_8:diag6,frontend/public/games/p2is/groups/script_369_8.json,"
<SURNAME/>私…お父さんと同じ職業に就くことで、
<SURNAME/>お父さんを超えようって…<pause:30/>
<SURNAME/>思ってたのかもしれない…
","
<SURNAME/>我…或许是想通过从事和爸爸一样的职业，
<SURNAME/>来超越爸爸…<pause:30/>
<SURNAME/>这么想的…
","[""\\n<SURNAME/>我…或许是想通过从事和爸爸一样的职业，\\n<SURNAME/>来超越爸爸…<pause:30/>\\n<SURNAME/>是这样想的…\\n""]","[""\\n<SURNAME/>我…或许是想通过从事和爸爸一样的职业，\\n<SURNAME/>来超越爸爸…<pause:30/>\\n<SURNAME/>是这样想的…\\n""]"
local_conflict_review,script:369_8,script:369_8:diag7,frontend/public/games/p2is/groups/script_369_8.json,"
<SURNAME/>お父さんは、自分の夢を追い続けて死んだわ…<pause:30/>
<SURNAME/>戻ってきたのは、これだけ…
","
<SURNAME/>爸爸是追逐自己的梦想而死的…<pause:30/>
<SURNAME/>回来的，只有这个…
","[""\\n<SURNAME/>爸爸是追逐自己的梦想而死的…<pause:30/>\\n<SURNAME/>最后带回来的，只有这些啊…\\n""]","[""\\n<SURNAME/>爸爸是追逐自己的梦想而死的…<pause:30/>\\n<SURNAME/>最后带回来的，只有这些啊…\\n""]"
local_conflict_review,script:369_8,script:369_8:diag9,frontend/public/games/p2is/groups/script_369_8.json,"
<SURNAME/>ローランサンの「鎮静剤」って…<pause:30/>
<SURNAME/>知ってる…?
","
<SURNAME/>罗兰桑的《镇静剂》…<pause:30/>
<SURNAME/>你知道吗…?
","[""\\n<SURNAME/>罗兰珊的《镇静剂》…<pause:30/>\\n<SURNAME/>你知道吗…?\\n""]","[""\\n<SURNAME/>罗兰珊的《镇静剂》…<pause:30/>\\n<SURNAME/>你知道吗…?\\n""]"
merged_versions_conflict,script:370_8,script:370_8:diag10,frontend/public/games/p2is/groups/script_370_8.json,"
<SURNAME/>オオゥ!!
<SURNAME/>運命の女神よ、サンキューベリマッチ!!
<SURNAME/>エブリバデ<SURNAME/>レッツゴー!!","
<SURNAME/>哦哦!!
<SURNAME/>命运女神啊，非常感谢!!
<SURNAME/>Everyday<SURNAME/>Let's go!!","[""\\n<SURNAME/>哦哦!!\\n<SURNAME/>命运女神啊，thank you very much!!\\n<SURNAME/>Everybody<SURNAME/>Let's go!!"", ""\\n<SURNAME/>哦哦!!\\n<SURNAME/>命运女神啊，非常感谢!!\\n<SURNAME/>Everybody<SURNAME/>Let's go!!""]","[""\\n<SURNAME/>哦哦!!\\n<SURNAME/>命运女神啊，thank you very much!!\\n<SURNAME/>Everybody<SURNAME/>Let's go!!"", ""\\n<SURNAME/>哦哦!!\\n<SURNAME/>命运女神啊，非常感谢!!\\n<SURNAME/>Everybody<SURNAME/>Let's go!!""]"
local_conflict_review,script:370_8,script:370_8:diag11,frontend/public/games/p2is/groups/script_370_8.json,"
<SURNAME/>あ、あちゃ〜<pause:30/>
","
<SURNAME/>啊，啊呀〜<pause:30/>
","[""\\n<SURNAME/>哎，哎呀〜<pause:30/>\\n""]","[""\\n<SURNAME/>哎，哎呀〜<pause:30/>\\n""]"
local_conflict_review,script:370_8,script:370_8:diag12:p0,frontend/public/games/p2is/groups/script_370_8.json,"
<SURNAME/>た、大変!!
<SURNAME/>これはなんかの罠よ!
<SURNAME/>早く二人を追いかけないと!!","
<SURNAME/>糟、糟了!!
<SURNAME/>这是某种陷阱!
<SURNAME/>得快点追上他们两个!!","[""\\n<SURNAME/>糟、糟了!!\\n<SURNAME/>这会不会是某种陷阱!\\n<SURNAME/>得快点追上他们两个!!""]","[""\\n<SURNAME/>糟、糟了!!\\n<SURNAME/>这会不会是某种陷阱!\\n<SURNAME/>得快点追上他们两个!!""]"
local_conflict_review,script:370_8,script:370_8:diag12:p1,frontend/public/games/p2is/groups/script_370_8.json,"<c1d:11/>舞耶<c1d:1/>
<SURNAME/>私は栄吉クンを追いかけるから、
<SURNAME/><c13/>クンと淳クンは、リサを追いかけて!!","<c1d:11/>舞耶<c1d:1/>
<SURNAME/>我去追荣吉君，
<SURNAME/><c13/>君和纯君去追丽莎!!","[""<c1d:11/>舞耶<c1d:1/>\\n<SURNAME/>我去追荣吉君，\\n<SURNAME/><c13/>君和淳君去追丽莎!!""]","[""<c1d:11/>舞耶<c1d:1/>\\n<SURNAME/>我去追荣吉君，\\n<SURNAME/><c13/>君和淳君去追丽莎!!""]"
local_conflict_review,script:370_8,script:370_8:diag13,frontend/public/games/p2is/groups/script_370_8.json,"
<SURNAME/>僕も、舞耶姉さんの言う通りだと思う。
<SURNAME/><c13/>、早くリサを追いかけよう!!","
<SURNAME/>我也觉得舞耶姐姐说得对。
<SURNAME/><c13/>、快点去追丽莎!!","[""\\n<SURNAME/>我也觉得舞耶姐说得对。\\n<SURNAME/><c13/>、快点去追丽莎!!""]","[""\\n<SURNAME/>我也觉得舞耶姐说得对。\\n<SURNAME/><c13/>、快点去追丽莎!!""]"
local_conflict_review,script:370_8,script:370_8:diag14,frontend/public/games/p2is/groups/script_370_8.json,"
<SURNAME/>ちょ、ちょっと待って二人とも…!!<pause:30/>
<SURNAME/>いくらなんでも、都合ガよすぎるわよ!!","
<SURNAME/>等、等一下你们两个…!!<pause:30/>
<SURNAME/>再怎么也太巧了吧!!","[""\\n<SURNAME/>等、等一下你们两个…!!<pause:30/>\\n<SURNAME/>不管怎么说，也太自顾自了吧!!""]","[""\\n<SURNAME/>等、等一下你们两个…!!<pause:30/>\\n<SURNAME/>不管怎么说，也太自顾自了吧!!""]"
local_conflict_review,script:370_8,script:370_8:diag2:p0,frontend/public/games/p2is/groups/script_370_8.json,"
<SURNAME/>そうだなぁ…<pause:30/>
<SURNAME/>だいぶ、イゴールのおっさんの顔も見てねぇし…
","
<SURNAME/>是啊…<pause:30/>
<SURNAME/>好久没见伊戈尔大叔的脸了…
","[""\\n<SURNAME/>是啊…<pause:30/>\\n<SURNAME/>好久没见伊格尔大叔的脸了…\\n""]","[""\\n<SURNAME/>是啊…<pause:30/>\\n<SURNAME/>好久没见伊格尔大叔的脸了…\\n""]"
local_conflict_review,script:370_8,script:370_8:diag3,frontend/public/games/p2is/groups/script_370_8.json,"
<SURNAME/>困ったわね、どーも…<pause:30/>
<SURNAME/>今から街に戻ってる時間も無いし、手段も無いよ?
<SURNAME/>みんな、ここガ踏んばりどころよ。ガんばろ?","
<SURNAME/>真头疼呢，真是的…<pause:30/>
<SURNAME/>现在回城也没时间，也没办法?
<SURNAME/>大家，这里就是坚持的地方了。加油吧?","[""\\n<SURNAME/>真头疼呢，真是的…<pause:30/>\\n<SURNAME/>现在返回镇上也没时间，也没办法回去?\\n<SURNAME/>大家，现在正是咬牙挺住的关头哦。加油吧?""]","[""\\n<SURNAME/>真头疼呢，真是的…<pause:30/>\\n<SURNAME/>现在返回镇上也没时间，也没办法回去?\\n<SURNAME/>大家，现在正是咬牙挺住的关头哦。加油吧?""]"
local_conflict_review,script:370_8,script:370_8:diag4,frontend/public/games/p2is/groups/script_370_8.json,"
<SURNAME/>これじゃ、ラスト・バタリオンの連中も、
<SURNAME/>外出れないよね…","
<SURNAME/>这样下去，Last Battalion的家伙们,
<SURNAME/>也出不去吧…","[""\\n<SURNAME/>这样的话，最后军团的家伙们,\\n<SURNAME/>也出不去吧…""]","[""\\n<SURNAME/>这样的话，最后军团的家伙们,\\n<SURNAME/>也出不去吧…""]"
local_conflict_review,script:370_8,script:370_8:diag5,frontend/public/games/p2is/groups/script_370_8.json,"
<SURNAME/>あいつら、ハイテクガ自慢なんでしょ?
<SURNAME/>ドイツの科学力とかで、
<SURNAME/>外に出れる装置とか、持ってきてないかな?","
<SURNAME/>他们不是以高科技自豪吗?
<SURNAME/>用德国的科学力量之类的,
<SURNAME/>有没有带能出去的装置啊?","[""\\n<SURNAME/>他们不是以高科技而自豪吗?\\n<SURNAME/>用德国的科学力量之类的,\\n<SURNAME/>有没有带能出去的装置啊?""]","[""\\n<SURNAME/>他们不是以高科技而自豪吗?\\n<SURNAME/>用德国的科学力量之类的,\\n<SURNAME/>有没有带能出去的装置啊?""]"
local_conflict_review,script:370_8,script:370_8:diag9,frontend/public/games/p2is/groups/script_370_8.json,"
<SURNAME/>哎呀〜♥(アイヤー)
<SURNAME/>超ラッキ〜!!
<SURNAME/>行こうよ<c13/>!!","
<SURNAME/>哎呀〜♥
<SURNAME/>超幸运〜!!
<SURNAME/>走吧<c13/>!!","[""\\n<SURNAME/>哎呀〜♥(ai1 jaa3)\\n<SURNAME/>超幸运〜!!\\n<SURNAME/>走吧<c13/>!!""]","[""\\n<SURNAME/>哎呀〜♥(ai1 jaa3)\\n<SURNAME/>超幸运〜!!\\n<SURNAME/>走吧<c13/>!!""]"
local_conflict_review,script:371_8,script:371_8:diag10,frontend/public/games/p2is/groups/script_371_8.json,"
<SURNAME/>もう一回、行ってみる?
","
<SURNAME/>要再去一次看看?
","[""\\n<SURNAME/>要再去一次看看吗?\\n""]","[""\\n<SURNAME/>要再去一次看看吗?\\n""]"
local_conflict_review,script:371_8,script:371_8:diag11,frontend/public/games/p2is/groups/script_371_8.json,"
<SURNAME/>いや、マジだって。
<SURNAME/>ちゃんとイゴールのおっさんと話しして、
<SURNAME/>みんなで来いって言われたんだからよ。","
<SURNAME/>不，是真的。
<SURNAME/>好好和伊戈尔大叔说话了，
<SURNAME/>他说让大家一起来。","[""\\n<SURNAME/>不，是真的。\\n<SURNAME/>我有好好跟伊格尔大叔说话，\\n<SURNAME/>他说让大家一起来。""]","[""\\n<SURNAME/>不，是真的。\\n<SURNAME/>我有好好跟伊格尔大叔说话，\\n<SURNAME/>他说让大家一起来。""]"
local_conflict_review,script:371_8,script:371_8:diag13,frontend/public/games/p2is/groups/script_371_8.json,"
<SURNAME/>舞耶ネェの言う通りなら、ここにベルベット出した
<SURNAME/>のは、このミッシェル様なワケだよねぇ〜<pause:30/>
<SURNAME/>ンン〜感謝してくれたまえ。
","
<SURNAME/>如果舞耶姐说得对，那在这里放天鹅绒的
<SURNAME/>就是本米切大人了〜<pause:30/>
<SURNAME/>嗯〜感谢我吧。
","[""\\n<SURNAME/>如果舞耶姐说得对，那在这里放天鹅绒的\\n<SURNAME/>就是本米歇尔大人了〜<pause:30/>\\n<SURNAME/>嗯嗯〜好好感谢我吧。\\n""]","[""\\n<SURNAME/>如果舞耶姐说得对，那在这里放天鹅绒的\\n<SURNAME/>就是本米歇尔大人了〜<pause:30/>\\n<SURNAME/>嗯嗯〜好好感谢我吧。\\n""]"
local_conflict_review,script:371_8,script:371_8:diag17,frontend/public/games/p2is/groups/script_371_8.json,"
<SURNAME/>栄吉のヤツ、よく言うよね。
<SURNAME/>色んな罠出したりしたくせに。
<SURNAME/>都合のいいことしか憶えてないんだから…
","
<SURNAME/>荣吉那家伙还真敢说呢。
<SURNAME/>明明设了那么多陷阱。
<SURNAME/>就只记得对自己有利的事…
","[""\\n<SURNAME/>荣吉那家伙还真敢说呢。\\n<SURNAME/>明明设了那么多种陷阱。\\n<SURNAME/>就只记得对自己有利的事…\\n""]","[""\\n<SURNAME/>荣吉那家伙还真敢说呢。\\n<SURNAME/>明明设了那么多种陷阱。\\n<SURNAME/>就只记得对自己有利的事…\\n""]"
local_conflict_review,script:371_8,script:371_8:diag4,frontend/public/games/p2is/groups/script_371_8.json,"
<SURNAME/>え〜!?
<SURNAME/>ウソだぁ、淳。
<SURNAME/>だって、中ちゃんと、回復の泉だったよ?","
<SURNAME/>诶〜!?
<SURNAME/>骗人，纯。
<SURNAME/>因为里面确实是恢复之泉啊?","[""\\n<SURNAME/>诶〜!?\\n<SURNAME/>骗人的吧，淳。\\n<SURNAME/>因为里面确实是恢复之泉啊?""]","[""\\n<SURNAME/>诶〜!?\\n<SURNAME/>骗人的吧，淳。\\n<SURNAME/>因为里面确实是恢复之泉啊?""]"
local_conflict_review,script:371_8,script:371_8:diag5,frontend/public/games/p2is/groups/script_371_8.json,"
<SURNAME/>ぼったくりだって、
<SURNAME/>トリッシュとケンカしてるから、間違いないよ。
<SURNAME/>夢でも見たんじゃないの?","
<SURNAME/>因为敲竹杠，
<SURNAME/>和特莉丝在吵架，所以没错。
<SURNAME/>你们是不是做梦了?","[""\\n<SURNAME/>因为她漫天要价，\\n<SURNAME/>我还和特利休吵架呢，所以肯定没错的。\\n<SURNAME/>你怕不是在做梦吧？""]","[""\\n<SURNAME/>因为她漫天要价，\\n<SURNAME/>我还和特利休吵架呢，所以肯定没错的。\\n<SURNAME/>你怕不是在做梦吧？""]"
local_conflict_review,script:371_8,script:371_8:diag7,frontend/public/games/p2is/groups/script_371_8.json,"
<SURNAME/>ぜぇ…ぜぇ…<pause:30/>
<SURNAME/>じょ、冗談キツイわ…<pause:30/>
<SURNAME/>洗濯物じゃないんだから…死んじゃうわよ!!","
<SURNAME/>呼…呼…<pause:30/>
<SURNAME/>开、开玩笑吧…<pause:30/>
<SURNAME/>又不是洗衣服…会死人的!!","[""\\n<SURNAME/>呼…呼…<pause:30/>\\n<SURNAME/>开、开什么玩笑…<pause:30/>\\n<SURNAME/>人又不是洗好的衣服…会死人的啊!!""]","[""\\n<SURNAME/>呼…呼…<pause:30/>\\n<SURNAME/>开、开什么玩笑…<pause:30/>\\n<SURNAME/>人又不是洗好的衣服…会死人的啊!!""]"
local_conflict_review,script:371_8,script:371_8:diag8,frontend/public/games/p2is/groups/script_371_8.json,"
<SURNAME/>はぁ!?
<SURNAME/>い、一体どこに行ってたの!?
","
<SURNAME/>哈!?
<SURNAME/>到、到底去哪了!?
","[""\\n<SURNAME/>哈!?\\n<SURNAME/>到、到底去到哪了!?\\n""]","[""\\n<SURNAME/>哈!?\\n<SURNAME/>到、到底去到哪了!?\\n""]"
local_conflict_review,script:372_8,script:372_8:diag2,frontend/public/games/p2is/groups/script_372_8.json,"
<SURNAME/>まだ、こんなとこじゃ死ねない!!
<SURNAME/>あの子たちと約束したんだ…<pause:30/>
<SURNAME/>止まれ…戻れー!!","
<SURNAME/>老子才不死在这种地方!!
<SURNAME/>和她们约好了的…<pause:30/>
<SURNAME/>停下…退回去ー!!","[""\\n<SURNAME/>还、还不能死在这种地方!!\\n<SURNAME/>我和那些孩子们约好了的…<pause:30/>\\n<SURNAME/>停下…退回去ー!!""]","[""\\n<SURNAME/>还、还不能死在这种地方!!\\n<SURNAME/>我和那些孩子们约好了的…<pause:30/>\\n<SURNAME/>停下…退回去ー!!""]"
local_conflict_review,script:372_8,script:372_8:diag4,frontend/public/games/p2is/groups/script_372_8.json,"
<SURNAME/>わーっ!?
<SURNAME/>ウソウソ!!<SURNAME/>冗談!!<SURNAME/>タンマ!!
<SURNAME/>ストーップ!!<SURNAME/>戻って戻って!!","
<SURNAME/>哇啊!?
<SURNAME/>假的假的!!<SURNAME/>开玩笑!!<SURNAME/>等等!!
<SURNAME/>停下!!<SURNAME/>回去回去!!","[""\\n<SURNAME/>哇啊!?\\n<SURNAME/>骗你的骗你的!!<SURNAME/>开玩笑的!!<SURNAME/>等等!!\\n<SURNAME/>停下!!<SURNAME/>回去回去!!""]","[""\\n<SURNAME/>哇啊!?\\n<SURNAME/>骗你的骗你的!!<SURNAME/>开玩笑的!!<SURNAME/>等等!!\\n<SURNAME/>停下!!<SURNAME/>回去回去!!""]"
local_conflict_review,script:372_8,script:372_8:diag6,frontend/public/games/p2is/groups/script_372_8.json,"
<SURNAME/>うーん…<pause:30/>
<SURNAME/>舞耶姉さんとミッシェルガ心配だ。
<SURNAME/>早く戻ろうよ、<c13/>。","
<SURNAME/>唔…<pause:30/>
<SURNAME/>担心舞耶姐和米切。
<SURNAME/>快回去吧，<c13/>。","[""\\n<SURNAME/>唔…<pause:30/>\\n<SURNAME/>好担心舞耶姐和米歇尔。\\n<SURNAME/>快回去吧，<c13/>。""]","[""\\n<SURNAME/>唔…<pause:30/>\\n<SURNAME/>好担心舞耶姐和米歇尔。\\n<SURNAME/>快回去吧，<c13/>。""]"
local_conflict_review,script:373_8,script:373_8:diag0,frontend/public/games/p2is/groups/script_373_8.json,"
<SURNAME/>じゃあねー
<SURNAME/>バイバーイ!
","
<SURNAME/>那就这样啦
<SURNAME/>拜拜!
","[""\\n<SURNAME/>那回头见啦\\n<SURNAME/>拜拜!\\n""]","[""\\n<SURNAME/>那回头见啦\\n<SURNAME/>拜拜!\\n""]"
local_conflict_review,script:373_8,script:373_8:diag10,frontend/public/games/p2is/groups/script_373_8.json,"
<SURNAME/>ち、ちガうよ…!!<pause:30/>
<SURNAME/>お、おじさん…<pause:30/>
<SURNAME/>おじさんだよ!!
","
<SURNAME/>不、不对…!!<pause:30/>
<SURNAME/>是、是叔叔…<pause:30/>
<SURNAME/>是叔叔啊!!
","[""\\n<SURNAME/>不、不对…!!<pause:30/>\\n<SURNAME/>是、是我伯父…<pause:30/>\\n<SURNAME/>是我伯父啊!!\\n""]","[""\\n<SURNAME/>不、不对…!!<pause:30/>\\n<SURNAME/>是、是我伯父…<pause:30/>\\n<SURNAME/>是我伯父啊!!\\n""]"
local_conflict_review,script:373_8,script:373_8:diag3,frontend/public/games/p2is/groups/script_373_8.json,"
<SURNAME/>淳クンのお母さんは、迎えに来ないの?
","
<SURNAME/>淳君的妈妈不来接你吗？
","[""\\n<SURNAME/>淳君的妈妈，不来接你吗？\\n""]","[""\\n<SURNAME/>淳君的妈妈，不来接你吗？\\n""]"
local_conflict_review,script:373_8,script:373_8:diag4,frontend/public/games/p2is/groups/script_373_8.json,"
<SURNAME/>………<pause:30/>
<SURNAME/>お姉ちゃんガママだったら…<pause:30/>
<SURNAME/>よかったのに…
","
<SURNAME/>………<pause:30/>
<SURNAME/>如果姐姐是妈妈的话…<pause:30/>
<SURNAME/>该多好…
","[""\\n<SURNAME/>………<pause:30/>\\n<SURNAME/>如果大姐姐是妈妈的话…<pause:30/>\\n<SURNAME/>那该多好…\\n""]","[""\\n<SURNAME/>………<pause:30/>\\n<SURNAME/>如果大姐姐是妈妈的话…<pause:30/>\\n<SURNAME/>那该多好…\\n""]"
local_conflict_review,script:373_8,script:373_8:diag5,frontend/public/games/p2is/groups/script_373_8.json,"
<SURNAME/>ママは…ママは僕のことキライなんだ…<pause:30/>
<SURNAME/>でも、パパはすごいすてきなパパなんだ!
<SURNAME/>ほんとだよ!","
<SURNAME/>妈妈…妈妈讨厌我…<pause:30/>
<SURNAME/>但爸爸是超棒的爸爸!
<SURNAME/>真的哦!","[""\\n<SURNAME/>妈妈…妈妈讨厌我…<pause:30/>\\n<SURNAME/>但是，爸爸是超棒的爸爸!\\n<SURNAME/>真的哦!""]","[""\\n<SURNAME/>妈妈…妈妈讨厌我…<pause:30/>\\n<SURNAME/>但是，爸爸是超棒的爸爸!\\n<SURNAME/>真的哦!""]"
local_conflict_review,script:373_8,script:373_8:diag6,frontend/public/games/p2is/groups/script_373_8.json,"
<SURNAME/>そっか…<pause:30/>
<SURNAME/>じゃあ、お姉ちゃんと帰ろっか!
","
<SURNAME/>这样啊…<pause:30/>
<SURNAME/>那和姐姐一起回家吧!
","[""\\n<SURNAME/>这样啊…<pause:30/>\\n<SURNAME/>那和大姐姐一起回家吧!\\n""]","[""\\n<SURNAME/>这样啊…<pause:30/>\\n<SURNAME/>那和大姐姐一起回家吧!\\n""]"
local_conflict_review,script:374_8,script:374_8:diag11,frontend/public/games/p2is/groups/script_374_8.json,"
<SURNAME/>無実の罪か…<pause:30/>
<SURNAME/>そのつもりはなくても、知らず知らずに
<SURNAME/>人を傷つけちゃうのガ人間なのね…
","
<SURNAME/>无辜的罪过吗…<pause:30/>
<SURNAME/>即使不是故意的，不知不觉中
<SURNAME/>伤害到别人，这就是人类呢…
","[""\\n<SURNAME/>无辜的罪过吗…<pause:30/>\\n<SURNAME/>即使不是故意的，也在不知不觉中\\n<SURNAME/>伤害到了别人，这就是人类呢…\\n""]","[""\\n<SURNAME/>无辜的罪过吗…<pause:30/>\\n<SURNAME/>即使不是故意的，也在不知不觉中\\n<SURNAME/>伤害到了别人，这就是人类呢…\\n""]"
local_conflict_review,script:374_8,script:374_8:diag12,frontend/public/games/p2is/groups/script_374_8.json,"
<SURNAME/>淳のおじさんか…<pause:30/>
<SURNAME/>俺らガ知ってる親父さんに、よく似てんな。
<SURNAME/>タイプは全然違うけどよ。
","
<SURNAME/>淳的伯父啊…<pause:30/>
<SURNAME/>跟我们认识的老爹，挺像的嘛。
<SURNAME/>虽然完全不同类型啦。
","[""\\n<SURNAME/>淳的伯父啊…<pause:30/>\\n<SURNAME/>跟我们认识的他的老爹，挺像的嘛。\\n<SURNAME/>虽然风格完全不一样。\\n""]","[""\\n<SURNAME/>淳的伯父啊…<pause:30/>\\n<SURNAME/>跟我们认识的他的老爹，挺像的嘛。\\n<SURNAME/>虽然风格完全不一样。\\n""]"
local_conflict_review,script:374_8,script:374_8:diag13,frontend/public/games/p2is/groups/script_374_8.json,"
<SURNAME/>ここで見たのガ淳のおじさんでよ、
<SURNAME/>地下9階だかで見たのガ、淳の親父さんなんだろ?<pause:30/>
<SURNAME/>みんな、一体どうしちまったんだよ?
","
<SURNAME/>在这里看到的是淳的伯父吧，
<SURNAME/>在地下9层之类地方看到的，是淳的老爹吧?<pause:30/>
<SURNAME/>大家，到底怎么回事啊?
","[""\\n<SURNAME/>在这里看到的是淳的伯父吧，\\n<SURNAME/>在地下9层之类地方看到的，是淳的老爹吧?<pause:30/>\\n<SURNAME/>大家，到底怎么回事啊?\\n""]","[""\\n<SURNAME/>在这里看到的是淳的伯父吧，\\n<SURNAME/>在地下9层之类地方看到的，是淳的老爹吧?<pause:30/>\\n<SURNAME/>大家，到底怎么回事啊?\\n""]"
local_conflict_review,script:374_8,script:374_8:diag2,frontend/public/games/p2is/groups/script_374_8.json,"
<SURNAME/>そうだ…<pause:30/>
<SURNAME/>舞耶姉さんは、母さんじゃない…
","
<SURNAME/>对了…<pause:30/>
<SURNAME/>舞耶姐不是妈妈…
","[""\\n<SURNAME/>对了…<pause:30/>\\n<SURNAME/>舞耶姐她，不是我妈妈…\\n""]","[""\\n<SURNAME/>对了…<pause:30/>\\n<SURNAME/>舞耶姐她，不是我妈妈…\\n""]"
local_conflict_review,script:374_8,script:374_8:diag5,frontend/public/games/p2is/groups/script_374_8.json,"
<SURNAME/>あれ…?<SURNAME/>なんかおかしいよ…?<pause:30/>
<SURNAME/>イン・ラケチを書いたのは、淳のお父さんだよね?
<SURNAME/>そして、時計台で死んだのも、それを書いた人…
","
<SURNAME/>咦…?<SURNAME/>有点奇怪啊…?<pause:30/>
<SURNAME/>写《因·拉凯奇》的，是淳的爸爸对吧?
<SURNAME/>而且，在钟楼死掉的，也是写它的人…
","[""\\n<SURNAME/>咦…?<SURNAME/>有点奇怪啊…?<pause:30/>\\n<SURNAME/>写In Lak'ech这本书的，是淳的爸爸对吧?\\n<SURNAME/>而且，在钟楼死掉的，也是写它的人…\\n""]","[""\\n<SURNAME/>咦…?<SURNAME/>有点奇怪啊…?<pause:30/>\\n<SURNAME/>写In Lak'ech这本书的，是淳的爸爸对吧?\\n<SURNAME/>而且，在钟楼死掉的，也是写它的人…\\n""]"
local_conflict_review,script:374_8,script:374_8:diag7,frontend/public/games/p2is/groups/script_374_8.json,"
<SURNAME/>わたしたちガ、10年前とカラコルで会った
<SURNAME/>淳のお父さんは、地下9階で見た人…
","
<SURNAME/>我们在10年前的卡拉克尔遇到的
<SURNAME/>淳的爸爸，是在地下9层看到的人…
","[""\\n<SURNAME/>我们，在10年前的卡拉科尔遇到的\\n<SURNAME/>淳的爸爸，是在地下9层见到的人…\\n""]","[""\\n<SURNAME/>我们，在10年前的卡拉科尔遇到的\\n<SURNAME/>淳的爸爸，是在地下9层见到的人…\\n""]"
local_conflict_review,script:374_8,script:374_8:diag8,frontend/public/games/p2is/groups/script_374_8.json,"
<SURNAME/>でも、イン・ラケチを書いたのは、
<SURNAME/>時計台で見た幽霊の人…<pause:30/>
<SURNAME/>どっちも淳のお父さんって…こと…?
","
<SURNAME/>但是，写《因·拉凯奇》的，
<SURNAME/>是在钟楼看到的幽灵…<pause:30/>
<SURNAME/>两个都是淳的爸爸…吗…?
","[""\\n<SURNAME/>但是，写In Lak'ech的，\\n<SURNAME/>是在钟楼看到的幽灵…<pause:30/>\\n<SURNAME/>两个都是淳的爸爸…吗…?\\n""]","[""\\n<SURNAME/>但是，写In Lak'ech的，\\n<SURNAME/>是在钟楼看到的幽灵…<pause:30/>\\n<SURNAME/>两个都是淳的爸爸…吗…?\\n""]"
local_conflict_review,script:375_8,script:375_8:diag1,frontend/public/games/p2is/groups/script_375_8.json,"
<SURNAME/>そうだね…4つのドクロガ手元にあるとはいえ、
<SURNAME/>ヒトラーガ持っているドクロだけでも、
<SURNAME/>かなりの量のイデアルエナジーガ蓄積されてる…
","
<SURNAME/>是啊…虽然我们手上有四个头骨，
<SURNAME/>但光是希特勒拿着的头骨，
<SURNAME/>就积累了大量的理想能量…
","[""\\n<SURNAME/>是啊…虽然我们手上有4个骷髅，\\n<SURNAME/>但光是希特勒拿着的骷髅，\\n<SURNAME/>就积累了大量的理想能量…\\n""]","[""\\n<SURNAME/>是啊…虽然我们手上有4个骷髅，\\n<SURNAME/>但光是希特勒拿着的骷髅，\\n<SURNAME/>就积累了大量的理想能量…\\n""]"
local_conflict_review,script:375_8,script:375_8:diag15,frontend/public/games/p2is/groups/script_375_8.json,"
<SURNAME/>ということは<c13/>クンも、
<SURNAME/>追いつくまでまだ距離ガあるって、思うんだよね?
","
<SURNAME/>也就是说<c13/>君也，
<SURNAME/>认为追上之前还有距离，对吧?
","[""\\n<SURNAME/>也就是说<c13/>君也，\\n<SURNAME/>认为在追上之前还有一点距离，对吧?\\n""]","[""\\n<SURNAME/>也就是说<c13/>君也，\\n<SURNAME/>认为在追上之前还有一点距离，对吧?\\n""]"
local_conflict_review,script:375_8,script:375_8:diag23,frontend/public/games/p2is/groups/script_375_8.json,"
<SURNAME/>そんなこと考えたとこで、
<SURNAME/>思った通りになるわけないじゃん?
<SURNAME/>なんか意味あるのかなぁ?
","
<SURNAME/>想那些有的没的，
<SURNAME/>事情也不会按你想的发展吧？
<SURNAME/>有啥意义啊？
","[""\\n<SURNAME/>想那些有的没的，\\n<SURNAME/>事情也不会按你想的发展吧？\\n<SURNAME/>这有什么意义啊？\\n""]","[""\\n<SURNAME/>想那些有的没的，\\n<SURNAME/>事情也不会按你想的发展吧？\\n<SURNAME/>这有什么意义啊？\\n""]"
local_conflict_review,script:375_8,script:375_8:diag26,frontend/public/games/p2is/groups/script_375_8.json,"
<SURNAME/>さっきイン・ラケチを見てみたら、
<SURNAME/>マヤの神話のシバルバーって、9階[?2174]なんだって。
<SURNAME/>ここもそうなのかしら?
","
<SURNAME/>刚才查了In Lak'ech，
<SURNAME/>玛雅神话的希巴尔巴有9层呢。
<SURNAME/>这里也一样吗？
","[""\\n<SURNAME/>刚才看了In Lak'ech，\\n<SURNAME/>玛雅神话中的希巴尔巴有9层呢。\\n<SURNAME/>这里也一样吗？\\n""]","[""\\n<SURNAME/>刚才看了In Lak'ech，\\n<SURNAME/>玛雅神话中的希巴尔巴有9层呢。\\n<SURNAME/>这里也一样吗？\\n""]"
merged_versions_conflict,script:375_8,script:375_8:diag27,frontend/public/games/p2is/groups/script_375_8.json,"
<SURNAME/>オゥケイ<SURNAME/>エブリバデ!
<SURNAME/>クイズだったら、
<SURNAME/>このミッシェル様にまかせてプリーズ!
","
<SURNAME/>Okay<SURNAME/>every day!
<SURNAME/>如果是测验的话，
<SURNAME/>请交给这个米切大人吧！
","[""\\n<SURNAME/>Okay<SURNAME/>Everybody!\\n<SURNAME/>如果是猜谜的话，\\n<SURNAME/>就交给我米歇尔大人吧！\\n"", ""\\n<SURNAME/>Okay<SURNAME/>Everybody!\\n<SURNAME/>如果是测验的话，\\n<SURNAME/>就交给我米歇尔大人吧！\\n""]","[""\\n<SURNAME/>Okay<SURNAME/>Everybody!\\n<SURNAME/>如果是猜谜的话，\\n<SURNAME/>就交给我米歇尔大人吧！\\n"", ""\\n<SURNAME/>Okay<SURNAME/>Everybody!\\n<SURNAME/>如果是测验的话，\\n<SURNAME/>就交给我米歇尔大人吧！\\n""]"
local_conflict_review,script:375_8,script:375_8:diag29,frontend/public/games/p2is/groups/script_375_8.json,"
<SURNAME/>言われてみりゃ天の川からこっち、
<SURNAME/>俺らガ思う悪いことばっか、
<SURNAME/>立て続けに起こってたもんな。
","
<SURNAME/>说起来从银河到这里，
<SURNAME/>咱们想到的坏事
<SURNAME/>接二连三发生啊。
","[""\\n<SURNAME/>说起来从天河到这里，\\n<SURNAME/>咱们想到的坏事\\n<SURNAME/>接二连三发生啊。\\n""]","[""\\n<SURNAME/>说起来从天河到这里，\\n<SURNAME/>咱们想到的坏事\\n<SURNAME/>接二连三发生啊。\\n""]"
local_conflict_review,script:375_8,script:375_8:diag30,frontend/public/games/p2is/groups/script_375_8.json,"
<SURNAME/>どういうことだろう…<pause:30/>
<SURNAME/>舞耶姉さんガ、なんの意味もなく、
<SURNAME/>あんなこと言うはずない…
","
<SURNAME/>怎么回事呢…<pause:30/>
<SURNAME/>舞耶姐姐不可能
<SURNAME/>毫无意义说那种话的…
","[""\\n<SURNAME/>怎么回事呢…<pause:30/>\\n<SURNAME/>舞耶姐不可能\\n<SURNAME/>毫无意义地说出那种话的…\\n""]","[""\\n<SURNAME/>怎么回事呢…<pause:30/>\\n<SURNAME/>舞耶姐不可能\\n<SURNAME/>毫无意义地说出那种话的…\\n""]"
local_conflict_review,script:375_8,script:375_8:diag31,frontend/public/games/p2is/groups/script_375_8.json,"
<SURNAME/>全てガ悪い夢であったら救われる…<pause:30/>
<SURNAME/>僕ガそう思うのは、自分の罪から逃れたいという
<SURNAME/>甘えだね…
","
<SURNAME/>如果全是噩梦该多好…<pause:30/>
<SURNAME/>我这么想不过是
<SURNAME/>逃避罪责的软弱罢了…
","[""\\n<SURNAME/>如果这一切全是噩梦该多好…<pause:30/>\\n<SURNAME/>我会这么想不过是\\n<SURNAME/>想要逃避罪责的软弱罢了…\\n""]","[""\\n<SURNAME/>如果这一切全是噩梦该多好…<pause:30/>\\n<SURNAME/>我会这么想不过是\\n<SURNAME/>想要逃避罪责的软弱罢了…\\n""]"
local_conflict_review,script:376_8,script:376_8:diag0,frontend/public/games/p2is/groups/script_376_8.json,"
<SURNAME/>これ、舞耶ちゃんガ言った通りってこと!?
<SURNAME/>係咩…(ハイメ)
<SURNAME/>なんでわかったの?
","
<SURNAME/>这、这就是舞耶酱说的情况！？
<SURNAME/>这样啊…
<SURNAME/>你怎么知道的？
","[""\\n<SURNAME/>这、舞耶酱说的对啊！？\\n<SURNAME/>係咩…(hai6 me1)\\n<SURNAME/>你怎么知道的？\\n""]","[""\\n<SURNAME/>这、舞耶酱说的对啊！？\\n<SURNAME/>係咩…(hai6 me1)\\n<SURNAME/>你怎么知道的？\\n""]"
local_conflict_review,script:376_8,script:376_8:diag1,frontend/public/games/p2is/groups/script_376_8.json,"
<SURNAME/>フロイライン…<pause:30/>
<SURNAME/>どうやら、このシバルバーの秘密に
<SURNAME/>気づき始めたようだな…
","
<SURNAME/>小姐…<pause:30/>
<SURNAME/>看来你已开始察觉
<SURNAME/>这希巴尔巴的秘密了…
","[""\\n<SURNAME/>这位小姐…<pause:30/>\\n<SURNAME/>看来你已经开始察觉到\\n<SURNAME/>这希巴尔巴的秘密了…\\n""]","[""\\n<SURNAME/>这位小姐…<pause:30/>\\n<SURNAME/>看来你已经开始察觉到\\n<SURNAME/>这希巴尔巴的秘密了…\\n""]"
local_conflict_review,script:376_8,script:376_8:diag4,frontend/public/games/p2is/groups/script_376_8.json,"
<SURNAME/>ならば、おのれらガ
<SURNAME/>どれだけ危機的状況にいるかも、承知だろうな!
","
<SURNAME/>那你们也该明白
<SURNAME/>自己处境多危险了吧！
","[""\\n<SURNAME/>那你们也该明白\\n<SURNAME/>自己处境有多危险了吧！\\n""]","[""\\n<SURNAME/>那你们也该明白\\n<SURNAME/>自己处境有多危险了吧！\\n""]"
local_conflict_review,script:376_8,script:376_8:diag6,frontend/public/games/p2is/groups/script_376_8.json,"
<SURNAME/>お生憎様。
<SURNAME/>私たちは、「必ず」勝つわ。
<SURNAME/>そうよね、みんな!!
","
<SURNAME/>真不巧。
<SURNAME/>我们「必定」会赢。
<SURNAME/>对吧，大家!!
","[""\\n<SURNAME/>真不巧。\\n<SURNAME/>我们、「必定」会赢。\\n<SURNAME/>对吧，大家!!\\n""]","[""\\n<SURNAME/>真不巧。\\n<SURNAME/>我们、「必定」会赢。\\n<SURNAME/>对吧，大家!!\\n""]"
local_conflict_review,script:377_8,script:377_8:diag0,frontend/public/games/p2is/groups/script_377_8.json,"
<SURNAME/>ここで死んでおけば、苦しまずに済んだものを…<pause:30/>
<SURNAME/>マリオネッテよ…<pause:30/>
<SURNAME/>貴様の母は、どこへ行ったのだろうな…
","
<SURNAME/>在此死去本可免受苦楚…<pause:30/>
<SURNAME/>人偶啊…<pause:30/>
<SURNAME/>你母亲究竟去了何方…
","[""\\n<SURNAME/>在此死去，本可免受苦楚…<pause:30/>\\n<SURNAME/>人偶啊…<pause:30/>\\n<SURNAME/>你的母亲，究竟去了何方…\\n""]","[""\\n<SURNAME/>在此死去，本可免受苦楚…<pause:30/>\\n<SURNAME/>人偶啊…<pause:30/>\\n<SURNAME/>你的母亲，究竟去了何方…\\n""]"
local_conflict_review,script:377_8,script:377_8:diag1,frontend/public/games/p2is/groups/script_377_8.json,"
<SURNAME/>なに…?<pause:30/>
<SURNAME/>くっ…!?
","
<SURNAME/>什么…?<pause:30/>
<SURNAME/>呃…!?
","[""\\n<SURNAME/>什么…?<pause:30/>\\n<SURNAME/>呜…!?\\n""]","[""\\n<SURNAME/>什么…?<pause:30/>\\n<SURNAME/>呜…!?\\n""]"
local_conflict_review,script:377_8,script:377_8:diag12,frontend/public/games/p2is/groups/script_377_8.json,"
<SURNAME/>シバルバーの秘密ねぇ〜
<SURNAME/>う〜ん…実は、全部夢だとか?<pause:30/>
<SURNAME/>まさかねぇ〜
","
<SURNAME/>西瓦的秘密呢〜
<SURNAME/>嗯…其实，全是梦之类的？<pause:30/>
<SURNAME/>不可能吧〜
","[""\\n<SURNAME/>希巴尔巴的秘密呢〜\\n<SURNAME/>嗯…其实，全部都是梦之类的？<pause:30/>\\n<SURNAME/>不可能吧〜\\n""]","[""\\n<SURNAME/>希巴尔巴的秘密呢〜\\n<SURNAME/>嗯…其实，全部都是梦之类的？<pause:30/>\\n<SURNAME/>不可能吧〜\\n""]"
local_conflict_review,script:377_8,script:377_8:diag14,frontend/public/games/p2is/groups/script_377_8.json,"
<SURNAME/>どうなりてぇ、こう生きてぇって思いなガら
<SURNAME/>努力すっから、達成感とか生きガいとかガ
<SURNAME/>生まれるんだと思うぜ。俺的に。
","
<SURNAME/>因为有了想成为啥、想咋活的念头，
<SURNAME/>才去奋斗，所以才有成就感啊、生存意义啊。
<SURNAME/>老子这么觉得。
","[""\\n<SURNAME/>因为有了想成为什么、想怎么活下去的念头，\\n<SURNAME/>才会去奋斗，所以才有成就感和活着的意义啊。\\n<SURNAME/>老子这么觉得的。\\n""]","[""\\n<SURNAME/>因为有了想成为什么、想怎么活下去的念头，\\n<SURNAME/>才会去奋斗，所以才有成就感和活着的意义啊。\\n<SURNAME/>老子这么觉得的。\\n""]"
local_conflict_review,script:377_8,script:377_8:diag15,frontend/public/games/p2is/groups/script_377_8.json,"
<SURNAME/>もう、しばらく会ってないけど、
<SURNAME/>母さんは、愛人と幸せに暮らしてるはずだ…
","
<SURNAME/>虽然好久没见了，
<SURNAME/>但妈妈应该和情人幸福地生活着…
","[""\\n<SURNAME/>虽然，已经好久没见了，\\n<SURNAME/>但妈妈应该和爱人幸福地生活着…\\n""]","[""\\n<SURNAME/>虽然，已经好久没见了，\\n<SURNAME/>但妈妈应该和爱人幸福地生活着…\\n""]"
local_conflict_review,script:377_8,script:377_8:diag16,frontend/public/games/p2is/groups/script_377_8.json,"
<SURNAME/>10年前にこの街を出てから、
<SURNAME/>ずっと転校を繰り返して…<pause:30/>
<SURNAME/>行く先々で問題を起したから…
","
<SURNAME/>10年前离开这个城市后，
<SURNAME/>一直转学转来转去…<pause:30/>
<SURNAME/>因为每到一处都惹麻烦…
","[""\\n<SURNAME/>10年前离开这个城市后，\\n<SURNAME/>一直转学转来转去…<pause:30/>\\n<SURNAME/>因为我到哪都到处惹麻烦…\\n""]","[""\\n<SURNAME/>10年前离开这个城市后，\\n<SURNAME/>一直转学转来转去…<pause:30/>\\n<SURNAME/>因为我到哪都到处惹麻烦…\\n""]"
local_conflict_review,script:377_8,script:377_8:diag17,frontend/public/games/p2is/groups/script_377_8.json,"
<SURNAME/>それから、ずっと父さんと二人で暮らしてたんだ。
<SURNAME/>母さんは、僕ガ邪魔なんだよ…<pause:30/>
<SURNAME/>くっ…また頭ガ…
","
<SURNAME/>从那以后，一直和父亲两个人生活。
<SURNAME/>妈妈觉得我碍事…<pause:30/>
<SURNAME/>呃…头又…
","[""\\n<SURNAME/>从那以后，一直和父亲两个人生活。\\n<SURNAME/>妈妈，觉得我很碍事…<pause:30/>\\n<SURNAME/>呜…头又…\\n""]","[""\\n<SURNAME/>从那以后，一直和父亲两个人生活。\\n<SURNAME/>妈妈，觉得我很碍事…<pause:30/>\\n<SURNAME/>呜…头又…\\n""]"
local_conflict_review,script:377_8,script:377_8:diag18,frontend/public/games/p2is/groups/script_377_8.json,"
<SURNAME/>舞耶姉さんの言う通りだ…<pause:30/>
<SURNAME/>喜び、悲しみ、恐怖、絶望…<pause:30/>
<SURNAME/>じっとしてると、色んな感情ガ流れ込んでくる…
","
<SURNAME/>舞耶姐说得对…<pause:30/>
<SURNAME/>喜悦、悲伤、恐惧、绝望…<pause:30/>
<SURNAME/>一静下来，各种感情就涌进来…
","[""\\n<SURNAME/>舞耶姐说得对…<pause:30/>\\n<SURNAME/>喜悦、悲伤、恐惧、绝望…<pause:30/>\\n<SURNAME/>一静下来，各种感情就涌出来了…\\n""]","[""\\n<SURNAME/>舞耶姐说得对…<pause:30/>\\n<SURNAME/>喜悦、悲伤、恐惧、绝望…<pause:30/>\\n<SURNAME/>一静下来，各种感情就涌出来了…\\n""]"
local_conflict_review,script:377_8,script:377_8:diag19,frontend/public/games/p2is/groups/script_377_8.json,"
<SURNAME/>この船はなんなんだ…?<pause:30/>
<SURNAME/>まるで、意識のスープに放り込まれたみたいだ…
","
<SURNAME/>这艘船是什么…？<pause:30/>
<SURNAME/>简直像被扔进了意识的汤里…
","[""\\n<SURNAME/>这艘船是什么…？<pause:30/>\\n<SURNAME/>简直，像被扔进了意识的汤里一样…\\n""]","[""\\n<SURNAME/>这艘船是什么…？<pause:30/>\\n<SURNAME/>简直，像被扔进了意识的汤里一样…\\n""]"
local_conflict_review,script:377_8,script:377_8:diag2,frontend/public/games/p2is/groups/script_377_8.json,"
<SURNAME/>淳クン、彼らの言華に惑わされちゃダメよ…<pause:30/>
<SURNAME/>今は、お父さんを止めること…<pause:30/>
<SURNAME/>街を元に戻すことだけ考えるの!
","
<SURNAME/>纯君，别被他们言语迷惑…<pause:30/>
<SURNAME/>现在只需想着阻止你父亲…<pause:30/>
<SURNAME/>让城市恢复原状！
","[""\\n<SURNAME/>淳君，别被他们言语所迷惑…<pause:30/>\\n<SURNAME/>现在只需要想着阻止你父亲…<pause:30/>\\n<SURNAME/>让城市恢复原状！\\n""]","[""\\n<SURNAME/>淳君，别被他们言语所迷惑…<pause:30/>\\n<SURNAME/>现在只需要想着阻止你父亲…<pause:30/>\\n<SURNAME/>让城市恢复原状！\\n""]"
local_conflict_review,script:377_8,script:377_8:diag3,frontend/public/games/p2is/groups/script_377_8.json,"
<SURNAME/>ねぇ舞耶ちゃん…<pause:30/>
<SURNAME/>さっきから、一体なんなの?
<SURNAME/>秘密だとかなんとか…なんか変だよ。
","
<SURNAME/>那个舞耶酱…<pause:30/>
<SURNAME/>从刚才起到底怎么回事？
<SURNAME/>秘密什么的…好奇怪啊。
","[""\\n<SURNAME/>呐舞耶酱…<pause:30/>\\n<SURNAME/>从刚才起到底是怎么一回事？\\n<SURNAME/>秘密什么的…好奇怪啊。\\n""]","[""\\n<SURNAME/>呐舞耶酱…<pause:30/>\\n<SURNAME/>从刚才起到底是怎么一回事？\\n<SURNAME/>秘密什么的…好奇怪啊。\\n""]"
local_conflict_review,script:377_8,script:377_8:diag7,frontend/public/games/p2is/groups/script_377_8.json,"
<SURNAME/>考えた事ガほんとになる…<pause:30/>
<SURNAME/>だから舞耶ちゃんはあの白いのと、
<SURNAME/>どっちガ強いかって言い合いしたんだ…
","
<SURNAME/>想的事情会成真…<pause:30/>
<SURNAME/>所以舞耶酱才和那个白色的家伙，
<SURNAME/>争论谁更强…
","[""\\n<SURNAME/>心里所想的事情会成真…<pause:30/>\\n<SURNAME/>所以舞耶酱才和那个白色的家伙，\\n<SURNAME/>争论谁更强…\\n""]","[""\\n<SURNAME/>心里所想的事情会成真…<pause:30/>\\n<SURNAME/>所以舞耶酱才和那个白色的家伙，\\n<SURNAME/>争论谁更强…\\n""]"
local_conflict_review,script:377_8,script:377_8:diag9,frontend/public/games/p2is/groups/script_377_8.json,"
<SURNAME/>でも、どうして思考ガ現実になるのかしら…<pause:30/>
<SURNAME/>この船は、みんなの噂ガ現実になって飛んでるわ…<pause:30/>
<SURNAME/>噂の内容には、そんなこと一つも含まれてない…
","
<SURNAME/>但是，为什么思考会变成现实呢…<pause:30/>
<SURNAME/>这艘船，大家的传闻变成现实在飞…<pause:30/>
<SURNAME/>传闻的内容里，根本没包括这种事…
","[""\\n<SURNAME/>但是，为什么思考会变成现实呢…<pause:30/>\\n<SURNAME/>这艘船，因大家的传闻变成现实在飞…<pause:30/>\\n<SURNAME/>传闻的内容里，根本没包括这种事…\\n""]","[""\\n<SURNAME/>但是，为什么思考会变成现实呢…<pause:30/>\\n<SURNAME/>这艘船，因大家的传闻变成现实在飞…<pause:30/>\\n<SURNAME/>传闻的内容里，根本没包括这种事…\\n""]"
local_conflict_review,script:378_8,script:378_8:diag0,frontend/public/games/p2is/groups/script_378_8.json,"
<SURNAME/>やっぱダメかぁ…<pause:30/>
<SURNAME/>一体、どういう法則なんだろう…","
<SURNAME/>果然不行啊…<pause:30/>
<SURNAME/>到底是什么法则呢…","[""\\n<SURNAME/>果然不行啊…<pause:30/>\\n<SURNAME/>到底，是什么规律呢…""]","[""\\n<SURNAME/>果然不行啊…<pause:30/>\\n<SURNAME/>到底，是什么规律呢…""]"
local_conflict_review,script:378_8,script:378_8:diag11,frontend/public/games/p2is/groups/script_378_8.json,"
<SURNAME/>開心囉!!(木ィサムロ)うれしー!!
<SURNAME/>舞耶ちゃんの言った通りだよ!!","
<SURNAME/>开心咯!!(木ィサムロ)好开心!!
<SURNAME/>舞耶酱说得对!!","[""\\n<SURNAME/>開心囉!!(hoi1 sam1 lo1)好开心!!\\n<SURNAME/>舞耶酱说得对!!""]","[""\\n<SURNAME/>開心囉!!(hoi1 sam1 lo1)好开心!!\\n<SURNAME/>舞耶酱说得对!!""]"
local_conflict_review,script:378_8,script:378_8:diag14,frontend/public/games/p2is/groups/script_378_8.json,"
<SURNAME/>まぁまぁ、落ち着いて…<pause:30/>
<SURNAME/>それガ、そううまくは、
<SURNAME/>いかないみたいなのよねぇ〜","
<SURNAME/>好了好了，冷静点…<pause:30/>
<SURNAME/>那个，好像没那么顺利呢〜
<SURNAME/>","[""\\n<SURNAME/>好了好了，冷静点…<pause:30/>\\n<SURNAME/>那个，好像没那么顺利呢〜\\n<SURNAME/>看样子是不肯走呢～""]","[""\\n<SURNAME/>好了好了，冷静点…<pause:30/>\\n<SURNAME/>那个，好像没那么顺利呢〜\\n<SURNAME/>看样子是不肯走呢～""]"
local_conflict_review,script:378_8,script:378_8:diag15,frontend/public/games/p2is/groups/script_378_8.json,"
<SURNAME/>さっきから私も、街ガ元に戻ればいいとか、
<SURNAME/>すぐにでも淳クンのお父さんと会えないかとか、
<SURNAME/>色々思ってるんだけど、からっきし。","
<SURNAME/>其实我也一直在想，要是城市能恢复原状就好了，
<SURNAME/>或者能不能马上见到纯君的父亲什么的，
<SURNAME/>但完全没头绪。","[""\\n<SURNAME/>其实我也一直在想，要是城市能恢复原状就好了，\\n<SURNAME/>或者能不能马上见到淳君的父亲什么的，\\n<SURNAME/>但完全没头绪。""]","[""\\n<SURNAME/>其实我也一直在想，要是城市能恢复原状就好了，\\n<SURNAME/>或者能不能马上见到淳君的父亲什么的，\\n<SURNAME/>但完全没头绪。""]"
local_conflict_review,script:378_8,script:378_8:diag17,frontend/public/games/p2is/groups/script_378_8.json,"
<SURNAME/>でも、回復の泉やベルベットは、
<SURNAME/>リサとミッシェルの期待通り出現したよ?","
<SURNAME/>但是，回复之泉和天鹅绒房间，
<SURNAME/>不是按照丽莎和米切的期待出现了吗?","[""\\n<SURNAME/>但是，回复之泉和天鹅绒房间，\\n<SURNAME/>不是按照丽莎和米歇尔的期待出现了吗?""]","[""\\n<SURNAME/>但是，回复之泉和天鹅绒房间，\\n<SURNAME/>不是按照丽莎和米歇尔的期待出现了吗?""]"
local_conflict_review,script:378_8,script:378_8:diag20,frontend/public/games/p2is/groups/script_378_8.json,"
<SURNAME/>それ…<pause:30/>
<SURNAME/>父さんだね…?","
<SURNAME/>那个…<pause:30/>
<SURNAME/>是父亲吧…?","[""\\n<SURNAME/>那个…<pause:30/>\\n<SURNAME/>是爸爸吧…?""]","[""\\n<SURNAME/>那个…<pause:30/>\\n<SURNAME/>是爸爸吧…?""]"
local_conflict_review,script:378_8,script:378_8:diag24,frontend/public/games/p2is/groups/script_378_8.json,"
<SURNAME/>ま、考えても、わからないものはわからないよ!
<SURNAME/>なるべく何も…<pause:30/>
<SURNAME/>特に怖い事は考えないようにして、先に進もう?
","
<SURNAME/>嘛，想也想不明白啦！
<SURNAME/>尽量别去想…<pause:30/>
<SURNAME/>特别是可怕的事情，我们继续前进吧？
","[""\\n<SURNAME/>嘛，想也想不明白啦！\\n<SURNAME/>尽量别去想什么…<pause:30/>\\n<SURNAME/>特别是可怕的事情，我们继续前进吧？\\n""]","[""\\n<SURNAME/>嘛，想也想不明白啦！\\n<SURNAME/>尽量别去想什么…<pause:30/>\\n<SURNAME/>特别是可怕的事情，我们继续前进吧？\\n""]"
local_conflict_review,script:378_8,script:378_8:diag26,frontend/public/games/p2is/groups/script_378_8.json,"
<SURNAME/>あ…<pause:30/>
<SURNAME/>あわあわあわあわあわ…!!
<SURNAME/>お、おおおお、親父の金ガピカって…!!","
<SURNAME/>啊…<pause:30/>
<SURNAME/>哇哇哇哇哇哇…!!
<SURNAME/>哦、哦哦哦，老爸的钱在发光了…!!","[""\\n<SURNAME/>啊…<pause:30/>\\n<SURNAME/>哇哇哇哇哇哇…!!\\n<SURNAME/>哦、哦哦哦，黄金老爹在闪闪发光…!!""]","[""\\n<SURNAME/>啊…<pause:30/>\\n<SURNAME/>哇哇哇哇哇哇…!!\\n<SURNAME/>哦、哦哦哦，黄金老爹在闪闪发光…!!""]"
local_conflict_review,script:378_8,script:378_8:diag28:p0,frontend/public/games/p2is/groups/script_378_8.json,"
<SURNAME/>本来はここで、栄吉とダディの
<SURNAME/>壮絶なイベント戦闘ガ始まります。
<SURNAME/>現在、そのイベントは作成中です。","
<SURNAME/>原本这里会开始荣吉和达迪的
<SURNAME/>壮烈的事件战斗。
<SURNAME/>目前该事件正在制作中。","[""\\n<SURNAME/>原本这里会开始荣吉和老爹的\\n<SURNAME/>壮烈的战斗事件。\\n<SURNAME/>但目前该事件正在制作中。""]","[""\\n<SURNAME/>原本这里会开始荣吉和老爹的\\n<SURNAME/>壮烈的战斗事件。\\n<SURNAME/>但目前该事件正在制作中。""]"
local_conflict_review,script:378_8,script:378_8:diag28:p1,frontend/public/games/p2is/groups/script_378_8.json,"<c1d:11/>ダミー<c1d:1/>
<SURNAME/>では引き続き、本編をどうぞ。
<SURNAME/>タイトル
<SURNAME/>「ダディを倒した」","<c1d:11/>占位<c1d:1/>
<SURNAME/>那么请继续主线剧情。
<SURNAME/>标题
<SURNAME/>「打倒达迪」","[""<c1d:11/>占位<c1d:1/>\\n<SURNAME/>那么请继续主线剧情。\\n<SURNAME/>标题\\n<SURNAME/>「打倒老爹」""]","[""<c1d:11/>占位<c1d:1/>\\n<SURNAME/>那么请继续主线剧情。\\n<SURNAME/>标题\\n<SURNAME/>「打倒老爹」""]"
local_conflict_review,script:378_8,script:378_8:diag5,frontend/public/games/p2is/groups/script_378_8.json,"
<SURNAME/>え〜っ!?
<SURNAME/>思考ガ現実になるう〜!?
","
<SURNAME/>诶〜！？
<SURNAME/>思考会变成现实〜！？
","[""\\n<SURNAME/>诶〜?!\\n<SURNAME/>思考会变成现实〜?!\\n""]","[""\\n<SURNAME/>诶〜?!\\n<SURNAME/>思考会变成现实〜?!\\n""]"
local_conflict_review,script:379_8,script:379_8:diag3,frontend/public/games/p2is/groups/script_379_8.json,"
<SURNAME/>いんや〜気分ガいいのなんのって!
<SURNAME/>もう、今までの俺じゃあねぇ!!
<SURNAME/>たった今から、俺はミッシェルMK2だぜ!!","
<SURNAME/>哎呀～心情好得不得了！
<SURNAME/>现在的我已经不是以前的我了！！
<SURNAME/>从今以后，我就是米切MK2啦！！","[""\\n<SURNAME/>哎呀～心情好得不得了了！\\n<SURNAME/>现在的我已经不是以前的我了！！\\n<SURNAME/>从今以后，我就是米歇尔MK2啦！！""]","[""\\n<SURNAME/>哎呀～心情好得不得了了！\\n<SURNAME/>现在的我已经不是以前的我了！！\\n<SURNAME/>从今以后，我就是米歇尔MK2啦！！""]"
local_conflict_review,script:379_8,script:379_8:diag6,frontend/public/games/p2is/groups/script_379_8.json,"
<SURNAME/>思考ガ現実になる…<pause:30/>
<SURNAME/>そんな話、父さんからも聞いてない…<pause:30/>
<SURNAME/>このシバルバーは、一体なんなんだ…?","
<SURNAME/>想法会变成现实…<pause:30/>
<SURNAME/>这种事，父亲也没提过…<pause:30/>
<SURNAME/>这个异界，到底是什么…?","[""\\n<SURNAME/>想法会变成现实…<pause:30/>\\n<SURNAME/>这种事，也没听父亲提过…<pause:30/>\\n<SURNAME/>这个希巴尔巴，到底是什么呢…?""]","[""\\n<SURNAME/>想法会变成现实…<pause:30/>\\n<SURNAME/>这种事，也没听父亲提过…<pause:30/>\\n<SURNAME/>这个希巴尔巴，到底是什么呢…?""]"
local_conflict_review,script:379_8,script:379_8:diag7,frontend/public/games/p2is/groups/script_379_8.json,"
<SURNAME/>でも、これでハッキリしたでしょ?
<SURNAME/>このシバルバーでは、思考ガ現実に…<pause:30/>
<SURNAME/>て言うか、現実になる思考もあるの。","
<SURNAME/>不过，这下清楚了吧？
<SURNAME/>在这个异界里，想法会变成现实…<pause:30/>
<SURNAME/>或者说，有些想法会变成现实。","[""\\n<SURNAME/>不过，这下清楚了吧？\\n<SURNAME/>在这个希巴尔巴里，想法会变成现实…<pause:30/>\\n<SURNAME/>或者说，有些想法会变成现实。""]","[""\\n<SURNAME/>不过，这下清楚了吧？\\n<SURNAME/>在这个希巴尔巴里，想法会变成现实…<pause:30/>\\n<SURNAME/>或者说，有些想法会变成现实。""]"
local_conflict_review,script:379_8,script:379_8:diag8,frontend/public/games/p2is/groups/script_379_8.json,"
<SURNAME/><c13/>クンも注意してね。","
<SURNAME/><c13/>君也要注意哦。","[""\\n<SURNAME/><c13/>君也要小心哦。""]","[""\\n<SURNAME/><c13/>君也要小心哦。""]"
local_conflict_review,script:380_8,script:380_8:diag0,frontend/public/games/p2is/groups/script_380_8.json,"
<SURNAME/>ねぇねぇ〜ジュンのお父さんはぁ、
<SURNAME/>なんでもできるスゴイ人なんでしょお?
<SURNAME/>今日こそ、会えるかなぁ〜
","
<SURNAME/>呐呐～纯的父亲啊，
<SURNAME/>不是个什么都能做到的厉害人物吗？
<SURNAME/>今天能见到他了吧～
","[""\\n<SURNAME/>呐呐～淳的父亲啊，\\n<SURNAME/>是个无所不能的厉害人物吧？\\n<SURNAME/>今天，能见到他了吧～\\n""]","[""\\n<SURNAME/>呐呐～淳的父亲啊，\\n<SURNAME/>是个无所不能的厉害人物吧？\\n<SURNAME/>今天，能见到他了吧～\\n""]"
local_conflict_review,script:380_8,script:380_8:diag2,frontend/public/games/p2is/groups/script_380_8.json,"
<SURNAME/>う、うちの父ちゃんも、
<SURNAME/>す、すし屋じゃなきゃ、よ、よかったのにな…
<SURNAME/>ほ、ほんと、毎日おすしなんだよお〜
","
<SURNAME/>呜、我家的老爸，
<SURNAME/>要、要不是开寿司店就好了…
<SURNAME/>真、真的，每天都吃寿司啊～
","[""\\n<SURNAME/>呜、我家的老爸，\\n<SURNAME/>要、要是不是开寿司店的就好了…\\n<SURNAME/>真、真的，每天都吃寿司啊～\\n""]","[""\\n<SURNAME/>呜、我家的老爸，\\n<SURNAME/>要、要是不是开寿司店的就好了…\\n<SURNAME/>真、真的，每天都吃寿司啊～\\n""]"
local_conflict_review,script:380_8,script:380_8:diag6,frontend/public/games/p2is/groups/script_380_8.json,"
<SURNAME/>淳、迎えに来たぞ。
","
<SURNAME/>纯，我来接你了。
","[""\\n<SURNAME/>淳，我来接你了。\\n""]","[""\\n<SURNAME/>淳，我来接你了。\\n""]"
local_conflict_review,script:380_8,script:380_8:diag7,frontend/public/games/p2is/groups/script_380_8.json,"
<SURNAME/>そ、そうだよ…<pause:30/>
<SURNAME/>やっぱりあれガ、淳のお父さんなんだ…
","
<SURNAME/>是、是啊…<pause:30/>
<SURNAME/>果然那个是淳的父亲啊…
","[""\\n<SURNAME/>是、是啊…<pause:30/>\\n<SURNAME/>果然那个，是淳的父亲啊…\\n""]","[""\\n<SURNAME/>是、是啊…<pause:30/>\\n<SURNAME/>果然那个，是淳的父亲啊…\\n""]"
local_conflict_review,script:380_8,script:380_8:diag8,frontend/public/games/p2is/groups/script_380_8.json,"
<SURNAME/>そうだ…憶えてるぜ。
<SURNAME/>俺たちゃあん時、淳の親父さんに会ってたんだ…
","
<SURNAME/>是啊…老子记得。
<SURNAME/>我们那时候，见过淳的老爸啊…
","[""\\n<SURNAME/>是啊…还记得。\\n<SURNAME/>我们那时候，见过淳的老爸啊…\\n""]","[""\\n<SURNAME/>是啊…还记得。\\n<SURNAME/>我们那时候，见过淳的老爸啊…\\n""]"
local_conflict_review,script:381_8,script:381_8:diag0,frontend/public/games/p2is/groups/script_381_8.json,"
<SURNAME/>ママ…僕を消さないで…<pause:30/>
<SURNAME/>嫌いにならないで…<pause:30/>
<SURNAME/>助けて…パパ…
","
<SURNAME/>妈妈…别把我抹去…<pause:30/>
<SURNAME/>别讨厌我…<pause:30/>
<SURNAME/>救救我…爸爸…
","[""\\n<SURNAME/>妈妈…请别让我消失…<pause:30/>\\n<SURNAME/>不要讨厌我…<pause:30/>\\n<SURNAME/>救救我…爸爸…\\n""]","[""\\n<SURNAME/>妈妈…请别让我消失…<pause:30/>\\n<SURNAME/>不要讨厌我…<pause:30/>\\n<SURNAME/>救救我…爸爸…\\n""]"
local_conflict_review,script:382_8,script:382_8:diag1,frontend/public/games/p2is/groups/script_382_8.json,"
<SURNAME/>淳クン…<pause:30/>
<SURNAME/>他の誰ガキミのこといらないって言っても、
<SURNAME/>私たちには、キミガ必要よ…
","
<SURNAME/>淳君…<pause:30/>
<SURNAME/>就算其他人都说不需要你，
<SURNAME/>我们，需要你…
","[""\\n<SURNAME/>淳君…<pause:30/>\\n<SURNAME/>就算其他人都说不需要你，\\n<SURNAME/>我们也，需要你…\\n""]","[""\\n<SURNAME/>淳君…<pause:30/>\\n<SURNAME/>就算其他人都说不需要你，\\n<SURNAME/>我们也，需要你…\\n""]"
local_conflict_review,script:382_8,script:382_8:diag10,frontend/public/games/p2is/groups/script_382_8.json,"
<SURNAME/>あの人、時計台の幽霊と似てるけど、
<SURNAME/>全然違う人だよ…<pause:30/>
<SURNAME/>どっちガ、淳の本当のお父さんなの…?
","
<SURNAME/>那个人，虽然和钟楼幽灵很像，
<SURNAME/>但完全是不同的人啊…<pause:30/>
<SURNAME/>到底哪个是淳真正的父亲…?
","[""\\n<SURNAME/>那个人，虽然和钟楼幽灵很像，\\n<SURNAME/>但完全是不同的人啊…<pause:30/>\\n<SURNAME/>到底哪个是淳真正的父亲呢…?\\n""]","[""\\n<SURNAME/>那个人，虽然和钟楼幽灵很像，\\n<SURNAME/>但完全是不同的人啊…<pause:30/>\\n<SURNAME/>到底哪个是淳真正的父亲呢…?\\n""]"
local_conflict_review,script:382_8,script:382_8:diag11,frontend/public/games/p2is/groups/script_382_8.json,"
<SURNAME/>わたしも、親父の押しつけガイヤで
<SURNAME/>ケンカしてばっかりだったけど…<pause:30/>
<SURNAME/>親父の気持ちって、考えたことなかったな…
","
<SURNAME/>我也是，因为老爸的强加，
<SURNAME/>总是吵架…<pause:30/>
<SURNAME/>从没想过老爸的心情呢…
","[""\\n<SURNAME/>我也是，因为老爸的强行要求，\\n<SURNAME/>总是动不动就吵架…<pause:30/>\\n<SURNAME/>从没考虑过老爸的心情呢…\\n""]","[""\\n<SURNAME/>我也是，因为老爸的强行要求，\\n<SURNAME/>总是动不动就吵架…<pause:30/>\\n<SURNAME/>从没考虑过老爸的心情呢…\\n""]"
local_conflict_review,script:382_8,script:382_8:diag12,frontend/public/games/p2is/groups/script_382_8.json,"
<SURNAME/>あの頃…<pause:30/>
<SURNAME/>みんな、淳クンのお父さんガどんな人かって、
<SURNAME/>噂してたよね…
","
<SURNAME/>那时候…<pause:30/>
<SURNAME/>大家，议论淳君的父亲是什么人，
<SURNAME/>传过谣呢…
","[""SURNAME\\n<SURNAME/>那时候…<pause:30/>\\n<SURNAME/>大家，议论淳君的父亲是什么人的时候，\\n<SURNAME/>传过传闻呢…\\n""]","[""SURNAME\\n<SURNAME/>那时候…<pause:30/>\\n<SURNAME/>大家，议论淳君的父亲是什么人的时候，\\n<SURNAME/>传过传闻呢…\\n""]"
local_conflict_review,script:382_8,script:382_8:diag16,frontend/public/games/p2is/groups/script_382_8.json,"
<SURNAME/>今まで、自分ガ幸せかどうかなんて
<SURNAME/>考えたことなかったけどな…
","
<SURNAME/>到现在，从没想过
<SURNAME/>自己幸不幸福呢…
","[""\\n<SURNAME/>到现在，从没思考过\\n<SURNAME/>自己幸不幸福呢…\\n""]","[""\\n<SURNAME/>到现在，从没思考过\\n<SURNAME/>自己幸不幸福呢…\\n""]"
local_conflict_review,script:382_8,script:382_8:diag17,frontend/public/games/p2is/groups/script_382_8.json,"
<SURNAME/>舞耶ネェや淳のこと考えりゃ、
<SURNAME/>あんな親父でも、いるだけ幸せなんだろうな…
","
<SURNAME/>想到舞耶姐和淳，
<SURNAME/>就算那样的老爸，有他们在就幸福了吧…
","[""\\n<SURNAME/>一想到舞耶姐和淳，\\n<SURNAME/>就算是那样的老爸，只要他们还在就很幸福了吧…\\n""]","[""\\n<SURNAME/>一想到舞耶姐和淳，\\n<SURNAME/>就算是那样的老爸，只要他们还在就很幸福了吧…\\n""]"
local_conflict_review,script:382_8,script:382_8:diag19,frontend/public/games/p2is/groups/script_382_8.json,"
<SURNAME/>あの頃の僕は…<pause:30/>
<SURNAME/>幸せそうなみんなの家庭ガ、茨ましかったんだ…<pause:30/>
<SURNAME/>だからあんな嘘を…
","
<SURNAME/>那时的我…<pause:30/>
<SURNAME/>看似幸福的大家的家庭，我却嫉妒…<pause:30/>
<SURNAME/>所以撒了那样的谎…
","[""\\n<SURNAME/>那时的我…<pause:30/>\\n<SURNAME/>对大家看起来很幸福的家庭，感到十分羡慕…<pause:30/>\\n<SURNAME/>所以才撒了那样的谎…\\n""]","[""\\n<SURNAME/>那时的我…<pause:30/>\\n<SURNAME/>对大家看起来很幸福的家庭，感到十分羡慕…<pause:30/>\\n<SURNAME/>所以才撒了那样的谎…\\n""]"
local_conflict_review,script:382_8,script:382_8:diag2,frontend/public/games/p2is/groups/script_382_8.json,"
<SURNAME/>キミは、そんなみんなを置いて、
<SURNAME/>一人で行ってしまうの…?<pause:30/>
","
<SURNAME/>你要丢下大家，
<SURNAME/>一个人走吗…?<pause:30/>
","[""\\n<SURNAME/>你要丢下大家，\\n<SURNAME/>一个人离开吗…?<pause:30/>\\n""]","[""\\n<SURNAME/>你要丢下大家，\\n<SURNAME/>一个人离开吗…?<pause:30/>\\n""]"
local_conflict_review,script:383_8,script:383_8:diag0,frontend/public/games/p2is/groups/script_383_8.json,"
<SURNAME/>こ、これはっ…!?<pause:30/>
<SURNAME/>つ、遂にここまで来た…<pause:30/>
<SURNAME/>ここガ、マイヤ人の眠る部屋に違いないわ!!
","
<SURNAME/>这、这是…!?<pause:30/>
<SURNAME/>终、终于来到这里了…<pause:30/>
<SURNAME/>这里一定是玛雅人沉睡的房间!!
","[""\\n<SURNAME/>这、这是…?!<pause:30/>\\n<SURNAME/>终、终于来到这里了…<pause:30/>\\n<SURNAME/>这里一定是玛雅人沉睡的房间!!\\n""]","[""\\n<SURNAME/>这、这是…?!<pause:30/>\\n<SURNAME/>终、终于来到这里了…<pause:30/>\\n<SURNAME/>这里一定是玛雅人沉睡的房间!!\\n""]"
local_conflict_review,script:383_8,script:383_8:diag1,frontend/public/games/p2is/groups/script_383_8.json,"
<SURNAME/>ど、どこにいるの!?<pause:30/>
<SURNAME/>で、出てきなさい…!<pause:30/>
<SURNAME/>出てこい、マイヤ人っ!!
","
<SURNAME/>在、在哪里!?<pause:30/>
<SURNAME/>快、快出来…!<pause:30/>
<SURNAME/>出来吧，玛雅人!!
","[""\\n<SURNAME/>在、在哪里?!<pause:30/>\\n<SURNAME/>快、快出来…!<pause:30/>\\n<SURNAME/>出来吧，玛雅人!!\\n""]","[""\\n<SURNAME/>在、在哪里?!<pause:30/>\\n<SURNAME/>快、快出来…!<pause:30/>\\n<SURNAME/>出来吧，玛雅人!!\\n""]"
local_conflict_review,script:383_8,script:383_8:diag10,frontend/public/games/p2is/groups/script_383_8.json,"
<SURNAME/>橿原先生の子供…<pause:30/>
<SURNAME/>ということは、あの女の息子ということね…<pause:30/>
<SURNAME/>あの女と同じ様に、自分の父親を愚弄するの!?
","
<SURNAME/>橿原老师的孩子…<pause:30/>
<SURNAME/>也就是说，是那个女人的儿子呢…<pause:30/>
<SURNAME/>和那个女人一样，愚弄自己的父亲!?
","[""\\n<SURNAME/>橿原老师的孩子…<pause:30/>\\n<SURNAME/>也就是说，是那个女人的儿子呢…<pause:30/>\\n<SURNAME/>和那个女人一样，愚弄自己的父亲?!\\n""]","[""\\n<SURNAME/>橿原老师的孩子…<pause:30/>\\n<SURNAME/>也就是说，是那个女人的儿子呢…<pause:30/>\\n<SURNAME/>和那个女人一样，愚弄自己的父亲?!\\n""]"
local_conflict_review,script:383_8,script:383_8:diag11,frontend/public/games/p2is/groups/script_383_8.json,"
<SURNAME/>お前の母は、先生の偉大な研究に理解を示さず、
<SURNAME/>惨い仕打ちをしたわ!!
<SURNAME/>でも、私は違う!!
","
<SURNAME/>你的母亲，对老师伟大的研究不理解，
<SURNAME/>还做了残酷的事!!
<SURNAME/>但是，我不同!!
","[""\\n<SURNAME/>你的母亲，不理解老师伟大的研究，\\n<SURNAME/>还做了很残酷的事!!\\n<SURNAME/>但是，我不一样!!\\n""]","[""\\n<SURNAME/>你的母亲，不理解老师伟大的研究，\\n<SURNAME/>还做了很残酷的事!!\\n<SURNAME/>但是，我不一样!!\\n""]"
local_conflict_review,script:383_8,script:383_8:diag12,frontend/public/games/p2is/groups/script_383_8.json,"
<SURNAME/>先生の研究ガ事実と証明するためなら、
<SURNAME/>死をもいとわない!!
<SURNAME/>私の方ガ、あの人の妻に相応しかったのよお!!
","
<SURNAME/>为了证明老师的研究是事实，
<SURNAME/>我连死都不怕!!
<SURNAME/>我才更适合当那个人的妻子啊!!
","[""\\n<SURNAME/>为了证明老师的研究是事实，\\n<SURNAME/>我连死都不怕!!\\n<SURNAME/>我才更适合当那个人的妻子啊!!\\n""]","[""\\n<SURNAME/>为了证明老师的研究是事实，\\n<SURNAME/>我连死都不怕!!\\n<SURNAME/>我才更适合当那个人的妻子啊!!\\n""]"
local_conflict_review,script:383_8,script:383_8:diag2,frontend/public/games/p2is/groups/script_383_8.json,"
<SURNAME/>す、すごい…<pause:30/>
<SURNAME/>やはり、橿原先生ガ言ったことは本当だった…!!
<SURNAME/>ボロンティックは、本当にいたのよー!!
","
<SURNAME/>好、好厉害…<pause:30/>
<SURNAME/>果然，橿原老师说的话是真的…!!
<SURNAME/>波隆提克真的存在啊!!
","[""\\n<SURNAME/>好、好厉害…<pause:30/>\\n<SURNAME/>果然，橿原老师说的话是真的…!!\\n<SURNAME/>波隆提克真的存在啊!!\\n""]","[""\\n<SURNAME/>好、好厉害…<pause:30/>\\n<SURNAME/>果然，橿原老师说的话是真的…!!\\n<SURNAME/>波隆提克真的存在啊!!\\n""]"
local_conflict_review,script:383_8,script:383_8:diag6,frontend/public/games/p2is/groups/script_383_8.json,"
<SURNAME/>待って、岡村先生!!
<SURNAME/>全ては、僕と死んだ父さん…<pause:30/>
<SURNAME/>そして、貴方の期待ガ生んだ妄想の産物なんだ!
","
<SURNAME/>等等，岡村老师!!
<SURNAME/>一切都是，我和死去的爸爸…<pause:30/>
<SURNAME/>以及你的期待所生出的妄想产物!
","[""\\n<SURNAME/>等等，冈村老师!!\\n<SURNAME/>一切都是，我和我死去的爸爸…<pause:30/>\\n<SURNAME/>以及你的期待所生出的妄想的产物啊!\\n""]","[""\\n<SURNAME/>等等，冈村老师!!\\n<SURNAME/>一切都是，我和我死去的爸爸…<pause:30/>\\n<SURNAME/>以及你的期待所生出的妄想的产物啊!\\n""]"
local_conflict_review,script:383_8,script:383_8:diag7,frontend/public/games/p2is/groups/script_383_8.json,"
<SURNAME/>なんですってぇ!?
<SURNAME/>これガ!<SURNAME/>これガ妄想だというの!?
<SURNAME/>お前は、一体何者なのよ!?
","
<SURNAME/>你说什么!?
<SURNAME/>这个!<SURNAME/>这个说是妄想!?
<SURNAME/>你到底是什么人!?
","[""\\n<SURNAME/>你说什么!?\\n<SURNAME/>这个!<SURNAME/>你说这个是妄想!?\\n<SURNAME/>你，到底是什么人?!\\n""]","[""\\n<SURNAME/>你说什么!?\\n<SURNAME/>这个!<SURNAME/>你说这个是妄想!?\\n<SURNAME/>你，到底是什么人?!\\n""]"
local_conflict_review,script:383_8,script:383_8:diag8,frontend/public/games/p2is/groups/script_383_8.json,"
<SURNAME/>貴方とキング…須藤<SURNAME/>竜也以外に、
<SURNAME/>唯一イン・ラケチを託された…<pause:30/>
<SURNAME/>橿原<SURNAME/>明成の息子です!
","
<SURNAME/>你和King…须藤<SURNAME/>龙也以外，
<SURNAME/>唯一被托付了印·拉凯奇的…<pause:30/>
<SURNAME/>是橿原<SURNAME/>明成的儿子!
","[""\\n<SURNAME/>你和King…须藤<SURNAME/>龙也以外，\\n<SURNAME/>唯一被托付了In Lak'ech的…<pause:30/>\\n<SURNAME/>橿原<SURNAME/>明成的儿子!\\n""]","[""\\n<SURNAME/>你和King…须藤<SURNAME/>龙也以外，\\n<SURNAME/>唯一被托付了In Lak'ech的…<pause:30/>\\n<SURNAME/>橿原<SURNAME/>明成的儿子!\\n""]"
local_conflict_review,script:383_8,script:383_8:diag9,frontend/public/games/p2is/groups/script_383_8.json,"
<SURNAME/>父は、貴方にも言ったはずです!
<SURNAME/>マイヤの託宣を成就させてはならないと…<pause:30/>
<SURNAME/>父さんは…世界の破滅なんて望んでないんだ!!
","
<SURNAME/>父亲应该也对你说过!
<SURNAME/>不能成就玛雅的托宣…<pause:30/>
<SURNAME/>爸爸…不希望世界毁灭!!
","[""\\n<SURNAME/>父亲应该也对你说过!\\n<SURNAME/>不能让玛雅的神谕实现…<pause:30/>\\n<SURNAME/>爸爸…不希望世界毁灭!!\\n""]","[""\\n<SURNAME/>父亲应该也对你说过!\\n<SURNAME/>不能让玛雅的神谕实现…<pause:30/>\\n<SURNAME/>爸爸…不希望世界毁灭!!\\n""]"
local_conflict_review,script:384_8,script:384_8:diag0,frontend/public/games/p2is/groups/script_384_8.json,"
<SURNAME/>大丈夫みてぇだぜ。
<SURNAME/>気絶してるだけだ。<pause:30/>
<SURNAME/>ったく、無茶なオバサンだぜ…
","
<SURNAME/>看起来没事儿。
<SURNAME/>只是晕过去了。<pause:30/>
<SURNAME/>真是的，乱来的大婶啊…
","[""\\n<SURNAME/>看起来没事。\\n<SURNAME/>只是晕过去了。<pause:30/>\\n<SURNAME/>真是个，乱来的大妈啊…\\n""]","[""\\n<SURNAME/>看起来没事。\\n<SURNAME/>只是晕过去了。<pause:30/>\\n<SURNAME/>真是个，乱来的大妈啊…\\n""]"
local_conflict_review,script:384_8,script:384_8:diag1,frontend/public/games/p2is/groups/script_384_8.json,"
<SURNAME/>死ぬ気…だったんだと思う…<pause:30/>
<SURNAME/>託宣の最後のステップは、
<SURNAME/>「マイヤの乙女」の生贄なんだ…
","
<SURNAME/>我想她是抱着必死的决心…<pause:30/>
<SURNAME/>托宣的最后一步，
<SURNAME/>是献祭“玛雅的少女”…
","[""\\n<SURNAME/>我想她是抱着必死的决心…<pause:30/>\\n<SURNAME/>神谕的最后一步，\\n<SURNAME/>是献祭“玛雅的少女”…\\n""]","[""\\n<SURNAME/>我想她是抱着必死的决心…<pause:30/>\\n<SURNAME/>神谕的最后一步，\\n<SURNAME/>是献祭“玛雅的少女”…\\n""]"
local_conflict_review,script:384_8,script:384_8:diag11,frontend/public/games/p2is/groups/script_384_8.json,"
<SURNAME/>それって…他人の数だけ、
<SURNAME/>「私」ガいるって考えられるわよね…
","
<SURNAME/>那也就是说…有多少他人，
<SURNAME/>就有多少个“我”可以认为存在呢…
","[""\\n<SURNAME/>那也就是说…有多少他人，\\n<SURNAME/>就存在了多少个“我”，可以这样认为呢…\\n""]","[""\\n<SURNAME/>那也就是说…有多少他人，\\n<SURNAME/>就存在了多少个“我”，可以这样认为呢…\\n""]"
local_conflict_review,script:384_8,script:384_8:diag14,frontend/public/games/p2is/groups/script_384_8.json,"
<SURNAME/>淳クンのせいじゃない…<pause:30/>
<SURNAME/>私たち、あの頃からずっと、誰かに見られてる。
<SURNAME/>今なら、はっきりわかるわ…
","
<SURNAME/>不是纯君的错…<pause:30/>
<SURNAME/>我们从那时起，就一直被谁看着。
<SURNAME/>现在的话，能清楚地明白了…
","[""\\n<SURNAME/>不是淳君的错…<pause:30/>\\n<SURNAME/>我们从那时起，就一直被谁看着。\\n<SURNAME/>现在的话，就能清楚地明白了呢…\\n""]","[""\\n<SURNAME/>不是淳君的错…<pause:30/>\\n<SURNAME/>我们从那时起，就一直被谁看着。\\n<SURNAME/>现在的话，就能清楚地明白了呢…\\n""]"
local_conflict_review,script:384_8,script:384_8:diag18,frontend/public/games/p2is/groups/script_384_8.json,"
<SURNAME/>そうか…<pause:30/>
<SURNAME/>フィレモンは、この事を教えようとしてたんだ…
","
<SURNAME/>是吗…<pause:30/>
<SURNAME/>菲列蒙是想告诉我们这件事啊…
","[""\\n<SURNAME/>是吗…<pause:30/>\\n<SURNAME/>费列蒙，是想告诉我们这件事啊…\\n""]","[""\\n<SURNAME/>是吗…<pause:30/>\\n<SURNAME/>费列蒙，是想告诉我们这件事啊…\\n""]"
local_conflict_review,script:384_8,script:384_8:diag20,frontend/public/games/p2is/groups/script_384_8.json,"
<SURNAME/>結局この人も、
<SURNAME/>自分の過去の想いに縛られていたのね…<pause:30/>
<SURNAME/>可哀想な人…
","
<SURNAME/>到头来这个人也是、
<SURNAME/>被自己过去的思念束缚着呢…<pause:30/>
<SURNAME/>可怜的人…
","[""\\n<SURNAME/>到头来这个人也是、\\n<SURNAME/>被自己过去的想法所束缚着呢…<pause:30/>\\n<SURNAME/>可怜的人…\\n""]","[""\\n<SURNAME/>到头来这个人也是、\\n<SURNAME/>被自己过去的想法所束缚着呢…<pause:30/>\\n<SURNAME/>可怜的人…\\n""]"
local_conflict_review,script:384_8,script:384_8:diag21,frontend/public/games/p2is/groups/script_384_8.json,"
<SURNAME/>死んだ人間は永遠…か…<pause:30/>
<SURNAME/>でも、それで残された人ガ不幸になるのなら…
","
<SURNAME/>死去的人会永远…吗…<pause:30/>
<SURNAME/>可是，如果那样会让留下的人不幸的话…
","[""\\n<SURNAME/>死去的人便是永恒的…吗…<pause:30/>\\n<SURNAME/>可是，如果那样会让留下的人不幸的话…\\n""]","[""\\n<SURNAME/>死去的人便是永恒的…吗…<pause:30/>\\n<SURNAME/>可是，如果那样会让留下的人不幸的话…\\n""]"
local_conflict_review,script:384_8,script:384_8:diag26,frontend/public/games/p2is/groups/script_384_8.json,"
<SURNAME/>でも、僕には優しい父さんだった…<pause:30/>
<SURNAME/>なんであの時…胸を張って、
<SURNAME/>みんなに父さんだと言わなかったんだ…
","
<SURNAME/>可是，对我来说是个温柔的父亲…<pause:30/>
<SURNAME/>为什么那时候…挺起胸膛、
<SURNAME/>告诉大家他是我父亲呢…
","[""\\n<SURNAME/>可是，对我来说是个温柔的父亲呢…<pause:30/>\\n<SURNAME/>为什么那时候…不挺起胸膛、\\n<SURNAME/>告诉大家他是我的父亲呢…\\n""]","[""\\n<SURNAME/>可是，对我来说是个温柔的父亲呢…<pause:30/>\\n<SURNAME/>为什么那时候…不挺起胸膛、\\n<SURNAME/>告诉大家他是我的父亲呢…\\n""]"
local_conflict_review,script:384_8,script:384_8:diag3,frontend/public/games/p2is/groups/script_384_8.json,"
<SURNAME/>託宣の成就は、つまりこの人ガ死ぬことだ。
<SURNAME/>でも、そんなの本当は、
<SURNAME/>みんなありもしない妄想だ…
","
<SURNAME/>托宣的成就，也就是说这个人会死。
<SURNAME/>但是，那其实，
<SURNAME/>都是不存在的妄想…
","[""\\n<SURNAME/>要实现神谕，也就是说这个人会死。\\n<SURNAME/>但是，那其实，\\n<SURNAME/>都是不存在的妄想…\\n""]","[""\\n<SURNAME/>要实现神谕，也就是说这个人会死。\\n<SURNAME/>但是，那其实，\\n<SURNAME/>都是不存在的妄想…\\n""]"
local_conflict_review,script:384_8,script:384_8:diag4,frontend/public/games/p2is/groups/script_384_8.json,"
<SURNAME/>淳…<pause:30/>
<SURNAME/>さっきお父さんは、死んだって言ってたけど…<pause:30/>
<SURNAME/>じゃあ、わたしたちガ見たあの人は…
","
<SURNAME/>纯…<pause:30/>
<SURNAME/>刚才你说爸爸死了…<pause:30/>
<SURNAME/>那么，我们看到的那个是…
","[""\\n<SURNAME/>淳…<pause:30/>\\n<SURNAME/>刚才你说爸爸死了…<pause:30/>\\n<SURNAME/>那么，我们看到的那个是…\\n""]","[""\\n<SURNAME/>淳…<pause:30/>\\n<SURNAME/>刚才你说爸爸死了…<pause:30/>\\n<SURNAME/>那么，我们看到的那个是…\\n""]"
local_conflict_review,script:384_8,script:384_8:diag6,frontend/public/games/p2is/groups/script_384_8.json,"
<SURNAME/>私たちの噂ガ生み出した、偽者ね…<pause:30/>
<SURNAME/>私たちのシャドウと同じ…<pause:30/>
<SURNAME/>他人の中で作られた、もう一人の「私」…
","
<SURNAME/>是我们的传闻所生出的冒牌货呢…<pause:30/>
<SURNAME/>和我们的影子一样…<pause:30/>
<SURNAME/>在他人之中被创造的，另一个“我”…
","[""\\n<SURNAME/>是我们的传闻所生出的冒牌货呢…<pause:30/>\\n<SURNAME/>和我们的暗影一样…<pause:30/>\\n<SURNAME/>在他人之中被创造的，另一个“我”…\\n""]","[""\\n<SURNAME/>是我们的传闻所生出的冒牌货呢…<pause:30/>\\n<SURNAME/>和我们的暗影一样…<pause:30/>\\n<SURNAME/>在他人之中被创造的，另一个“我”…\\n""]"
local_conflict_review,script:384_8,script:384_8:diag7,frontend/public/games/p2is/groups/script_384_8.json,"
<SURNAME/>そんな…マジ!?<pause:30/>
<SURNAME/>確かに、あの頃のわたしたち、
<SURNAME/>淳のお父さんのこと噂してたよ…でも…
","
<SURNAME/>那样…真的!?<pause:30/>
<SURNAME/>确实，那时的我们，
<SURNAME/>在传闻纯的爸爸呢…但是…
","[""\\n<SURNAME/>那是…真的吗?!<pause:30/>\\n<SURNAME/>确实，那时的我们，\\n<SURNAME/>在传淳的爸爸的传闻呢…但是…\\n""]","[""\\n<SURNAME/>那是…真的吗?!<pause:30/>\\n<SURNAME/>确实，那时的我们，\\n<SURNAME/>在传淳的爸爸的传闻呢…但是…\\n""]"
local_conflict_review,script:385_8,script:385_8:diag0,frontend/public/games/p2is/groups/script_385_8.json,"
<SURNAME/>な、なに…ここ…!?
","
<SURNAME/>什、什么…这里…!?
","[""n<SURNAME/>这、这里是…什么地方…!?\\n""]","[""n<SURNAME/>这、这里是…什么地方…!?\\n""]"
local_conflict_review,script:385_8,script:385_8:diag2,frontend/public/games/p2is/groups/script_385_8.json,"
<SURNAME/>オイ…ここ…<pause:30/>
<SURNAME/>どっかに似てねぇか…
","
<SURNAME/>喂…这里…<pause:30/>
<SURNAME/>不觉得像某个地方吗…
","[""\\n<SURNAME/>喂…你们不觉得…<pause:30/>\\n<SURNAME/>这里很像某个地方吗…\\n""]","[""\\n<SURNAME/>喂…你们不觉得…<pause:30/>\\n<SURNAME/>这里很像某个地方吗…\\n""]"
local_conflict_review,script:385_8,script:385_8:diag3,frontend/public/games/p2is/groups/script_385_8.json,"
<SURNAME/>ようこそ諸君。
<SURNAME/>シバルバーの中心へ…<pause:30/>
<SURNAME/>待ちかねたぞ。
","
<SURNAME/>欢迎诸位。
<SURNAME/>来到希巴尔巴的中心…<pause:30/>
<SURNAME/>久等了。
","[""\\n<SURNAME/>欢迎诸位。\\n<SURNAME/>来到希巴尔巴的中心…<pause:30/>\\n<SURNAME/>让我好等啊。\\n""]","[""\\n<SURNAME/>欢迎诸位。\\n<SURNAME/>来到希巴尔巴的中心…<pause:30/>\\n<SURNAME/>让我好等啊。\\n""]"
merged_versions_conflict,script:385_8,script:385_8:diag5,frontend/public/games/p2is/groups/script_385_8.json,"
<SURNAME/>自分の父を奴呼ばわりとは、悪いユンゲだ。
<SURNAME/>いい大人になれんぞお?
","
<SURNAME/>把自己的父亲叫成那家伙，真是个坏小子。
<SURNAME/>能成为像样的大人吗？
","[""\\n<SURNAME/>把自己的父亲叫成那家伙，真是个坏小子啊。\\n<SURNAME/>这样下去可成为不了像样的大人哦？\\n"", ""\\n<SURNAME/>把自己的父亲叫成那家伙，真是个坏小子啊。\\n<SURNAME/>这样下午可成为不了像样的大人哦？\\n""]","[""\\n<SURNAME/>把自己的父亲叫成那家伙，真是个坏小子啊。\\n<SURNAME/>这样下去可成为不了像样的大人哦？\\n"", ""\\n<SURNAME/>把自己的父亲叫成那家伙，真是个坏小子啊。\\n<SURNAME/>这样下午可成为不了像样的大人哦？\\n""]"
local_conflict_review,script:385_8,script:385_8:diag9,frontend/public/games/p2is/groups/script_385_8.json,"
<SURNAME/>なんだと…?<pause:30/>
<SURNAME/>どういう意味だ!?
","
<SURNAME/>你说什么…？<pause:30/>
<SURNAME/>什么意思！？
","[""\\n<SURNAME/>你说什么…？<pause:30/>\\n<SURNAME/>这是什么意思！？\\n""]","[""\\n<SURNAME/>你说什么…？<pause:30/>\\n<SURNAME/>这是什么意思！？\\n""]"
local_conflict_review,script:386_8,script:386_8:diag0,frontend/public/games/p2is/groups/script_386_8.json,"
<SURNAME/>なかなか楽しませてくれる…<pause:30/>
<SURNAME/>瞬きにも満たぬとはいえ、10年待ったのだ。
<SURNAME/>そうでなければ、面白くない。
","
<SURNAME/>让我相当愉快呢…<pause:30/>
<SURNAME/>虽说不到一眨眼的时间，但我等了10年。
<SURNAME/>不那样就没意思了。
","[""\\n<SURNAME/>确实让我尽兴了一番呢…<pause:30/>\\n<SURNAME/>虽说不过一眨眼的时间，但我等了整整10年呢。\\n<SURNAME/>但不是那样的话，就没意思了。\\n""]","[""\\n<SURNAME/>确实让我尽兴了一番呢…<pause:30/>\\n<SURNAME/>虽说不过一眨眼的时间，但我等了整整10年呢。\\n<SURNAME/>但不是那样的话，就没意思了。\\n""]"
local_conflict_review,script:386_8,script:386_8:diag1,frontend/public/games/p2is/groups/script_386_8.json,"
<SURNAME/>バカ…な!?
<SURNAME/>お前は…!!
","
<SURNAME/>笨…蛋!?
<SURNAME/>你是…!!
","[""\\n<SURNAME/>笨…蛋?!\\n<SURNAME/>你是…!!\\n""]","[""\\n<SURNAME/>笨…蛋?!\\n<SURNAME/>你是…!!\\n""]"
local_conflict_review,script:386_8,script:386_8:diag10,frontend/public/games/p2is/groups/script_386_8.json,"
<SURNAME/>嘘だ!!
<SURNAME/>父さんは、時計台で死んだんだ!!
","
<SURNAME/>胡说！！
<SURNAME/>爸爸在钟楼已经死了！！
","[""\\n<SURNAME/>胡说！！\\n<SURNAME/>爸爸，已经死在钟楼里了！！\\n""]","[""\\n<SURNAME/>胡说！！\\n<SURNAME/>爸爸，已经死在钟楼里了！！\\n""]"
local_conflict_review,script:386_8,script:386_8:diag13,frontend/public/games/p2is/groups/script_386_8.json,"
<SURNAME/>だから私ガ来た。
<SURNAME/>お前ガ望む父の役割を果たし、
<SURNAME/>お前の中の願望を満たすために、だ。
","
<SURNAME/>所以我来了。
<SURNAME/>扮演你期望的父亲角色，
<SURNAME/>满足你内心的愿望。
","[""\\n<SURNAME/>所以我来了。\\n<SURNAME/>扮演你所期望的父亲的角色，\\n<SURNAME/>满足你内心的愿望。\\n""]","[""\\n<SURNAME/>所以我来了。\\n<SURNAME/>扮演你所期望的父亲的角色，\\n<SURNAME/>满足你内心的愿望。\\n""]"
local_conflict_review,script:386_8,script:386_8:diag14,frontend/public/games/p2is/groups/script_386_8.json,"
<SURNAME/>嘘だ…<pause:30/>
<SURNAME/>僕は、こんな惨状を望んだわけじゃない…<pause:30/>
<SURNAME/>みんなの夢ガ叶えばいいと…
","
<SURNAME/>胡说…<pause:30/>
<SURNAME/>我、没希望这种惨状…<pause:30/>
<SURNAME/>只盼大家梦想实现…
","[""\\n<SURNAME/>骗人…<pause:30/>\\n<SURNAME/>我、才没有期望这般悲惨的局面…<pause:30/>\\n<SURNAME/>我只希望大家的梦想能够实现…\\n""]","[""\\n<SURNAME/>骗人…<pause:30/>\\n<SURNAME/>我、才没有期望这般悲惨的局面…<pause:30/>\\n<SURNAME/>我只希望大家的梦想能够实现…\\n""]"
local_conflict_review,script:386_8,script:386_8:diag15,frontend/public/games/p2is/groups/script_386_8.json,"
<SURNAME/>いつまで自分を欺く?
<SURNAME/>ただ、父に懺悔したいガために、
<SURNAME/>お前は街をここまで陥れたんじゃないか。
","
<SURNAME/>还要欺骗自己多久？
<SURNAME/>你只为向父亲忏悔，
<SURNAME/>才把城市搞成这样吧。
","[""\\n<SURNAME/>你还要欺骗自己多久？\\n<SURNAME/>你该不会只是为了向父亲忏悔，\\n<SURNAME/>才让城市陷入这般地步的吧。\\n""]","[""\\n<SURNAME/>你还要欺骗自己多久？\\n<SURNAME/>你该不会只是为了向父亲忏悔，\\n<SURNAME/>才让城市陷入这般地步的吧。\\n""]"
local_conflict_review,script:386_8,script:386_8:diag17,frontend/public/games/p2is/groups/script_386_8.json,"
<SURNAME/>私は…お前達次世代の子供ガ、苦しむことのない、
<SURNAME/>理想的な人間になれればいいと…<pause:30/>
<SURNAME/>イン・ラケチを記したんだ…
","
<SURNAME/>我…希望你们下一代孩子，
<SURNAME/>能成不痛苦的理想人类…<pause:30/>
<SURNAME/>才写了《印·拉基》…
","[""\\n<SURNAME/>我…希望你们这些下一代的孩子，\\n<SURNAME/>能成为不再痛苦的理想人…<pause:30/>\\n<SURNAME/>才写下了In Lak'ech…\\n""]","[""\\n<SURNAME/>我…希望你们这些下一代的孩子，\\n<SURNAME/>能成为不再痛苦的理想人…<pause:30/>\\n<SURNAME/>才写下了In Lak'ech…\\n""]"
local_conflict_review,script:386_8,script:386_8:diag18,frontend/public/games/p2is/groups/script_386_8.json,"
<SURNAME/>でも、それは幻想だった…<pause:30/>
<SURNAME/>夢を求めるのに夢に縋っては、
<SURNAME/>人の心は何も生み出さない…私は愚かだった…
","
<SURNAME/>但那是幻想…<pause:30/>
<SURNAME/>追求梦想却依赖梦想，
<SURNAME/>人心就创造不出什么…我太蠢了…
","[""\\n<SURNAME/>但，那都只是幻想…<pause:30/>\\n<SURNAME/>追求梦想却依赖梦想，\\n<SURNAME/>人心就什么都创造不出来…我太愚蠢了…\\n""]","[""\\n<SURNAME/>但，那都只是幻想…<pause:30/>\\n<SURNAME/>追求梦想却依赖梦想，\\n<SURNAME/>人心就什么都创造不出来…我太愚蠢了…\\n""]"
local_conflict_review,script:386_8,script:386_8:diag19,frontend/public/games/p2is/groups/script_386_8.json,"
<SURNAME/>感動のご対面だ。
<SURNAME/>さあ、早く懺悔するガいい。
<SURNAME/>お前の最後の願いも、既に叶っているのだからな
","
<SURNAME/>感动的重逢啊。
<SURNAME/>来，快忏悔吧。
<SURNAME/>你最后的愿望也已实现了
","[""\\n<SURNAME/>真是感动的重逢啊。\\n<SURNAME/>来，快忏悔吧。\\n<SURNAME/>你最后的愿望，也已实现了呢\\n""]","[""\\n<SURNAME/>真是感动的重逢啊。\\n<SURNAME/>来，快忏悔吧。\\n<SURNAME/>你最后的愿望，也已实现了呢\\n""]"
local_conflict_review,script:386_8,script:386_8:diag4,frontend/public/games/p2is/groups/script_386_8.json,"
<SURNAME/>ここは、お前達人間という名の、
<SURNAME/>モルモットガ生まれた場所だ。<pause:30/>
<SURNAME/>星と見えるのは、お前達ガ意識と呼ぶものだよ。
","
<SURNAME/>这里是你们名为人类的、
<SURNAME/>实验品诞生的地方。<pause:30/>
<SURNAME/>你们看到的星星，就是你们称为意识的东西哦。
","[""\\n<SURNAME/>这里，是你们名为人类的 \\n<SURNAME/>小白鼠所诞生的地方。<pause:30/>\\n<SURNAME/>你们所看到的星星，就是被你们称为意识的东西哦。\\n""]","[""\\n<SURNAME/>这里，是你们名为人类的 \\n<SURNAME/>小白鼠所诞生的地方。<pause:30/>\\n<SURNAME/>你们所看到的星星，就是被你们称为意识的东西哦。\\n""]"
local_conflict_review,script:386_8,script:386_8:diag6,frontend/public/games/p2is/groups/script_386_8.json,"
<SURNAME/>水晶髑髏もこのシバルバーも、
<SURNAME/>それを望むお前達ガ形を与えた、私の一部に過ぎん
","
<SURNAME/>水晶骷髅和这希巴尔巴，
<SURNAME/>都只是我的一部分，是你们渴望才赋予形态
","[""\\n<SURNAME/>水晶骷髅和这希巴尔巴，\\n<SURNAME/>都只是我的一部分，是你们的渴望赋予了它们形态\\n""]","[""\\n<SURNAME/>水晶骷髅和这希巴尔巴，\\n<SURNAME/>都只是我的一部分，是你们的渴望赋予了它们形态\\n""]"
local_conflict_review,script:386_8,script:386_8:diag7,frontend/public/games/p2is/groups/script_386_8.json,"
<SURNAME/>異星の船ガ神へと導くだと?<pause:30/>
<SURNAME/>つくづく、お前達モルモットは愚かだよ。
<SURNAME/>あの手この手で幻想に理屈をつけ、縋りたガる。
","
<SURNAME/>外星飞船能引向神？<pause:30/>
<SURNAME/>你们这些小白鼠真是愚蠢啊。
<SURNAME/>千方百计为幻想找理由，拼命挣扎。
","[""\\n<SURNAME/>外星飞船能引向神？<pause:30/>\\n<SURNAME/>真是越想越愚蠢啊，你们这些小白鼠。\\n<SURNAME/>千方百计地为幻想找理由，拼命挣扎。\\n""]","[""\\n<SURNAME/>外星飞船能引向神？<pause:30/>\\n<SURNAME/>真是越想越愚蠢啊，你们这些小白鼠。\\n<SURNAME/>千方百计地为幻想找理由，拼命挣扎。\\n""]"
local_conflict_review,script:387_8,script:387_8:diag0,frontend/public/games/p2is/groups/script_387_8.json,"
<SURNAME/>ああ…<pause:60/>
<SURNAME/>淳…<pause:60/>
<SURNAME/>し…あわ…せ…に…
","
<SURNAME/>啊…<pause:60/>
<SURNAME/>淳…<pause:60/>
<SURNAME/>幸…福…给…你…
","[""\\n<SURNAME/>啊…<pause:60/>\\n<SURNAME/>淳…<pause:60/>\\n<SURNAME/>一…定…要…幸福…\\n""]","[""\\n<SURNAME/>啊…<pause:60/>\\n<SURNAME/>淳…<pause:60/>\\n<SURNAME/>一…定…要…幸福…\\n""]"
local_conflict_review,script:388_8,script:388_8:diag1,frontend/public/games/p2is/groups/script_388_8.json,"
<SURNAME/>あの女も、お前に若く美しいままでいたいと
<SURNAME/>理想を告げたではないか。
","
<SURNAME/>那女人，不也向你表达
<SURNAME/>想永远年轻美丽的理想吗。
","[""\\n<SURNAME/>那女人，不也向你表达了\\n<SURNAME/>希望永远年轻美丽的理想吗。\\n""]","[""\\n<SURNAME/>那女人，不也向你表达了\\n<SURNAME/>希望永远年轻美丽的理想吗。\\n""]"
local_conflict_review,script:388_8,script:388_8:diag10,frontend/public/games/p2is/groups/script_388_8.json,"
<SURNAME/>矛盾だな。
<SURNAME/>何者をも許す広い心ガ、
<SURNAME/>お前の専売特許ではないのか?
","
<SURNAME/>矛盾啊。
<SURNAME/>宽恕一切的心，
<SURNAME/>不是你的专利吗？
","[""\\n<SURNAME/>真是矛盾。\\n<SURNAME/>宽恕一切的包容之心，\\n<SURNAME/>难道不是你的特质吗？\\n""]","[""\\n<SURNAME/>真是矛盾。\\n<SURNAME/>宽恕一切的包容之心，\\n<SURNAME/>难道不是你的特质吗？\\n""]"
local_conflict_review,script:388_8,script:388_8:diag11,frontend/public/games/p2is/groups/script_388_8.json,"
<SURNAME/>ここは私の世界だ。
<SURNAME/>私ガお前達の存在を抹消しようと思えば、
<SURNAME/>指一つ動かさず、お前達は消え失せる。
","
<SURNAME/>这里是我的世界。
<SURNAME/>若我想抹消你们存在，
<SURNAME/>不动手指，你们就消失。
","[""\\n<SURNAME/>这里是我的世界。\\n<SURNAME/>若我想抹消你们的存在，\\n<SURNAME/>我一根手指都不用动，你们就都消失了。\\n""]","[""\\n<SURNAME/>这里是我的世界。\\n<SURNAME/>若我想抹消你们的存在，\\n<SURNAME/>我一根手指都不用动，你们就都消失了。\\n""]"
local_conflict_review,script:388_8,script:388_8:diag12,frontend/public/games/p2is/groups/script_388_8.json,"
<SURNAME/>勝ち目ガ無いと知った上で、
<SURNAME/>それでも私に挑むのか?
<SURNAME/>それも、矛盾だ…
","
<SURNAME/>明知没有胜算，
<SURNAME/>还要挑战我？
<SURNAME/>那也矛盾…
","[""\\n<SURNAME/>明知没有胜算，\\n<SURNAME/>还要挑战我吗？\\n<SURNAME/>那也真是矛盾…\\n""]","[""\\n<SURNAME/>明知没有胜算，\\n<SURNAME/>还要挑战我吗？\\n<SURNAME/>那也真是矛盾…\\n""]"
local_conflict_review,script:388_8,script:388_8:diag13,frontend/public/games/p2is/groups/script_388_8.json,"
<SURNAME/>負けることなんて考えてたら、
<SURNAME/>夢も未来も掴めないわ!!
","
<SURNAME/>若想着会输，
<SURNAME/>梦想和未来都抓不住！！
","[""\\n<SURNAME/>要是心里总想着会输，\\n<SURNAME/>那梦想与未来都不可能抓得住！！\\n""]","[""\\n<SURNAME/>要是心里总想着会输，\\n<SURNAME/>那梦想与未来都不可能抓得住！！\\n""]"
local_conflict_review,script:388_8,script:388_8:diag2,frontend/public/games/p2is/groups/script_388_8.json,"
<SURNAME/>ジヨーカーの正体ガ息子だと知った時の顔、
<SURNAME/>見物だったぞ。
","
<SURNAME/>知道小丑真身是儿子时的脸，
<SURNAME/>真是精彩啊。
","[""\\n<SURNAME/>在知道JOKER的真身是儿子时的表情，\\n<SURNAME/>真是精彩啊。\\n""]","[""\\n<SURNAME/>在知道JOKER的真身是儿子时的表情，\\n<SURNAME/>真是精彩啊。\\n""]"
local_conflict_review,script:388_8,script:388_8:diag3,frontend/public/games/p2is/groups/script_388_8.json,"
<SURNAME/>嘘だぁぁぁぁぁぁぁぁぁ!!
","
<SURNAME/>胡说啊啊啊啊啊啊啊！！
","[""\\n<SURNAME/>骗人啊啊啊啊啊啊啊！！\\n""]","[""\\n<SURNAME/>骗人啊啊啊啊啊啊啊！！\\n""]"
local_conflict_review,script:388_8,script:388_8:diag4,frontend/public/games/p2is/groups/script_388_8.json,"
<SURNAME/>淳…<pause:30/>
<SURNAME/>自分の夢しか見えなかった、母さんを許して…
","
<SURNAME/>淳…<pause:30/>
<SURNAME/>原谅只看到自己梦想的妈妈…
","[""\\n<SURNAME/>淳…<pause:30/>\\n<SURNAME/>请原谅只看到自己的梦想的妈妈…\\n""]","[""\\n<SURNAME/>淳…<pause:30/>\\n<SURNAME/>请原谅只看到自己的梦想的妈妈…\\n""]"
local_conflict_review,script:388_8,script:388_8:diag5,frontend/public/games/p2is/groups/script_388_8.json,"
<SURNAME/>父への懺悔、母への断罪、
<SURNAME/>全てお前ガ望んだことだ!!<pause:30/>
<SURNAME/>もっと喜べ!!<SURNAME/>矛盾しているぞ!!
","
<SURNAME/>向父亲忏悔、对母亲定罪，
<SURNAME/>全是你希望的！！<pause:30/>
<SURNAME/>高兴点！！<SURNAME/>矛盾了！！
","[""\\n<SURNAME/>向父亲忏悔、对母亲定罪，\\n<SURNAME/>这些都是你所希望的！！<pause:30/>\\n<SURNAME/>高兴点！！<SURNAME/>简直是自相矛盾啊！！\\n""]","[""\\n<SURNAME/>向父亲忏悔、对母亲定罪，\\n<SURNAME/>这些都是你所希望的！！<pause:30/>\\n<SURNAME/>高兴点！！<SURNAME/>简直是自相矛盾啊！！\\n""]"
local_conflict_review,script:388_8,script:388_8:diag7,frontend/public/games/p2is/groups/script_388_8.json,"
<SURNAME/>てんめぇぇぇぇぇぇ!!
<SURNAME/>ぶっ殺す!!
","
<SURNAME/>你这混蛋啊啊啊啊！！
<SURNAME/>宰了你！！
","[""\\n<SURNAME/>你这混蛋啊啊啊啊！！\\n<SURNAME/>我要杀了你！！\\n""]","[""\\n<SURNAME/>你这混蛋啊啊啊啊！！\\n<SURNAME/>我要杀了你！！\\n""]"
local_conflict_review,script:388_8,script:388_8:diag8,frontend/public/games/p2is/groups/script_388_8.json,"
<SURNAME/>ハハハハハッ!!
<SURNAME/>淳!!
<SURNAME/>お前ガやらないなら、私ガ断罪してやろう!!
","
<SURNAME/>哈哈哈哈！！
<SURNAME/>淳！！
<SURNAME/>你不动手，我来定罪吧！！
","[""\\n<SURNAME/>哈哈哈哈！！\\n<SURNAME/>淳！！\\n<SURNAME/>你不动手的话，就由我来定罪吧！！\\n""]","[""\\n<SURNAME/>哈哈哈哈！！\\n<SURNAME/>淳！！\\n<SURNAME/>你不动手的话，就由我来定罪吧！！\\n""]"
local_conflict_review,script:388_8,script:388_8:diag9,frontend/public/games/p2is/groups/script_388_8.json,"
<SURNAME/>誰かをこんなに憎いと思ったのは、初めてよ…<pause:30/>
<SURNAME/>許さないわ…絶対に!!
","
<SURNAME/>第一次这么恨一个人…<pause:30/>
<SURNAME/>绝不原谅…绝对！！
","[""\\n<SURNAME/>这么恨一个人，我还是第一次…<pause:30/>\\n<SURNAME/>绝不能原谅…绝对！！\\n""]","[""\\n<SURNAME/>这么恨一个人，我还是第一次…<pause:30/>\\n<SURNAME/>绝不能原谅…绝对！！\\n""]"
merged_versions_conflict,script:389_8,script:389_8:diag0,frontend/public/games/p2is/groups/script_389_8.json,"
<SURNAME/>父を演じ、情ガ移ったか?
<SURNAME/>這い寄る混沌…ニャルラト木テプよ。<pause:30/>
<SURNAME/>これで、私の言ったことガ理解できたはずだ。
","
<SURNAME/>扮演父亲，动情了吗？
<SURNAME/>匍匐的混沌…奈亚拉托提普啊。<pause:30/>
<SURNAME/>这下，该理解我说的话了。
","[""<SURNAME/>扮演父亲，便动了真情吗？ <SURNAME/>伏行的混沌…奈亚拉托提普啊。<pause:30/> <SURNAME/>如此，你应当能理解我所说的话了。"", ""<SURNAME/>扮演父亲，便动了真情吗？ <SURNAME/>蠕动的混沌…奈亚拉托提普啊。<pause:30/> <SURNAME/>如此，你应当能理解我所说的话了。""]","[""<SURNAME/>扮演父亲，便动了真情吗？ <SURNAME/>伏行的混沌…奈亚拉托提普啊。<pause:30/> <SURNAME/>如此，你应当能理解我所说的话了。"", ""<SURNAME/>扮演父亲，便动了真情吗？ <SURNAME/>蠕动的混沌…奈亚拉托提普啊。<pause:30/> <SURNAME/>如此，你应当能理解我所说的话了。""]"
local_conflict_review,script:389_8,script:389_8:diag1,frontend/public/games/p2is/groups/script_389_8.json,"
<SURNAME/>フッ…<pause:30/>
<SURNAME/>確かにこいつらならば、我らにとっても
<SURNAME/>良い観察結果をもたらすかもしれんガな…
","
<SURNAME/>哼…<pause:30/>
<SURNAME/>确实，若是这些家伙，或许能为我们
<SURNAME/>带来良好的观察结果呢…
","[""<SURNAME/>呵…<pause:30/> <SURNAME/>确实，若是这些家伙，或许能为我们 <SURNAME/>带来不错的观测结果呢…""]","[""<SURNAME/>呵…<pause:30/> <SURNAME/>确实，若是这些家伙，或许能为我们 <SURNAME/>带来不错的观测结果呢…""]"
local_conflict_review,script:389_8,script:389_8:diag10,frontend/public/games/p2is/groups/script_389_8.json,"
<SURNAME/>ちくしょう!!
<SURNAME/>ギンコォ!!
<SURNAME/>早く魔法でなんとかしろお!!
","
<SURNAME/>可恶!!
<SURNAME/>银古!!
<SURNAME/>快用魔法想想办法啊!!
","[""<SURNAME/>该死!! <SURNAME/>银子!! <SURNAME/>快用魔法想想办法啊!!""]","[""<SURNAME/>该死!! <SURNAME/>银子!! <SURNAME/>快用魔法想想办法啊!!""]"
local_conflict_review,script:389_8,script:389_8:diag11,frontend/public/games/p2is/groups/script_389_8.json,"
<SURNAME/>やってるよおお!!
<SURNAME/>でも…でも…<pause:30/>
<SURNAME/>血ガ止まんないんだよっ!!
","
<SURNAME/>我在做了啊!!
<SURNAME/>但是…但是…<pause:30/>
<SURNAME/>血止不住啊!!
","[""<SURNAME/>我在做了啊!! <SURNAME/>但是…但是…<pause:30/> <SURNAME/>血根本止不住啊!!""]","[""<SURNAME/>我在做了啊!! <SURNAME/>但是…但是…<pause:30/> <SURNAME/>血根本止不住啊!!""]"
merged_versions_conflict,script:389_8,script:389_8:diag12,frontend/public/games/p2is/groups/script_389_8.json,"
<SURNAME/>どうして…<pause:30/>
<SURNAME/>どうして魔法ガ効かないのっ!?
<SURNAME/>フィレモン!?
","
<SURNAME/>为什么…<pause:30/>
<SURNAME/>为什么魔法不起作用!?
<SURNAME/>菲勒蒙!?
","[""<SURNAME/>为什么…<pause:30/> <SURNAME/>为什么魔法不起作用!? <SURNAME/>费列蒙!?"", ""<SURNAME/>为什么…<pause:30/> <SURNAME/>为什么魔法不起作用!? <SURNAME/>菲列蒙!?""]","[""<SURNAME/>为什么…<pause:30/> <SURNAME/>为什么魔法不起作用!? <SURNAME/>费列蒙!?"", ""<SURNAME/>为什么…<pause:30/> <SURNAME/>为什么魔法不起作用!? <SURNAME/>菲列蒙!?""]"
local_conflict_review,script:389_8,script:389_8:diag13,frontend/public/games/p2is/groups/script_389_8.json,"
<SURNAME/>ニャルラト木テプよ…<pause:30/>
<SURNAME/>貴様、このために聖槍の伝説を…
","
<SURNAME/>奈亚拉托提普啊…<pause:30/>
<SURNAME/>你这家伙，为此利用了圣枪的传说…
","[""<SURNAME/>奈亚拉托提普啊…<pause:30/> <SURNAME/>你这家伙，为此而利用了圣枪的传说…""]","[""<SURNAME/>奈亚拉托提普啊…<pause:30/> <SURNAME/>你这家伙，为此而利用了圣枪的传说…""]"
merged_versions_conflict,script:389_8,script:389_8:diag14,frontend/public/games/p2is/groups/script_389_8.json,"
<SURNAME/>かつて、その槍で貫かれたイエスの遺体からは、
<SURNAME/>止めどなく血ガ流れ続けたそうだ。
","
<SURNAME/>据说，曾经被那枪刺穿的耶稣遗体，
<SURNAME/>血无止境地流淌着。
","[""<SURNAME/>据说，当年被那柄长枪刺穿的耶稣遗体， <SURNAME/>鲜血便这样永无休止地流淌着。"", ""<SURNAME/>据说，当年被那柄长枪刺穿的耶稣遗体重， <SURNAME/>鲜血便这样永无休止地流淌着。""]","[""<SURNAME/>据说，当年被那柄长枪刺穿的耶稣遗体， <SURNAME/>鲜血便这样永无休止地流淌着。"", ""<SURNAME/>据说，当年被那柄长枪刺穿的耶稣遗体重， <SURNAME/>鲜血便这样永无休止地流淌着。""]"
local_conflict_review,script:389_8,script:389_8:diag15,frontend/public/games/p2is/groups/script_389_8.json,"
<SURNAME/>お前達人間ガ、
<SURNAME/>二千年も語り継いできた伝説…「噂」だよ。
<SURNAME/>致命傷なら、さぞかし効果もてき面だろう?
","
<SURNAME/>你们人类，
<SURNAME/>两千年来口耳相传的传说…“传闻”啊。
<SURNAME/>若是致命伤，效果想必立竿见影吧?
","[""<SURNAME/>这便是你们人类， <SURNAME/>流传至今两千年的传说…也就是“传闻”啊。 <SURNAME/>既然是致命伤，那效果想必立竿见影吧?""]","[""<SURNAME/>这便是你们人类， <SURNAME/>流传至今两千年的传说…也就是“传闻”啊。 <SURNAME/>既然是致命伤，那效果想必立竿见影吧?""]"
local_conflict_review,script:389_8,script:389_8:diag16,frontend/public/games/p2is/groups/script_389_8.json,"
<SURNAME/>私…忘れられる…より…<pause:30/>
<SURNAME/>もっと…哀れ…な…女ガ…わかった…わ…
","
<SURNAME/>我…比起被遗忘…<pause:30/>
<SURNAME/>更…可怜…的女人…明白了…呢…
","[""<SURNAME/>我…终于明白…<pause:30/> <SURNAME/>什么是…比被遗忘…更可怜的…女人了…呢…""]","[""<SURNAME/>我…终于明白…<pause:30/> <SURNAME/>什么是…比被遗忘…更可怜的…女人了…呢…""]"
local_conflict_review,script:389_8,script:389_8:diag17,frontend/public/games/p2is/groups/script_389_8.json,"
<SURNAME/>それは…人を…縛る…女…<pause:30/>
<SURNAME/>みんな…私のことは…<pause:30/>
<SURNAME/>早く…忘れなさい…
","
<SURNAME/>那是…束缚…人的…女人…<pause:30/>
<SURNAME/>大家…关于我…<pause:30/>
<SURNAME/>快点…忘掉吧…
","[""<SURNAME/>那就是…束缚…他人的…女人…<pause:30/> <SURNAME/>大家…快把我…<pause:30/> <SURNAME/>给…忘了吧…""]","[""<SURNAME/>那就是…束缚…他人的…女人…<pause:30/> <SURNAME/>大家…快把我…<pause:30/> <SURNAME/>给…忘了吧…""]"
local_conflict_review,script:389_8,script:389_8:diag18,frontend/public/games/p2is/groups/script_389_8.json,"
<SURNAME/>や…やだなぁ〜舞耶ネェ!!
<SURNAME/>こ、今生の別れじゃあるまいしい…<pause:30/>
<SURNAME/>お、俺のデビューライブ、見てくれるんだろ?
","
<SURNAME/>别…别这样嘛〜舞耶姐!!
<SURNAME/>这、这又不是永别…<pause:30/>
<SURNAME/>你、你会来看我的出道演唱会吧?
","[""<SURNAME/>别…别这样嘛〜舞耶姐!! <SURNAME/>这、这又不是什么生离死别…<pause:30/> <SURNAME/>我、我的出道演唱会、你还会来看的吧?""]","[""<SURNAME/>别…别这样嘛〜舞耶姐!! <SURNAME/>这、这又不是什么生离死别…<pause:30/> <SURNAME/>我、我的出道演唱会、你还会来看的吧?""]"
local_conflict_review,script:389_8,script:389_8:diag19,frontend/public/games/p2is/groups/script_389_8.json,"
<SURNAME/>そ、そうだよお…<pause:30/>
<SURNAME/>こんなの…すぐ治るよ!!
","
<SURNAME/>就、就是啊…<pause:30/>
<SURNAME/>这种伤…马上就会好的!!
","[""<SURNAME/>就、就是啊…<pause:30/> <SURNAME/>这种小伤…马上就会治好的!!""]","[""<SURNAME/>就、就是啊…<pause:30/> <SURNAME/>这种小伤…马上就会治好的!!""]"
local_conflict_review,script:389_8,script:389_8:diag2,frontend/public/games/p2is/groups/script_389_8.json,"
<SURNAME/>何を言ってるの…フィレモン!?
","
<SURNAME/>你在说什么…菲勒蒙!?
","[""<SURNAME/>你在说什么…费列蒙!?""]","[""<SURNAME/>你在说什么…费列蒙!?""]"
local_conflict_review,script:389_8,script:389_8:diag20,frontend/public/games/p2is/groups/script_389_8.json,"
<SURNAME/>服…汚れちゃったから、
<SURNAME/>今度はわたしガ選んであげる…<pause:30/>
<SURNAME/>一緒に買い物行こっ…約束ね…
","
<SURNAME/>衣服…弄脏了，
<SURNAME/>下次我来帮你选…<pause:30/>
<SURNAME/>一起去购物吧…约好了哦…
","[""<SURNAME/>衣服…都弄脏了， <SURNAME/>我们要一起去逛街哦…<pause:30/> <SURNAME/>下次让我来帮你挑吧…约好了哦…""]","[""<SURNAME/>衣服…都弄脏了， <SURNAME/>我们要一起去逛街哦…<pause:30/> <SURNAME/>下次让我来帮你挑吧…约好了哦…""]"
local_conflict_review,script:389_8,script:389_8:diag21,frontend/public/games/p2is/groups/script_389_8.json,"
<SURNAME/>ぼ、僕のお気に入りの場所にも、
<SURNAME/>みんなを招待するよ…!<pause:30/>
<SURNAME/>いろんな花ガ咲いていて…とても奇麗なんだ…
","
<SURNAME/>我、我喜欢的那个地方，
<SURNAME/>也邀请大家去…!<pause:30/>
<SURNAME/>各种花盛开着…非常美丽…
","[""<SURNAME/>我、我也会邀请大家去， <SURNAME/>我最喜欢的地方的…!<pause:30/> <SURNAME/>那里开满了各种各样的花…真的很美…""]","[""<SURNAME/>我、我也会邀请大家去， <SURNAME/>我最喜欢的地方的…!<pause:30/> <SURNAME/>那里开满了各种各样的花…真的很美…""]"
local_conflict_review,script:389_8,script:389_8:diag22,frontend/public/games/p2is/groups/script_389_8.json,"
<SURNAME/>あ…ありガとう…みんな…<pause:30/>
<SURNAME/>本当…逞しく…なった…よね…
","
<SURNAME/>啊…谢谢…大家…<pause:30/>
<SURNAME/>真的…变得…坚强了呢…
","[""<SURNAME/>啊…谢谢…大家…<pause:30/> <SURNAME/>真的…变得…很坚强了呢…""]","[""<SURNAME/>啊…谢谢…大家…<pause:30/> <SURNAME/>真的…变得…很坚强了呢…""]"
local_conflict_review,script:389_8,script:389_8:diag23,frontend/public/games/p2is/groups/script_389_8.json,"
<SURNAME/>ほら…そんなに泣いたら…<pause:30/>
<SURNAME/>ウサギ…さんに…笑われちゃう…ぞ…
","
<SURNAME/>看吧…哭成那样的话…<pause:30/>
<SURNAME/>会被兔子…先生…笑话的哦…
","[""<SURNAME/>好了…要是哭成那样…<pause:30/> <SURNAME/>会被兔子…先生…笑话的哦…""]","[""<SURNAME/>好了…要是哭成那样…<pause:30/> <SURNAME/>会被兔子…先生…笑话的哦…""]"
merged_versions_conflict,script:389_8,script:389_8:diag24,frontend/public/games/p2is/groups/script_389_8.json,"
<SURNAME/>いい…?<pause:30/>
<SURNAME/>誰にも…自分で夢を…叶える権利ガ…あるわ…<pause:30/>
<SURNAME/>大丈夫…みんななら…しっかり…夢…掴むのよ…
","
<SURNAME/>好…吗?<pause:30/>
<SURNAME/>任何人…都有…自己实现梦想…的权利…<pause:30/>
<SURNAME/>没问题的…大家的话…一定能…牢牢抓住…梦想的…
","[""<SURNAME/>听好哦…?<pause:30/> <SURNAME/>每个人…都有…靠自己实现梦想…的权利…<pause:30/> <SURNAME/>没事的…如果是你们…一定能…抓住…梦想的…"", ""<SURNAME/>听好哦…?<pause:30/> <SURNAME/>每个人…都有…靠自己实现梦想…的权利…<pause:30/> <SURNAME/>没事的…如果是你们…一定能…好好地的抓住…梦想的…""]","[""<SURNAME/>听好哦…?<pause:30/> <SURNAME/>每个人…都有…靠自己实现梦想…的权利…<pause:30/> <SURNAME/>没事的…如果是你们…一定能…抓住…梦想的…"", ""<SURNAME/>听好哦…?<pause:30/> <SURNAME/>每个人…都有…靠自己实现梦想…的权利…<pause:30/> <SURNAME/>没事的…如果是你们…一定能…好好地的抓住…梦想的…""]"
merged_versions_conflict,script:389_8,script:389_8:diag25,frontend/public/games/p2is/groups/script_389_8.json,"
<SURNAME/>クク…誰しも夢を叶える権利ガあるか…<pause:30/>
<SURNAME/>最後まで幻想に縋り、自分と同じ名の女を捧げた。
<SURNAME/>これガ、この女の夢だ!
","
<SURNAME/>呵呵…谁都有实现梦想的权利吗…<pause:30/>
<SURNAME/>她直到最后都执着于幻想，献上了与自己同名的女人。
<SURNAME/>这就是这个女人的梦想!
","[""<SURNAME/>呵呵…每个人都有实现梦想的权利吗…<pause:30/> <SURNAME/>到头来还活在幻想里，甚至献祭了同名的女人。 <SURNAME/>这就是这个女人的梦想啊!"", ""<SURNAME/>呵呵…每个人都有实现梦想的权利吗…<pause:30/> <SURNAME/>直到最后还在依恋于幻想，甚至献祭了与自己同名的女人。 <SURNAME/>这就是这个女人的梦想啊!""]","[""<SURNAME/>呵呵…每个人都有实现梦想的权利吗…<pause:30/> <SURNAME/>到头来还活在幻想里，甚至献祭了同名的女人。 <SURNAME/>这就是这个女人的梦想啊!"", ""<SURNAME/>呵呵…每个人都有实现梦想的权利吗…<pause:30/> <SURNAME/>直到最后还在依恋于幻想，甚至献祭了与自己同名的女人。 <SURNAME/>这就是这个女人的梦想啊!""]"
local_conflict_review,script:389_8,script:389_8:diag26,frontend/public/games/p2is/groups/script_389_8.json,"
<SURNAME/>それに免じて、
<SURNAME/>お前たち人間ガ望んだ、
<SURNAME/>滅びの夢を叶えてやろう!!
","
<SURNAME/>因此，
<SURNAME/>就实现你们人类所渴望的，
<SURNAME/>毁灭的梦想吧!!
","[""<SURNAME/>看在这份上， <SURNAME/>由我来成全， <SURNAME/>你们人类所渴望的毁灭的梦想吧!!""]","[""<SURNAME/>看在这份上， <SURNAME/>由我来成全， <SURNAME/>你们人类所渴望的毁灭的梦想吧!!""]"
local_conflict_review,script:389_8,script:389_8:diag3,frontend/public/games/p2is/groups/script_389_8.json,"
<SURNAME/>我々は、人々の心の源…<pause:30/>
<SURNAME/>普遍的無意識の化身であり、
<SURNAME/>表裏一体の存在なのだ…
","
<SURNAME/>吾等乃人心之源…<pause:30/>
<SURNAME/>普遍无意识的化身，
<SURNAME/>表里一体的存在…
","[""<SURNAME/>吾等乃人心之源…<pause:30/> <SURNAME/>普遍无意识的化身， <SURNAME/>亦是表里一体的存在…""]","[""<SURNAME/>吾等乃人心之源…<pause:30/> <SURNAME/>普遍无意识的化身， <SURNAME/>亦是表里一体的存在…""]"
local_conflict_review,script:389_8,script:389_8:diag4,frontend/public/games/p2is/groups/script_389_8.json,"
<SURNAME/>我らは、ずっとここから人の営みを見てきた…<pause:30/>
<SURNAME/>私は、強き心持つ者を導き、這い寄る混沌は、
<SURNAME/>弱き者を奈落へ引きずり込むために。
","
<SURNAME/>吾等一直从此处观望着人类的营生…<pause:30/>
<SURNAME/>吾引导拥有坚强心灵者，那匍匐的混沌，
<SURNAME/>则是为了将弱者拖入奈落。
","[""<SURNAME/>吾等一直在此处注视着人类的所作所为…<pause:30/> <SURNAME/>我负责引导内心强大之人，那蠕动的混沌， <SURNAME/>则是为了将软弱之人拖入深渊。""]","[""<SURNAME/>吾等一直在此处注视着人类的所作所为…<pause:30/> <SURNAME/>我负责引导内心强大之人，那蠕动的混沌， <SURNAME/>则是为了将软弱之人拖入深渊。""]"
local_conflict_review,script:389_8,script:389_8:diag5,frontend/public/games/p2is/groups/script_389_8.json,"
<SURNAME/>全ては、矛盾を抱える人の心ガ、
<SURNAME/>完全なものとして進化することガできるのか、
<SURNAME/>その結果を見極めるためだ。
","
<SURNAME/>一切皆是为了看清，那充满矛盾的人心，
<SURNAME/>能否作为完全体进化，
<SURNAME/>其结果的真相。
","[""<SURNAME/>一切皆是为了看清矛盾的人心， <SURNAME/>能否进化为完美的存在， <SURNAME/>并探明最终的结果。""]","[""<SURNAME/>一切皆是为了看清矛盾的人心， <SURNAME/>能否进化为完美的存在， <SURNAME/>并探明最终的结果。""]"
local_conflict_review,script:389_8,script:389_8:diag6,frontend/public/games/p2is/groups/script_389_8.json,"
<SURNAME/>諸君は、その可能性を示した。
<SURNAME/>君達のような人間ガ増えれば、いつしか人は、
<SURNAME/>己の存在意義を知る、完全な存在になれるだろう
","
<SURNAME/>诸位已展现了那种可能性。
<SURNAME/>若像你们这样的人类增多，终有一天人，
<SURNAME/>将成为知晓己身存在意义的完全存在吧
","[""<SURNAME/>诸位已展现了那种可能性。 <SURNAME/>倘若像你们这样的人越来越多，终有一天人类， <SURNAME/>定能成为知晓自身存在意义的完美存在吧""]","[""<SURNAME/>诸位已展现了那种可能性。 <SURNAME/>倘若像你们这样的人越来越多，终有一天人类， <SURNAME/>定能成为知晓自身存在意义的完美存在吧""]"
local_conflict_review,script:389_8,script:389_8:diag7,frontend/public/games/p2is/groups/script_389_8.json,"
<SURNAME/>全部…<pause:30/>
<SURNAME/>全部…あなた達ガ仕組んだことなの!?
","
<SURNAME/>全部…<pause:30/>
<SURNAME/>全部…你们策划的吗!?
","[""\\n<SURNAME/>全部…<pause:30/>\\n<SURNAME/>全部…都是你们策划的吗!?\\n""]","[""\\n<SURNAME/>全部…<pause:30/>\\n<SURNAME/>全部…都是你们策划的吗!?\\n""]"
local_conflict_review,script:389_8,script:389_8:diag8,frontend/public/games/p2is/groups/script_389_8.json,"
<SURNAME/>「貴方」と言って欲しいものだな。<pause:30/>
<SURNAME/>こいつは、見ているのガ関の山だ。
<SURNAME/>だガ…私は違うぞ。
","
<SURNAME/>希望你能说“您”。<pause:30/>
<SURNAME/>这家伙，不过是旁观而已。
<SURNAME/>但我可不同。
","[""<SURNAME/>我更希望你能称呼一声“您”。<pause:30/> <SURNAME/>这家伙，充其量也就在一旁观望罢了。 <SURNAME/>但…我可不一样。""]","[""<SURNAME/>我更希望你能称呼一声“您”。<pause:30/> <SURNAME/>这家伙，充其量也就在一旁观望罢了。 <SURNAME/>但…我可不一样。""]"
local_conflict_review,script:390_8,script:390_8:diag1,frontend/public/games/p2is/groups/script_390_8.json,"
<SURNAME/>私は、お前達全ての人間の影だ。
<SURNAME/>人間に昏き心ガある限り、私は消せん。
<SURNAME/>這い寄る混沌の、最後の試練を受取れ!!
","
<SURNAME/>我是你们所有人类的影子。
<SURNAME/>只要人类有昏暗之心，我便不会消失。
<SURNAME/>接受这匍匐混沌的最终试炼吧!!
","[""\\n<SURNAME/>我是你们所有人类的影子。\\n<SURNAME/>只要人类有还昏暗之心，我便不会消失。\\n<SURNAME/>接受这伏行之混沌的最终试炼吧!!\\n""]","[""\\n<SURNAME/>我是你们所有人类的影子。\\n<SURNAME/>只要人类有还昏暗之心，我便不会消失。\\n<SURNAME/>接受这伏行之混沌的最终试炼吧!!\\n""]"
local_conflict_review,script:390_8,script:390_8:diag10,frontend/public/games/p2is/groups/script_390_8.json,"
<SURNAME/>みんな…忘れちゃうってこと…!?<pause:30/>
<SURNAME/>そんなの…そんなのイヤだっ!!<pause:30/>
<SURNAME/>他に方法はないの!?
","
<SURNAME/>大家…都会忘记吗…!?<pause:30/>
<SURNAME/>那种事…那种事不要啊!!<pause:30/>
<SURNAME/>没有其他方法吗!?
","[""\\n<SURNAME/>大家…都会忘记吗…!?<pause:30/>\\n<SURNAME/>那种事…那种事情不要啊!!<pause:30/>\\n<SURNAME/>就没有其他方法了吗!?\\n""]","[""\\n<SURNAME/>大家…都会忘记吗…!?<pause:30/>\\n<SURNAME/>那种事…那种事情不要啊!!<pause:30/>\\n<SURNAME/>就没有其他方法了吗!?\\n""]"
local_conflict_review,script:390_8,script:390_8:diag11,frontend/public/games/p2is/groups/script_390_8.json,"
<SURNAME/>彼奴の力ガ強いこの世界では、方法はない。
<SURNAME/>無意識に、破滅を望む人々の昏き想いガ、
<SURNAME/>彼奴の力の源だ…
","
<SURNAME/>在这个他力量强大的世界里，没有方法。
<SURNAME/>无意识中，渴望毁灭的人们那昏暗的思绪，
<SURNAME/>正是他力量的源泉…
","[""\\n<SURNAME/>在他力量如此强大的这个世界里，没有其他方法。\\n<SURNAME/>在无意识中，渴望毁灭的人们那昏暗的想法，\\n<SURNAME/>正是他力量的源泉…\\n""]","[""\\n<SURNAME/>在他力量如此强大的这个世界里，没有其他方法。\\n<SURNAME/>在无意识中，渴望毁灭的人们那昏暗的想法，\\n<SURNAME/>正是他力量的源泉…\\n""]"
local_conflict_review,script:390_8,script:390_8:diag12,frontend/public/games/p2is/groups/script_390_8.json,"
<SURNAME/>彼奴を抑えるならば、
<SURNAME/>人そのものガ変わらなければならない…<pause:30/>
<SURNAME/>その新たな世界を、君達ガ創るのだ。
","
<SURNAME/>若要抑制他，
<SURNAME/>人类本身必须改变…<pause:30/>
<SURNAME/>那个新世界，将由你们创造。
","[""\\n<SURNAME/>若要抑制他，\\n<SURNAME/>必须让人类本身做出改变…<pause:30/>\\n<SURNAME/>那个新世界，将由你们创造。\\n""]","[""\\n<SURNAME/>若要抑制他，\\n<SURNAME/>必须让人类本身做出改变…<pause:30/>\\n<SURNAME/>那个新世界，将由你们创造。\\n""]"
local_conflict_review,script:390_8,script:390_8:diag19,frontend/public/games/p2is/groups/script_390_8.json,"
<SURNAME/>さて…しばしの別れだ。
<SURNAME/>最後に、言っておきたいことはないかね?
","
<SURNAME/>那么…是短暂的离别了。
<SURNAME/>最后，没有什么想说的吗?
","[""\\n<SURNAME/>那么…将是短暂的离别了。\\n<SURNAME/>最后，没有什么想说的吗?\\n""]","[""\\n<SURNAME/>那么…将是短暂的离别了。\\n<SURNAME/>最后，没有什么想说的吗?\\n""]"
local_conflict_review,script:390_8,script:390_8:diag22,frontend/public/games/p2is/groups/script_390_8.json,"
<SURNAME/>私は、全ての人間の意識と無意識の
<SURNAME/>狭間に住まう者…
","
<SURNAME/>我是，居住在所有人类意识与潜意识
<SURNAME/>夹缝中的存在…
","[""\\n<SURNAME/>我是，居住在所有人类意识与无意识\\n<SURNAME/>夹缝中的存在…\\n""]","[""\\n<SURNAME/>我是，居住在所有人类意识与无意识\\n<SURNAME/>夹缝中的存在…\\n""]"
local_conflict_review,script:390_8,script:390_8:diag4,frontend/public/games/p2is/groups/script_390_8.json,"
<SURNAME/>その一点さえ消し去れば、この様な悲劇の起きぬ、
<SURNAME/>あの日から別れた、
<SURNAME/>別の時間軸と世界ガ生まれるだろう…
","
<SURNAME/>只要抹去那一点，这样的悲剧就不会发生，
<SURNAME/>从那天起分离的，
<SURNAME/>另一个时间轴与世界将会诞生…
","[""\\n<SURNAME/>只要抹去那一点，这样的悲剧就不会发生，\\n<SURNAME/>从那天起分离的，\\n<SURNAME/>另一个时间轴的世界将会诞生…\\n""]","[""\\n<SURNAME/>只要抹去那一点，这样的悲剧就不会发生，\\n<SURNAME/>从那天起分离的，\\n<SURNAME/>另一个时间轴的世界将会诞生…\\n""]"
local_conflict_review,script:390_8,script:390_8:diag5,frontend/public/games/p2is/groups/script_390_8.json,"
<SURNAME/>そんなことガ…できるのか…?
","
<SURNAME/>这种事…真能办到吗…?
","[""\\n<SURNAME/>这种事…真的能办到吗…?\\n""]","[""\\n<SURNAME/>这种事…真的能办到吗…?\\n""]"
local_conflict_review,script:390_8,script:390_8:diag7,frontend/public/games/p2is/groups/script_390_8.json,"
<SURNAME/>シバルバーや水晶髑髏の幻想に頼らずとも、
<SURNAME/>諸君の強い意志と行動こそガ、
<SURNAME/>唯一現実を変えるエナジーとなるのだ。
","
<SURNAME/>即使不依赖西巴尔巴或水晶骷髅的幻想，
<SURNAME/>诸君坚强的意志与行动本身，
<SURNAME/>才是改变现实的唯一能量。
","[""\\n<SURNAME/>不必依赖希巴尔巴和水晶骷髅这种幻想，\\n<SURNAME/>诸君坚强的意志与行动本身，\\n<SURNAME/>才是改变现实的唯一能量。\\n""]","[""\\n<SURNAME/>不必依赖希巴尔巴和水晶骷髅这种幻想，\\n<SURNAME/>诸君坚强的意志与行动本身，\\n<SURNAME/>才是改变现实的唯一能量。\\n""]"
local_conflict_review,script:390_8,script:390_8:diag8,frontend/public/games/p2is/groups/script_390_8.json,"
<SURNAME/>そう…諸君ガ属する宇宙を生んだ力さえも、
<SURNAME/>諸君の心の力と同じもの…<pause:30/>
<SURNAME/>この普遍的無意識の世界では、それガ可能だ。
","
<SURNAME/>是的…就连创造诸君所属宇宙的力量，
<SURNAME/>也与诸君心灵的力量相同…<pause:30/>
<SURNAME/>在这个普遍的潜意识世界中，那是可能的。
","[""\\n<SURNAME/>是的…就连创造诸君所属宇宙的力量，\\n<SURNAME/>也与诸君心灵的力量相同…<pause:30/>\\n<SURNAME/>在这个普遍的无意识世界中，那都是有可能的。\\n""]","[""\\n<SURNAME/>是的…就连创造诸君所属宇宙的力量，\\n<SURNAME/>也与诸君心灵的力量相同…<pause:30/>\\n<SURNAME/>在这个普遍的无意识世界中，那都是有可能的。\\n""]"
local_conflict_review,script:390_8,script:390_8:diag9,frontend/public/games/p2is/groups/script_390_8.json,"
<SURNAME/>全てをリセットしろ…<pause:30/>
<SURNAME/>そういうことか…?<pause:30/>
<SURNAME/>僕たちの記憶や思い出…全てと引き換えに…
","
<SURNAME/>要重置一切…<pause:30/>
<SURNAME/>是这样吗…?<pause:30/>
<SURNAME/>以我们的记忆和回忆…作为交换…
","[""\\n<SURNAME/>要重置一切…<pause:30/>\\n<SURNAME/>是这样吗…?<pause:30/>\\n<SURNAME/>用我们的记忆和回忆…作为交换…\\n""]","[""\\n<SURNAME/>要重置一切…<pause:30/>\\n<SURNAME/>是这样吗…?<pause:30/>\\n<SURNAME/>用我们的记忆和回忆…作为交换…\\n""]"
local_conflict_review,script:391_8,script:391_8:diag0,frontend/public/games/p2is/groups/script_391_8.json,"
<SURNAME/>よう、<c12/>!
<SURNAME/>冴子先生ガ、お前の事探してたぜ?
<SURNAME/>進路指導だって…
","
<SURNAME/>哟，<c12/>!
<SURNAME/>冴子老师，在找你呢?
<SURNAME/>说是升学指导…
","[""\\n<SURNAME/>哟，<c12/>!\\n<SURNAME/>冴子老师，她在找你呢，\\n<SURNAME/>说是升学指导…\\n""]","[""\\n<SURNAME/>哟，<c12/>!\\n<SURNAME/>冴子老师，她在找你呢，\\n<SURNAME/>说是升学指导…\\n""]"
local_conflict_review,script:391_8,script:391_8:diag10,frontend/public/games/p2is/groups/script_391_8.json,"
<SURNAME/>え、えーとお…<pause:30/>
<SURNAME/>そ、そろそろ、二人ガ来る頃かなぁ〜って!!
<SURNAME/>待ってたんだよ。やだなぁ!!
","
<SURNAME/>呃、呃…<pause:30/>
<SURNAME/>差、差不多，两个人该来了吧〜！！
<SURNAME/>在等着呢。讨厌啦！！
","[""\\n<SURNAME/>那、那个…<pause:30/>\\n<SURNAME/>差、差不多，那两个人该来了吧〜！！\\n<SURNAME/>在等着呢。讨厌啦！！\\n""]","[""\\n<SURNAME/>那、那个…<pause:30/>\\n<SURNAME/>差、差不多，那两个人该来了吧〜！！\\n<SURNAME/>在等着呢。讨厌啦！！\\n""]"
local_conflict_review,script:391_8,script:391_8:diag13,frontend/public/games/p2is/groups/script_391_8.json,"
<SURNAME/>ほ、ほら、そんなことより、
<SURNAME/>早くカラオケ行こうよー!
<SURNAME/>3人でデビューすんでしょ?
","
<SURNAME/>好、好啦，比起那个，
<SURNAME/>快点去卡拉OK吧！
<SURNAME/>三人要出道对吧？
","[""\\n<SURNAME/>好、好啦，比起那个，\\n<SURNAME/>快点去卡拉OK吧！\\n<SURNAME/>我们三个要出道的对吧？\\n""]","[""\\n<SURNAME/>好、好啦，比起那个，\\n<SURNAME/>快点去卡拉OK吧！\\n<SURNAME/>我们三个要出道的对吧？\\n""]"
local_conflict_review,script:391_8,script:391_8:diag2,frontend/public/games/p2is/groups/script_391_8.json,"
<SURNAME/>あーあ、こりゃダメだな。
<SURNAME/>お前、そんなに器用じゃないし、電車で帰れよ。
<SURNAME/>じゃ、ちゃんと伝えたぜ。
","
<SURNAME/>啊—啊，这下不行了。
<SURNAME/>你，又不那么灵巧，坐电车回去吧。
<SURNAME/>那么，我好好传达了啊。
","[""\\n<SURNAME/>啊啊，这下可不行了。\\n<SURNAME/>你，手又不够灵巧，坐电车回去吧。\\n<SURNAME/>那么，我好好传达了哦。\\n""]","[""\\n<SURNAME/>啊啊，这下可不行了。\\n<SURNAME/>你，手又不够灵巧，坐电车回去吧。\\n<SURNAME/>那么，我好好传达了哦。\\n""]"
local_conflict_review,script:391_8,script:391_8:diag3,frontend/public/games/p2is/groups/script_391_8.json,"
<SURNAME/>やっと見つけたよ、<c12/>。
<SURNAME/>もう、逃ガさないからね。
","
<SURNAME/>终于找到你了，<c12/>。
<SURNAME/>这次，不会让你逃掉了。
","[""\\n<SURNAME/>终于找到你了，<c12/>。\\n<SURNAME/>这次，不会再让你逃掉了。\\n""]","[""\\n<SURNAME/>终于找到你了，<c12/>。\\n<SURNAME/>这次，不会再让你逃掉了。\\n""]"
local_conflict_review,script:391_8,script:391_8:diag4,frontend/public/games/p2is/groups/script_391_8.json,"
<SURNAME/>さぁて、ぶっちゃけた話、
<SURNAME/>あんた、進路はもう決めたの?
","
<SURNAME/>好了，坦白说，
<SURNAME/>你，升学方向已经决定了吗?
","[""\\n<SURNAME/>那么，实话实说，\\n<SURNAME/>你，升学方向已经决定了吗?\\n""]","[""\\n<SURNAME/>那么，实话实说，\\n<SURNAME/>你，升学方向已经决定了吗?\\n""]"
local_conflict_review,script:392_8,script:392_8:diag0,frontend/public/games/p2is/groups/script_392_8.json,"
<SURNAME/>だー!!
<SURNAME/>ダメー!!<SURNAME/>全然ダメー!!
<SURNAME/>お前ら、音楽性ゼロ!!
","
<SURNAME/>哒——！！
<SURNAME/>不行！！<SURNAME/>完全不行！！
<SURNAME/>你们，音乐性零分！！
","[""\\n<SURNAME/>不——！！\\n<SURNAME/>不行！！<SURNAME/>完全不行！！\\n<SURNAME/>你们，音乐性零分！！\\n""]","[""\\n<SURNAME/>不——！！\\n<SURNAME/>不行！！<SURNAME/>完全不行！！\\n<SURNAME/>你们，音乐性零分！！\\n""]"
local_conflict_review,script:392_8,script:392_8:diag1,frontend/public/games/p2is/groups/script_392_8.json,"
<SURNAME/>当たり前じゃねぇすか。
<SURNAME/>楽器なんて、
<SURNAME/>中坊ん時、笛吹いたのガ最後なんだから…
","
<SURNAME/>那不是当然的吗？
<SURNAME/>乐器什么的，
<SURNAME/>中学时吹过笛子就是最后一次了…
","[""\\n<SURNAME/>那不是当然的吗？\\n<SURNAME/>乐器什么的，\\n<SURNAME/>中学时吹过的笛子就是最后一次了…\\n""]","[""\\n<SURNAME/>那不是当然的吗？\\n<SURNAME/>乐器什么的，\\n<SURNAME/>中学时吹过的笛子就是最后一次了…\\n""]"
local_conflict_review,script:392_8,script:392_8:diag4,frontend/public/games/p2is/groups/script_392_8.json,"
<SURNAME/>そうだ、ミッシェルさん。
<SURNAME/>セブンスの<c12/><SURNAME/><c13/>って知ってます?
","
<SURNAME/>对了，米切桑。
<SURNAME/>七姊妹的<c12/><SURNAME/><c13/>你知道吗？
","[""\\n<SURNAME/>对了，米歇尔大人。\\n<SURNAME/>七姐妹的<c12/><SURNAME/><c13/>你知道吗？\\n""]","[""\\n<SURNAME/>对了，米歇尔大人。\\n<SURNAME/>七姐妹的<c12/><SURNAME/><c13/>你知道吗？\\n""]"
local_conflict_review,script:392_8,script:392_8:diag5,frontend/public/games/p2is/groups/script_392_8.json,"
<SURNAME/>なんでも、セブンス1のイケてるヤツで、
<SURNAME/>ルックスも女子の人気も申し分ないって話です。
<SURNAME/>そいつ、誘ってみたらどうすかね?
","
<SURNAME/>听说啊，七姊妹有个超酷的家伙，
<SURNAME/>长相和女生缘都超赞的。
<SURNAME/>那家伙，要不要试着邀请他？
","[""\\n<SURNAME/>听说啊，七姐妹有个超酷的家伙，\\n<SURNAME/>长相和女人缘都超赞的。\\n<SURNAME/>那家伙，要不要试着邀请他？\\n""]","[""\\n<SURNAME/>听说啊，七姐妹有个超酷的家伙，\\n<SURNAME/>长相和女人缘都超赞的。\\n<SURNAME/>那家伙，要不要试着邀请他？\\n""]"
local_conflict_review,script:392_8,script:392_8:diag7,frontend/public/games/p2is/groups/script_392_8.json,"
<SURNAME/>そうだなぁ、
<SURNAME/>ちょうどメンバー探してたとこだし、
<SURNAME/>会ってみっかなぁ。
","
<SURNAME/>是啊，
<SURNAME/>正好在找成员呢，
<SURNAME/>见个面吧。
","[""\\n<SURNAME/>是啊，\\n<SURNAME/>正好在找成员呢，\\n<SURNAME/>那就和他见一面吧。\\n""]","[""\\n<SURNAME/>是啊，\\n<SURNAME/>正好在找成员呢，\\n<SURNAME/>那就和他见一面吧。\\n""]"
local_conflict_review,script:393_8,script:393_8:diag1,frontend/public/games/p2is/groups/script_393_8.json,"
<SURNAME/>ありガとう、淳。
<SURNAME/>スイートピーね、これ?
","
<SURNAME/>谢谢你，纯。
<SURNAME/>这是甜豌豆吧？
","[""\\n<SURNAME/>谢谢你，淳。\\n<SURNAME/>这是甜豌豆花，对吧？\\n""]","[""\\n<SURNAME/>谢谢你，淳。\\n<SURNAME/>这是甜豌豆花，对吧？\\n""]"
local_conflict_review,script:393_8,script:393_8:diag2,frontend/public/games/p2is/groups/script_393_8.json,"
<SURNAME/>進路…教育学部に決めたよ。
<SURNAME/>父さんみたいな教師になるんだ。
","
<SURNAME/>出路…我决定去教育学部了。
<SURNAME/>我要成为像爸爸那样的教师。
","[""\\n<SURNAME/>升学…我决定去教育学部了。\\n<SURNAME/>我要成为像爸爸那样的教师。\\n""]","[""\\n<SURNAME/>升学…我决定去教育学部了。\\n<SURNAME/>我要成为像爸爸那样的教师。\\n""]"
local_conflict_review,script:393_8,script:393_8:diag3,frontend/public/games/p2is/groups/script_393_8.json,"
<SURNAME/>そう!<SURNAME/>父さんも喜ぶわ。
<SURNAME/>腕によりを掛けるから、
<SURNAME/>今夜は久しぶりに、3人で食事をしましょう。
","
<SURNAME/>真的!<SURNAME/>爸爸也会高兴的。
<SURNAME/>我会拿出看家本领，
<SURNAME/>今晚久违地，一起吃顿饭吧。
","[""\\n<SURNAME/>这样吗!<SURNAME/>爸爸也会很高兴的。\\n<SURNAME/>我可要拿出看家本领了，\\n<SURNAME/>今晚久违地，3个人一起吃顿饭吧。\\n""]","[""\\n<SURNAME/>这样吗!<SURNAME/>爸爸也会很高兴的。\\n<SURNAME/>我可要拿出看家本领了，\\n<SURNAME/>今晚久违地，3个人一起吃顿饭吧。\\n""]"
local_conflict_review,script:393_8,script:393_8:diag4,frontend/public/games/p2is/groups/script_393_8.json,"
<SURNAME/>それじゃ、母さんもう少しかかるから、
<SURNAME/>先に帰っててくれる?
","
<SURNAME/>那么，妈妈还要一会儿，
<SURNAME/>你先回去吧？
","[""\\n<SURNAME/>那么，妈妈还要再忙一会儿，\\n<SURNAME/>你先回去吧？\\n""]","[""\\n<SURNAME/>那么，妈妈还要再忙一会儿，\\n<SURNAME/>你先回去吧？\\n""]"
local_conflict_review,script:395_8,script:395_8:diag2,frontend/public/games/p2is/groups/script_395_8.json,"
<SURNAME/><c12/><SURNAME/><c13/>よ…<pause:30/>
<SURNAME/>このまま、夢の半ばで倒れてしまうのかね?
","
<SURNAME/><c12/><SURNAME/><c13/>啊…<pause:30/>
<SURNAME/>难道就这样，在梦想中途倒下吗？
","[""\\n<SURNAME/><c12/><SURNAME/><c13/>啊…<pause:30/>\\n<SURNAME/>难道就这样，在梦想的途中倒下吗？\\n""]","[""\\n<SURNAME/><c12/><SURNAME/><c13/>啊…<pause:30/>\\n<SURNAME/>难道就这样，在梦想的途中倒下吗？\\n""]"
local_conflict_review,script:396_8,script:396_8:diag0:p1,frontend/public/games/p2is/groups/script_396_8.json,"<c1d:11/>リサ<c1d:1/>
<SURNAME/>この「学校寒内」では、「体験入学」で遊べる
<SURNAME/>ゲーム部分より前に、わたし達ガどんな冒険を
<SURNAME/>してきたかを紹介します!
","<c1d:11/>丽莎<c1d:1/>
<SURNAME/>在这个“校内寒冬”中，我们将先于“体验入学”的游戏部分，
<SURNAME/>为大家介绍我们经历过怎样的冒险！
","[""<c1d:11/>丽莎<c1d:1/>\\n<SURNAME/>在这个“学校导览”中，我们将先游玩“体验入学”的游戏部分，\\n<SURNAME/>为大家介绍我们经历过怎样的冒险！\\n""]","[""<c1d:11/>丽莎<c1d:1/>\\n<SURNAME/>在这个“学校导览”中，我们将先游玩“体验入学”的游戏部分，\\n<SURNAME/>为大家介绍我们经历过怎样的冒险！\\n""]"
local_conflict_review,script:396_8,script:396_8:diag10,frontend/public/games/p2is/groups/script_396_8.json,"
<SURNAME/>Sorry呀(ソーリーア)。ごめんなさ〜い。
<SURNAME/>大っ<pause:15/>変!<SURNAME/>お見苦しい物をお見せしました。
<SURNAME/>さぁて、次は…
","
<SURNAME/>Sorry呀。抱歉啦〜。
<SURNAME/>大<pause:15/>事！<SURNAME/>让您见笑了呢。
<SURNAME/>那么，接下来…
","[""\\n<SURNAME/>Sorry呀(Sorry aa3)。抱歉啦〜。\\n<SURNAME/>事<pause:15/>故！<SURNAME/>让您见笑了呢。\\n<SURNAME/>那么，接下来…\\n""]","[""\\n<SURNAME/>Sorry呀(Sorry aa3)。抱歉啦〜。\\n<SURNAME/>事<pause:15/>故！<SURNAME/>让您见笑了呢。\\n<SURNAME/>那么，接下来…\\n""]"
local_conflict_review,script:396_8,script:396_8:diag11,frontend/public/games/p2is/groups/script_396_8.json,"
<SURNAME/>オイオイ!
<SURNAME/>もうちっと何かコメントしたれや!
<SURNAME/>俺ガ番はってる我ガ春日山高校、栄光の…
","
<SURNAME/>喂喂！
<SURNAME/>你倒是多评论几句啊！
<SURNAME/>老子坐镇的春日山高中，光荣的…
","[""\\n<SURNAME/>喂喂！\\n<SURNAME/>你倒是多评论几句啊！\\n<SURNAME/>由老子坐镇的春日山高中，光荣的…\\n""]","[""\\n<SURNAME/>喂喂！\\n<SURNAME/>你倒是多评论几句啊！\\n<SURNAME/>由老子坐镇的春日山高中，光荣的…\\n""]"
local_conflict_review,script:396_8,script:396_8:diag12,frontend/public/games/p2is/groups/script_396_8.json,"
<SURNAME/>あーヤダヤダ。人様に誇れるアイディンティティ
<SURNAME/>のないヤツに限って自分の肩書きや、
<SURNAME/>所属団体を自慢したガるんだよね?
","
<SURNAME/>啊~不行不行。越是没拿得出手身份的人
<SURNAME/>才越爱显摆自己的头衔和
<SURNAME/>所属团体呢？
","[""\\n<SURNAME/>啊~不行不行。越是没拿得出手的身份的人\\n<SURNAME/>才越爱显摆自己的头衔和\\n<SURNAME/>所属团体呢？\\n""]","[""\\n<SURNAME/>啊~不行不行。越是没拿得出手的身份的人\\n<SURNAME/>才越爱显摆自己的头衔和\\n<SURNAME/>所属团体呢？\\n""]"
local_conflict_review,script:396_8,script:396_8:diag15,frontend/public/games/p2is/groups/script_396_8.json,"
<SURNAME/>クっ…う、<pause:15/>ウチにゃあ、よその学校にねぇ
<SURNAME/>漢気(おとこぎ)ってヤツガ溢れてるんでい!
<SURNAME/>わかったか!?<SURNAME/>べらぼうめい!
","
<SURNAME/>靠…咱、<pause:15/>咱学校可是充满了
<SURNAME/>别校没有的男子汉气概！
<SURNAME/>懂了吗！？<SURNAME/>混账东西！
","[""\\n<SURNAME/>呜…咱、<pause:15/>咱的学校可是充满了\\n<SURNAME/>别校没有的男子汉气概的！\\n<SURNAME/>懂了吗！？<SURNAME/>狂妄的家伙！\\n""]","[""\\n<SURNAME/>呜…咱、<pause:15/>咱的学校可是充满了\\n<SURNAME/>别校没有的男子汉气概的！\\n<SURNAME/>懂了吗！？<SURNAME/>狂妄的家伙！\\n""]"
local_conflict_review,script:396_8,script:396_8:diag16:p1,frontend/public/games/p2is/groups/script_396_8.json,"<c1d:11/>リサ<c1d:1/>
<SURNAME/>春日山高校は珠閒瑠いちのバカ高校。
<SURNAME/>通称「カス校」。それでいいじゃん。
<SURNAME/>ね?<pause:30/><SURNAME/>パ・<pause:15/>ン・<pause:15/>ツ・<pause:15/>番長。
","<c1d:11/>丽莎<c1d:1/>
<SURNAME/>春日山高中是珠闲瑠最烂的高中。
<SURNAME/>俗称「渣校」。这样不就好了？
<SURNAME/>对吧？<pause:30/><SURNAME/>内<pause:15/>裤<pause:15/>老<pause:15/>大。
","[""<c1d:11/>丽莎<c1d:1/>\\n<SURNAME/>春日山高中是珠闲瑠最烂的高中。\\n<SURNAME/>俗称\""渣校\""。这样不就好了？\\n<SURNAME/>对吧？<pause:30/><SURNAME/>胖<pause:15/>次<pause:15/>番<pause:15/>长。\\n""]","[""<c1d:11/>丽莎<c1d:1/>\\n<SURNAME/>春日山高中是珠闲瑠最烂的高中。\\n<SURNAME/>俗称\""渣校\""。这样不就好了？\\n<SURNAME/>对吧？<pause:30/><SURNAME/>胖<pause:15/>次<pause:15/>番<pause:15/>长。\\n""]"
local_conflict_review,script:396_8,script:396_8:diag17,frontend/public/games/p2is/groups/script_396_8.json,"
<SURNAME/>パンツって言うんじゃねい!
<SURNAME/>お前といい<c12/>といい…セブンスの
<SURNAME/>生徒ってのはなんでキッツいのガ多いんだ!?
","
<SURNAME/>不准叫内裤！
<SURNAME/>你和<c12/>那家伙…七姊妹的学生
<SURNAME/>怎么都这么毒舌啊！？
","[""\\n<SURNAME/>不准叫我胖次！\\n<SURNAME/>你和<c12/>那家伙…七姐妹的学生\\n<SURNAME/>怎么都这么毒舌啊！？\\n""]","[""\\n<SURNAME/>不准叫我胖次！\\n<SURNAME/>你和<c12/>那家伙…七姐妹的学生\\n<SURNAME/>怎么都这么毒舌啊！？\\n""]"
local_conflict_review,script:396_8,script:396_8:diag18:p0,frontend/public/games/p2is/groups/script_396_8.json,"
<SURNAME/>さぁて、わたしや、ゲームの主人公
<SURNAME/><c13/>の通うのガ、この「七姉妹学園」。
<SURNAME/>キレイな学校でしょ?<SURNAME/>
","
<SURNAME/>那么，我和游戏主角
<SURNAME/><c13/>上的是这「七姊妹学园」。
<SURNAME/>很漂亮学校吧？<SURNAME/>
","[""\\n<SURNAME/>那么，我和游戏的主人公\\n<SURNAME/><c13/>上的是这所「七姐妹学园」。\\n<SURNAME/>很漂亮的学校对吧？<SURNAME/>\\n""]","[""\\n<SURNAME/>那么，我和游戏的主人公\\n<SURNAME/><c13/>上的是这所「七姐妹学园」。\\n<SURNAME/>很漂亮的学校对吧？<SURNAME/>\\n""]"
local_conflict_review,script:396_8,script:396_8:diag18:p1,frontend/public/games/p2is/groups/script_396_8.json,"<c1d:11/>リサ<c1d:1/>
<SURNAME/>他校生は、略して「セブンス」って
<SURNAME/>呼んだりもしてるみたい。
<SURNAME/>カッコイイ糸の男子ガ多いのガ、自慢なんだ。
","<c1d:11/>丽莎<c1d:1/>
<SURNAME/>他校生简称「七姊妹」
<SURNAME/>也这么叫。
<SURNAME/>帅气男生多，是骄傲。
","[""<c1d:11/>丽莎<c1d:1/>\\n<SURNAME/>他校生也有简称为\\n<SURNAME/>「七姐妹」的。\\n<SURNAME/>引以为傲的是这里帅哥很多哦。\\n""]","[""<c1d:11/>丽莎<c1d:1/>\\n<SURNAME/>他校生也有简称为\\n<SURNAME/>「七姐妹」的。\\n<SURNAME/>引以为傲的是这里帅哥很多哦。\\n""]"
local_conflict_review,script:396_8,script:396_8:diag19,frontend/public/games/p2is/groups/script_396_8.json,"
<SURNAME/>それガ理由で、セブンスの生徒でもねぇ女共ガ
<SURNAME/>セブンスの紋章(エンブレム)や紋章入りの
<SURNAME/>バッグを持って街をウロウロしてるってワケだ。
","
<SURNAME/>所以才有不是七姊妹的女生们
<SURNAME/>戴着七姊妹纹章、背着纹章包
<SURNAME/>在街上晃悠啊。
","[""\\n<SURNAME/>所以才有不是七姐妹学生的女生们\\n<SURNAME/>戴着七姐妹的纹章、背着纹章包\\n<SURNAME/>在街上晃悠啊。\\n""]","[""\\n<SURNAME/>所以才有不是七姐妹学生的女生们\\n<SURNAME/>戴着七姐妹的纹章、背着纹章包\\n<SURNAME/>在街上晃悠啊。\\n""]"
local_conflict_review,script:396_8,script:396_8:diag20,frontend/public/games/p2is/groups/script_396_8.json,"
<SURNAME/>ケッ。何でそんなんガステイタスになんのかね?
<SURNAME/>女の考えるこた、わかんねぇぜ!
","
<SURNAME/>切。这算什么身份象征？
<SURNAME/>女人的想法真搞不懂！
","[""\\n<SURNAME/>切。这算什么身份的象征？\\n<SURNAME/>女人的想法真搞不懂！\\n""]","[""\\n<SURNAME/>切。这算什么身份的象征？\\n<SURNAME/>女人的想法真搞不懂！\\n""]"
local_conflict_review,script:396_8,script:396_8:diag21:p0,frontend/public/games/p2is/groups/script_396_8.json,"
<SURNAME/>でも、それもちょっと前までの事だったよね?
<SURNAME/>いつの頃からか、セブンスの紋章は
<SURNAME/>「呪いの紋章」だって噂ガ広まっちゃったんだ。
","
<SURNAME/>但也是前段时间的事了呢。
<SURNAME/>不知何时起，七姊妹纹章
<SURNAME/>被传成「诅咒纹章」了。
","[""\\n<SURNAME/>但这也是前段时间的事了呢。\\n<SURNAME/>不知何时起，七姐妹的纹章\\n<SURNAME/>被传闻说是「诅咒纹章」了呢。\\n""]","[""\\n<SURNAME/>但这也是前段时间的事了呢。\\n<SURNAME/>不知何时起，七姐妹的纹章\\n<SURNAME/>被传闻说是「诅咒纹章」了呢。\\n""]"
local_conflict_review,script:396_8,script:396_8:diag21:p1,frontend/public/games/p2is/groups/script_396_8.json,"<c1d:11/>リサ<c1d:1/>
<SURNAME/>今じゃ他校生はもちろん、七姉妹学園の生徒でも
<SURNAME/>紋章をつけてる人はほとんどいないの。
","<c1d:11/>丽莎<c1d:1/>
<SURNAME/>现在别说外校生，连七姊妹的学生
<SURNAME/>也几乎没人戴纹章了。
","[""<c1d:11/>丽莎<c1d:1/>\\n<SURNAME/>现在别说是外校生，连七姐妹的学生\\n<SURNAME/>也几乎没人戴纹章了。\\n""]","[""<c1d:11/>丽莎<c1d:1/>\\n<SURNAME/>现在别说是外校生，连七姐妹的学生\\n<SURNAME/>也几乎没人戴纹章了。\\n""]"
local_conflict_review,script:396_8,script:396_8:diag22:p1,frontend/public/games/p2is/groups/script_396_8.json,"<c1d:11/>栄吉<c1d:1/>
<SURNAME/>今、セブンスにゃ顔に包帯まいた生徒ガ
<SURNAME/>たくさんいるんだってな…
<SURNAME/>ひでえ話だぜ!
","<c1d:11/>荣吉<c1d:1/>
<SURNAME/>听说现在七姊妹里缠绷带的学生
<SURNAME/>一大堆…
<SURNAME/>太惨了！
","[""<c1d:11/>荣吉<c1d:1/>\\n<SURNAME/>听说现在七姐妹里脸上缠着绷带的学生\\n<SURNAME/>一大堆…\\n<SURNAME/>太惨了！\\n""]","[""<c1d:11/>荣吉<c1d:1/>\\n<SURNAME/>听说现在七姐妹里脸上缠着绷带的学生\\n<SURNAME/>一大堆…\\n<SURNAME/>太惨了！\\n""]"
local_conflict_review,script:396_8,script:396_8:diag23:p0,frontend/public/games/p2is/groups/script_396_8.json,"
<SURNAME/>ウン。でも、あの人は…
<SURNAME/><c12/><SURNAME/><c13/>は、そんな噂、全然気にしないで
<SURNAME/>紋章を、堂々とつけてたな。
","
<SURNAME/>嗯。但那个人…
<SURNAME/><c12/><SURNAME/><c13/>完全不在乎传闻
<SURNAME/>堂堂正正戴着纹章呢。
","[""\\n<SURNAME/>嗯。但那个人…\\n<SURNAME/><c12/><SURNAME/><c13/>完全不在乎传闻\\n<SURNAME/>堂堂正正地戴着纹章呢。\\n""]","[""\\n<SURNAME/>嗯。但那个人…\\n<SURNAME/><c12/><SURNAME/><c13/>完全不在乎传闻\\n<SURNAME/>堂堂正正地戴着纹章呢。\\n""]"
local_conflict_review,script:396_8,script:396_8:diag23:p1,frontend/public/games/p2is/groups/script_396_8.json,"<c1d:11/>リサ<c1d:1/>
<SURNAME/>アハ!<SURNAME/>さっすガわたしの情人(チンヤン)。
<SURNAME/>「セブンスいち、イケてる男」って言われてる
<SURNAME/>だけの事、あるわぁ。
","<c1d:11/>丽莎<c1d:1/>
<SURNAME/>啊哈！<SURNAME/>不愧是我的情人。
<SURNAME/>「七姊妹第一型男」的称号
<SURNAME/>可不是白叫的〜。
","[""<c1d:11/>丽莎<c1d:1/>\\n<SURNAME/>啊哈！<SURNAME/>不愧是我的情人(cing4 jan4)。\\n<SURNAME/>「七姐妹第一型男」的称号\\n<SURNAME/>可不是白叫的〜。\\n""]","[""<c1d:11/>丽莎<c1d:1/>\\n<SURNAME/>啊哈！<SURNAME/>不愧是我的情人(cing4 jan4)。\\n<SURNAME/>「七姐妹第一型男」的称号\\n<SURNAME/>可不是白叫的〜。\\n""]"
local_conflict_review,script:396_8,script:396_8:diag24:p0,frontend/public/games/p2is/groups/script_396_8.json,"
<SURNAME/>堂々…つーか、ボケてるだけなんじゃないのか?
<SURNAME/>コイツの場合。
<SURNAME/>ま、俺の次にイイ男なのは認めるけどよ。
","
<SURNAME/>堂堂…说啥，只是在装傻吧？
<SURNAME/>这家伙情况。
<SURNAME/>嘛，仅次于俺的好男人我认啦。
","[""\\n<SURNAME/>堂堂…说什么呢，该不会只是因为傻乎乎的吧？\\n<SURNAME/>这家伙的情况。\\n<SURNAME/>嘛，仅次于我的好男人我认啦。\\n""]","[""\\n<SURNAME/>堂堂…说什么呢，该不会只是因为傻乎乎的吧？\\n<SURNAME/>这家伙的情况。\\n<SURNAME/>嘛，仅次于我的好男人我认啦。\\n""]"
local_conflict_review,script:396_8,script:396_8:diag24:p1,frontend/public/games/p2is/groups/script_396_8.json,"<c1d:11/>栄吉<c1d:1/>
<SURNAME/>それよか情人(チンヤン)って恋人の事だろ?
<SURNAME/>前っから聞きたかったんだけど、
<SURNAME/>木ントにてめえら付き合ってんのか!?
","<c1d:11/>荣吉<c1d:1/>
<SURNAME/>比起那，情人(Chinyan)是恋人吧？
<SURNAME/>之前就想问，
<SURNAME/>你和那家伙在交往吗!?
","[""<c1d:11/>荣吉<c1d:1/>\\n<SURNAME/>比起那个，情人(cing4 jan4)是恋人的意思吧？\\n<SURNAME/>之前就想问了，\\n<SURNAME/>你和那家伙在交往吗!?\\n""]","[""<c1d:11/>荣吉<c1d:1/>\\n<SURNAME/>比起那个，情人(cing4 jan4)是恋人的意思吧？\\n<SURNAME/>之前就想问了，\\n<SURNAME/>你和那家伙在交往吗!?\\n""]"
local_conflict_review,script:396_8,script:396_8:diag24:p2,frontend/public/games/p2is/groups/script_396_8.json,"<c1d:11/>栄吉<c1d:1/>
<SURNAME/>俺ガ聞いたところ<c12/>は、バイク好きの
<SURNAME/>一匹狼で、ものスゲー!<SURNAME/>付き合いの悪いヤツだ
<SURNAME/>…って噂だぞ?
","<c1d:11/>荣吉<c1d:1/>
<SURNAME/>俺听说<c12/>是爱摩托的
<SURNAME/>独行狼，超难搞！<SURNAME/>不好处家伙
<SURNAME/>…的传闻哦？
","[""<c1d:11/>荣吉<c1d:1/>\\n<SURNAME/>我听说过<c12/>他是个爱摩托的\\n<SURNAME/>独狼，超难搞的！<SURNAME/>不好相处的家伙\\n<SURNAME/>…的传闻哦？\\n""]","[""<c1d:11/>荣吉<c1d:1/>\\n<SURNAME/>我听说过<c12/>他是个爱摩托的\\n<SURNAME/>独狼，超难搞的！<SURNAME/>不好相处的家伙\\n<SURNAME/>…的传闻哦？\\n""]"
local_conflict_review,script:396_8,script:396_8:diag25,frontend/public/games/p2is/groups/script_396_8.json,"
<SURNAME/>………さて!<SURNAME/>パンツ番長。
<SURNAME/>このゲームの主役。<SURNAME/><c12/><SURNAME/><c13/>の紹介も
<SURNAME/>すんだ事だし、話をサクサク進めましょ?
","
<SURNAME/>………好啦！<SURNAME/>内裤老大。
<SURNAME/>游戏主角<SURNAME/><c12/><SURNAME/><c13/>也
<SURNAME/>介绍完了，赶紧推进剧情吧？
","[""\\n<SURNAME/>………好啦！<SURNAME/>胖次番长。\\n<SURNAME/>游戏的主角<SURNAME/><c12/><SURNAME/><c13/>也\\n<SURNAME/>介绍完了，赶紧推进剧情吧？\\n""]","[""\\n<SURNAME/>………好啦！<SURNAME/>胖次番长。\\n<SURNAME/>游戏的主角<SURNAME/><c12/><SURNAME/><c13/>也\\n<SURNAME/>介绍完了，赶紧推进剧情吧？\\n""]"
local_conflict_review,script:396_8,script:396_8:diag27:p0,frontend/public/games/p2is/groups/script_396_8.json,"
<SURNAME/>ええっと、今度の事件はここにいるパンツ番長ガ
<SURNAME/><c13/>に出した「果たし状」から始まるの。
","
<SURNAME/>嗯，这次事件是这里裤衩番长
<SURNAME/>给<c13/>出「挑战书」开始的。
","[""\\n<SURNAME/>嗯，这次事件是从这胖次番长\\n<SURNAME/>给<c13/>出了「挑战书」开始的。\\n""]","[""\\n<SURNAME/>嗯，这次事件是从这胖次番长\\n<SURNAME/>给<c13/>出了「挑战书」开始的。\\n""]"
local_conflict_review,script:396_8,script:396_8:diag27:p1,frontend/public/games/p2is/groups/script_396_8.json,"<c1d:11/>リサ<c1d:1/>
<SURNAME/>ウチの学校の、か弱〜い少女を拉致監禁した
<SURNAME/>パンツ番長ガ、「果たし状」で<c13/>と
<SURNAME/>恋人のわたしをこ汚いライブハウスに呼び出し!
","<c1d:11/>丽莎<c1d:1/>
<SURNAME/>绑架监禁我校柔弱少女的
<SURNAME/>裤衩番长，用「挑战书」叫<c13/>和
<SURNAME/>恋人我到肮脏Live House！
","[""<c1d:11/>丽莎<c1d:1/>\\n<SURNAME/>绑架监禁我校柔弱少女的\\n<SURNAME/>胖次番长，用「挑战书」叫<c13/>和\\n<SURNAME/>恋人我到肮脏Live House！\\n""]","[""<c1d:11/>丽莎<c1d:1/>\\n<SURNAME/>绑架监禁我校柔弱少女的\\n<SURNAME/>胖次番长，用「挑战书」叫<c13/>和\\n<SURNAME/>恋人我到肮脏Live House！\\n""]"
local_conflict_review,script:396_8,script:396_8:diag27:p2,frontend/public/games/p2is/groups/script_396_8.json,"<c1d:11/>リサ<c1d:1/>
<SURNAME/>人質をたてにヒキヨーにも、<c13/>に
<SURNAME/>自分のバンドのメンバーに入るよう子分共々
<SURNAME/>脅迫してきたの!
","<c1d:11/>丽莎<c1d:1/>
<SURNAME/>以人质要挟，还逼<c13/>
<SURNAME/>加入他乐队，连手下
<SURNAME/>胁迫！
","[""<c1d:11/>丽莎<c1d:1/>\\n<SURNAME/>以人质作为要挟，还逼<c13/>\\n<SURNAME/>加入他的乐队，连手下也\\n<SURNAME/>过来胁迫！\\n""]","[""<c1d:11/>丽莎<c1d:1/>\\n<SURNAME/>以人质作为要挟，还逼<c13/>\\n<SURNAME/>加入他的乐队，连手下也\\n<SURNAME/>过来胁迫！\\n""]"
local_conflict_review,script:396_8,script:396_8:diag28:p2,frontend/public/games/p2is/groups/script_396_8.json,"<c1d:11/>栄吉<c1d:1/>
<SURNAME/>だけど、ヒトツだけ言わせてくれ!
<SURNAME/>リサのヤツガ「人質」って言ってる女、
<SURNAME/>「ハナジー」ガか弱いってのは大ウソだぁ!
","<c1d:11/>荣吉<c1d:1/>
<SURNAME/>但有一点必须讲！
<SURNAME/>丽莎说的「人质」花姐
<SURNAME/>「柔弱」纯属放屁！
","[""<c1d:11/>荣吉<c1d:1/>\\n<SURNAME/>但有一点必须讲！\\n<SURNAME/>丽莎说的「人质」花姐\\n<SURNAME/>很「柔弱」纯属放屁！\\n""]","[""<c1d:11/>荣吉<c1d:1/>\\n<SURNAME/>但有一点必须讲！\\n<SURNAME/>丽莎说的「人质」花姐\\n<SURNAME/>很「柔弱」纯属放屁！\\n""]"
local_conflict_review,script:396_8,script:396_8:diag29,frontend/public/games/p2is/groups/script_396_8.json,"
<SURNAME/>あ、紹介するね。我ガ校の新聞部部長
<SURNAME/>「ハナジー」!
<SURNAME/>ぽちゃぽちゃっとしてカワユイでしょ?
","
<SURNAME/>啊，介绍一下。我校新闻部长
<SURNAME/>「花姐」！
<SURNAME/>圆滚滚的很可爱吧？
","[""\\n<SURNAME/>啊，介绍一下。我校的新闻部部长\\n<SURNAME/>「花姐」！\\n<SURNAME/>圆滚滚的很可爱吧？\\n""]","[""\\n<SURNAME/>啊，介绍一下。我校的新闻部部长\\n<SURNAME/>「花姐」！\\n<SURNAME/>圆滚滚的很可爱吧？\\n""]"
local_conflict_review,script:396_8,script:396_8:diag2:p0,frontend/public/games/p2is/groups/script_396_8.json,"
<SURNAME/>ハァアン!
<SURNAME/>そんなこまごました事は、
<SURNAME/>どうでもいいじゃないか…
","
<SURNAME/>哈啊！
<SURNAME/>那种琐碎事情，
<SURNAME/>无所谓吧…
","[""\\n<SURNAME/>哈啊！\\n<SURNAME/>那种琐碎的事情，\\n<SURNAME/>无所谓吧…\\n""]","[""\\n<SURNAME/>哈啊！\\n<SURNAME/>那种琐碎的事情，\\n<SURNAME/>无所谓吧…\\n""]"
local_conflict_review,script:396_8,script:396_8:diag2:p1,frontend/public/games/p2is/groups/script_396_8.json,"<c1d:11/>栄吉<c1d:1/>
<SURNAME/>なんて言ったって主役は、このボク!
<SURNAME/>ミッシェルこと三科<SURNAME/>栄吉なんだからねぇ…
<SURNAME/>アァオゥッ!
","<c1d:11/>荣吉<c1d:1/>
<SURNAME/>不管怎么说主角都是本大爷！
<SURNAME/>米切即三科<SURNAME/>荣吉啊…
<SURNAME/>啊哦呜！
","[""<c1d:11/>荣吉<c1d:1/>\\n<SURNAME/>不管怎么说主角都是本大爷！\\n<SURNAME/>米歇尔即三科<SURNAME/>荣吉啊…\\n<SURNAME/>啊哦！\\n""]","[""<c1d:11/>荣吉<c1d:1/>\\n<SURNAME/>不管怎么说主角都是本大爷！\\n<SURNAME/>米歇尔即三科<SURNAME/>荣吉啊…\\n<SURNAME/>啊哦！\\n""]"
local_conflict_review,script:396_8,script:396_8:diag31,frontend/public/games/p2is/groups/script_396_8.json,"
<SURNAME/>俺の一の子分、このケンや俺達ガ
<SURNAME/>こいつにどんな目にあわされたか…
","
<SURNAME/>我头号小弟健和我们
<SURNAME/>被她整得多惨…
","[""\\n<SURNAME/>我的头号小弟健和我们\\n<SURNAME/>被她整得多惨啊…\\n""]","[""\\n<SURNAME/>我的头号小弟健和我们\\n<SURNAME/>被她整得多惨啊…\\n""]"
local_conflict_review,script:396_8,script:396_8:diag32:p0,frontend/public/games/p2is/groups/script_396_8.json,"
<SURNAME/>パンツ番長の卑劣な罠にはまってしまった
<SURNAME/><c13/>とわたし…
<SURNAME/>絶体絶命、大ピーンチ!
","
<SURNAME/>落入内裤老大卑鄙陷阱的
<SURNAME/><c13/>和我…
<SURNAME/>陷入绝境，大危机！
","[""\\n<SURNAME/>落入胖次番长卑鄙陷阱的\\n<SURNAME/><c13/>和我…\\n<SURNAME/>陷入绝境，大危机！\\n""]","[""\\n<SURNAME/>落入胖次番长卑鄙陷阱的\\n<SURNAME/><c13/>和我…\\n<SURNAME/>陷入绝境，大危机！\\n""]"
local_conflict_review,script:396_8,script:396_8:diag32:p1,frontend/public/games/p2is/groups/script_396_8.json,"<c1d:11/>リサ<c1d:1/>
<SURNAME/>けど!<SURNAME/><c13/>は強かったぁ!
<SURNAME/>このブっ細工な顔した子分やパンツ番長から、
<SURNAME/>疾風のようにハナジーを取り返したのだぁ!
","<c1d:11/>丽莎<c1d:1/>
<SURNAME/>但是！<SURNAME/><c13/>超强！
<SURNAME/>从这群歪瓜裂枣小弟和内裤老大手里
<SURNAME/>如疾风般夺回了花姐！
","[""<c1d:11/>丽莎<c1d:1/>\\n<SURNAME/>但是！<SURNAME/><c13/>超强！\\n<SURNAME/>从这群歪瓜裂枣小弟和胖次番长手里\\n<SURNAME/>如疾风般夺回了花姐！\\n""]","[""<c1d:11/>丽莎<c1d:1/>\\n<SURNAME/>但是！<SURNAME/><c13/>超强！\\n<SURNAME/>从这群歪瓜裂枣小弟和胖次番长手里\\n<SURNAME/>如疾风般夺回了花姐！\\n""]"
local_conflict_review,script:396_8,script:396_8:diag33,frontend/public/games/p2is/groups/script_396_8.json,"
<SURNAME/>んガっ!<SURNAME/>しかぁし、逆上したパンツ番長は
<SURNAME/>ここで奥の手、「死神」を出して来たぁ!
","
<SURNAME/>然而！<SURNAME/>恼羞成怒的内裤老大
<SURNAME/>竟使出杀手锏「死神」！
","[""\\n<SURNAME/>然而！<SURNAME/>恼羞成怒的胖次番长\\n<SURNAME/>竟使出杀手锏“死神”！\\n""]","[""\\n<SURNAME/>然而！<SURNAME/>恼羞成怒的胖次番长\\n<SURNAME/>竟使出杀手锏“死神”！\\n""]"
local_conflict_review,script:396_8,script:396_8:diag34:p0,frontend/public/games/p2is/groups/script_396_8.json,"
<SURNAME/>チッ。てめえの都合いいように話を
<SURNAME/>脚色しやガって…確かに状況だけ見りゃ
<SURNAME/>てめえの言うとおりだけどよお。
","
<SURNAME/>切。你按自己方便
<SURNAME/>添油加醋…虽只看情况
<SURNAME/>确实如你所说啦。
","[""\\n<SURNAME/>切。你按自己的想法\\n<SURNAME/>添油加醋…不过单从表面上看\\n<SURNAME/>确实如你所说的啦。\\n""]","[""\\n<SURNAME/>切。你按自己的想法\\n<SURNAME/>添油加醋…不过单从表面上看\\n<SURNAME/>确实如你所说的啦。\\n""]"
local_conflict_review,script:396_8,script:396_8:diag34:p1,frontend/public/games/p2is/groups/script_396_8.json,"<c1d:11/>栄吉<c1d:1/>
<SURNAME/>ユーザーのみんな、俺の無実はゲームで
<SURNAME/>証明されるからな〜!
","<c1d:11/>荣吉<c1d:1/>
<SURNAME/>各位用户，俺清白会在游戏
<SURNAME/>证明的啦〜！
","[""<c1d:11/>荣吉<c1d:1/>\\n<SURNAME/>各位用户，我的清白会在游戏里\\n<SURNAME/>证明的啦〜！\\n""]","[""<c1d:11/>荣吉<c1d:1/>\\n<SURNAME/>各位用户，我的清白会在游戏里\\n<SURNAME/>证明的啦〜！\\n""]"
local_conflict_review,script:396_8,script:396_8:diag35:p0,frontend/public/games/p2is/groups/script_396_8.json,"
<SURNAME/>ま、あそこでコイツを出しちまったのは
<SURNAME/>悪かったよ。お前の口車にのせられて、つい
<SURNAME/>カッとなっちまった。
","
<SURNAME/>嘛，当时放出那家伙
<SURNAME/>是我不对。被你煽动
<SURNAME/>一时上了头。
","[""\\n<SURNAME/>嘛，当时放出那家伙来\\n<SURNAME/>是我不对。被你煽动，\\n<SURNAME/>一时上了头。\\n""]","[""\\n<SURNAME/>嘛，当时放出那家伙来\\n<SURNAME/>是我不对。被你煽动，\\n<SURNAME/>一时上了头。\\n""]"
local_conflict_review,script:396_8,script:396_8:diag35:p1,frontend/public/games/p2is/groups/script_396_8.json,"<c1d:11/>栄吉<c1d:1/>
<SURNAME/>みんな、紹介するぜ。コイツガ俺の相棒
<SURNAME/>ラダマンティスだ。
","<c1d:11/>荣吉<c1d:1/>
<SURNAME/>各位，介绍一下。这是我的搭档
<SURNAME/>拉达曼提斯。
","[""<c1d:11/>荣吉<c1d:1/>\\n<SURNAME/>各位，介绍一下。这是我的搭档\\n<SURNAME/>拉达曼迪斯。\\n""]","[""<c1d:11/>荣吉<c1d:1/>\\n<SURNAME/>各位，介绍一下。这是我的搭档\\n<SURNAME/>拉达曼迪斯。\\n""]"
local_conflict_review,script:396_8,script:396_8:diag36:p0,frontend/public/games/p2is/groups/script_396_8.json,"
<SURNAME/>これを使って、パンツ番長はカス校を
<SURNAME/>シメてたの。ペルソナだって知らずにね。
<SURNAME/>初めて見たときは、わたしもビックリだったな。
","
<SURNAME/>内裤老大用这个
<SURNAME/>统治渣校的。他根本不知是Persona。
<SURNAME/>我第一次见时也吓坏了。
","[""\\n<SURNAME/>胖次番长就是用这个\\n<SURNAME/>统治渣校的。他根本不知道这是Persona。\\n<SURNAME/>我第一次见时也吓坏了。\\n""]","[""\\n<SURNAME/>胖次番长就是用这个\\n<SURNAME/>统治渣校的。他根本不知道这是Persona。\\n<SURNAME/>我第一次见时也吓坏了。\\n""]"
local_conflict_review,script:396_8,script:396_8:diag37,frontend/public/games/p2is/groups/script_396_8.json,"
<SURNAME/>なんとお!<SURNAME/>パンツ番長のラダマンティスに
<SURNAME/>応えるように<c13/>の身体から、このペルソナ
<SURNAME/>ヴォルカヌスガ飛び出したぁ!
","
<SURNAME/>看哪！<SURNAME/>为对抗内裤老大的拉达曼提斯
<SURNAME/><c13/>体内飞出了这尊Persona
<SURNAME/>伏尔坎努斯！
","[""\\n<SURNAME/>看哪！<SURNAME/>为对抗胖次番长的拉达曼迪斯\\n<SURNAME/><c13/>体内飞出了这个Persona\\n<SURNAME/>伏尔坎努斯！\\n""]","[""\\n<SURNAME/>看哪！<SURNAME/>为对抗胖次番长的拉达曼迪斯\\n<SURNAME/><c13/>体内飞出了这个Persona\\n<SURNAME/>伏尔坎努斯！\\n""]"
local_conflict_review,script:396_8,script:396_8:diag4,frontend/public/games/p2is/groups/script_396_8.json,"
<SURNAME/>…ったく。え、<pause:30/>ええっと何だっけ。あ、そうそう
<SURNAME/>珠閒瑠市には、出版社やテレビ局、新聞社とかの
<SURNAME/>マスコミ関連の企業ガいっぱいあって…
","
<SURNAME/>…真是的。呃、<pause:30/>嗯什么来着。啊，对了
<SURNAME/>珠闲瑠市有出版社、电视台、报社等
<SURNAME/>媒体相关企业很多…
","[""\\n<SURNAME/>…真是的。呃、<pause:30/>嗯什么来着。啊，对了\\n<SURNAME/>珠闲瑠市有出版社、电视台、报社等\\n<SURNAME/>很多媒体相关的企业…\\n""]","[""\\n<SURNAME/>…真是的。呃、<pause:30/>嗯什么来着。啊，对了\\n<SURNAME/>珠闲瑠市有出版社、电视台、报社等\\n<SURNAME/>很多媒体相关的企业…\\n""]"
local_conflict_review,script:396_8,script:396_8:diag41:p1,frontend/public/games/p2is/groups/script_396_8.json,"<c1d:11/>栄吉<c1d:1/>
<SURNAME/>気ガ付いたとき、俺達はへンテコな場所に
<SURNAME/>立っていた。それガ、ここ。
<SURNAME/>「意識と無意識の狭間」だ。
","<c1d:11/>荣吉<c1d:1/>
<SURNAME/>醒过来时，老子们站在一个
<SURNAME/>怪地方。那就是这里。
<SURNAME/>「意识与无意识的狭缝」。
","[""<c1d:11/>荣吉<c1d:1/>\\n<SURNAME/>醒过来时，我们站在一个\\n<SURNAME/>奇怪的地方。那就是这里。\\n<SURNAME/>「意识与无意识的狭缝」。\\n""]","[""<c1d:11/>荣吉<c1d:1/>\\n<SURNAME/>醒过来时，我们站在一个\\n<SURNAME/>奇怪的地方。那就是这里。\\n<SURNAME/>「意识与无意识的狭缝」。\\n""]"
local_conflict_review,script:396_8,script:396_8:diag42,frontend/public/games/p2is/groups/script_396_8.json,"
<SURNAME/>ここで俺達は
<SURNAME/>アイツに、フィレモンに出会ったんだ。
","
<SURNAME/>在这里，老子们
<SURNAME/>遇见了那家伙——菲列蒙。
","[""\\n<SURNAME/>在这里，我们\\n<SURNAME/>遇见了那家伙——费列蒙。\\n""]","[""\\n<SURNAME/>在这里，我们\\n<SURNAME/>遇见了那家伙——费列蒙。\\n""]"
local_conflict_review,script:396_8,script:396_8:diag43:p0,frontend/public/games/p2is/groups/script_396_8.json,"
<SURNAME/>死んだ〜!<SURNAME/>と思ったよね?<SURNAME/>ここ来たとき。
<SURNAME/>恐いとか、凄いとか思うよりもただ、ただ
<SURNAME/>ビックリしっぱなしって感じ。
","
<SURNAME/>以为死定了〜!<SURNAME/>对吧?<SURNAME/>刚来这儿时。
<SURNAME/>比起害怕或震惊，就只是
<SURNAME/>一直傻愣着的感觉。
","[""\\n<SURNAME/>还以为死定了〜!<SURNAME/>对吧?<SURNAME/>刚来这儿时。\\n<SURNAME/>与其感到害怕或是震惊，更只是\\n<SURNAME/>一直傻愣着的感觉。\\n""]","[""\\n<SURNAME/>还以为死定了〜!<SURNAME/>对吧?<SURNAME/>刚来这儿时。\\n<SURNAME/>与其感到害怕或是震惊，更只是\\n<SURNAME/>一直傻愣着的感觉。\\n""]"
local_conflict_review,script:396_8,script:396_8:diag43:p1,frontend/public/games/p2is/groups/script_396_8.json,"<c1d:11/>リサ<c1d:1/>
<SURNAME/>だけど、わたし達をここへ呼び寄せたフィレモン
<SURNAME/>っていう、仮面の人の言う事はもっともっと
<SURNAME/>凄くて、大変な事だった。
","<c1d:11/>丽莎<c1d:1/>
<SURNAME/>但是，把咱们叫来这儿的菲列蒙
<SURNAME/>说的话更惊人，更
<SURNAME/>不得了。
","[""<c1d:11/>丽莎<c1d:1/>\\n<SURNAME/>但是，把我们叫来这儿的费列蒙\\n<SURNAME/>所说的话更惊人，更\\n<SURNAME/>不得了。\\n""]","[""<c1d:11/>丽莎<c1d:1/>\\n<SURNAME/>但是，把我们叫来这儿的费列蒙\\n<SURNAME/>所说的话更惊人，更\\n<SURNAME/>不得了。\\n""]"
local_conflict_review,script:396_8,script:396_8:diag44:p0,frontend/public/games/p2is/groups/script_396_8.json,"
<SURNAME/>フィレモンは、今、わたし達の街
<SURNAME/>珠閒瑠ガ「ある者」のせいで「噂」ガ現実に
<SURNAME/>なっちゃう異空間になってるって言うんだ。
","
<SURNAME/>菲勒蒙说，现在我们城市
<SURNAME/>珠闲瑠因「某人」让「传闻」变现实
<SURNAME/>成了异空间。
","[""\\n<SURNAME/>费列蒙说，现在我们城市\\n<SURNAME/>珠闲瑠因“某人”让“传闻”变成了现实，\\n<SURNAME/>并成为了异空间。\\n""]","[""\\n<SURNAME/>费列蒙说，现在我们城市\\n<SURNAME/>珠闲瑠因“某人”让“传闻”变成了现实，\\n<SURNAME/>并成为了异空间。\\n""]"
local_conflict_review,script:396_8,script:396_8:diag44:p1,frontend/public/games/p2is/groups/script_396_8.json,"<c1d:11/>リサ<c1d:1/>
<SURNAME/>しかも、その「ある者」っていうのガ
<SURNAME/>わたし達に関わりのあるヤツらしいって事も
<SURNAME/>言ってた。
","<c1d:11/>丽莎<c1d:1/>
<SURNAME/>而且，那「某人」
<SURNAME/>似乎和我们有关
<SURNAME/>也说了。
","[""<c1d:11/>丽莎<c1d:1/>\\n<SURNAME/>而且，他还说\\n<SURNAME/>那个“某人”\\n<SURNAME/>似乎和我们有关。\\n""]","[""<c1d:11/>丽莎<c1d:1/>\\n<SURNAME/>而且，他还说\\n<SURNAME/>那个“某人”\\n<SURNAME/>似乎和我们有关。\\n""]"
local_conflict_review,script:396_8,script:396_8:diag45:p1,frontend/public/games/p2is/groups/script_396_8.json,"<c1d:11/>栄吉<c1d:1/>
<SURNAME/>だけど、肝心な所は何一つ教えやガらねぇ。
<SURNAME/>…んで、またしても、わけわかんねぇうちに
<SURNAME/>気ガついたらライブハウスだった…ってわけよ。
","<c1d:11/>荣吉<c1d:1/>
<SURNAME/>可关键的地方屁都没说。
<SURNAME/>…然后，又是在搞不懂时
<SURNAME/>醒过来就在Live House了…就这样。
","[""<c1d:11/>荣吉<c1d:1/>\\n<SURNAME/>可关键的地方屁都没说。\\n<SURNAME/>…然后，又是在搞不懂的时候\\n<SURNAME/>醒过来就又回到Live House了…就是这样。\\n""]","[""<c1d:11/>荣吉<c1d:1/>\\n<SURNAME/>可关键的地方屁都没说。\\n<SURNAME/>…然后，又是在搞不懂的时候\\n<SURNAME/>醒过来就又回到Live House了…就是这样。\\n""]"
local_conflict_review,script:396_8,script:396_8:diag46:p0,frontend/public/games/p2is/groups/script_396_8.json,"
<SURNAME/>わたしと<c13/>。それにあんたまで同じ夢を
<SURNAME/>見たってわかったときはシヨックだったな…
","
<SURNAME/>我和<c13/>。还有连你也做
<SURNAME/>相同梦，知道时真震惊啊…
","[""\\n<SURNAME/>我和<c13/>。还有连你也做了\\n<SURNAME/>相同的梦，知道的时候真的很震惊啊…\\n""]","[""\\n<SURNAME/>我和<c13/>。还有连你也做了\\n<SURNAME/>相同的梦，知道的时候真的很震惊啊…\\n""]"
local_conflict_review,script:396_8,script:396_8:diag46:p1,frontend/public/games/p2is/groups/script_396_8.json,"<c1d:11/>リサ<c1d:1/>
<SURNAME/>だってそれは、フィレモンの存在や彼の言華を
<SURNAME/>現実として受け止めなきゃいけないって事
<SURNAME/>なんだよ?
","<c1d:11/>丽莎<c1d:1/>
<SURNAME/>因为那意味着，必须把菲勒蒙存在
<SURNAME/>和他话当现实接受
<SURNAME/>不是吗？
","[""<c1d:11/>丽莎<c1d:1/>\\n<SURNAME/>因为那意味着，必须把费列蒙的存在\\n<SURNAME/>和他的话当做现实去接受\\n<SURNAME/>不是吗？\\n""]","[""<c1d:11/>丽莎<c1d:1/>\\n<SURNAME/>因为那意味着，必须把费列蒙的存在\\n<SURNAME/>和他的话当做现实去接受\\n<SURNAME/>不是吗？\\n""]"
local_conflict_review,script:396_8,script:396_8:diag47:p0,frontend/public/games/p2is/groups/script_396_8.json,"
<SURNAME/>初めは俺も半信半疑だったさ。
<SURNAME/>「噂ガ現実になる」なんてバカな事ガ普通
<SURNAME/>あるわきゃねぇ、ってな。
","
<SURNAME/>起初老子也半信半疑。
<SURNAME/>「传闻会成真」这种蠢事
<SURNAME/>怎么可能有，对吧。
","[""\\n<SURNAME/>起初老子也半信半疑。\\n<SURNAME/>“传闻会成真”这种蠢事\\n<SURNAME/>怎么可能有，对吧。\\n""]","[""\\n<SURNAME/>起初老子也半信半疑。\\n<SURNAME/>“传闻会成真”这种蠢事\\n<SURNAME/>怎么可能有，对吧。\\n""]"
local_conflict_review,script:396_8,script:396_8:diag48,frontend/public/games/p2is/groups/script_396_8.json,"
<SURNAME/>「ある者」の魔の手は、もうとっくにわたし達の
<SURNAME/>街にのびてたんだよね。
","
<SURNAME/>「某个家伙」的魔爪，早就
<SURNAME/>伸到咱们的街上了呢。
","[""\\n<SURNAME/>「某人」的魔爪，早就\\n<SURNAME/>伸到我们的城市里了呢。\\n""]","[""\\n<SURNAME/>「某人」的魔爪，早就\\n<SURNAME/>伸到我们的城市里了呢。\\n""]"
local_conflict_review,script:396_8,script:396_8:diag49:p1,frontend/public/games/p2is/groups/script_396_8.json,"<c1d:11/>栄吉<c1d:1/>
<SURNAME/>でなきゃ、「ジヨーカー様」と「紋章の呪い」、
<SURNAME/>くっつけて考えるなんてできねぇもんな。
","<c1d:11/>荣吉<c1d:1/>
<SURNAME/>不然，不可能把「小丑大人」和
<SURNAME/>「纹章诅咒」扯到一起啊。
","[""<c1d:11/>荣吉<c1d:1/>\\n<SURNAME/>不然，不可能把“JOKER大人”和\\n<SURNAME/>“纹章诅咒”联系到一起啊。\\n""]","[""<c1d:11/>荣吉<c1d:1/>\\n<SURNAME/>不然，不可能把“JOKER大人”和\\n<SURNAME/>“纹章诅咒”联系到一起啊。\\n""]"
local_conflict_review,script:396_8,script:396_8:diag50:p0,frontend/public/games/p2is/groups/script_396_8.json,"
<SURNAME/>そうそう、「ジヨーカー様」の説明ガまだだった
<SURNAME/>よね?<SURNAME/>これは、最近ハヤってる、おまじない
<SURNAME/>みたいな物なんだ。コックリさんみたいのね。
","
<SURNAME/>对对，「小丑大人」的说明还没讲
<SURNAME/>对吧?<SURNAME/>这是最近流行的，像咒语
<SURNAME/>一样的东西。类似碟仙那种。
","[""\\n<SURNAME/>对对，”JOKER”大人”的说明还没讲\\n<SURNAME/>对吧?<SURNAME/>这是最近流行的，像咒语\\n<SURNAME/>一样的东西。像碟仙那种。\\n""]","[""\\n<SURNAME/>对对，”JOKER”大人”的说明还没讲\\n<SURNAME/>对吧?<SURNAME/>这是最近流行的，像咒语\\n<SURNAME/>一样的东西。像碟仙那种。\\n""]"
local_conflict_review,script:396_8,script:396_8:diag50:p1,frontend/public/games/p2is/groups/script_396_8.json,"<c1d:11/>リサ<c1d:1/>
<SURNAME/>一定の手順をふんだ後で、携帯電話の自分の
<SURNAME/>番号にTELすると、「ジヨーカー様」ってのガ
<SURNAME/>出てきて理想を叶えてくれるっていうんだ。
","<c1d:11/>丽莎<c1d:1/>
<SURNAME/>按一定步骤后，打自己手机
<SURNAME/>号码，就会有个叫「小丑大人」的
<SURNAME/>出来实现理想。
","[""<c1d:11/>丽莎<c1d:1/>\\n<SURNAME/>按一定步骤后，拨打自己的手机\\n<SURNAME/>号码，就会有个叫“JOKER大人”的\\n<SURNAME/>出来实现理想。\\n""]","[""<c1d:11/>丽莎<c1d:1/>\\n<SURNAME/>按一定步骤后，拨打自己的手机\\n<SURNAME/>号码，就会有个叫“JOKER大人”的\\n<SURNAME/>出来实现理想。\\n""]"
local_conflict_review,script:396_8,script:396_8:diag51:p0,frontend/public/games/p2is/groups/script_396_8.json,"
<SURNAME/>ハナジーガ言うにゃ、ジヨーカー様は本当にいて
<SURNAME/>みんなガ手前勝手に自分の理想を叶えまくってる
<SURNAME/>せいで街に異常ガ起きてるらしい。
","
<SURNAME/>花姐说，小丑大人真存在，
<SURNAME/>大家只顾实现理想
<SURNAME/>搞得街里出异常了。
","[""\\n<SURNAME/>花姐说，JOKER大人真的存在，\\n<SURNAME/>大家都只顾着实现自己的理想\\n<SURNAME/>搞得镇上出现异常了。\\n""]","[""\\n<SURNAME/>花姐说，JOKER大人真的存在，\\n<SURNAME/>大家都只顾着实现自己的理想\\n<SURNAME/>搞得镇上出现异常了。\\n""]"
local_conflict_review,script:396_8,script:396_8:diag51:p1,frontend/public/games/p2is/groups/script_396_8.json,"<c1d:11/>栄吉<c1d:1/>
<SURNAME/>で、それガ本当かどうか試そうってんで
<SURNAME/>俺の子分とリサのヤツガジヨーカー様を
<SURNAME/>やってみたわけだ。
","<c1d:11/>荣吉<c1d:1/>
<SURNAME/>于是，为试真假，老子的
<SURNAME/>小弟和丽莎那家伙就
<SURNAME/>试了召唤小丑大人。
","[""<c1d:11/>荣吉<c1d:1/>\\n<SURNAME/>于是，我们为了试试那究竟是真是假，老子的\\n<SURNAME/>小弟和丽莎那家伙就\\n<SURNAME/>尝试了召唤JOKER大人。\\n""]","[""<c1d:11/>荣吉<c1d:1/>\\n<SURNAME/>于是，我们为了试试那究竟是真是假，老子的\\n<SURNAME/>小弟和丽莎那家伙就\\n<SURNAME/>尝试了召唤JOKER大人。\\n""]"
local_conflict_review,script:396_8,script:396_8:diag52,frontend/public/games/p2is/groups/script_396_8.json,"
<SURNAME/>あの時の事は…いま思い出してもゾッとするよ。
<SURNAME/>だって、<pause:15/>出たんだよ?<SURNAME/>本物のジヨーカーガ!
<SURNAME/>噂通り「汝、理想を述べよ」って…
","
<SURNAME/>那时的事…现在想起还毛骨悚然。
<SURNAME/>因为，<pause:15/>出来了啊?<SURNAME/>真的小丑!
<SURNAME/>如传闻说「汝，述说理想吧」…
","[""\\n<SURNAME/>那时候的事…现在想起还感到毛骨悚然呢。\\n<SURNAME/>因为，<pause:15/>真的出来了啊?<SURNAME/>那个JOKER!\\n<SURNAME/>还如传闻说“汝，述说理想吧”…\\n""]","[""\\n<SURNAME/>那时候的事…现在想起还感到毛骨悚然呢。\\n<SURNAME/>因为，<pause:15/>真的出来了啊?<SURNAME/>那个JOKER!\\n<SURNAME/>还如传闻说“汝，述说理想吧”…\\n""]"
local_conflict_review,script:396_8,script:396_8:diag53:p0,frontend/public/games/p2is/groups/script_396_8.json,"
<SURNAME/>ジヨーカーは、驚きのあまり理想を
<SURNAME/>言うヒマもないパンツ番長の子分達を
<SURNAME/>影人間に、変えちゃったんだ。
","
<SURNAME/>小丑把吓呆来不及说理想的
<SURNAME/>死神番长的小弟们
<SURNAME/>变成了影子人。
","[""\\n<SURNAME/>JOKER把吓呆了还来不及说出理想的\\n<SURNAME/>死神番长的小弟们\\n<SURNAME/>变成了影子人。\\n""]","[""\\n<SURNAME/>JOKER把吓呆了还来不及说出理想的\\n<SURNAME/>死神番长的小弟们\\n<SURNAME/>变成了影子人。\\n""]"
local_conflict_review,script:396_8,script:396_8:diag53:p1,frontend/public/games/p2is/groups/script_396_8.json,"<c1d:11/>リサ<c1d:1/>
<SURNAME/>そう…世の中から忘れられ、自ら理想を
<SURNAME/>持つ事もない。見えてるけど見えていない。
<SURNAME/>影人間に。
","<c1d:11/>丽莎<c1d:1/>
<SURNAME/>对…被世界遗忘，自己
<SURNAME/>也失去理想。看得见却看不见。
<SURNAME/>的影子人。
","[""<c1d:11/>丽莎<c1d:1/>\\n<SURNAME/>对…变成被世界遗忘，自己\\n<SURNAME/>也失去理想。看得见却看不见\\n<SURNAME/>的影子人。\\n""]","[""<c1d:11/>丽莎<c1d:1/>\\n<SURNAME/>对…变成被世界遗忘，自己\\n<SURNAME/>也失去理想。看得见却看不见\\n<SURNAME/>的影子人。\\n""]"
local_conflict_review,script:396_8,script:396_8:diag54,frontend/public/games/p2is/groups/script_396_8.json,"
<SURNAME/>ジヨーカーは俺達に言いやガった…夢を叶える
<SURNAME/>力のないヤツに開放を与えてやったんだって。
","
<SURNAME/>小丑对老子们说…给了没能力
<SURNAME/>实现梦想的家伙解脱。
","[""\\n<SURNAME/>JOKER对我们说…给没能力\\n<SURNAME/>实现梦想的家伙带来了解脱。\\n""]","[""\\n<SURNAME/>JOKER对我们说…给没能力\\n<SURNAME/>实现梦想的家伙带来了解脱。\\n""]"
local_conflict_review,script:396_8,script:396_8:diag55,frontend/public/games/p2is/groups/script_396_8.json,"
<SURNAME/>そして、あいつは…わたしと<c13/>、
<SURNAME/>パンツ番長に「復讐だ」とかいいなガら
<SURNAME/>もの凄いペルソナを出して襲いかかってきたの。
","
<SURNAME/>然后，那家伙…对我和<c13/>、
<SURNAME/>死神番长喊着「复仇」
<SURNAME/>放出超强Persona袭击过来。
","[""\\n<SURNAME/>然后，那家伙…对我和<c13/>、\\n<SURNAME/>死神番长喊着“复仇”\\n<SURNAME/>就放出超强Persona袭击过来。\\n""]","[""\\n<SURNAME/>然后，那家伙…对我和<c13/>、\\n<SURNAME/>死神番长喊着“复仇”\\n<SURNAME/>就放出超强Persona袭击过来。\\n""]"
local_conflict_review,script:396_8,script:396_8:diag56:p0,frontend/public/games/p2is/groups/script_396_8.json,"
<SURNAME/>その理由ガまた、わけわかんねぇ。
<SURNAME/>俺達3人ガジヨーカーの夢を寧った
<SURNAME/>極悪人だっつうんだぜ?
","
<SURNAME/>理由还莫名其妙。
<SURNAME/>说老子们3人是毁了小丑梦想的
<SURNAME/>大恶人?
","[""\\n<SURNAME/>理由还莫名其妙的。\\n<SURNAME/>说我们3个人是毁了JOKER的梦想的\\n<SURNAME/>极恶之人?\\n""]","[""\\n<SURNAME/>理由还莫名其妙的。\\n<SURNAME/>说我们3个人是毁了JOKER的梦想的\\n<SURNAME/>极恶之人?\\n""]"
local_conflict_review,script:396_8,script:396_8:diag56:p1,frontend/public/games/p2is/groups/script_396_8.json,"<c1d:11/>栄吉<c1d:1/>
<SURNAME/>冗談じゃねぇ。
<SURNAME/>何ガ「潔く罪を認めれば楽に殺してやる」だ。
<SURNAME/>ふざきゃあガって、言いガかりもいいとこだぜ。
","<c1d:11/>荣吉<c1d:1/>
<SURNAME/>开啥玩笑。
<SURNAME/>啥「老实认罪就痛快宰了你」。
<SURNAME/>胡扯也要有个限度。
","[""<c1d:11/>荣吉<c1d:1/>\\n<SURNAME/>开什么玩笑。\\n<SURNAME/>什么「老实认罪就痛快宰了你」。\\n<SURNAME/>胡扯也要有个限度。\\n""]","[""<c1d:11/>荣吉<c1d:1/>\\n<SURNAME/>开什么玩笑。\\n<SURNAME/>什么「老实认罪就痛快宰了你」。\\n<SURNAME/>胡扯也要有个限度。\\n""]"
local_conflict_review,script:396_8,script:396_8:diag57:p0,frontend/public/games/p2is/groups/script_396_8.json,"
<SURNAME/>わたし達ガ本当に何も知らないって、わかると
<SURNAME/>ジヨーカーは消えちゃった。
","
<SURNAME/>知道咱们真啥都不懂后
<SURNAME/>小丑就消失了。
","[""\\n<SURNAME/>知道我们真的什么都不知道后\\n<SURNAME/>JOKER就消失了。\\n""]","[""\\n<SURNAME/>知道我们真的什么都不知道后\\n<SURNAME/>JOKER就消失了。\\n""]"
local_conflict_review,script:396_8,script:396_8:diag57:p1,frontend/public/games/p2is/groups/script_396_8.json,"<c1d:11/>リサ<c1d:1/>
<SURNAME/>わたし達ガ全てを思い出したその時もう一度
<SURNAME/>殺しに来るって、言い残して。
","<c1d:11/>丽莎<c1d:1/>
<SURNAME/>说等老子们全想起来时
<SURNAME/>再来杀。
","[""<c1d:11/>丽莎<c1d:1/>\\n<SURNAME/>说等我们全部想起来时\\n<SURNAME/>再来杀我们。\\n""]","[""<c1d:11/>丽莎<c1d:1/>\\n<SURNAME/>说等我们全部想起来时\\n<SURNAME/>再来杀我们。\\n""]"
local_conflict_review,script:396_8,script:396_8:diag58,frontend/public/games/p2is/groups/script_396_8.json,"
<SURNAME/>後、影人間になっちまった俺の子分もだ。
","
<SURNAME/>还有，变影子人的俺手下也是。
","[""\\n<SURNAME/>还有，我那变成影子人的小弟也是如此。\\n""]","[""\\n<SURNAME/>还有，我那变成影子人的小弟也是如此。\\n""]"
local_conflict_review,script:396_8,script:396_8:diag59:p1,frontend/public/games/p2is/groups/script_396_8.json,"<c1d:11/>栄吉<c1d:1/>
<SURNAME/>こうして、俺達3人はジヨーカーの野郎と
<SURNAME/>一戦交える覚悟を決めたってわけだ。
","<c1d:11/>荣吉<c1d:1/>
<SURNAME/>就这样，老子们3人
<SURNAME/>决心和小丑干一架。
","[""<c1d:11/>荣吉<c1d:1/>\\n<SURNAME/>就这样，我们3人\\n<SURNAME/>决心和JOKER那混蛋干一架。\\n""]","[""<c1d:11/>荣吉<c1d:1/>\\n<SURNAME/>就这样，我们3人\\n<SURNAME/>决心和JOKER那混蛋干一架。\\n""]"
local_conflict_review,script:396_8,script:396_8:diag5:p0,frontend/public/games/p2is/groups/script_396_8.json,"
<SURNAME/>…つ・<pause:15/>ま・<pause:15/>り!<SURNAME/>このボクのような、
<SURNAME/>オシャレかつ超イケてるカッコイイ糸の
<SURNAME/>ハンサムボォイに相応しい街…って事さ。
","
<SURNAME/>…总・<pause:15/>而・<pause:15/>言之！<SURNAME/>像本大爷这样，
<SURNAME/>时髦又超帅的酷毙
<SURNAME/>英俊男孩相配的城市…就这回事。
","[""\\n<SURNAME/>…总・<pause:15/>而・<pause:15/>言之！<SURNAME/>和像本大爷这样，\\n<SURNAME/>时髦又超帅的酷毙\\n<SURNAME/>英俊男孩相配的城市…就这回事。\\n""]","[""\\n<SURNAME/>…总・<pause:15/>而・<pause:15/>言之！<SURNAME/>和像本大爷这样，\\n<SURNAME/>时髦又超帅的酷毙\\n<SURNAME/>英俊男孩相配的城市…就这回事。\\n""]"
local_conflict_review,script:396_8,script:396_8:diag5:p1,frontend/public/games/p2is/groups/script_396_8.json,"<c1d:11/>栄吉<c1d:1/>
<SURNAME/>珠閒瑠・イズ・ビュリ木シティ…
<SURNAME/>ミッシェル・モア・ザン・ビュリ木エンジェル…
<SURNAME/>OK?<SURNAME/>ベイビィ?<SURNAME/>オゥイヤァッ!
","<c1d:11/>荣吉<c1d:1/>
<SURNAME/>珠闲瑠・是・美丽之城…
<SURNAME/>米切・比・美丽天使更…
<SURNAME/>OK?<SURNAME/>Baby?<SURNAME/>哦呀！
","[""<c1d:11/>荣吉<c1d:1/>\\n<SURNAME/>珠闲瑠・是・美丽之城…\\n<SURNAME/>米歇尔・比・美丽天使更…\\n<SURNAME/>OK?<SURNAME/>Baby?<SURNAME/>Oh yeah!\\n""]","[""<c1d:11/>荣吉<c1d:1/>\\n<SURNAME/>珠闲瑠・是・美丽之城…\\n<SURNAME/>米歇尔・比・美丽天使更…\\n<SURNAME/>OK?<SURNAME/>Baby?<SURNAME/>Oh yeah!\\n""]"
local_conflict_review,script:396_8,script:396_8:diag60,frontend/public/games/p2is/groups/script_396_8.json,"
<SURNAME/>「紋章の呪い」を調べてたハナジーの情報で、
<SURNAME/>ジヨーカーの手ガかりをつかんだわたし達は
<SURNAME/>さっそく行動を開始したんだ。
","
<SURNAME/>靠查「纹章诅咒」的花姐情报
<SURNAME/>抓到小丑线索的咱们
<SURNAME/>立刻行动了。
","[""\\n<SURNAME/>依靠调查‘纹章诅咒’的花姐的情报\\n<SURNAME/>找到JOKER的线索的我们\\n<SURNAME/>立刻行动起来了。\\n""]","[""\\n<SURNAME/>依靠调查‘纹章诅咒’的花姐的情报\\n<SURNAME/>找到JOKER的线索的我们\\n<SURNAME/>立刻行动起来了。\\n""]"
local_conflict_review,script:396_8,script:396_8:diag61:p0,frontend/public/games/p2is/groups/script_396_8.json,"
<SURNAME/>その手ガかりっていうのは、このオヤジ。
<SURNAME/>セブンスの校長、反谷先生。
","
<SURNAME/>那线索就是这大叔。
<SURNAME/>七姊妹的校长，反谷老师。
","[""\\n<SURNAME/>那线索就是这个大叔。\\n<SURNAME/>七姐妹的校长，反谷校长。\\n""]","[""\\n<SURNAME/>那线索就是这个大叔。\\n<SURNAME/>七姐妹的校长，反谷校长。\\n""]"
local_conflict_review,script:396_8,script:396_8:diag61:p1,frontend/public/games/p2is/groups/script_396_8.json,"<c1d:11/>リサ<c1d:1/>
<SURNAME/>どうやら反谷は、ジヨーカーを呼び出して
<SURNAME/>「自分のいいように学園を支配する」って理想を
<SURNAME/>叶えてもらったらしいの。
","<c1d:11/>丽莎<c1d:1/>
<SURNAME/>似乎反谷召唤小丑
<SURNAME/>实现了「随心所欲支配学园」
<SURNAME/>的理想。
","[""<c1d:11/>丽莎<c1d:1/>\\n<SURNAME/>似乎反谷召唤JOKER\\n<SURNAME/>实现了“自己能够’随心所欲地支配学园”\\n<SURNAME/>的理想。\\n""]","[""<c1d:11/>丽莎<c1d:1/>\\n<SURNAME/>似乎反谷召唤JOKER\\n<SURNAME/>实现了“自己能够’随心所欲地支配学园”\\n<SURNAME/>的理想。\\n""]"
local_conflict_review,script:396_8,script:396_8:diag62:p0,frontend/public/games/p2is/groups/script_396_8.json,"
<SURNAME/>そして、俺と<c12/>、リサは
<SURNAME/>ジヨーカーの影を追って、
<SURNAME/>セブンスに向かう事にした。
","
<SURNAME/>于是，老子和<c12/>、丽莎
<SURNAME/>追着小丑的影子
<SURNAME/>去了七姊妹。
","[""\\n<SURNAME/>于是，老子和<c12/>、丽莎\\n<SURNAME/>追着JOKER的影子\\n<SURNAME/>去了七姐妹。\\n""]","[""\\n<SURNAME/>于是，老子和<c12/>、丽莎\\n<SURNAME/>追着JOKER的影子\\n<SURNAME/>去了七姐妹。\\n""]"
local_conflict_review,script:396_8,script:396_8:diag62:p1,frontend/public/games/p2is/groups/script_396_8.json,"<c1d:11/>栄吉<c1d:1/>
<SURNAME/>けど、マジで俺達を殺そうとしてる奴相手に
<SURNAME/>ケンカ売ろうってのに丸腰じゃ
<SURNAME/>ちっとばかし心もとねぇ。
","<c1d:11/>荣吉<c1d:1/>
<SURNAME/>可要跟真想杀咱们的家伙
<SURNAME/>干架，空手
<SURNAME/>有点虚啊。
","[""<c1d:11/>荣吉<c1d:1/>\\n<SURNAME/>可要跟真想杀我们的家伙\\n<SURNAME/>干架，却只是赤手空拳\\n<SURNAME/>心里实在是有点不安啊。\\n""]","[""<c1d:11/>荣吉<c1d:1/>\\n<SURNAME/>可要跟真想杀我们的家伙\\n<SURNAME/>干架，却只是赤手空拳\\n<SURNAME/>心里实在是有点不安啊。\\n""]"
local_conflict_review,script:396_8,script:396_8:diag63,frontend/public/games/p2is/groups/script_396_8.json,"
<SURNAME/>で、わたし達はまず「ラーメンしらいし」って
<SURNAME/>お店に行く事にしたわけ。実はここ、裏で武器の
<SURNAME/>密売をやってるって「噂」の店だったの。
","
<SURNAME/>所以，咱们先去了「拉面白石」
<SURNAME/>这店。其实这儿是「暗地卖武器」
<SURNAME/>「传闻」的店。
","[""\\n<SURNAME/>所以，我们先去了“拉面白石”\\n<SURNAME/>这家店。其实这儿是有着“暗地里卖武器”\\n<SURNAME/>的“传闻”的店。\\n""]","[""\\n<SURNAME/>所以，我们先去了“拉面白石”\\n<SURNAME/>这家店。其实这儿是有着“暗地里卖武器”\\n<SURNAME/>的“传闻”的店。\\n""]"
local_conflict_review,script:396_8,script:396_8:diag64,frontend/public/games/p2is/groups/script_396_8.json,"
<SURNAME/>店長の白石さんは、今じゃしガない場末の
<SURNAME/>ラーメン屋の女主人だけど、昔はロシアの敏腕
<SURNAME/>女スパイだったのだぁ!
","
<SURNAME/>店长白石阿姨，现在只是落魄
<SURNAME/>拉面店老板娘，但曾是俄罗斯的
<SURNAME/>王牌女间谍啊!
","[""\\n<SURNAME/>店长白石阿姨，现在只是落魄的\\n<SURNAME/>拉面店老板娘，但曾经是俄罗斯的\\n<SURNAME/>王牌女间谍啊!\\n""]","[""\\n<SURNAME/>店长白石阿姨，现在只是落魄的\\n<SURNAME/>拉面店老板娘，但曾经是俄罗斯的\\n<SURNAME/>王牌女间谍啊!\\n""]"
local_conflict_review,script:396_8,script:396_8:diag65:p0,frontend/public/games/p2is/groups/script_396_8.json,"
<SURNAME/>…てな、木ラばっかお客にふいてるんだよな。
<SURNAME/>このおばちゃん。女優、石油王の第三夫人って
<SURNAME/>言ってた事もあったな。
","
<SURNAME/>…这阿姨就爱对客人
<SURNAME/>吹牛。还说过是女演员、
<SURNAME/>石油王第三夫人呢。
","[""\\n<SURNAME/>…是啊，这阿姨就爱对客人\\n<SURNAME/>吹牛。还说过是女演员、\\n<SURNAME/>石油王第三夫人呢。\\n""]","[""\\n<SURNAME/>…是啊，这阿姨就爱对客人\\n<SURNAME/>吹牛。还说过是女演员、\\n<SURNAME/>石油王第三夫人呢。\\n""]"
local_conflict_review,script:396_8,script:396_8:diag65:p1,frontend/public/games/p2is/groups/script_396_8.json,"<c1d:11/>栄吉<c1d:1/>
<SURNAME/>で、その木ラを信じた子供達ガ「しらいし」じゃ
<SURNAME/>秘密のメニューを頼むと武器を売ってくれるって
<SURNAME/>噂を広めちまったんだ。
","<c1d:11/>荣吉<c1d:1/>
<SURNAME/>结果，信了牛的小鬼们
<SURNAME/>传开「白石」有秘密菜单
<SURNAME/>能买武器的传闻。
","[""<c1d:11/>荣吉<c1d:1/>\\n<SURNAME/>结果，信了她的吹牛的小鬼们\\n<SURNAME/>传开了“白石”有秘密菜单\\n<SURNAME/>能买武器的传闻。\\n""]","[""<c1d:11/>荣吉<c1d:1/>\\n<SURNAME/>结果，信了她的吹牛的小鬼们\\n<SURNAME/>传开了“白石”有秘密菜单\\n<SURNAME/>能买武器的传闻。\\n""]"
local_conflict_review,script:396_8,script:396_8:diag66:p0,frontend/public/games/p2is/groups/script_396_8.json,"
<SURNAME/>噂をたよりに秘密のメニューを頼んだわたし達。
<SURNAME/>すると、白石おばちゃんは、いともたやすく
<SURNAME/>武器をわたし達に譲ってくれた。
","
<SURNAME/>靠传闻点了秘密菜单的咱们。
<SURNAME/>白石阿姨就轻易
<SURNAME/>把武器让给了咱们。
","[""\\n<SURNAME/>靠传闻点了秘密菜单的我们。\\n<SURNAME/>白石阿姨就轻易\\n<SURNAME/>把武器卖给了我们。\\n""]","[""\\n<SURNAME/>靠传闻点了秘密菜单的我们。\\n<SURNAME/>白石阿姨就轻易\\n<SURNAME/>把武器卖给了我们。\\n""]"
local_conflict_review,script:396_8,script:396_8:diag66:p1,frontend/public/games/p2is/groups/script_396_8.json,"<c1d:11/>リサ<c1d:1/>
<SURNAME/>ま、武器ガ買えたのはうれしかったんだけどね。
<SURNAME/>「噂ガ現実になる」って現象ガここまで
<SURNAME/>進行してるのかって思うと恐かったな。
","<c1d:11/>丽莎<c1d:1/>
<SURNAME/>嘛，买到武器是开心啦。
<SURNAME/>但想到「传闻成真」现象
<SURNAME/>到这地步就可怕了。
","[""<c1d:11/>丽莎<c1d:1/>\\n<SURNAME/>嘛，买到武器是很开心啦。\\n<SURNAME/>但想到\""传闻成真\""的现象\\n<SURNAME/>能到这种地步就觉得很可怕了。\\n""]","[""<c1d:11/>丽莎<c1d:1/>\\n<SURNAME/>嘛，买到武器是很开心啦。\\n<SURNAME/>但想到\""传闻成真\""的现象\\n<SURNAME/>能到这种地步就觉得很可怕了。\\n""]"
local_conflict_review,script:396_8,script:396_8:diag67,frontend/public/games/p2is/groups/script_396_8.json,"
<SURNAME/>武器を手に入れ、セブンスにたどり着いた俺達。
","
<SURNAME/>搞到武器后，老子们抵达了第七层。
","[""\\n<SURNAME/>搞到武器后，我们抵达了七姐妹。\\n""]","[""\\n<SURNAME/>搞到武器后，我们抵达了七姐妹。\\n""]"
local_conflict_review,script:396_8,script:396_8:diag68,frontend/public/games/p2is/groups/script_396_8.json,"
<SURNAME/>そこで俺達を待ち受けていたもの…
<SURNAME/><pause:30/>それは!
","
<SURNAME/>在那儿等着老子们的…
<SURNAME/><pause:30/>那是!
","[""\\n<SURNAME/>在那儿等着我们的…\\n<SURNAME/><pause:30/>那是!\\n""]","[""\\n<SURNAME/>在那儿等着我们的…\\n<SURNAME/><pause:30/>那是!\\n""]"
local_conflict_review,script:396_8,script:396_8:diag69,frontend/public/games/p2is/groups/script_396_8.json,"
<SURNAME/>はーい!<SURNAME/><pause:30/>ストォップ。
","
<SURNAME/>嗨～!<SURNAME/><pause:30/>停～。
","[""\\n<SURNAME/>好!<SURNAME/><pause:30/>停。\\n""]","[""\\n<SURNAME/>好!<SURNAME/><pause:30/>停。\\n""]"
local_conflict_review,script:396_8,script:396_8:diag6:p1,frontend/public/games/p2is/groups/script_396_8.json,"<c1d:11/>リサ<c1d:1/>
<SURNAME/>…ったく、カス校の生徒ってのは、み〜んな
<SURNAME/>あんたみたいな自意識過剰の変態ナルシーの
<SURNAME/>集まりなの!?<SURNAME/>ヤな、<pause:15/>学校…
","<c1d:11/>丽莎<c1d:1/>
<SURNAME/>…真是的，渣校的学生，全都
<SURNAME/>像你这样的自恋狂变态
<SURNAME/>集合体吗!?<SURNAME/>讨厌的、<pause:15/>学校…
","[""<c1d:11/>丽莎<c1d:1/>\\n<SURNAME/>…真是的，渣校的学生，都是\\n<SURNAME/>像你这样的变态自恋狂\\n<SURNAME/>的集合吗!?<SURNAME/>讨厌的、<pause:15/>学校…\\n""]","[""<c1d:11/>丽莎<c1d:1/>\\n<SURNAME/>…真是的，渣校的学生，都是\\n<SURNAME/>像你这样的变态自恋狂\\n<SURNAME/>的集合吗!?<SURNAME/>讨厌的、<pause:15/>学校…\\n""]"
local_conflict_review,script:396_8,script:396_8:diag7,frontend/public/games/p2is/groups/script_396_8.json,"
<SURNAME/>んだとお!<SURNAME/>春日山高校を馬鹿にしやガっと、
<SURNAME/>番長の俺ガ黙っちゃいねぇぞ!
<SURNAME/>目ん玉開いてよっく、俺の母校…<pause:15/>見てみやガれ!
","
<SURNAME/>你说啥！<SURNAME/>敢小看春日山高中，
<SURNAME/>番长老子可不会沉默！
<SURNAME/>睁大眼好好看，俺母校…<pause:15/>看看吧！
","[""\\n<SURNAME/>你说啥！<SURNAME/>敢瞧不起春日山高中，\\n<SURNAME/>作为番长的老子可不会沉默！\\n<SURNAME/>睁大眼好好看着，老子的母校…<pause:15/>看好了！\\n""]","[""\\n<SURNAME/>你说啥！<SURNAME/>敢瞧不起春日山高中，\\n<SURNAME/>作为番长的老子可不会沉默！\\n<SURNAME/>睁大眼好好看着，老子的母校…<pause:15/>看好了！\\n""]"
local_conflict_review,script:396_8,script:396_8:diag70,frontend/public/games/p2is/groups/script_396_8.json,"
<SURNAME/>なんでい!
<SURNAME/>こっからガいいとこなんじゃねぇか!?
","
<SURNAME/>搞啥!
<SURNAME/>这地方不是挺好吗!?
","[""\\n<SURNAME/>搞什么!\\n<SURNAME/>这地方不是挺好吗!?\\n""]","[""\\n<SURNAME/>搞什么!\\n<SURNAME/>这地方不是挺好吗!?\\n""]"
local_conflict_review,script:396_8,script:396_8:diag73,frontend/public/games/p2is/groups/script_396_8.json,"
<SURNAME/>つまり、今度は
<SURNAME/>あなたガわたしの情人(チンヤン)ってこと。
<SURNAME/>ガんばってね♥
","
<SURNAME/>也就是说，这次
<SURNAME/>你就是我的情人啦。
<SURNAME/>加油哦♥
","[""\\n<SURNAME/>也就是说，这次\\n<SURNAME/>你就是我的情人(cing4 jan4)啦。\\n<SURNAME/>加油哦♥\\n""]","[""\\n<SURNAME/>也就是说，这次\\n<SURNAME/>你就是我的情人(cing4 jan4)啦。\\n<SURNAME/>加油哦♥\\n""]"
local_conflict_review,script:396_8,script:396_8:diag78,frontend/public/games/p2is/groups/script_396_8.json,"
<SURNAME/>フフン…ボクの事をコケにしてくれたユーへの
<SURNAME/>ささやかなリベンジさ…
<SURNAME/>これに、こりたら少しはボクを…
","
<SURNAME/>哼哼…对嘲笑我的你的
<SURNAME/>小小报复…
<SURNAME/>这下，该对我有点…
","[""\\n<SURNAME/>哼哼…对你嘲笑我的\\n<SURNAME/>小小的报复…\\n<SURNAME/>这下，该对我有点…\\n""]","[""\\n<SURNAME/>哼哼…对你嘲笑我的\\n<SURNAME/>小小的报复…\\n<SURNAME/>这下，该对我有点…\\n""]"
local_conflict_review,script:398_8,script:398_8:diag0,frontend/public/games/p2is/groups/script_398_8.json,"
<SURNAME/>哎呀!!(アイヤー)
<SURNAME/>まだいたの、オバサン!?
<SURNAME/>早く逃げて!<SURNAME/>爆弾ガ仕掛けられてるんだよ!!
","
<SURNAME/>哎呀!!
<SURNAME/>还在啊，大婶!?
<SURNAME/>快逃!<SURNAME/>炸弹被装上了!!
","[""\\n<SURNAME/>哎呀!!(ai1 jaa3)\\n<SURNAME/>还在啊，大妈!?\\n<SURNAME/>快逃啊!<SURNAME/>炸弹已经被安装了!!\\n""]","[""\\n<SURNAME/>哎呀!!(ai1 jaa3)\\n<SURNAME/>还在啊，大妈!?\\n<SURNAME/>快逃啊!<SURNAME/>炸弹已经被安装了!!\\n""]"
local_conflict_review,script:398_8,script:398_8:diag1,frontend/public/games/p2is/groups/script_398_8.json,"
<SURNAME/>おば、おば、おば、おば弾!?
<SURNAME/>じゃなくて、爆弾!?<SURNAME/>爆弾じゃないわ!!
<SURNAME/>じゃなくて、冗談じゃないわ!!
","
<SURNAME/>大、大、大、大婶弹!?
<SURNAME/>不对，是炸弹!?<SURNAME/>不是炸弹啦!!
<SURNAME/>不对，开什么玩笑啦!!
","[""\\n<SURNAME/>大、大、大、大妈弹!?\\n<SURNAME/>不对，是炸弹!?<SURNAME/>不是炸弹啦!!\\n<SURNAME/>不对，开什么玩笑!!\\n""]","[""\\n<SURNAME/>大、大、大、大妈弹!?\\n<SURNAME/>不对，是炸弹!?<SURNAME/>不是炸弹啦!!\\n<SURNAME/>不对，开什么玩笑!!\\n""]"
local_conflict_review,script:398_8,script:398_8:diag15,frontend/public/games/p2is/groups/script_398_8.json,"
<SURNAME/><c1d:9/>託宣と一緒に、キングからのメモガあった!!<c1d:1/>
","
<SURNAME/><c1d:9/>和预言一起，有KING的便条!!<c1d:1/>
","[""\\n<SURNAME/><c1d:9/>和神谕放在一起，有KING的便条!!<c1d:1/>\\n""]","[""\\n<SURNAME/><c1d:9/>和神谕放在一起，有KING的便条!!<c1d:1/>\\n""]"
local_conflict_review,script:398_8,script:398_8:diag16,frontend/public/games/p2is/groups/script_398_8.json,"
<SURNAME/><c1d:9/>託宣<c1d:1/>を手に入れた!!
","
<SURNAME/><c1d:9/>获得了预言<c1d:1/>!!
","[""\\n<SURNAME/><c1d:9/>获得了神谕<c1d:1/>!!\\n""]","[""\\n<SURNAME/><c1d:9/>获得了神谕<c1d:1/>!!\\n""]"
local_conflict_review,script:398_8,script:398_8:diag17,frontend/public/games/p2is/groups/script_398_8.json,"
<SURNAME/>「託宣の意味ガ解せたならば、次の標的へ来い。
<SURNAME/><SURNAME/>仕掛けた火種は無数だガ、起爆させるのは
<SURNAME/><SURNAME/>たった一つの時限発信機だと憶えておけ」
","
<SURNAME/>「如果解开了托宣的含义，就来下一个目标吧。
<SURNAME/><SURNAME/>设置的火种无数，但引爆的
<SURNAME/><SURNAME/>只有一个定时器，记住这一点。」
","[""\\n<SURNAME/>「如果解开了神谕的含义，就找到下一个目标吧。\\n<SURNAME/><SURNAME/>设置的火种有很多，但引爆的\\n<SURNAME/><SURNAME/>只有一个定时器，请记住这一点。」\\n""]","[""\\n<SURNAME/>「如果解开了神谕的含义，就找到下一个目标吧。\\n<SURNAME/><SURNAME/>设置的火种有很多，但引爆的\\n<SURNAME/><SURNAME/>只有一个定时器，请记住这一点。」\\n""]"
local_conflict_review,script:398_8,script:398_8:diag2,frontend/public/games/p2is/groups/script_398_8.json,"
<SURNAME/>だいぶ取り乱してたわね…<pause:30/>
<SURNAME/>さ、早く託宣とやらを探して、
<SURNAME/>私たちもケツまくって逃げるわよ!!
","
<SURNAME/>相当慌乱呢…<pause:30/>
<SURNAME/>来，快点找那个预言，
<SURNAME/>我们也赶紧逃吧!!
","[""\\n<SURNAME/>相当慌乱呢…<pause:30/>\\n<SURNAME/>来，快点找到那个神谕，\\n<SURNAME/>我们也赶紧逃吧!!\\n""]","[""\\n<SURNAME/>相当慌乱呢…<pause:30/>\\n<SURNAME/>来，快点找到那个神谕，\\n<SURNAME/>我们也赶紧逃吧!!\\n""]"
local_conflict_review,script:398_8,script:398_8:diag3,frontend/public/games/p2is/groups/script_398_8.json,"
<SURNAME/>哎呀!!(アイヤー)
<SURNAME/>ここも外れ!?
<SURNAME/>早くしないと焼け死んじゃうよお!!
","
<SURNAME/>哎呀!!
<SURNAME/>这里也没有!?
<SURNAME/>不快点会烧死的哦!!
","[""\\n<SURNAME/>哎呀!!\\n<SURNAME/>这里也没有!?\\n<SURNAME/>不快点的话会被烧死的哦!!\\n""]","[""\\n<SURNAME/>哎呀!!\\n<SURNAME/>这里也没有!?\\n<SURNAME/>不快点的话会被烧死的哦!!\\n""]"
local_conflict_review,script:398_8,script:398_8:diag5,frontend/public/games/p2is/groups/script_398_8.json,"
<SURNAME/>ダメだ、姐さん!!
<SURNAME/>こっちは寄せて上げてのブラジャーだー!!
<SURNAME/>託宣なんて、ありゃしねぇ!!
","
<SURNAME/>不行，大姐头!!
<SURNAME/>这边是堆起来的胸罩ー!!
<SURNAME/>预言什么的，没有啦!!
","[""\\n<SURNAME/>不行，大姐头!!\\n<SURNAME/>这边是堆起来的胸罩ー!!\\n<SURNAME/>神谕什么的，没有啦!!\\n""]","[""\\n<SURNAME/>不行，大姐头!!\\n<SURNAME/>这边是堆起来的胸罩ー!!\\n<SURNAME/>神谕什么的，没有啦!!\\n""]"
local_conflict_review,script:398_8,script:398_8:diag7,frontend/public/games/p2is/groups/script_398_8.json,"
<SURNAME/>こっちも外れ!!
<SURNAME/>ユッキー!!
<SURNAME/>どう、そっち見つかった!?
","
<SURNAME/>这边也没有!!
<SURNAME/>荣吉!!
<SURNAME/>怎么样，你那边找到了!?
","[""\\n<SURNAME/>这边也没有!!\\n<SURNAME/>荣吉!!\\n<SURNAME/>怎么样，你那边找到了吗!?\\n""]","[""\\n<SURNAME/>这边也没有!!\\n<SURNAME/>荣吉!!\\n<SURNAME/>怎么样，你那边找到了吗!?\\n""]"
local_conflict_review,script:399_8,script:399_8:diag0,frontend/public/games/p2is/groups/script_399_8.json,"
<SURNAME/>なに!?
<SURNAME/>佐々木<SURNAME/>銀次はロリコンだって!?
<SURNAME/>するってぇと、今ごろギンコは…
","
<SURNAME/>什么！？
<SURNAME/>佐佐木<SURNAME/>银次是萝莉控！？
<SURNAME/>这么说，现在的银次…
","[""\\n<SURNAME/>什么！？\\n<SURNAME/>佐佐木<SURNAME/>银次是恋童癖！？\\n<SURNAME/>这么说，现在银子…\\n""]","[""\\n<SURNAME/>什么！？\\n<SURNAME/>佐佐木<SURNAME/>银次是恋童癖！？\\n<SURNAME/>这么说，现在银子…\\n""]"
local_conflict_review,script:399_8,script:399_8:diag1,frontend/public/games/p2is/groups/script_399_8.json,"
<SURNAME/>佐々木のヤツを、
<SURNAME/>ボコボコにどつき回してんじゃねぇのか?
<SURNAME/>あいつガ殺人犯す前に、取り押さえた方ガいいぜ
","
<SURNAME/>把佐々木那家伙，
<SURNAME/>揍得七荤八素了吧?
<SURNAME/>在那家伙杀人前，抓住他比较好啊
","[""\\n<SURNAME/>应该已经把佐佐木那家伙，\\n<SURNAME/>揍得七荤八素了吧?\\n<SURNAME/>在那家伙杀人之前，先抓住他比较好啊\\n""]","[""\\n<SURNAME/>应该已经把佐佐木那家伙，\\n<SURNAME/>揍得七荤八素了吧?\\n<SURNAME/>在那家伙杀人之前，先抓住他比较好啊\\n""]"
local_conflict_review,script:399_8,script:399_8:diag10,frontend/public/games/p2is/groups/script_399_8.json,"
<SURNAME/>なんかさ、隣りも使ってない部屋のはずなんだけど
<SURNAME/>話し声ガするんだよね。
","
<SURNAME/>总觉得，隔壁应该没在用的房间，
<SURNAME/>却有说话声呢。
","[""\\n<SURNAME/>总觉得，隔壁应该没在使用的房间，\\n<SURNAME/>却听到有说话声呢。\\n""]","[""\\n<SURNAME/>总觉得，隔壁应该没在使用的房间，\\n<SURNAME/>却听到有说话声呢。\\n""]"
local_conflict_review,script:399_8,script:399_8:diag11,frontend/public/games/p2is/groups/script_399_8.json,"
<SURNAME/>ま、まさかロリコン佐々木ガ、
<SURNAME/>女子高生にいけないことをしてるんじゃ…
","
<SURNAME/>难、难道恋童癖佐々木，
<SURNAME/>在对女高中生做不该做的事…
","[""\\n<SURNAME/>难、难道恋童癖佐佐木，\\n<SURNAME/>在对女高中生做不该做的事…\\n""]","[""\\n<SURNAME/>难、难道恋童癖佐佐木，\\n<SURNAME/>在对女高中生做不该做的事…\\n""]"
local_conflict_review,script:399_8,script:399_8:diag2,frontend/public/games/p2is/groups/script_399_8.json,"
<SURNAME/>あいつガインチキ広東語しゃべってたのも、
<SURNAME/>英語ガしゃべれねぇとか、見た目ガ違うとかで、
<SURNAME/>色々あったからなんだろうな…
","
<SURNAME/>那家伙讲假广东话，
<SURNAME/>不会说英语，外表又不一样，
<SURNAME/>所以经历了不少事吧…
","[""\\n<SURNAME/>那家伙讲假广东话，\\n<SURNAME/>又不会说英语，外表又和别人不一样，\\n<SURNAME/>所以应该经历了不少事吧…\\n""]","[""\\n<SURNAME/>那家伙讲假广东话，\\n<SURNAME/>又不会说英语，外表又和别人不一样，\\n<SURNAME/>所以应该经历了不少事吧…\\n""]"
local_conflict_review,script:399_8,script:399_8:diag3,frontend/public/games/p2is/groups/script_399_8.json,"
<SURNAME/>俺だって、色々あったからよ…<pause:30/>
<SURNAME/>気にすんな、とは言えねぇけど…<pause:30/>
<SURNAME/>放っといたら、何すっかわかんねぇからな。
","
<SURNAME/>老子也，经历了不少事啊…<pause:30/>
<SURNAME/>虽说不能叫你别在意…<pause:30/>
<SURNAME/>放着不管，不知道会搞出什么屁事来。
","[""\\n<SURNAME/>我也，经历了不少事啊…<pause:30/>\\n<SURNAME/>虽说也不能叫她别放在心上…<pause:30/>\\n<SURNAME/>放着不管的话，也不知道会做出什么事来。\\n""]","[""\\n<SURNAME/>我也，经历了不少事啊…<pause:30/>\\n<SURNAME/>虽说也不能叫她别放在心上…<pause:30/>\\n<SURNAME/>放着不管的话，也不知道会做出什么事来。\\n""]"
local_conflict_review,script:399_8,script:399_8:diag4,frontend/public/games/p2is/groups/script_399_8.json,"
<SURNAME/>栄吉クン、あんなこと言ってるけど、
<SURNAME/>本当はリサガ心配みたいだね。
","
<SURNAME/>荣吉君，虽然那么说，
<SURNAME/>但其实是在担心丽莎吧。
","[""\\n<SURNAME/>荣吉君，虽然那样说，\\n<SURNAME/>但其实你是在担心丽莎吧。\\n""]","[""\\n<SURNAME/>荣吉君，虽然那样说，\\n<SURNAME/>但其实你是在担心丽莎吧。\\n""]"
local_conflict_review,script:399_8,script:399_8:diag5,frontend/public/games/p2is/groups/script_399_8.json,"
<SURNAME/>いいなぁ、そういうの。
<SURNAME/>私、そういう子、すごい好きだな。
<SURNAME/>もちろん、キミもね♥
","
<SURNAME/>真好啊，那样。
<SURNAME/>我，很喜欢那种孩子呢。
<SURNAME/>当然，你也是哦♥
","[""\\n<SURNAME/>真好啊，那样。\\n<SURNAME/>我，很喜欢那种孩子哦。\\n<SURNAME/>当然，你也是哦♥\\n""]","[""\\n<SURNAME/>真好啊，那样。\\n<SURNAME/>我，很喜欢那种孩子哦。\\n<SURNAME/>当然，你也是哦♥\\n""]"
local_conflict_review,script:399_8,script:399_8:diag6,frontend/public/games/p2is/groups/script_399_8.json,"
<SURNAME/>アタシも、スタジオで一度会ったことあるけど、
<SURNAME/>確かにあの佐々木って奴、鼻持ちならなかったね。
<SURNAME/>俊…藤井さんも、苦労してたっけ。
","
<SURNAME/>我也在工作室见过一次，
<SURNAME/>确实佐々木那家伙，让人受不了呢。
<SURNAME/>俊…藤井先生也，挺辛苦的吧。
","[""\\n<SURNAME/>我也在工作室见过他一次，\\n<SURNAME/>佐佐木那家伙，确实让人受不了呢。\\n<SURNAME/>俊…藤井先生也，挺辛苦的吧。\\n""]","[""\\n<SURNAME/>我也在工作室见过他一次，\\n<SURNAME/>佐佐木那家伙，确实让人受不了呢。\\n<SURNAME/>俊…藤井先生也，挺辛苦的吧。\\n""]"
local_conflict_review,script:399_8,script:399_8:diag7,frontend/public/games/p2is/groups/script_399_8.json,"
<SURNAME/>まったく何だってんだよ!?
<SURNAME/>ちょっとくらい人気ガ出たからって、
<SURNAME/>威張りやガって!!
","
<SURNAME/>搞什么鬼啊!?
<SURNAME/>就凭有点人气，
<SURNAME/>就嚣张起来了!!
","[""\\n<SURNAME/>搞什么鬼啊!?\\n<SURNAME/>就凭有一点人气，\\n<SURNAME/>就嚣张起来!!\\n""]","[""\\n<SURNAME/>搞什么鬼啊!?\\n<SURNAME/>就凭有一点人气，\\n<SURNAME/>就嚣张起来!!\\n""]"
local_conflict_review,script:399_8,script:399_8:diag8,frontend/public/games/p2is/groups/script_399_8.json,"
<SURNAME/>あの、佐々木のロリコン野郎のことさ!!
<SURNAME/>女にはめちゃめちゃ甘いくせに、
<SURNAME/>男だと虫ケラ呼ばわりだよ。
","
<SURNAME/>就是那个，佐々木的恋童癖混蛋!!
<SURNAME/>对女人超级温柔，
<SURNAME/>对男人却叫虫子。
","[""\\n<SURNAME/>那个，叫佐佐木的恋童癖混蛋!!\\n<SURNAME/>对女人超级温柔，\\n<SURNAME/>却把男人视作蝼蚁。\\n""]","[""\\n<SURNAME/>那个，叫佐佐木的恋童癖混蛋!!\\n<SURNAME/>对女人超级温柔，\\n<SURNAME/>却把男人视作蝼蚁。\\n""]"
local_conflict_review,script:399_8,script:399_8:diag9,frontend/public/games/p2is/groups/script_399_8.json,"
<SURNAME/>元は、ただの一発屋だったくせに!!
<SURNAME/>ちょっと前まで、キャバクラで昔の自慢話して
<SURNAME/>クダ巻いてたの、知ってんだぞ!!
","
<SURNAME/>原本，只是个昙花一现的家伙!!
<SURNAME/>不久前还在夜总会，
<SURNAME/>吹嘘过去的自夸话，我知道的!!
","[""\\n<SURNAME/>他原本，不过是一个昙花一现的过气家伙罢了!!\\n<SURNAME/>不久前还在夜总会，\\n<SURNAME/>吹嘘自己过去的风光，我知道的!!\\n""]","[""\\n<SURNAME/>他原本，不过是一个昙花一现的过气家伙罢了!!\\n<SURNAME/>不久前还在夜总会，\\n<SURNAME/>吹嘘自己过去的风光，我知道的!!\\n""]"
local_conflict_review,script:400_8,script:400_8:diag2,frontend/public/games/p2is/groups/script_400_8.json,"
<SURNAME/>チィッ!!
<SURNAME/>ご丁寧に、こんなトコにも仕掛けてやガんぜ!
","
<SURNAME/>切!!
<SURNAME/>真周到，连这种地方都设了陷阱!
","[""\\n<SURNAME/>切!!\\n<SURNAME/>想得真周到，连这种地方都设了陷阱!\\n""]","[""\\n<SURNAME/>切!!\\n<SURNAME/>想得真周到，连这种地方都设了陷阱!\\n""]"
local_conflict_review,script:402_8,script:402_8:diag0,frontend/public/games/p2is/groups/script_402_8.json,"
<SURNAME/>哎呀!!(アイヤー)
<SURNAME/>まだ人ガいるよ!?
","
<SURNAME/>哎呀！！
<SURNAME/>还有人呢！？
","[""\\n<SURNAME/>哎呀！！\\n<SURNAME/>还有人在呢！？\\n""]","[""\\n<SURNAME/>哎呀！！\\n<SURNAME/>还有人在呢！？\\n""]"
local_conflict_review,script:402_8,script:402_8:diag1,frontend/public/games/p2is/groups/script_402_8.json,"
<SURNAME/>何やってんの、あんたたち!?
<SURNAME/>早く逃げて!
<SURNAME/>爆弾ガ仕掛けられてるんだってば!!
","
<SURNAME/>你们在干什么啊！？
<SURNAME/>快点逃啊！！
<SURNAME/>炸弹被安装了啊！！
","[""\\n<SURNAME/>你们在干什么啊！？\\n<SURNAME/>快点逃啊！！\\n<SURNAME/>炸弹已经被安装了！！\\n""]","[""\\n<SURNAME/>你们在干什么啊！？\\n<SURNAME/>快点逃啊！！\\n<SURNAME/>炸弹已经被安装了！！\\n""]"
local_conflict_review,script:402_8,script:402_8:diag3,frontend/public/games/p2is/groups/script_402_8.json,"
<SURNAME/>さて、アタシらもグズグズしてらんないよ!!
","
<SURNAME/>好了，我们也不能磨蹭了！！
","[""\\n<SURNAME/>好了，我们也不能再磨蹭下去了！！\\n""]","[""\\n<SURNAME/>好了，我们也不能再磨蹭下去了！！\\n""]"
local_conflict_review,script:403_8,script:403_8:diag0,frontend/public/games/p2is/groups/script_403_8.json,"
<SURNAME/>哎呀!!(アイヤー)
<SURNAME/>木ントだ!!
<SURNAME/>そこら中に爆弾仕掛けてある!!
","
<SURNAME/>哎呀！！
<SURNAME/>糟糕！！
<SURNAME/>到处都安装了炸弹！！
","[""\\n<SURNAME/>哎呀!!(ai1 jaa3)\\n<SURNAME/>真的诶!!\\n<SURNAME/>到处都安装了炸弹!!\\n""]","[""\\n<SURNAME/>哎呀!!(ai1 jaa3)\\n<SURNAME/>真的诶!!\\n<SURNAME/>到处都安装了炸弹!!\\n""]"
local_conflict_review,script:403_8,script:403_8:diag2,frontend/public/games/p2is/groups/script_403_8.json,"
<SURNAME/>こんなん、どうやって止めりゃいいかなんて、
<SURNAME/>わかんねぇしなー!!
<SURNAME/>早く、託宣とやらを探そうぜ!!
","
<SURNAME/>这种东西，怎么才能停下来，
<SURNAME/>完全不知道啊——！！
<SURNAME/>快点，找那个神谕吧！！
","[""\\n<SURNAME/>这种东西，怎么样才能让它停下来，\\n<SURNAME/>完全不知道啊——！！\\n<SURNAME/>快点，去找那个神谕吧！！\\n""]","[""\\n<SURNAME/>这种东西，怎么样才能让它停下来，\\n<SURNAME/>完全不知道啊——！！\\n<SURNAME/>快点，去找那个神谕吧！！\\n""]"
local_conflict_review,script:404_8,script:404_8:diag0,frontend/public/games/p2is/groups/script_404_8.json,"
<SURNAME/>さすガ英理子!!
<SURNAME/>でも、平坂区っていったって、かなり広いよ?
<SURNAME/>これじゃまだ、場所は特定できないねぇ…
","
<SURNAME/>不愧是英理子!!
<SURNAME/>但是，平坂区可是相当大啊?
<SURNAME/>这样还是没法确定具体位置呢…
","[""\\n<SURNAME/>不愧是英理子!!\\n<SURNAME/>但是，平坂区可是相当大的啊?\\n<SURNAME/>这样还是没法确定具体位置呢…\\n""]","[""\\n<SURNAME/>不愧是英理子!!\\n<SURNAME/>但是，平坂区可是相当大的啊?\\n<SURNAME/>这样还是没法确定具体位置呢…\\n""]"
local_conflict_review,script:404_8,script:404_8:diag10,frontend/public/games/p2is/groups/script_404_8.json,"
<SURNAME/>なるほど…<pause:30/>
<SURNAME/>あなたガ、<c13/>君ですわね?
<c1d:11/>エリー<c1d:1/>
<SURNAME/>確かにYukinoガ言う通り、
<SURNAME/>私たちガよく知ってる人と、
<SURNAME/>同じFeelingガしますわ…
<c1d:11/>エリー<c1d:1/>
<SURNAME/>無口でCoolでしたけど、
<SURNAME/>とても強くて優しくて…<pause:30/>
<SURNAME/>私の…
","
<SURNAME/>原来如此…<pause:30/>
<SURNAME/>你就是<c13/>君吧?
<c1d:11/>英理子<c1d:1/>
<SURNAME/>确实如雪野所说，
<SURNAME/>和我们熟知的人，
<SURNAME/>有相同的感觉呢…
<c1d:11/>英理子<c1d:1/>
<SURNAME/>虽然沉默又酷，
<SURNAME/>但非常强大又温柔…<pause:30/>
<SURNAME/>我的…
","[""\\n<SURNAME/>原来如此…<pause:30/>\\n<SURNAME/>你就是<c13/>君吧?\\n<c1d:11/>英理子<c1d:1/>\\n<SURNAME/>确实如雪野所说，\\n<SURNAME/>和我们所熟知的人，\\n<SURNAME/>有相同的感觉呢…\\n<c1d:11/>英理子<c1d:1/>\\n<SURNAME/>虽然又沉默又酷，\\n<SURNAME/>但又非常强大温柔…<pause:30/>\\n<SURNAME/>就像是我…\\n""]","[""\\n<SURNAME/>原来如此…<pause:30/>\\n<SURNAME/>你就是<c13/>君吧?\\n<c1d:11/>英理子<c1d:1/>\\n<SURNAME/>确实如雪野所说，\\n<SURNAME/>和我们所熟知的人，\\n<SURNAME/>有相同的感觉呢…\\n<c1d:11/>英理子<c1d:1/>\\n<SURNAME/>虽然又沉默又酷，\\n<SURNAME/>但又非常强大温柔…<pause:30/>\\n<SURNAME/>就像是我…\\n""]"
local_conflict_review,script:404_8,script:404_8:diag1:p1,frontend/public/games/p2is/groups/script_404_8.json,"<c1d:11/>舞耶<c1d:1/>
<SURNAME/>そうか、黄泉路の坂って、
<SURNAME/>日本神話の黄泉比良坂(よもつひらさか)…<pause:30/>
<SURNAME/>平坂のもじりなんだ。
","<c1d:11/>舞耶<c1d:1/>
<SURNAME/>原来如此，黄泉路的坡，
<SURNAME/>是日本神话的黄泉比良坂…<pause:30/>
<SURNAME/>是平坂的谐音啊。
","[""<c1d:11/>舞耶<c1d:1/>\\n<SURNAME/>原来如此，黄泉路的坡，\\n<SURNAME/>是日本神话中的黄泉比良坂…<pause:30/>\\n<SURNAME/>是平坂的谐音啊。\\n""]","[""<c1d:11/>舞耶<c1d:1/>\\n<SURNAME/>原来如此，黄泉路的坡，\\n<SURNAME/>是日本神话中的黄泉比良坂…<pause:30/>\\n<SURNAME/>是平坂的谐音啊。\\n""]"
local_conflict_review,script:404_8,script:404_8:diag2:p1,frontend/public/games/p2is/groups/script_404_8.json,"<c1d:11/>エリー<c1d:1/>
<SURNAME/>ただ、私、珠閒瑠市の土地には詳しくありませんの。
<SURNAME/>これ以上のことは、今は…
","<c1d:11/>英理子<c1d:1/>
<SURNAME/>但是，我对珠闲瑠市的土地不熟悉。
<SURNAME/>更多的事情，现在…
","[""<c1d:11/>英理子<c1d:1/>\\n<SURNAME/>但是，我对珠闲瑠市这片地区并不熟悉。\\n<SURNAME/>更多的事情，现在…\\n""]","[""<c1d:11/>英理子<c1d:1/>\\n<SURNAME/>但是，我对珠闲瑠市这片地区并不熟悉。\\n<SURNAME/>更多的事情，现在…\\n""]"
local_conflict_review,script:404_8,script:404_8:diag5:p0,frontend/public/games/p2is/groups/script_404_8.json,"
<SURNAME/>頼むよ英理子。
<SURNAME/>アンタガサポートしてくれたら、
<SURNAME/>アタシらじゃ見えないことも、見えてくる。
","
<SURNAME/>拜托了英理子。
<SURNAME/>有你的支持，
<SURNAME/>我们看不到的事情也能看清。
","[""\\n<SURNAME/>拜托了英理子。\\n<SURNAME/>有了你的支持，\\n<SURNAME/>我们察觉不到的事情，你也能看出来。\\n""]","[""\\n<SURNAME/>拜托了英理子。\\n<SURNAME/>有了你的支持，\\n<SURNAME/>我们察觉不到的事情，你也能看出来。\\n""]"
local_conflict_review,script:404_8,script:404_8:diag7:p1,frontend/public/games/p2is/groups/script_404_8.json,"<c1d:11/>ギンコ<c1d:1/>
<SURNAME/>Sorry呀(ソーリーア)…<pause:30/>
<SURNAME/>わたしほんとは、<c13/>の他に…
","<c1d:11/>银子<c1d:1/>
<SURNAME/>Sorry呀…<pause:30/>
<SURNAME/>我其实，除了<c13/>之外…
","[""<c1d:11/>银子<c1d:1/>\\n<SURNAME/>Sorry呀(Sorry aa3)…<pause:30/>\\n<SURNAME/>我其实，除了<c13/>之外…\\n""]","[""<c1d:11/>银子<c1d:1/>\\n<SURNAME/>Sorry呀(Sorry aa3)…<pause:30/>\\n<SURNAME/>我其实，除了<c13/>之外…\\n""]"
local_conflict_review,script:404_8,script:404_8:diag9,frontend/public/games/p2is/groups/script_404_8.json,"
<SURNAME/>アンタも感じたろうけど、
<SURNAME/>英理子もペルソナ使いなんだよ。
<SURNAME/>なんか、昔を思い出すねぇ…
","
<SURNAME/>你也感觉到了吧，
<SURNAME/>英理子也是Persona使者啊。
<SURNAME/>让人想起从前呢…
","[""\\n<SURNAME/>你也感觉到了吧，\\n<SURNAME/>英理子也是Persona使者啊。\\n<SURNAME/>真让人回忆起从前呢…\\n""]","[""\\n<SURNAME/>你也感觉到了吧，\\n<SURNAME/>英理子也是Persona使者啊。\\n<SURNAME/>真让人回忆起从前呢…\\n""]"
local_conflict_review,script:405_8,script:405_8:diag0,frontend/public/games/p2is/groups/script_405_8.json,"
<SURNAME/>この部屋には、誰もいないみたいね。
<SURNAME/>よし、次の部屋にレッツらゴー!
","
<SURNAME/>这房间里好像没人呢。
<SURNAME/>好，去下一个房间Let's go!
","[""\\n<SURNAME/>这房间里好像没人呢。\\n<SURNAME/>好，下一个房间Let's go!\\n""]","[""\\n<SURNAME/>这房间里好像没人呢。\\n<SURNAME/>好，下一个房间Let's go!\\n""]"
local_conflict_review,script:406_8,script:406_8:diag0,frontend/public/games/p2is/groups/script_406_8.json,"
<SURNAME/>お面ガ…ないよ…<pause:30/>
<SURNAME/>まさか…ここに来たの…?
<SURNAME/>なんで…
","
<SURNAME/>面具…不见了…<pause:30/>
<SURNAME/>难道…是来这里了…?
<SURNAME/>为什么…
","[""\\n<SURNAME/>面具…不见了…<pause:30/>\\n<SURNAME/>难道…他来过这里了…?\\n<SURNAME/>为什么…\\n""]","[""\\n<SURNAME/>面具…不见了…<pause:30/>\\n<SURNAME/>难道…他来过这里了…?\\n<SURNAME/>为什么…\\n""]"
local_conflict_review,script:406_8,script:406_8:diag1,frontend/public/games/p2is/groups/script_406_8.json,"
<SURNAME/>ここは確か…<pause:30/>
<SURNAME/>あいつガ面を隠した場所のはずだ…
","
<SURNAME/>这里应该是…<pause:30/>
<SURNAME/>那家伙藏面具的地方才对…
","[""\\n<SURNAME/>这里确实是…<pause:30/>\\n<SURNAME/>那家伙藏面具的地方才对…\\n""]","[""\\n<SURNAME/>这里确实是…<pause:30/>\\n<SURNAME/>那家伙藏面具的地方才对…\\n""]"
local_conflict_review,script:406_8,script:406_8:diag2,frontend/public/games/p2is/groups/script_406_8.json,"
<SURNAME/>誰かさんたちガ忘れてしまっても、
<SURNAME/>忘れられなかった人ガいたっていうことね。
<SURNAME/>一体、どんな想いでここに来たのかしらね…
","
<SURNAME/>就算某些人忘记了，
<SURNAME/>也有人忘不了呢。
<SURNAME/>到底怀着什么心情来这里的啊…
","[""\\n<SURNAME/>就算某些人忘记了，\\n<SURNAME/>也有人忘不了呢。\\n<SURNAME/>到底是怀着什么样的心情来这里的啊…\\n""]","[""\\n<SURNAME/>就算某些人忘记了，\\n<SURNAME/>也有人忘不了呢。\\n<SURNAME/>到底是怀着什么样的心情来这里的啊…\\n""]"
local_conflict_review,script:407_8,script:407_8:diag2,frontend/public/games/p2is/groups/script_407_8.json,"
<SURNAME/>可憐…(木ーリーン)<pause:30/>
<SURNAME/>ゆきのさん…かわいそう…<pause:30/>
<SURNAME/><c13/>!<SURNAME/>ほんとにあれでよかったの!?
","
<SURNAME/>可怜…<pause:30/>
<SURNAME/>雪野小姐…好可怜…<pause:30/>
<SURNAME/><c13/>!<SURNAME/>那样真的好吗!?
","[""\\n<SURNAME/>可怜…(ho2 lin4)<pause:30/>\\n<SURNAME/>雪野小姐…好可怜…<pause:30/>\\n<SURNAME/><c13/>!<SURNAME/>那样真的好吗!?\\n""]","[""\\n<SURNAME/>可怜…(ho2 lin4)<pause:30/>\\n<SURNAME/>雪野小姐…好可怜…<pause:30/>\\n<SURNAME/><c13/>!<SURNAME/>那样真的好吗!?\\n""]"
local_conflict_review,script:407_8,script:407_8:diag4,frontend/public/games/p2is/groups/script_407_8.json,"
<SURNAME/>へ、へェ〜イ!!
<SURNAME/>ユー、そんなに肩押さえて、どうしたんだい?
","
<SURNAME/>嘿、嘿诶～!!
<SURNAME/>You，这么按着肩，咋了?
","[""\\n<SURNAME/>嘿、嘿诶～!!\\n<SURNAME/>You，这样按着肩，是怎么了?\\n""]","[""\\n<SURNAME/>嘿、嘿诶～!!\\n<SURNAME/>You，这样按着肩，是怎么了?\\n""]"
local_conflict_review,script:407_8,script:407_8:diag5,frontend/public/games/p2is/groups/script_407_8.json,"
<SURNAME/>い、いやぁー、カラコルからさぁ…<pause:60/>
<SURNAME/>Mr.トミにみてもらおうかなぁ…!!<pause:30/>
<SURNAME/>な、なぁんちゃって…!
","
<SURNAME/>呃、哎呀，从卡拉科尔来的吧…<pause:60/>
<SURNAME/>让Mr. Tomi看看我吧…!!<pause:30/>
<SURNAME/>没、没什么啦…!
","[""\\n<SURNAME/>不、不对，从卡拉科尔来的吧…<pause:60/>\\n<SURNAME/>让Mr. Tomi也看看吧…!!<pause:30/>\\n<SURNAME/>没、没什么啦…!\\n""]","[""\\n<SURNAME/>不、不对，从卡拉科尔来的吧…<pause:60/>\\n<SURNAME/>让Mr. Tomi也看看吧…!!<pause:30/>\\n<SURNAME/>没、没什么啦…!\\n""]"
local_conflict_review,script:407_8,script:407_8:diag7,frontend/public/games/p2is/groups/script_407_8.json,"
<SURNAME/>ユッキー…<pause:30/>
<SURNAME/>ごめんね…<pause:30/>
<SURNAME/>私、何もしてあげられないよ…
","
<SURNAME/>荣吉…<pause:30/>
<SURNAME/>对不起…<pause:30/>
<SURNAME/>我什么都做不了啊…
","[""\\n<SURNAME/>小雪…<pause:30/>\\n<SURNAME/>对不起…<pause:30/>\\n<SURNAME/>我什么都做不了啊…\\n""]","[""\\n<SURNAME/>小雪…<pause:30/>\\n<SURNAME/>对不起…<pause:30/>\\n<SURNAME/>我什么都做不了啊…\\n""]"
local_conflict_review,script:407_8,script:407_8:diag9,frontend/public/games/p2is/groups/script_407_8.json,"
<SURNAME/>………<pause:30/>
<SURNAME/>行こう、<c12/>…<pause:30/>
<SURNAME/>まだ、やらなきゃならないことガある…
","
<SURNAME/>………<pause:30/>
<SURNAME/>走吧、<c12/>…<pause:30/>
<SURNAME/>还有、必须做的事…
","[""\\n<SURNAME/>………<pause:30/>\\n<SURNAME/>走吧、<c12/>…<pause:30/>\\n<SURNAME/>还有、必须要做的事…\\n""]","[""\\n<SURNAME/>………<pause:30/>\\n<SURNAME/>走吧、<c12/>…<pause:30/>\\n<SURNAME/>还有、必须要做的事…\\n""]"
local_conflict_review,script:412_8,script:412_8:diag0,frontend/public/games/p2is/groups/script_412_8.json,"
<SURNAME/>かなりの大きさだな…<pause:30/>
<SURNAME/>天井なんか、霞んで見えやしない。
","
<SURNAME/>相当大啊…<pause:30/>
<SURNAME/>连天花板都模糊看不清了。
","[""\\n<SURNAME/>真是相当大啊…<pause:30/>\\n<SURNAME/>连天花板都模糊得看不清了。\\n""]","[""\\n<SURNAME/>真是相当大啊…<pause:30/>\\n<SURNAME/>连天花板都模糊得看不清了。\\n""]"
local_conflict_review,script:412_8,script:412_8:diag1,frontend/public/games/p2is/groups/script_412_8.json,"
<SURNAME/>でも変ね。
<SURNAME/>私たちガ追って来てるのは、知ってるはずなのに…<pause:30/>
<SURNAME/>なんの歓迎もないなんて、静か過ぎない?
","
<SURNAME/>但是好奇怪呢。
<SURNAME/>他们应该知道我们在追来…<pause:30/>
<SURNAME/>却没有任何欢迎，太安静了吧？
","[""\\n<SURNAME/>但是好奇怪呢。\\n<SURNAME/>他们应该知道我们追过来了才对…<pause:30/>\\n<SURNAME/>却一点迎接的意思都没有，安静过头了吧？\\n""]","[""\\n<SURNAME/>但是好奇怪呢。\\n<SURNAME/>他们应该知道我们追过来了才对…<pause:30/>\\n<SURNAME/>却一点迎接的意思都没有，安静过头了吧？\\n""]"
local_conflict_review,script:412_8,script:412_8:diag3,frontend/public/games/p2is/groups/script_412_8.json,"
<SURNAME/>そうねぇ…<pause:30/>
<SURNAME/>彼らガみんなやられちゃったとは思えないけど、
<SURNAME/>確かに、どんな罠ガあってもおかしくないね。
","
<SURNAME/>是啊…<pause:30/>
<SURNAME/>虽然不觉得他们全都被干掉了，
<SURNAME/>但确实，有什么陷阱都不奇怪呢。
","[""\\n<SURNAME/>是啊…<pause:30/>\\n<SURNAME/>虽然不觉得他们能全都被干掉，\\n<SURNAME/>但确实，有什么陷阱都不奇怪呢。\\n""]","[""\\n<SURNAME/>是啊…<pause:30/>\\n<SURNAME/>虽然不觉得他们能全都被干掉，\\n<SURNAME/>但确实，有什么陷阱都不奇怪呢。\\n""]"
local_conflict_review,script:413_8,script:413_8:diag0,frontend/public/games/p2is/groups/script_413_8.json,"
<SURNAME/>激氣!!(ケッへイ)
<SURNAME/>託宣なんて、どこにあんの!?
<SURNAME/>このまま蕪し焼きになって、たまるもんか!!
","
<SURNAME/>激气!!(ケッヘイ)
<SURNAME/>预言什么的、在哪里啊！？
<SURNAME/>就这样变成烤芜菁、才不要呢!!
","[""\\n<SURNAME/>激气!!(gik1 hei3)\\n<SURNAME/>神谕什么的、到底在哪里啊！？\\n<SURNAME/>就这样被整个烤焦、我才忍不了呢!!\\n""]","[""\\n<SURNAME/>激气!!(gik1 hei3)\\n<SURNAME/>神谕什么的、到底在哪里啊！？\\n<SURNAME/>就这样被整个烤焦、我才忍不了呢!!\\n""]"
local_conflict_review,script:413_8,script:413_8:diag2,frontend/public/games/p2is/groups/script_413_8.json,"
<SURNAME/>ったりめえよ!!
<SURNAME/>このまま終わってたまるかよ!!
","
<SURNAME/>开什么玩笑!!
<SURNAME/>就这样结束才不要呢!!
","[""\\n<SURNAME/>开什么玩笑!!\\n<SURNAME/>我才不要就这样结束呢!!\\n""]","[""\\n<SURNAME/>开什么玩笑!!\\n<SURNAME/>我才不要就这样结束呢!!\\n""]"
local_conflict_review,script:413_8,script:413_8:diag6,frontend/public/games/p2is/groups/script_413_8.json,"
<SURNAME/>物ガたくさんあるところ…<pause:30/>
<SURNAME/><c12/>、わかるかい?
","
<SURNAME/>东西很多的地方…<pause:30/>
<SURNAME/><c12/>、明白吗？
","[""\\n<SURNAME/>东西很多的地方…<pause:30/>\\n<SURNAME/><c12/>、你明白吗？\\n""]","[""\\n<SURNAME/>东西很多的地方…<pause:30/>\\n<SURNAME/><c12/>、你明白吗？\\n""]"
local_conflict_review,script:422_8,script:422_8:diag0:p1,frontend/public/games/p2is/groups/script_422_8.json,"<c1d:11/>ギンコ<c1d:1/>
<SURNAME/>さて、わたし達の住む街、
<SURNAME/>珠「瑠(すまる)市は…
","<c1d:11/>丽莎<c1d:1/>
<SURNAME/>那么，我们居住的城市，
<SURNAME/>珠瑠市是…
","[""<c1d:11/>丽莎<c1d:1/>\\n<SURNAME/>那么，我们居住的城市，\\n<SURNAME/>珠闲瑠市是…\\n""]","[""<c1d:11/>丽莎<c1d:1/>\\n<SURNAME/>那么，我们居住的城市，\\n<SURNAME/>珠闲瑠市是…\\n""]"
local_conflict_review,script:422_8,script:422_8:diag1,frontend/public/games/p2is/groups/script_422_8.json,"
<SURNAME/>ハァアン!<SURNAME/>こまごまとうるさいねぇ…
<SURNAME/>そんな事、どうでもいいじゃないか!
<SURNAME/>なんて言ったって主役は、ボクなんだからねぇ…
","
<SURNAME/>哈啊～～！<SURNAME/>啰啰嗦嗦烦死人了…
<SURNAME/>那种事无所谓啦！
<SURNAME/>反正主角是老子我啊～～
","[""\\n<SURNAME/>哈啊！\\n<SURNAME/>那种琐碎的事情，\\n<SURNAME/>无所谓吧…\\n<SURNAME/>不管怎么说主角都是本大爷…！""]","[""\\n<SURNAME/>哈啊！\\n<SURNAME/>那种琐碎的事情，\\n<SURNAME/>无所谓吧…\\n<SURNAME/>不管怎么说主角都是本大爷…！""]"
local_conflict_review,script:429_8,script:429_8:diag0,frontend/public/games/p2is/groups/script_429_8.json,"
<SURNAME/>ゲフッ!
<SURNAME/>木コリっぽいねぇ…<pause:30/>
<SURNAME/>ボクの、パーフェクトへアーガ汚れちゃうよ。
",\n<SURNAME/>咳! <SURNAME/>感觉这里好脏啊…<pause:30/>\n<SURNAME/>本大爷完美的发型要被弄脏了。\n,"[""\n<SURNAME/>咳！\n<SURNAME/>一股霉味啊…<pause:30/>\n<SURNAME/>老子的完美发型要被弄脏了。\n""]","[""\n<SURNAME/>咳！\n<SURNAME/>一股霉味啊…<pause:30/>\n<SURNAME/>老子的完美发型要被弄脏了。\n""]"
local_conflict_review,script:429_8,script:429_8:diag1,frontend/public/games/p2is/groups/script_429_8.json,"
<SURNAME/>ミスター・ハンニャもいないみたいだし
<SURNAME/>さっさと大時計を壊して、
<SURNAME/>こんな場所とはおさらばしよう。
",\n<SURNAME/>Mr.般若似乎也不在， \n<SURNAME/>还是赶紧把大钟砸了， \n<SURNAME/>然后跟这地方说再见吧。\n,"[""\n<SURNAME/>Mr.般若也不在，\n<SURNAME/>赶紧把大钟砸了，\n<SURNAME/>和这鬼地方说拜拜吧。\n""]","[""\n<SURNAME/>Mr.般若也不在，\n<SURNAME/>赶紧把大钟砸了，\n<SURNAME/>和这鬼地方说拜拜吧。\n""]"
local_conflict_review,script:429_8,script:429_8:diag10,frontend/public/games/p2is/groups/script_429_8.json,"
<SURNAME/>この声は…ハンニャ!?
<SURNAME/>上かいっ!
",\n<SURNAME/>这声音是…般若!?\n<SURNAME/>在上面!\n,"[""\n<SURNAME/>这声音是…般若！？\n<SURNAME/>在上面！\n""]","[""\n<SURNAME/>这声音是…般若！？\n<SURNAME/>在上面！\n""]"
local_conflict_review,script:429_8,script:429_8:diag11,frontend/public/games/p2is/groups/script_429_8.json,"
<SURNAME/>ジヨーカー!!
",\n<SURNAME/>JOKER!!\n,"[""\n<SURNAME/>JOKER!!\n""]","[""\n<SURNAME/>JOKER!!\n""]"
local_conflict_review,script:429_8,script:429_8:diag12,frontend/public/games/p2is/groups/script_429_8.json,"
<SURNAME/>あれガ…ジヨーカー!?
",\n<SURNAME/>那就是…JOKER!?\n,"[""\n<SURNAME/>那就是…JOKER?!\n""]","[""\n<SURNAME/>那就是…JOKER?!\n""]"
local_conflict_review,script:429_8,script:429_8:diag14,frontend/public/games/p2is/groups/script_429_8.json,"
<SURNAME/>紋章の呪いも、みんなガおかしくなったのも
<SURNAME/>ジヨーカーと組んだあんたガ原因なんでしょ!?
<SURNAME/>白状しなよっ!!
",\n<SURNAME/>纹章诅咒，还有大家变得不正常， \n<SURNAME/>都是你跟JOKER搞的鬼对吧!? \n<SURNAME/>给我老实交待!!\n,"[""\n<SURNAME/>纹章诅咒、大家变得奇怪什么的\n<SURNAME/>都是你和JOKER联手造成的吧!?\n<SURNAME/>快老实交代!!\n""]","[""\n<SURNAME/>纹章诅咒、大家变得奇怪什么的\n<SURNAME/>都是你和JOKER联手造成的吧!?\n<SURNAME/>快老实交代!!\n""]"
local_conflict_review,script:429_8,script:429_8:diag16,frontend/public/games/p2is/groups/script_429_8.json,"
<SURNAME/>貴様らときたら、学生の本分を忘れ、
<SURNAME/>だらだらとした日常を送り、
<SURNAME/>気にすることといえば異性と外見だけ!
",\n<SURNAME/>你们这帮家伙，忘记了作为学生的本分 \n<SURNAME/>一天到晚浑浑噩噩， \n<SURNAME/>满脑子只想着异性和外表!\n,"[""\n<SURNAME/>你们这些家伙、忘记了作为学生的本分\n<SURNAME/>一天到晚浑浑噩噩\n<SURNAME/>满脑子只想着异性和外表!\n""]","[""\n<SURNAME/>你们这些家伙、忘记了作为学生的本分\n<SURNAME/>一天到晚浑浑噩噩\n<SURNAME/>满脑子只想着异性和外表!\n""]"
local_conflict_review,script:429_8,script:429_8:diag17,frontend/public/games/p2is/groups/script_429_8.json,"
<SURNAME/>呪いにかかったのも、自業自得よ!
<SURNAME/>まあ、カス校生の妬みから生まれた噂ガ、
<SURNAME/>まさか現実になるとは思わなかったガな…
",\n<SURNAME/>这样的你们被诅咒了也是自作自受! \n<SURNAME/>不过呢，虽说是因为渣高学生的嫉妒而产生的传闻， \n<SURNAME/>我倒是没想到它真的会成真呢...\n,"[""\n<SURNAME/>被诅咒也是自作自受!\n<SURNAME/>不过、因渣校生的嫉妒而诞生的传闻\n<SURNAME/>没想到会成真啊…\n""]","[""\n<SURNAME/>被诅咒也是自作自受!\n<SURNAME/>不过、因渣校生的嫉妒而诞生的传闻\n<SURNAME/>没想到会成真啊…\n""]"
local_conflict_review,script:429_8,script:429_8:diag18,frontend/public/games/p2is/groups/script_429_8.json,"
<SURNAME/>しかし、ジヨーカー様にお願いすれば
<SURNAME/>生徒たちの顔など、すぐに元通りになる。
",\n<SURNAME/>但是，只要拜托JOKER大人， \n<SURNAME/>学生们的脸就能瞬间恢复如初。\n,"[""\n<SURNAME/>但是，只要拜托JOKER大人\n<SURNAME/>学生们的脸就能恢复原样了。\n""]","[""\n<SURNAME/>但是，只要拜托JOKER大人\n<SURNAME/>学生们的脸就能恢复原样了。\n""]"
local_conflict_review,script:429_8,script:429_8:diag20,frontend/public/games/p2is/groups/script_429_8.json,"
<SURNAME/>そういうアンタは、ジヨーカーの力で
<SURNAME/>なにを手に入れたんだい!?
",\n<SURNAME/>那你呢，你靠JOKER的力量 \n<SURNAME/>又得到了什么!?\n,"[""\n<SURNAME/>那你用JOKER的力量\n<SURNAME/>又得到了什么!?\n""]","[""\n<SURNAME/>那你用JOKER的力量\n<SURNAME/>又得到了什么!?\n""]"
local_conflict_review,script:429_8,script:429_8:diag21,frontend/public/games/p2is/groups/script_429_8.json,"
<SURNAME/>はっはっは!<SURNAME/>私か?
<SURNAME/>生徒たちに愛される校長になることと…<pause:30/>
<SURNAME/>このフサフサの髪の毛だ!!
",<SURNAME/>哈哈哈!<SURNAME/>你问我? <SURNAME/>我不仅成为了受学生爱戴的校长，还得到…<pause:30/> <SURNAME/>这一头浓密的头发!!,"[""\n<SURNAME/>哈哈哈!<SURNAME/>我吗?\n<SURNAME/>成为受学生爱戴的校长…<pause:30/>\n<SURNAME/>还有这头浓密的头发!!\n""]","[""\n<SURNAME/>哈哈哈!<SURNAME/>我吗?\n<SURNAME/>成为受学生爱戴的校长…<pause:30/>\n<SURNAME/>还有这头浓密的头发!!\n""]"
local_conflict_review,script:429_8,script:429_8:diag23,frontend/public/games/p2is/groups/script_429_8.json,"
<SURNAME/>そんなバカ親父の理想を叶えることに、
<SURNAME/>一体なんの意味ガあるんでい!?
",\n<SURNAME/>实现这么个蠢老头的理想， \n<SURNAME/>到底有什么意义!?\n,"[""\n<SURNAME/>实现那种笨蛋老头的理想\n<SURNAME/>到底有什么意义啊!?\n""]","[""\n<SURNAME/>实现那种笨蛋老头的理想\n<SURNAME/>到底有什么意义啊!?\n""]"
local_conflict_review,script:429_8,script:429_8:diag26,frontend/public/games/p2is/groups/script_429_8.json,"
<SURNAME/>これは「与える者」たるこの僕と、
<SURNAME/>「寧う者」たる貴様…<pause:30/>
<SURNAME/><c12/><SURNAME/><c13/>との夢をかけた戦いだ!
",\n<SURNAME/>这是身为「赐予者」的我， \n<SURNAME/>与身为「祈求者」的你…<pause:30/>\n<SURNAME/><c12/><SURNAME/><c13/>之间，赌上梦想的战斗!\n,"[""\n<SURNAME/>这是作为\""赐予者\""的我\n<SURNAME/>与作为\""祈愿者\""的你…<pause:30/>\n<SURNAME/><c12/><SURNAME/><c13/>之间赌上梦想的战斗!\n""]","[""\n<SURNAME/>这是作为\""赐予者\""的我\n<SURNAME/>与作为\""祈愿者\""的你…<pause:30/>\n<SURNAME/><c12/><SURNAME/><c13/>之间赌上梦想的战斗!\n""]"
local_conflict_review,script:429_8,script:429_8:diag27,frontend/public/games/p2is/groups/script_429_8.json,"
<SURNAME/>もう二度と、貴様に夢を壊させはしない…<pause:30/>
<SURNAME/>もう二度と、同じ過ちをくり返させはしない!
",\n<SURNAME/>我绝不让你再次夺走我的梦现…<pause:30/>\n<SURNAME/>绝不让同样的错误再次重演!\n,"[""\n<SURNAME/>我绝不会再让你破坏我的梦想…<pause:30/>\n<SURNAME/>也绝不会再让同样的错误发生!\n""]","[""\n<SURNAME/>我绝不会再让你破坏我的梦想…<pause:30/>\n<SURNAME/>也绝不会再让同样的错误发生!\n""]"
local_conflict_review,script:429_8,script:429_8:diag29,frontend/public/games/p2is/groups/script_429_8.json,"
<SURNAME/>時は再び動き出した…<pause:30/>
<SURNAME/>夢を告げる鐘の音を聞け!
",\n<SURNAME/>时间已再度开始流动…<pause:30/>\n<SURNAME/>聆听这宣告梦想的钟声吧!,"[""\n<SURNAME/>时间已再度开始流动…<pause:30/>\n<SURNAME/>倾听宣告梦想的钟声!\n""]","[""\n<SURNAME/>时间已再度开始流动…<pause:30/>\n<SURNAME/>倾听宣告梦想的钟声!\n""]"
local_conflict_review,script:429_8,script:429_8:diag3,frontend/public/games/p2is/groups/script_429_8.json,"
<SURNAME/>パパパ、パンツ番長!
<SURNAME/>ううう、後ろ、後ろ後ろお!!
",\n<SURNAME/>内、内、内裤番长! \n<SURNAME/>后后后、后面、后面后面啊!!\n,"[""\n<SURNAME/>内、内裤番长！\n<SURNAME/>后后后、后面、后面啊!!\n""]","[""\n<SURNAME/>内、内裤番长！\n<SURNAME/>后后后、后面、后面啊!!\n""]"
local_conflict_review,script:429_8,script:429_8:diag30,frontend/public/games/p2is/groups/script_429_8.json,"
<SURNAME/>ちっきしょう!!
<SURNAME/>逃ガしてたまるかよっ!
",\n<SURNAME/>可恶!!\n<SURNAME/>怎么能逃跑呢！\n,"[""\n<SURNAME/>可恶!!\n<SURNAME/>别想逃!\n""]","[""\n<SURNAME/>可恶!!\n<SURNAME/>别想逃!\n""]"
merged_versions_conflict,script:431_8,script:431_8:diag0,frontend/public/games/p2is/groups/script_431_8.json,"
<SURNAME/>へイ<c12/>。あそこのベィビィ…<pause:30/>
<SURNAME/>誰かにソバカス消してもらったそうじゃない?<pause:30/>
<SURNAME/>まさかジヨーカーに…ボクの考えすぎかな?","
<SURNAME/>Hey<c12/>。那边的Baby…<pause:30/>
<SURNAME/>听说你让人消了雀斑?<pause:30/>
<SURNAME/>该不会是JOKER…我想多了吗?","[""\n<SURNAME/>Hey，<c12/>。那边的Baby…<pause:30/> \n<SURNAME/>我听说她让谁给她消除了雀斑?<pause:30/> \n<SURNAME/>该不会是JOKER…难道是我想多了?"", ""<SURNAME/>Hey，<c12/>。那边的Baby…<pause:30/> <SURNAME/>我听说她让谁给她消除了雀斑?<pause:30/> <SURNAME/>该不会是Joker…难道是我想多了?"", ""<SURNAME/>Hey，<c12/>。那边的Baby…<pause:30/> <SURNAME/>我听说她让谁给她消除了雀斑?<pause:30/> <SURNAME/>该不会是JOKER…难道是我想多了?""]","[""\n<SURNAME/>Hey，<c12/>。那边的Baby…<pause:30/> \n<SURNAME/>我听说她让谁给她消除了雀斑?<pause:30/> \n<SURNAME/>该不会是JOKER…难道是我想多了?"", ""<SURNAME/>Hey，<c12/>。那边的Baby…<pause:30/> <SURNAME/>我听说她让谁给她消除了雀斑?<pause:30/> <SURNAME/>该不会是Joker…难道是我想多了?"", ""<SURNAME/>Hey，<c12/>。那边的Baby…<pause:30/> <SURNAME/>我听说她让谁给她消除了雀斑?<pause:30/> <SURNAME/>该不会是JOKER…难道是我想多了?""]"
merged_versions_conflict,script:431_8,script:431_8:diag1,frontend/public/games/p2is/groups/script_431_8.json,"
<SURNAME/>あの、舞耶さんってレディ…<pause:30/>
<SURNAME/>なぜかボクのハートをナイスキャッチング。<pause:30/>
<SURNAME/>やはり、バーニンラブの始まりなのかい?","
<SURNAME/>那个，舞耶小姐这位女士…<pause:30/>
<SURNAME/>不知为何抓住了我的心。<pause:30/>
<SURNAME/>难道，这是燃烧的爱的开始吗？","[""\n<SURNAME/>那位叫舞耶小姐的Lady…<pause:30/> \n<SURNAME/>不知为何，我的心被nice catching了。<pause:30/> \n<SURNAME/>难道，这就是Burning Love的开始吗？"", ""<SURNAME/>那位叫舞耶小姐的Lady…<pause:30/> <SURNAME/>不知为何，我的心被nice catching了。<pause:30/> <SURNAME/>难道，这就是Burning Love的开始吗？""]","[""\n<SURNAME/>那位叫舞耶小姐的Lady…<pause:30/> \n<SURNAME/>不知为何，我的心被nice catching了。<pause:30/> \n<SURNAME/>难道，这就是Burning Love的开始吗？"", ""<SURNAME/>那位叫舞耶小姐的Lady…<pause:30/> <SURNAME/>不知为何，我的心被nice catching了。<pause:30/> <SURNAME/>难道，这就是Burning Love的开始吗？""]"
merged_versions_conflict,script:431_8,script:431_8:diag10,frontend/public/games/p2is/groups/script_431_8.json,"
<SURNAME/>ちょ、ちょっとタンマ。<pause:30/>
<SURNAME/>私達、そんなつもりで取材に来たんじゃないのよ。
<SURNAME/>ジヨーカー様と呪いの噂を調べに来ただけで…","
<SURNAME/>等、等一下。<pause:30/>
<SURNAME/>我们不是为那种事来采访的哦。
<SURNAME/>只是来调查小丑大人和诅咒的传闻而已…","[""\n<SURNAME/>等、等一下。<pause:30/> \n<SURNAME/>我们不是为那种事来采访的， \n<SURNAME/>只是来调查JOKER大人和诅咒的传闻而已…"", ""<SURNAME/>等、等一下。<pause:30/> <SURNAME/>我们不是为那种事来采访的， <SURNAME/>只是来调查Joker大人和诅咒的传闻而已…"", ""<SURNAME/>等、等一下。<pause:30/> <SURNAME/>我们不是为那种事来采访的， <SURNAME/>只是来调查JOKER大人和诅咒的传闻而已…""]","[""\n<SURNAME/>等、等一下。<pause:30/> \n<SURNAME/>我们不是为那种事来采访的， \n<SURNAME/>只是来调查JOKER大人和诅咒的传闻而已…"", ""<SURNAME/>等、等一下。<pause:30/> <SURNAME/>我们不是为那种事来采访的， <SURNAME/>只是来调查Joker大人和诅咒的传闻而已…"", ""<SURNAME/>等、等一下。<pause:30/> <SURNAME/>我们不是为那种事来采访的， <SURNAME/>只是来调查JOKER大人和诅咒的传闻而已…""]"
merged_versions_conflict,script:431_8,script:431_8:diag11,frontend/public/games/p2is/groups/script_431_8.json,"
<SURNAME/>う〜ん、やだなぁ。
<SURNAME/>雑誌の記者ってだけで、そういう目で見られるの…<pause:30/>
<SURNAME/>記事で人を傷つけるつもりなんて、無いのになぁ","
<SURNAME/>唔〜，真讨厌啊。
<SURNAME/>就因为是杂志记者，就被那样看待…<pause:30/>
<SURNAME/>明明没打算用报道伤害人的说…","[""\n<SURNAME/>唔〜，真受不了啊。 \n<SURNAME/>就因为是杂志记者，所以要被那样看待…<pause:30/> \n<SURNAME/>可是我明明没打算用报道来伤害人的…"", ""<SURNAME/>唔〜，真受不了啊。 <SURNAME/>就因为是杂志记者，所以要被那样看待…<pause:30/> <SURNAME/>可是我明明没打算用报道来伤害人的…""]","[""\n<SURNAME/>唔〜，真受不了啊。 \n<SURNAME/>就因为是杂志记者，所以要被那样看待…<pause:30/> \n<SURNAME/>可是我明明没打算用报道来伤害人的…"", ""<SURNAME/>唔〜，真受不了啊。 <SURNAME/>就因为是杂志记者，所以要被那样看待…<pause:30/> <SURNAME/>可是我明明没打算用报道来伤害人的…""]"
merged_versions_conflict,script:431_8,script:431_8:diag12,frontend/public/games/p2is/groups/script_431_8.json,"
<SURNAME/>確かに、ここの生徒達の様子はおかしいわ。<pause:30/>
<SURNAME/><c13/>クン達の話ガ本当なら、
<SURNAME/>校長とジヨーカーは関係していると見るべきね…","
<SURNAME/>确实，这里的学生们样子很奇怪。<pause:30/>
<SURNAME/><c13/>君们的话如果属实，
<SURNAME/>应该认为校长和小丑有关系呢…","[""\n<SURNAME/>确实，这里的学生们的样子都很奇怪。<pause:30/> \n<SURNAME/>如果<c13/>君你们说的话是真的， \n<SURNAME/>那看来校长和JOKER应该是有关系的吧…"", ""<SURNAME/>确实，这里的学生们的样子都很奇怪。<pause:30/> <SURNAME/>如果<c13/>君你们说的话是真的， <SURNAME/>那看来校长和Joker应该是有关系的吧…"", ""<SURNAME/>确实，这里的学生们的样子都很奇怪。<pause:30/> <SURNAME/>如果<c13/>君你们说的话是真的， <SURNAME/>那看来校长和JOKER应该是有关系的吧…""]","[""\n<SURNAME/>确实，这里的学生们的样子都很奇怪。<pause:30/> \n<SURNAME/>如果<c13/>君你们说的话是真的， \n<SURNAME/>那看来校长和JOKER应该是有关系的吧…"", ""<SURNAME/>确实，这里的学生们的样子都很奇怪。<pause:30/> <SURNAME/>如果<c13/>君你们说的话是真的， <SURNAME/>那看来校长和Joker应该是有关系的吧…"", ""<SURNAME/>确实，这里的学生们的样子都很奇怪。<pause:30/> <SURNAME/>如果<c13/>君你们说的话是真的， <SURNAME/>那看来校长和JOKER应该是有关系的吧…""]"
merged_versions_conflict,script:431_8,script:431_8:diag13,frontend/public/games/p2is/groups/script_431_8.json,"
<SURNAME/>とすると、校長とジヨーカーガ
<SURNAME/>一緒にいる可能性もあるわけだ…<pause:30/>
<SURNAME/>うん、特ダネのチャンスかも!!","
<SURNAME/>那么，校长和小丑
<SURNAME/>可能在一起呢…<pause:30/>
<SURNAME/>嗯，或许是独家新闻的机会!!","[""\n<SURNAME/>如果是那样的话，校长和JOKER \n<SURNAME/>有可能在一起呢…<pause:30/> \n<SURNAME/>嗯，这可能是报道独家新闻的好机会!!"", ""<SURNAME/>如果是那样的话，校长和JOKER <SURNAME/>有可能在一起呢…<pause:30/> <SURNAME/>嗯，这可能是报道独家新闻的好机会!!""]","[""\n<SURNAME/>如果是那样的话，校长和JOKER \n<SURNAME/>有可能在一起呢…<pause:30/> \n<SURNAME/>嗯，这可能是报道独家新闻的好机会!!"", ""<SURNAME/>如果是那样的话，校长和JOKER <SURNAME/>有可能在一起呢…<pause:30/> <SURNAME/>嗯，这可能是报道独家新闻的好机会!!""]"
merged_versions_conflict,script:431_8,script:431_8:diag14,frontend/public/games/p2is/groups/script_431_8.json,"
<SURNAME/>まあまあ、そうカリカリしないの。<pause:30/>
<SURNAME/>人知れず事件を解決するヒーローってのも、
<SURNAME/>悪くないんじゃない?","
<SURNAME/>好了好了，别那么焦躁。<pause:30/>
<SURNAME/>默默解决事件的英雄，
<SURNAME/>不也挺好吗?","[""\n<SURNAME/>好了好了，别那么焦躁。<pause:30/> \n<SURNAME/>当个默默解决事件的英雄， \n<SURNAME/>不也挺好吗?"", ""<SURNAME/>好了好了，别那么焦躁。<pause:30/> <SURNAME/>当个默默解决事件的英雄， <SURNAME/>不也挺好吗?""]","[""\n<SURNAME/>好了好了，别那么焦躁。<pause:30/> \n<SURNAME/>当个默默解决事件的英雄， \n<SURNAME/>不也挺好吗?"", ""<SURNAME/>好了好了，别那么焦躁。<pause:30/> <SURNAME/>当个默默解决事件的英雄， <SURNAME/>不也挺好吗?""]"
merged_versions_conflict,script:431_8,script:431_8:diag15,frontend/public/games/p2is/groups/script_431_8.json,"
<SURNAME/>こりゃ、エンブレム壊すの急いだ方ガ良さそうだ。<pause:30/>
<SURNAME/>いつ呪いにかかるか分からないんじゃ、
<SURNAME/>みんなガ怖ガんのも、当たり前さ。","
<SURNAME/>看来得赶紧破坏纹章才行。<pause:30/>
<SURNAME/>不知道什么时候会中诅咒，
<SURNAME/>大家害怕也是当然的。","[""\n<SURNAME/>看来得赶紧破坏校徽才行。<pause:30/> \n<SURNAME/>毕竟大家不知道自己 \n<SURNAME/>什么时候会中诅咒，会害怕也是当然的。"", ""<SURNAME/>看来得赶紧破坏校徽才行。<pause:30/> <SURNAME/>毕竟大家不知道自己 <SURNAME/>什么时候会中诅咒，会害怕也是当然的。""]","[""\n<SURNAME/>看来得赶紧破坏校徽才行。<pause:30/> \n<SURNAME/>毕竟大家不知道自己 \n<SURNAME/>什么时候会中诅咒，会害怕也是当然的。"", ""<SURNAME/>看来得赶紧破坏校徽才行。<pause:30/> <SURNAME/>毕竟大家不知道自己 <SURNAME/>什么时候会中诅咒，会害怕也是当然的。""]"
merged_versions_conflict,script:431_8,script:431_8:diag18,frontend/public/games/p2is/groups/script_431_8.json,"
<SURNAME/>しかし、ハンニャの奴もやってくれるね。<pause:30/>
<SURNAME/>さんざんエルミン引っ掻き回した挙げ句、
<SURNAME/>今度はこの学校だ。","
<SURNAME/>不过，般若那家伙真行啊。<pause:30/>
<SURNAME/>把艾尔敏搞得一团糟之后，
<SURNAME/>这次又是这学校。","[""\n<SURNAME/>不过，般若那家伙可真行啊。<pause:30/> \n<SURNAME/>把艾尔敏搞得一团糟之后， \n<SURNAME/>这次又轮到这所学校了。"", ""<SURNAME/>不过，般若那家伙真行啊。<pause:30/> <SURNAME/>把艾尔敏搞得一团糟之后， <SURNAME/>这次又轮到这所学校了。""]","[""\n<SURNAME/>不过，般若那家伙可真行啊。<pause:30/> \n<SURNAME/>把艾尔敏搞得一团糟之后， \n<SURNAME/>这次又轮到这所学校了。"", ""<SURNAME/>不过，般若那家伙真行啊。<pause:30/> <SURNAME/>把艾尔敏搞得一团糟之后， <SURNAME/>这次又轮到这所学校了。""]"
merged_versions_conflict,script:431_8,script:431_8:diag19,frontend/public/games/p2is/groups/script_431_8.json,"
<SURNAME/>ここは一つ、ガツンと文句言ってやらなきゃねぇ…<pause:30/>
<SURNAME/>アタシも、そりゃあ色々と世話んなったし?<pause:30/>
<SURNAME/>フフフ…<pause:30/>もう、生徒じゃないしねぇ…","
<SURNAME/>这里得好好抱怨一下才行…<pause:30/>
<SURNAME/>我也，那个，受过他不少照顾呢?<pause:30/>
<SURNAME/>呵呵呵…<pause:30/>反正，已经不是学生了嘛…","[""\n<SURNAME/>看来我得去把他好好骂一顿才行…<pause:30/> \n<SURNAME/>毕竟我以前也受了他不少照顾嘛?<pause:30/> \n<SURNAME/>呵呵呵…<pause:30/>再说了，我已经不是学生了…"", ""<SURNAME/>看来我得去好好把他骂一顿才行…<pause:30/> <SURNAME/>毕竟我以前也受了他不少照顾嘛?<pause:30/> <SURNAME/>呵呵呵…<pause:30/>再说了，我已经不是学生了…""]","[""\n<SURNAME/>看来我得去把他好好骂一顿才行…<pause:30/> \n<SURNAME/>毕竟我以前也受了他不少照顾嘛?<pause:30/> \n<SURNAME/>呵呵呵…<pause:30/>再说了，我已经不是学生了…"", ""<SURNAME/>看来我得去好好把他骂一顿才行…<pause:30/> <SURNAME/>毕竟我以前也受了他不少照顾嘛?<pause:30/> <SURNAME/>呵呵呵…<pause:30/>再说了，我已经不是学生了…""]"
merged_versions_conflict,script:431_8,script:431_8:diag2,frontend/public/games/p2is/groups/script_431_8.json,"
<SURNAME/>へイ、エブリバデ!<SURNAME/>奇病になりたくないんだろ?
<SURNAME/>なぜこうまで校長の言うこと聞いちゃうんだい?
<SURNAME/>まったく、気味の悪い学校だぜ。","
<SURNAME/>嘿，everybody!<SURNAME/>不想得怪病吧？
<SURNAME/>为什么这么听校长的话啊？
<SURNAME/>真是的，这学校真恶心。","[""\n<SURNAME/>嘿，everybody!<SURNAME/>你们不想得怪病吧？ \n<SURNAME/>那你们为什么这么听校长的话啊？ \n<SURNAME/>真是的，真是间让人不舒服的学校啊。"", ""<SURNAME/>嘿，everybody!<SURNAME/>你们不想得怪病吧？ <SURNAME/>那你们为什么这么听校长的话啊？ <SURNAME/>真是的，真是间让人不舒服的学校啊。""]","[""\n<SURNAME/>嘿，everybody!<SURNAME/>你们不想得怪病吧？ \n<SURNAME/>那你们为什么这么听校长的话啊？ \n<SURNAME/>真是的，真是间让人不舒服的学校啊。"", ""<SURNAME/>嘿，everybody!<SURNAME/>你们不想得怪病吧？ <SURNAME/>那你们为什么这么听校长的话啊？ <SURNAME/>真是的，真是间让人不舒服的学校啊。""]"
merged_versions_conflict,script:431_8,script:431_8:diag21,frontend/public/games/p2is/groups/script_431_8.json,"
<SURNAME/>せ、先輩っ、<c12/>先輩!
<SURNAME/>イデアル先生は昇降口の所で何言ってたんスか?
<SURNAME/>何ガ始まったって言うんスか!?","
<SURNAME/>前、前辈，<c12/>前辈!
<SURNAME/>理想老师在升降口那里说了什么?
<SURNAME/>说什么开始了!?","[""\n<SURNAME/>前、前辈，<c12/>前辈! \n<SURNAME/>刚才理想老师在出入口那里说的是什么? \n<SURNAME/>她说什么东西开始了!?"", ""<SURNAME/>前、前辈，<c12/>前辈! <SURNAME/>刚才理想老师在校门口那里说的是什么? <SURNAME/>她说什么东西开始了!?""]","[""\n<SURNAME/>前、前辈，<c12/>前辈! \n<SURNAME/>刚才理想老师在出入口那里说的是什么? \n<SURNAME/>她说什么东西开始了!?"", ""<SURNAME/>前、前辈，<c12/>前辈! <SURNAME/>刚才理想老师在校门口那里说的是什么? <SURNAME/>她说什么东西开始了!?""]"
merged_versions_conflict,script:431_8,script:431_8:diag22,frontend/public/games/p2is/groups/script_431_8.json,"
<SURNAME/>な、何かとんでもない事ガ起るんじゃ…
<SURNAME/>俺、もうビクビクッスよ。","
<SURNAME/>会、会发生什么不得了的事吧…
<SURNAME/>我已经在发抖了。","[""\n<SURNAME/>难、难道会发生什么不得了的事情吗… \n<SURNAME/>我，已经在发抖了。"", ""<SURNAME/>难、难道会发生什么不得了的事情吗… <SURNAME/>我已经在发抖了。""]","[""\n<SURNAME/>难、难道会发生什么不得了的事情吗… \n<SURNAME/>我，已经在发抖了。"", ""<SURNAME/>难、难道会发生什么不得了的事情吗… <SURNAME/>我已经在发抖了。""]"
merged_versions_conflict,script:431_8,script:431_8:diag23,frontend/public/games/p2is/groups/script_431_8.json,"
<SURNAME/>お、俺は呪いになんかかかってないっスよ!!
<SURNAME/>だから取材なんてお断りっス!!
<SURNAME/>変なこと書かれたら、人生メチャクチャっスよ!","
<SURNAME/>我、我才没中什么诅咒呢!!
<SURNAME/>所以采访什么的拒绝!!
<SURNAME/>要是被乱写，人生就完蛋了!","[""\n<SURNAME/>我、我才没中什么诅咒呢!! \n<SURNAME/>所以我拒绝采访!! \n<SURNAME/>要是被乱写些什么的话，我的人生就要完蛋了!"", ""<SURNAME/>我、我才没中什么诅咒呢!! <SURNAME/>所以我拒绝采访!! <SURNAME/>要是被乱写些什么的话，我的人生就要完蛋了!""]","[""\n<SURNAME/>我、我才没中什么诅咒呢!! \n<SURNAME/>所以我拒绝采访!! \n<SURNAME/>要是被乱写些什么的话，我的人生就要完蛋了!"", ""<SURNAME/>我、我才没中什么诅咒呢!! <SURNAME/>所以我拒绝采访!! <SURNAME/>要是被乱写些什么的话，我的人生就要完蛋了!""]"
merged_versions_conflict,script:431_8,script:431_8:diag24,frontend/public/games/p2is/groups/script_431_8.json,"
<SURNAME/>そ、そうッスよね…
<SURNAME/>校長先生ガああおっしゃるんだから…
<SURNAME/>呪いにかかっても、学園を大切にしなきゃッス。","
<SURNAME/>是、是啊…
<SURNAME/>既然校长先生那么说…
<SURNAME/>就算中了诅咒，也必须珍惜学园。","[""\n<SURNAME/>对、对啊… \n<SURNAME/>既然校长先生那么说了… \n<SURNAME/>就算中了诅咒，我们也要必须珍惜这校园才行。"", ""<SURNAME/>对、对啊… <SURNAME/>既然校长先生那么说了… <SURNAME/>就算中了诅咒，我们也要必须珍惜这校园才行。""]","[""\n<SURNAME/>对、对啊… \n<SURNAME/>既然校长先生那么说了… \n<SURNAME/>就算中了诅咒，我们也要必须珍惜这校园才行。"", ""<SURNAME/>对、对啊… <SURNAME/>既然校长先生那么说了… <SURNAME/>就算中了诅咒，我们也要必须珍惜这校园才行。""]"
merged_versions_conflict,script:431_8,script:431_8:diag25,frontend/public/games/p2is/groups/script_431_8.json,"
<SURNAME/>先輩、申し訳ないッス。
<SURNAME/>俺、今まで先輩にシビシビだったんスけど、
<SURNAME/>今は校長先生にバリシビッス!!","
<SURNAME/>前辈，对不起。
<SURNAME/>我，之前对前辈很敬畏，
<SURNAME/>但现在对校长先生超敬畏!!","[""\n<SURNAME/>前辈，对不起。 \n<SURNAME/>我之前都很敬畏前辈来着， \n<SURNAME/>但现在我更敬畏校长先生!!"", ""<SURNAME/>前辈，对不起。 <SURNAME/>我之前都很敬畏前辈来着， <SURNAME/>但现在我更敬畏校长先生!!""]","[""\n<SURNAME/>前辈，对不起。 \n<SURNAME/>我之前都很敬畏前辈来着， \n<SURNAME/>但现在我更敬畏校长先生!!"", ""<SURNAME/>前辈，对不起。 <SURNAME/>我之前都很敬畏前辈来着， <SURNAME/>但现在我更敬畏校长先生!!""]"
merged_versions_conflict,script:431_8,script:431_8:diag26,frontend/public/games/p2is/groups/script_431_8.json,"
<SURNAME/>校長は、きっと文部省の秘密エージェントなんス!
<SURNAME/>学園ガ危なくなったら、また助けてくれるはずッス","
<SURNAME/>校长，肯定是文部省的秘密特工!
<SURNAME/>学园有危险时，一定会再帮我们的","[""\n<SURNAME/>校长他肯定是文部省的秘密特工! \n<SURNAME/>学校有危险时，他一定会再次帮助我们的"", ""<SURNAME/>校长他肯定是文部省的秘密特工! <SURNAME/>学校有危险时，他一定会再次帮助我们的""]","[""\n<SURNAME/>校长他肯定是文部省的秘密特工! \n<SURNAME/>学校有危险时，他一定会再次帮助我们的"", ""<SURNAME/>校长他肯定是文部省的秘密特工! <SURNAME/>学校有危险时，他一定会再次帮助我们的""]"
merged_versions_conflict,script:431_8,script:431_8:diag27,frontend/public/games/p2is/groups/script_431_8.json,"
<SURNAME/>先輩、俺聞いたッス。
<SURNAME/>校長先生、命を捨てて俺達を助けてくれたんスね。
<SURNAME/>反谷先生こそ、学園の英雄ッス!!","
<SURNAME/>前辈，我听说了。
<SURNAME/>校长先生，舍弃生命救了我们。
<SURNAME/>反谷老师才是学园的英雄!!","[""\n<SURNAME/>前辈，我都听说了。 \n<SURNAME/>校长先生他舍弃生命，救了我们。 \n<SURNAME/>反谷老师他才是这所学校的英雄啊!!"", ""<SURNAME/>前辈，我都听说了。 <SURNAME/>校长先生他舍弃生命，救了我们。 <SURNAME/>反谷老师他才是这所学校的英雄啊!!""]","[""\n<SURNAME/>前辈，我都听说了。 \n<SURNAME/>校长先生他舍弃生命，救了我们。 \n<SURNAME/>反谷老师他才是这所学校的英雄啊!!"", ""<SURNAME/>前辈，我都听说了。 <SURNAME/>校长先生他舍弃生命，救了我们。 <SURNAME/>反谷老师他才是这所学校的英雄啊!!""]"
merged_versions_conflict,script:431_8,script:431_8:diag28,frontend/public/games/p2is/groups/script_431_8.json,"
<SURNAME/>お、俺、この恩、絶対に忘れないッス!!
<SURNAME/>ありガとう校長先生、そしてサヨナラっス!!","
<SURNAME/>我、我绝对不会忘记这个恩情!!
<SURNAME/>谢谢校长先生，然后永别了!!","[""\n<SURNAME/>我、我绝对不会忘记校长先生的这份恩情!! \n<SURNAME/>谢谢您，校长先生，永别了!!"", ""<SURNAME/>我、我绝对不会忘记校长先生的这份恩情!! <SURNAME/>谢谢您，校长先生，永别了!!""]","[""\n<SURNAME/>我、我绝对不会忘记校长先生的这份恩情!! \n<SURNAME/>谢谢您，校长先生，永别了!!"", ""<SURNAME/>我、我绝对不会忘记校长先生的这份恩情!! <SURNAME/>谢谢您，校长先生，永别了!!""]"
merged_versions_conflict,script:431_8,script:431_8:diag29,frontend/public/games/p2is/groups/script_431_8.json,"
<SURNAME/>大事件です!<SURNAME/>大パニックです!
<SURNAME/>突然凄い勢いで、みんなガ発病し始めたんです!!
<SURNAME/>やっぱり、紋章外しただけじゃ駄目なんですか?","
<SURNAME/>大事件了!<SURNAME/>大恐慌了!
<SURNAME/>突然大家开始猛烈发病了!!
<SURNAME/>果然，只摘掉纹章不行吗?","[""\n<SURNAME/>出大事了!<SURNAME/>乱成一团了! \n<SURNAME/>大家突然都开始猛烈发病了!! \n<SURNAME/>果然只摘掉纹章还是不行吗?"", ""<SURNAME/>出大事了!<SURNAME/>乱成一团了! <SURNAME/>大家突然都开始猛烈发病了!! <SURNAME/>果然只摘掉纹章是不行吗?""]","[""\n<SURNAME/>出大事了!<SURNAME/>乱成一团了! \n<SURNAME/>大家突然都开始猛烈发病了!! \n<SURNAME/>果然只摘掉纹章还是不行吗?"", ""<SURNAME/>出大事了!<SURNAME/>乱成一团了! <SURNAME/>大家突然都开始猛烈发病了!! <SURNAME/>果然只摘掉纹章是不行吗?""]"
merged_versions_conflict,script:431_8,script:431_8:diag3,frontend/public/games/p2is/groups/script_431_8.json,"
<SURNAME/>かあー!!<SURNAME/>どいつもこいつも校長校長!!<pause:30/>
<SURNAME/>まったく、このミッシェル様の、
<SURNAME/>ゴージャスな戦い振りを見せてやりたかったぜ!","
<SURNAME/>哇啊!!<SURNAME/>一个个都校长校长的!!<pause:30/>
<SURNAME/>真是的，本米切大人的，
<SURNAME/>真想让他们看看我华丽的战斗姿态！","[""\n<SURNAME/>嘎啊!!<SURNAME/>一个个都校长校长的!!<pause:30/> \n<SURNAME/>真是的，真想让他们看看\n<SURNAME/>本米歇尔大人华丽的战斗姿态啊！"", ""<SURNAME/>嘎啊!!<SURNAME/>一个个都校长校长的!!<pause:30/> <SURNAME/>真是的，真想让他们看看<SURNAME/>本米歇尔大人的华丽的战斗姿态啊！"", ""<SURNAME/>嘎啊!!<SURNAME/>一个个都校长校长的!!<pause:30/> <SURNAME/>真是的，真想让他们看看<SURNAME/>本米切大人的华丽的战斗姿态啊！""]","[""\n<SURNAME/>嘎啊!!<SURNAME/>一个个都校长校长的!!<pause:30/> \n<SURNAME/>真是的，真想让他们看看\n<SURNAME/>本米歇尔大人华丽的战斗姿态啊！"", ""<SURNAME/>嘎啊!!<SURNAME/>一个个都校长校长的!!<pause:30/> <SURNAME/>真是的，真想让他们看看<SURNAME/>本米歇尔大人的华丽的战斗姿态啊！"", ""<SURNAME/>嘎啊!!<SURNAME/>一个个都校长校长的!!<pause:30/> <SURNAME/>真是的，真想让他们看看<SURNAME/>本米切大人的华丽的战斗姿态啊！""]"
merged_versions_conflict,script:431_8,script:431_8:diag30,frontend/public/games/p2is/groups/script_431_8.json,"
<SURNAME/>せっかくソバカス消してもらったのに、
<SURNAME/>私も発病しちゃうし…
<SURNAME/>こんなの嫌ですよお!","
<SURNAME/>好不容易消掉了雀斑，
<SURNAME/>我也发病了…
<SURNAME/>这样太讨厌了啦!","[""\n<SURNAME/>好不容易消掉了雀斑， \n<SURNAME/>结果我也发病了… \n<SURNAME/>实在是太讨厌了啦!"", ""<SURNAME/>好不容易消掉了雀斑， <SURNAME/>结果我也发病了… <SURNAME/>实在是太讨厌了啦!""]","[""\n<SURNAME/>好不容易消掉了雀斑， \n<SURNAME/>结果我也发病了… \n<SURNAME/>实在是太讨厌了啦!"", ""<SURNAME/>好不容易消掉了雀斑， <SURNAME/>结果我也发病了… <SURNAME/>实在是太讨厌了啦!""]"
merged_versions_conflict,script:431_8,script:431_8:diag31,frontend/public/games/p2is/groups/script_431_8.json,"
<SURNAME/>うう…校長先生の言う通り、掃除しないと…
<SURNAME/>こんな顔になっちゃったのに…
<SURNAME/>くっそお〜<SURNAME/>何か無性に腹たってきた!!","
<SURNAME/>呜呜…校长说得对，不打扫不行…
<SURNAME/>明明都变成这样了…
<SURNAME/>可恶啊～<SURNAME/>突然火大啊!!","[""\n<SURNAME/>呜呜…校长说得对，不打扫是不行的… \n<SURNAME/>可是明明我的脸都变成这样了… \n<SURNAME/>可恶～<SURNAME/>莫名超级不爽啊!!"", ""<SURNAME/>呜呜…校长说得对，不打扫不行… <SURNAME/>可是明明我的脸都变成这样了… <SURNAME/>可恶～<SURNAME/>莫名超级不爽啊!!""]","[""\n<SURNAME/>呜呜…校长说得对，不打扫是不行的… \n<SURNAME/>可是明明我的脸都变成这样了… \n<SURNAME/>可恶～<SURNAME/>莫名超级不爽啊!!"", ""<SURNAME/>呜呜…校长说得对，不打扫不行… <SURNAME/>可是明明我的脸都变成这样了… <SURNAME/>可恶～<SURNAME/>莫名超级不爽啊!!""]"
merged_versions_conflict,script:431_8,script:431_8:diag32,frontend/public/games/p2is/groups/script_431_8.json,"
<SURNAME/>感激です!<SURNAME/>超感激です!!
<SURNAME/>みんなの奇病ガ、嘘みたいに治ったんですよ。
<SURNAME/>きっと、エンブレムの呪いガ解けたんですね!!","
<SURNAME/>太感动了!<SURNAME/>超级感动!!
<SURNAME/>大家的怪病像假的一样全好了。
<SURNAME/>肯定是纹章诅咒解除了!!","[""\n<SURNAME/>太感动了!<SURNAME/>超级感动!! \n<SURNAME/>大家得的怪病像假的一样，突然就全好了。 \n<SURNAME/>肯定是校徽的诅咒解除了!!"", ""<SURNAME/>太感动了!<SURNAME/>超级感动!! <SURNAME/>大家得的怪病像假的一样，突然就全好了。 <SURNAME/>肯定是校徽的诅咒解除了!!""]","[""\n<SURNAME/>太感动了!<SURNAME/>超级感动!! \n<SURNAME/>大家得的怪病像假的一样，突然就全好了。 \n<SURNAME/>肯定是校徽的诅咒解除了!!"", ""<SURNAME/>太感动了!<SURNAME/>超级感动!! <SURNAME/>大家得的怪病像假的一样，突然就全好了。 <SURNAME/>肯定是校徽的诅咒解除了!!""]"
merged_versions_conflict,script:431_8,script:431_8:diag33,frontend/public/games/p2is/groups/script_431_8.json,"
<SURNAME/>あの大時計ガ動き出してからですよ…<pause:15/>
<SURNAME/>エンブレム外してた連中まで、
<SURNAME/>次から次へと発病しだしましてねぇ…","
<SURNAME/>是从那个大钟开始走动之后啊…<pause:15/>
<SURNAME/>连摘掉纹章的家伙们，
<SURNAME/>都一个接一个发病了呢…","[""\n<SURNAME/>自从那个大钟动了之后…<pause:15/> \n<SURNAME/>就连摘掉纹章的那些人， \n<SURNAME/>都一个接一个发病了…"", ""<SURNAME/>自从那个大钟动了之后…<pause:15/> <SURNAME/>就连摘掉纹章的那些人， <SURNAME/>都一个接一个发病了…""]","[""\n<SURNAME/>自从那个大钟动了之后…<pause:15/> \n<SURNAME/>就连摘掉纹章的那些人， \n<SURNAME/>都一个接一个发病了…"", ""<SURNAME/>自从那个大钟动了之后…<pause:15/> <SURNAME/>就连摘掉纹章的那些人， <SURNAME/>都一个接一个发病了…""]"
merged_versions_conflict,script:431_8,script:431_8:diag34,frontend/public/games/p2is/groups/script_431_8.json,"
<SURNAME/>やっぱこの学園、呪われてんですよ…<pause:15/>
<SURNAME/>もう学園祭どころじゃないですね…<pause:15/>
<SURNAME/>いっそ、みんな発病しちゃえばいいんですよ…","
<SURNAME/>果然这学园被诅咒了啊…<pause:15/>
<SURNAME/>已经顾不上学园祭了…<pause:15/>
<SURNAME/>干脆大家都发病算了…","[""\n<SURNAME/>这学校果然是被诅咒了啊…<pause:15/> \n<SURNAME/>已经顾不上学园祭了…<pause:15/> \n<SURNAME/>要不干脆大家都发病得了…"", ""<SURNAME/>这学校果然是被诅咒了啊…<pause:15/> <SURNAME/>已经顾不上学园祭了…<pause:15/> <SURNAME/>要不干脆大家都发病得了…""]","[""\n<SURNAME/>这学校果然是被诅咒了啊…<pause:15/> \n<SURNAME/>已经顾不上学园祭了…<pause:15/> \n<SURNAME/>要不干脆大家都发病得了…"", ""<SURNAME/>这学校果然是被诅咒了啊…<pause:15/> <SURNAME/>已经顾不上学园祭了…<pause:15/> <SURNAME/>要不干脆大家都发病得了…""]"
merged_versions_conflict,script:431_8,script:431_8:diag35,frontend/public/games/p2is/groups/script_431_8.json,"
<SURNAME/>あの人達、月刊クーレストの記者ですよね…<pause:30/>
<SURNAME/>もうマスコミガ嗅ぎ付けて来たんですか…","
<SURNAME/>那群人…是月刊Crest的记者吧…<pause:30/>
<SURNAME/>连媒体都嗅到风声了吗…","[""\n<SURNAME/>那些人…是月刊Coolest的记者吧…<pause:30/> \n<SURNAME/>连媒体都嗅到风声，跑到这来了吗…"", ""<SURNAME/>那些人…是月刊Coolest的记者吧…<pause:30/> <SURNAME/>校长连媒体都嗅到风声，跑到这来了吗…""]","[""\n<SURNAME/>那些人…是月刊Coolest的记者吧…<pause:30/> \n<SURNAME/>连媒体都嗅到风声，跑到这来了吗…"", ""<SURNAME/>那些人…是月刊Coolest的记者吧…<pause:30/> <SURNAME/>校长连媒体都嗅到风声，跑到这来了吗…""]"
merged_versions_conflict,script:431_8,script:431_8:diag36,frontend/public/games/p2is/groups/script_431_8.json,"
<SURNAME/>これで、セブンスは呪われた学園として
<SURNAME/>全国に知られてしまう…<pause:15/>
<SURNAME/>フヒヒ…もうお仕舞だ…","
<SURNAME/>这下七姊妹要作为被诅咒的学园
<SURNAME/>全国闻名了…<pause:15/>
<SURNAME/>呵呵…完蛋了…","[""\n<SURNAME/>这下七姐妹要作为被诅咒的学园 \n<SURNAME/>全国出名了…<pause:15/> \n<SURNAME/>嘻嘻…这下完蛋了…"", ""<SURNAME/>这下七姐妹要作为被诅咒的学园 <SURNAME/>全国出名了…<pause:15/> <SURNAME/>嘻嘻…这下完蛋了…""]","[""\n<SURNAME/>这下七姐妹要作为被诅咒的学园 \n<SURNAME/>全国出名了…<pause:15/> \n<SURNAME/>嘻嘻…这下完蛋了…"", ""<SURNAME/>这下七姐妹要作为被诅咒的学园 <SURNAME/>全国出名了…<pause:15/> <SURNAME/>嘻嘻…这下完蛋了…""]"
merged_versions_conflict,script:431_8,script:431_8:diag37,frontend/public/games/p2is/groups/script_431_8.json,"
<SURNAME/>この学園は、呪われてるんですよ…<pause:15/>
<SURNAME/>大切にしたって仕方ないじゃないですか…<pause:15/>
<SURNAME/>まぁ、校長先生の言うことには従いますけどね…","
<SURNAME/>这学园被诅咒了啊…<pause:15/>
<SURNAME/>再珍惜也没用吧…<pause:15/>
<SURNAME/>嘛，不过校长的话还是要听的…","[""\n<SURNAME/>这所学校都被诅咒了…<pause:15/> \n<SURNAME/>再珍惜也没用吧…<pause:15/> \n<SURNAME/>不过说是这么说，校长的话还是要听的…"", ""<SURNAME/>这所学校都被诅咒了…<pause:15/> <SURNAME/>再珍惜也没用吧…<pause:15/> <SURNAME/>不过说是这么说，校长的话还是要听的…""]","[""\n<SURNAME/>这所学校都被诅咒了…<pause:15/> \n<SURNAME/>再珍惜也没用吧…<pause:15/> \n<SURNAME/>不过说是这么说，校长的话还是要听的…"", ""<SURNAME/>这所学校都被诅咒了…<pause:15/> <SURNAME/>再珍惜也没用吧…<pause:15/> <SURNAME/>不过说是这么说，校长的话还是要听的…""]"
merged_versions_conflict,script:431_8,script:431_8:diag38,frontend/public/games/p2is/groups/script_431_8.json,"
<SURNAME/>納得できませんよ…<pause:15/>
<SURNAME/>呪いガおさまったのに、学園祭ガ中止だなんて…<pause:15/>
<SURNAME/>まあ、女の子ガ来ないなら意味ないんですけど…","
<SURNAME/>无法接受啊…<pause:15/>
<SURNAME/>诅咒都平息了，学园祭居然要中止…<pause:15/>
<SURNAME/>唉，但女生不来也没意义了…","[""\n<SURNAME/>我能不接受啊…<pause:15/> \n<SURNAME/>明明诅咒都平息了，学园祭却还是办不了…<pause:15/> \n<SURNAME/>不过，要是没有女生来的话也没意义了…"", ""<SURNAME/>我不接受啊…<pause:15/> <SURNAME/>明明诅咒都平息了，学园祭却要办不了了…<pause:15/> <SURNAME/>不过，要是没有女生来的话也没意义了…""]","[""\n<SURNAME/>我能不接受啊…<pause:15/> \n<SURNAME/>明明诅咒都平息了，学园祭却还是办不了…<pause:15/> \n<SURNAME/>不过，要是没有女生来的话也没意义了…"", ""<SURNAME/>我不接受啊…<pause:15/> <SURNAME/>明明诅咒都平息了，学园祭却要办不了了…<pause:15/> <SURNAME/>不过，要是没有女生来的话也没意义了…""]"
merged_versions_conflict,script:431_8,script:431_8:diag39,frontend/public/games/p2is/groups/script_431_8.json,"
<SURNAME/>納得できませんよ…<pause:15/>
<SURNAME/>呪いガおさまったのに、学園祭ガ中止だなんて…<pause:15/>
<SURNAME/>まぁ、校長ガ亡くなった後じゃ仕方ないけど…","
<SURNAME/>无法接受啊…<pause:15/>
<SURNAME/>诅咒都平息了，学园祭居然要中止…<pause:15/>
<SURNAME/>嘛，校长过世后也没办法了…","[""\n<SURNAME/>我不能接受啊…<pause:15/> \n<SURNAME/>明明诅咒都平息了，学园祭却还是办不了…<pause:15/> \n<SURNAME/>不过也是，校长都死了，确实没法办了…"", ""<SURNAME/>我不接受啊…<pause:15/> <SURNAME/>明明诅咒都平息了，学园祭却要办不了了…<pause:15/> <SURNAME/>不过也是，校长都死了，确实没法办了…""]","[""\n<SURNAME/>我不能接受啊…<pause:15/> \n<SURNAME/>明明诅咒都平息了，学园祭却还是办不了…<pause:15/> \n<SURNAME/>不过也是，校长都死了，确实没法办了…"", ""<SURNAME/>我不接受啊…<pause:15/> <SURNAME/>明明诅咒都平息了，学园祭却要办不了了…<pause:15/> <SURNAME/>不过也是，校长都死了，确实没法办了…""]"
merged_versions_conflict,script:431_8,script:431_8:diag4,frontend/public/games/p2is/groups/script_431_8.json,"
<SURNAME/>ねぇ<c13/>、
<SURNAME/>わたしや<c13/>ガ発病しちゃったらどうしよう…<pause:30/>
<SURNAME/>煩哪(ファーンナ)!<SURNAME/>ヤダヤダヤダ!!","
<SURNAME/>喂<c13/>，
<SURNAME/>我要是<c13/>发病了怎么办…<pause:30/>
<SURNAME/>烦哪!<SURNAME/>不要不要不要!!","[""\n<SURNAME/>喂<c13/>， \n<SURNAME/>我和<c13/>你要是发病了怎么办…<pause:30/> \n<SURNAME/>烦哪!（faan naa）<SURNAME/>不要不要不要!!"", ""<SURNAME/>喂<c13/>， <SURNAME/>我和<c13/>你要是发病了怎么办…<pause:30/> <SURNAME/>煩哪!（fan na）<SURNAME/>不要不要不要!!""]","[""\n<SURNAME/>喂<c13/>， \n<SURNAME/>我和<c13/>你要是发病了怎么办…<pause:30/> \n<SURNAME/>烦哪!（faan naa）<SURNAME/>不要不要不要!!"", ""<SURNAME/>喂<c13/>， <SURNAME/>我和<c13/>你要是发病了怎么办…<pause:30/> <SURNAME/>煩哪!（fan na）<SURNAME/>不要不要不要!!""]"
merged_versions_conflict,script:431_8,script:431_8:diag40,frontend/public/games/p2is/groups/script_431_8.json,"
<SURNAME/>本当は、みんなここから逃げ出したいんですよ。
<SURNAME/>だけど、校長先生には逆らえないし…
<SURNAME/>私も、委員会終わるまで帰れないんです。","
<SURNAME/>其实大家都想逃离这里。
<SURNAME/>但不敢违抗校长…
<SURNAME/>我也得等委员会结束才能走。","[""\n<SURNAME/>其实大家都想从这里逃出去。 \n<SURNAME/>但是都不敢违抗校长先生… \n<SURNAME/>我也得等委员会结束才能走。"", ""SURNAME/>其实大家都想从这里逃出去。 <SURNAME/>但是都不敢违抗校长先生… <SURNAME/>我也得等委员会结束才能走。""]","[""\n<SURNAME/>其实大家都想从这里逃出去。 \n<SURNAME/>但是都不敢违抗校长先生… \n<SURNAME/>我也得等委员会结束才能走。"", ""SURNAME/>其实大家都想从这里逃出去。 <SURNAME/>但是都不敢违抗校长先生… <SURNAME/>我也得等委员会结束才能走。""]"
merged_versions_conflict,script:431_8,script:431_8:diag41,frontend/public/games/p2is/groups/script_431_8.json,"
<SURNAME/>さあみんな、壊したエンブレムを片付けましょう。
<SURNAME/>学園を綺麗にしなくちゃ…","
<SURNAME/>来大家把弄坏的纹章收拾掉吧。
<SURNAME/>必须让学园恢复整洁…","[""\n<SURNAME/>来，大家把弄坏的校徽打扫干净吧。 \n<SURNAME/>必须让学园恢复整洁才行…"", ""<SURNAME/>来，大家把弄坏的校徽打扫干净吧。 <SURNAME/>必须让学园恢复整洁才行…""]","[""\n<SURNAME/>来，大家把弄坏的校徽打扫干净吧。 \n<SURNAME/>必须让学园恢复整洁才行…"", ""<SURNAME/>来，大家把弄坏的校徽打扫干净吧。 <SURNAME/>必须让学园恢复整洁才行…""]"
merged_versions_conflict,script:431_8,script:431_8:diag42,frontend/public/games/p2is/groups/script_431_8.json,"
<SURNAME/><c12/>先輩、ロータスのどこかのお店で、
<SURNAME/>武器ガ買えるなんて噂知ってますか?
<SURNAME/>男子ガそう言ってるの聞いたんです。","
<SURNAME/><c12/>前辈，听说Lotus的某家店
<SURNAME/>能买到武器是真的吗?
<SURNAME/>我听男生这么说的。","[""\n<SURNAME/><c12/>前辈，我听说在Lotus的某家店里\n<SURNAME/>能买到武器，是真的吗? \n<SURNAME/>我听那些男生是这么说的。"", ""<SURNAME/><c12/>前辈，我听说在Lotus的某家店 <SURNAME/>能买到武器，是真的吗? <SURNAME/>我听那些男生是这么说的。""]","[""\n<SURNAME/><c12/>前辈，我听说在Lotus的某家店里\n<SURNAME/>能买到武器，是真的吗? \n<SURNAME/>我听那些男生是这么说的。"", ""<SURNAME/><c12/>前辈，我听说在Lotus的某家店 <SURNAME/>能买到武器，是真的吗? <SURNAME/>我听那些男生是这么说的。""]"
merged_versions_conflict,script:431_8,script:431_8:diag43,frontend/public/games/p2is/groups/script_431_8.json,"
<SURNAME/>何でも、本丸公園の木ームレスから聞いたとか…
<SURNAME/>本丸公園に行けば、
<SURNAME/>詳しくわかるかもしれないですね。","
<SURNAME/>据说是从本丸公园的流浪汉那儿听来的…
<SURNAME/>去本丸公园的话，
<SURNAME/>说不定能问清楚呢。","[""\n<SURNAME/>据说是从本丸公园的流浪汉那儿听来的… \n<SURNAME/>要是去本丸公园的话， \n<SURNAME/>说不定能问清楚呢。"", ""<SURNAME/>据说是从本丸公园的流浪汉那儿听来的… <SURNAME/>要是去本丸公园的话， <SURNAME/>说不定能问清楚呢。""]","[""\n<SURNAME/>据说是从本丸公园的流浪汉那儿听来的… \n<SURNAME/>要是去本丸公园的话， \n<SURNAME/>说不定能问清楚呢。"", ""<SURNAME/>据说是从本丸公园的流浪汉那儿听来的… <SURNAME/>要是去本丸公园的话， <SURNAME/>说不定能问清楚呢。""]"
merged_versions_conflict,script:431_8,script:431_8:diag46,frontend/public/games/p2is/groups/script_431_8.json,"
<SURNAME/>ここのエンブレムは、
<SURNAME/>さっきアンタガ壊したじゃないか。
<SURNAME/>早くほか探しに行こうよ。","
<SURNAME/>这里的纹章，
<SURNAME/>你刚才不是打碎了吗。
<SURNAME/>快去找别的啦。","[""\n<SURNAME/>这里的校徽 \n<SURNAME/>不都在刚才被你打碎了吗。 \n<SURNAME/>快去找别的啦。"", ""<SURNAME/>这里的校徽 <SURNAME/>不都在刚才被你打碎了吗。 <SURNAME/>快去找别的啦。""]","[""\n<SURNAME/>这里的校徽 \n<SURNAME/>不都在刚才被你打碎了吗。 \n<SURNAME/>快去找别的啦。"", ""<SURNAME/>这里的校徽 <SURNAME/>不都在刚才被你打碎了吗。 <SURNAME/>快去找别的啦。""]"
merged_versions_conflict,script:431_8,script:431_8:diag5,frontend/public/games/p2is/groups/script_431_8.json,"
<SURNAME/>せっかく美男美女のカップルなのにい!
<SURNAME/>早く校長室に行こうよ。
<SURNAME/>ハンニャの奴、絶対事件に関係してるんだよ!!","
<SURNAME/>好不容易是帅哥美女的情侣呢!
<SURNAME/>快去校长室吧。
<SURNAME/>般若那家伙，绝对和事件有关!!","[""\n<SURNAME/>我们明明是一对郎才女貌的情侣! \n<SURNAME/>快点去校长室吧。 \n<SURNAME/>般若那家伙，绝对和事件有关!!"", ""<SURNAME/>我们明明是一对郎才女貌情侣! <SURNAME/>快点去校长室吧。 <SURNAME/>般若那家伙，绝对和事件有关!!""]","[""\n<SURNAME/>我们明明是一对郎才女貌的情侣! \n<SURNAME/>快点去校长室吧。 \n<SURNAME/>般若那家伙，绝对和事件有关!!"", ""<SURNAME/>我们明明是一对郎才女貌情侣! <SURNAME/>快点去校长室吧。 <SURNAME/>般若那家伙，绝对和事件有关!!""]"
merged_versions_conflict,script:431_8,script:431_8:diag6,frontend/public/games/p2is/groups/script_431_8.json,"
<SURNAME/>ジィ〜<pause:15/>・<pause:15/>・<pause:15/>・<pause:15/>・<pause:15/>・<pause:30/>
<SURNAME/>舞耶さんって…<pause:30/>
<SURNAME/>ううん、気のせいだよ…絶対!!","
<SURNAME/>叽〜<pause:15/>・<pause:15/>・<pause:15/>・<pause:15/>・<pause:15/>・<pause:30/>
<SURNAME/>舞耶小姐…<pause:30/>
<SURNAME/>唔，一定是错觉…绝对!!","[""\n<SURNAME/>盯〜<pause:15/>・<pause:15/>・<pause:15/>・<pause:15/>・<pause:15/>・<pause:30/> \n<SURNAME/>舞耶小姐…<pause:30/> \n<SURNAME/>唔，绝对是错觉…绝对是!!"", ""<SURNAME/>盯〜<pause:15/>・<pause:15/>・<pause:15/>・<pause:15/>・<pause:15/>・<pause:30/> <SURNAME/>舞耶小姐…<pause:30/> <SURNAME/>唔，绝对是错觉…绝对是!!""]","[""\n<SURNAME/>盯〜<pause:15/>・<pause:15/>・<pause:15/>・<pause:15/>・<pause:15/>・<pause:30/> \n<SURNAME/>舞耶小姐…<pause:30/> \n<SURNAME/>唔，绝对是错觉…绝对是!!"", ""<SURNAME/>盯〜<pause:15/>・<pause:15/>・<pause:15/>・<pause:15/>・<pause:15/>・<pause:30/> <SURNAME/>舞耶小姐…<pause:30/> <SURNAME/>唔，绝对是错觉…绝对是!!""]"
merged_versions_conflict,script:431_8,script:431_8:diag7,frontend/public/games/p2is/groups/script_431_8.json,"
<SURNAME/>ね、ねぇ<c13/>、やっぱり校長先生の言う通り、
<SURNAME/>校舎は大切にしなきゃ駄目かな…<pause:40/>
<SURNAME/>ち、違う違う!!<SURNAME/>早く紋章壊さなきゃ!!","
<SURNAME/>喂、喂<c13/>、果然还是该听校长的，
<SURNAME/>必须珍惜校舍吧…<pause:40/>
<SURNAME/>不、不对不对!!<SURNAME/>得快点破坏纹章!!","[""\n<SURNAME/>喂、喂，<c13/>，我们果然还是该听校长的吧， \n<SURNAME/>因为我们必须要珍惜这所校舍呢…<pause:40/> \n<SURNAME/>不、不对不对!!<SURNAME/>我们得快点破坏纹章才对!!"", ""<SURNAME/>喂、喂，<c13/>，我们果然还是该听校长的吧， <SURNAME/>因为我们必须要珍惜这所校舍呢…<pause:40/> <SURNAME/>不、不对不对!!<SURNAME/>我们得快点破坏纹章才对!!""]","[""\n<SURNAME/>喂、喂，<c13/>，我们果然还是该听校长的吧， \n<SURNAME/>因为我们必须要珍惜这所校舍呢…<pause:40/> \n<SURNAME/>不、不对不对!!<SURNAME/>我们得快点破坏纹章才对!!"", ""<SURNAME/>喂、喂，<c13/>，我们果然还是该听校长的吧， <SURNAME/>因为我们必须要珍惜这所校舍呢…<pause:40/> <SURNAME/>不、不对不对!!<SURNAME/>我们得快点破坏纹章才对!!""]"
merged_versions_conflict,script:431_8,script:431_8:diag8,frontend/public/games/p2is/groups/script_431_8.json,"
<SURNAME/>もう、おいしいトコ全部校長に持ってかれた感じ!
<SURNAME/>あげくに逃げられちゃうしさぁ。<pause:40/>
<SURNAME/>衰囉(ソイロ)、ついてないのお。","
<SURNAME/>真是的，好处全被校长占光了!
<SURNAME/>最后还逃掉了。<pause:40/>
<SURNAME/>衰囉，真不走运啊。","[""\n<SURNAME/>真是的，好处全被校长占光了! \n<SURNAME/>最后还给他逃掉了。<pause:40/> \n<SURNAME/>衰囉(seoi lo)，真是有够倒霉的。"", ""<SURNAME/>真是的，好处全被校长占光了! <SURNAME/>最后给他逃掉了。<pause:40/> <SURNAME/>衰囉(seoi lo)，有够倒霉的。""]","[""\n<SURNAME/>真是的，好处全被校长占光了! \n<SURNAME/>最后还给他逃掉了。<pause:40/> \n<SURNAME/>衰囉(seoi lo)，真是有够倒霉的。"", ""<SURNAME/>真是的，好处全被校长占光了! <SURNAME/>最后给他逃掉了。<pause:40/> <SURNAME/>衰囉(seoi lo)，有够倒霉的。""]"
merged_versions_conflict,script:431_8,script:431_8:diag9,frontend/public/games/p2is/groups/script_431_8.json,"
<SURNAME/>もう、おいしいトコ全部校長に持ってかれた感じ!
<SURNAME/>あげくに逃げられちゃうしさぁ。<pause:40/>
<SURNAME/>死んだぐらい言っとかないと、気ガ済まないよね","
<SURNAME/>真是的，好处全被校长占光了!
<SURNAME/>最后还逃掉了。<pause:40/>
<SURNAME/>不说他死了，我咽不下这口气啊","[""\n<SURNAME/>真是的，好处全被校长占光了! \n<SURNAME/>最后还给他逃掉了。<pause:40/> \n<SURNAME/>要是不说他死了，我可咽不下这口气啊。"", ""<SURNAME/>真是的，好处全被校长占光了! <SURNAME/>最后给他逃掉了。<pause:40/> <SURNAME/>衰囉(seoi lo)，有够倒霉的。""]","[""\n<SURNAME/>真是的，好处全被校长占光了! \n<SURNAME/>最后还给他逃掉了。<pause:40/> \n<SURNAME/>要是不说他死了，我可咽不下这口气啊。"", ""<SURNAME/>真是的，好处全被校长占光了! <SURNAME/>最后给他逃掉了。<pause:40/> <SURNAME/>衰囉(seoi lo)，有够倒霉的。""]"
merged_versions_conflict,script:435_8,script:435_8:diag0,frontend/public/games/p2is/groups/script_435_8.json,"
<SURNAME/>てやんでい、バーロォー!!
<SURNAME/>校章欲しけりゃ、てめぇで取りに来やガれ!!
<SURNAME/>人に頼ることばっか考えやガって!!","
<SURNAME/>开什么玩笑，混蛋!!
<SURNAME/>想要校章就自己来拿啊!!
<SURNAME/>别老想着靠别人!!","[""\n<SURNAME/>开什么玩笑，混蛋!! \n<SURNAME/>想要校徽就自己过来拿啊!! \n<SURNAME/>别老想着依赖别人!!"", ""<SURNAME/>开什么玩笑，混蛋!! <SURNAME/>想要徽章就自己来拿啊!! <SURNAME/>别老想着靠别人!!""]","[""\n<SURNAME/>开什么玩笑，混蛋!! \n<SURNAME/>想要校徽就自己过来拿啊!! \n<SURNAME/>别老想着依赖别人!!"", ""<SURNAME/>开什么玩笑，混蛋!! <SURNAME/>想要徽章就自己来拿啊!! <SURNAME/>别老想着靠别人!!""]"
merged_versions_conflict,script:435_8,script:435_8:diag10,frontend/public/games/p2is/groups/script_435_8.json,"
<SURNAME/>リサちゃん怖いわねー<pause:30/>
<SURNAME/>キミ、相当愛されてるぞ。<pause:30/>
<SURNAME/>栄吉クンはかなり嫌われてるみたいだけど…","
<SURNAME/>丽莎酱好可怕呢～<pause:30/>
<SURNAME/>你相当被爱着呢。<pause:30/>
<SURNAME/>荣吉君好像挺被讨厌的…","[""\n<SURNAME/>小莉莎好可怕啊～<pause:30/> \n<SURNAME/>但你还挺受她宠爱的嘛。<pause:30/> \n<SURNAME/>荣吉君好像挺被她讨厌的…"", ""<SURNAME/>小莉莎好可怕啊～<pause:30/> <SURNAME/>但你还挺受她宠爱的嘛。<pause:30/> <SURNAME/>荣吉君好像挺被她讨厌的…""]","[""\n<SURNAME/>小莉莎好可怕啊～<pause:30/> \n<SURNAME/>但你还挺受她宠爱的嘛。<pause:30/> \n<SURNAME/>荣吉君好像挺被她讨厌的…"", ""<SURNAME/>小莉莎好可怕啊～<pause:30/> <SURNAME/>但你还挺受她宠爱的嘛。<pause:30/> <SURNAME/>荣吉君好像挺被她讨厌的…""]"
merged_versions_conflict,script:435_8,script:435_8:diag11,frontend/public/games/p2is/groups/script_435_8.json,"
<SURNAME/>木ントは栄吉クンも、
<SURNAME/>ユッキーと同じ事ガ言いたいんじゃないかな?<pause:30/>
<SURNAME/>上手く言えないだけなんだよ。","
<SURNAME/>荣吉君肯定也是，
<SURNAME/>想和达哉说同样的话吧？<pause:30/>
<SURNAME/>只是不擅长表达而已。","[""\n<SURNAME/>荣吉君肯定也是， \n<SURNAME/>想和小雪说同样的话吧？<pause:30/> \n<SURNAME/>只是没办法好好表达出来罢了。"", ""<SURNAME/>荣吉肯定也是， <SURNAME/>想和小雪说同样的话吧？<pause:30/> <SURNAME/>只是没办法好好表达出来罢了。""]","[""\n<SURNAME/>荣吉君肯定也是， \n<SURNAME/>想和小雪说同样的话吧？<pause:30/> \n<SURNAME/>只是没办法好好表达出来罢了。"", ""<SURNAME/>荣吉肯定也是， <SURNAME/>想和小雪说同样的话吧？<pause:30/> <SURNAME/>只是没办法好好表达出来罢了。""]"
merged_versions_conflict,script:435_8,script:435_8:diag12,frontend/public/games/p2is/groups/script_435_8.json,"
<SURNAME/>昔は、番長ガ暗黙のルールになって、
<SURNAME/>やり過ぎないよう一線ガ決められてたんだよね。<pause:40/>
<SURNAME/>わたしは、栄吉クンカッコイイと思うな。","
<SURNAME/>以前，番长有不成文的规矩，
<SURNAME/>为了不过火而划清界限。<pause:40/>
<SURNAME/>我觉得荣吉君很帅呢。","[""\n<SURNAME/>以前，番长之间有着某种默契， \n<SURNAME/>心中都有一条底线呢。<pause:40/> \n<SURNAME/>我觉得荣吉君其实也挺帅的呢。"", ""<SURNAME/>以前，番长之间有着某种默契， <SURNAME/>心中都有一条底线呢。<pause:40/> <SURNAME/>我觉得荣吉君其实挺帅的呢。""]","[""\n<SURNAME/>以前，番长之间有着某种默契， \n<SURNAME/>心中都有一条底线呢。<pause:40/> \n<SURNAME/>我觉得荣吉君其实也挺帅的呢。"", ""<SURNAME/>以前，番长之间有着某种默契， <SURNAME/>心中都有一条底线呢。<pause:40/> <SURNAME/>我觉得荣吉君其实挺帅的呢。""]"
merged_versions_conflict,script:435_8,script:435_8:diag13,frontend/public/games/p2is/groups/script_435_8.json,"
<SURNAME/>しかしハンニャの奴、
<SURNAME/>一体どこに隠れてんのかね?<pause:10/>
<SURNAME/>この学校の中にはいるんだろうけどねぇ。","
<SURNAME/>但是般若那家伙，
<SURNAME/>到底躲哪儿去了呢？<pause:10/>
<SURNAME/>应该就在这学校里吧。","[""\n<SURNAME/>但是般若那家伙，\n<SURNAME/>到底躲到哪里去了呢？<pause:10/>\n<SURNAME/>应该就在这学校里吧。"", ""<SURNAME/>但是般若那家伙，<SURNAME/>到底躲哪儿去了呢？<pause:10/><SURNAME/>应该就在这学校里吧。""]","[""\n<SURNAME/>但是般若那家伙，\n<SURNAME/>到底躲到哪里去了呢？<pause:10/>\n<SURNAME/>应该就在这学校里吧。"", ""<SURNAME/>但是般若那家伙，<SURNAME/>到底躲哪儿去了呢？<pause:10/><SURNAME/>应该就在这学校里吧。""]"
merged_versions_conflict,script:435_8,script:435_8:diag14,frontend/public/games/p2is/groups/script_435_8.json,"
<SURNAME/>校章なんかに頼ってどうするんだい!?
<SURNAME/>あんた達には、まだできる事ガあるだろ?<pause:40/>
<SURNAME/>泣き言なら、やれることやってから吐きな!!","
<SURNAME/>靠校章能顶什么用！？
<SURNAME/>你们不是还有能做的事吗？<pause:40/>
<SURNAME/>要抱怨的话，先做了能做的再说!!","[""\n<SURNAME/>指望校徽能顶什么用！？ \n<SURNAME/>你们不是还有能做的事吗？<pause:40/> \n<SURNAME/>要抱怨的话，先做了能做的再说!!"", ""<SURNAME/>指望徽章能顶什么用！？ <SURNAME/>你们不是还有能做的事吗？<pause:40/> <SURNAME/>要抱怨的话，先做了能做的再说!!""]","[""\n<SURNAME/>指望校徽能顶什么用！？ \n<SURNAME/>你们不是还有能做的事吗？<pause:40/> \n<SURNAME/>要抱怨的话，先做了能做的再说!!"", ""<SURNAME/>指望徽章能顶什么用！？ <SURNAME/>你们不是还有能做的事吗？<pause:40/> <SURNAME/>要抱怨的话，先做了能做的再说!!""]"
merged_versions_conflict,script:435_8,script:435_8:diag15,frontend/public/games/p2is/groups/script_435_8.json,"
<SURNAME/>頭取るってのは、意外に骨ガ折れるもんだよ。<pause:30/>
<SURNAME/>ああ見えてるけど、
<SURNAME/>結構あいつも苦労してんじゃないかい?","
<SURNAME/>当老大意外地很辛苦呢。<pause:30/>
<SURNAME/>虽然看起来那样，
<SURNAME/>但那家伙也挺不容易的吧？","[""\n<SURNAME/>当老大意外地很辛苦呢。<pause:30/>\n<SURNAME/>虽然他看起来那样，\n<SURNAME/>但那家伙也挺不容易的吧？"", ""<SURNAME/>当老大意外地很辛苦呢。<pause:30/><SURNAME/>虽然看起来那样，<SURNAME/>但那家伙也挺不容易的吧？""]","[""\n<SURNAME/>当老大意外地很辛苦呢。<pause:30/>\n<SURNAME/>虽然他看起来那样，\n<SURNAME/>但那家伙也挺不容易的吧？"", ""<SURNAME/>当老大意外地很辛苦呢。<pause:30/><SURNAME/>虽然看起来那样，<SURNAME/>但那家伙也挺不容易的吧？""]"
merged_versions_conflict,script:435_8,script:435_8:diag16,frontend/public/games/p2is/groups/script_435_8.json,"
<SURNAME/>せ、先輩!<SURNAME/>お願いします!<SURNAME/>
<SURNAME/>そいつから、カス校の校章取りあげて下さい!!
<SURNAME/>それさえあれば、呪い防げるはずなんです。","
<SURNAME/>前、前辈！<SURNAME/>求您了！<SURNAME/>
<SURNAME/>从那个家伙手里，把渣校的校章抢过来吧!!
<SURNAME/>只要有那个，就能防住诅咒了。","[""\n<SURNAME/>前、前辈！<SURNAME/>求您了！<SURNAME/> \n<SURNAME/>从那个家伙手里，把渣高的校徽抢过来吧!! \n<SURNAME/>只要有那个，就能防住诅咒了。"", ""<SURNAME/>前、前辈！<SURNAME/>求您了！<SURNAME/> <SURNAME/>从那个家伙手里，把渣高的徽章抢过来吧!! <SURNAME/>只要有那个，就能防住诅咒了。""]","[""\n<SURNAME/>前、前辈！<SURNAME/>求您了！<SURNAME/> \n<SURNAME/>从那个家伙手里，把渣高的校徽抢过来吧!! \n<SURNAME/>只要有那个，就能防住诅咒了。"", ""<SURNAME/>前、前辈！<SURNAME/>求您了！<SURNAME/> <SURNAME/>从那个家伙手里，把渣高的徽章抢过来吧!! <SURNAME/>只要有那个，就能防住诅咒了。""]"
merged_versions_conflict,script:435_8,script:435_8:diag17,frontend/public/games/p2is/groups/script_435_8.json,"
<SURNAME/>先輩だって、あんな病気にかかりたくないでしょ?
<SURNAME/>頼んだって渡すはずないんだ。
<SURNAME/>先輩、あんた強いんでしょ!?","
<SURNAME/>前辈也不想得那种病吧？
<SURNAME/>求他也不会给的。
<SURNAME/>前辈，您不是很强吗！？","[""\n<SURNAME/>前辈也不想得那种病吧？ \n<SURNAME/>他绝对不可能交出来的。 \n<SURNAME/>前辈，您不是很强的吗？！"", ""<SURNAME/>前辈也不想得那种病吧？ <SURNAME/>他绝对不可能交出来的。 <SURNAME/>前辈，您不是很强吗！？""]","[""\n<SURNAME/>前辈也不想得那种病吧？ \n<SURNAME/>他绝对不可能交出来的。 \n<SURNAME/>前辈，您不是很强的吗？！"", ""<SURNAME/>前辈也不想得那种病吧？ <SURNAME/>他绝对不可能交出来的。 <SURNAME/>前辈，您不是很强吗！？""]"
merged_versions_conflict,script:435_8,script:435_8:diag18,frontend/public/games/p2is/groups/script_435_8.json,"
<SURNAME/>うわー!!<SURNAME/>いーやーだー!!<pause:30/>
<SURNAME/>呪いガ!!<SURNAME/>呪いガ!!<SURNAME/>遂にオレまでー!!
<SURNAME/>せ、先輩、アンタのせいだー!!","
<SURNAME/>哇啊!!<SURNAME/>不要啊!!<pause:30/>
<SURNAME/>诅咒啊!!<SURNAME/>诅咒啊!!<SURNAME/>连我也中招了!!
<SURNAME/>都、都怪前辈您啊!!","[""\n<SURNAME/>哇啊!!<SURNAME/>不要啊!!<pause:30/> \n<SURNAME/>是诅咒啊!!<SURNAME/>诅咒啊!!<SURNAME/>连我也中招了!! \n<SURNAME/>都、都是前辈你的错!!"", ""<SURNAME/>哇啊!!<SURNAME/>不要啊!!<pause:30/> <SURNAME/>诅咒啊!!<SURNAME/>诅咒啊!!<SURNAME/>连我也中招了!! <SURNAME/>都、都是前辈你的错!!""]","[""\n<SURNAME/>哇啊!!<SURNAME/>不要啊!!<pause:30/> \n<SURNAME/>是诅咒啊!!<SURNAME/>诅咒啊!!<SURNAME/>连我也中招了!! \n<SURNAME/>都、都是前辈你的错!!"", ""<SURNAME/>哇啊!!<SURNAME/>不要啊!!<pause:30/> <SURNAME/>诅咒啊!!<SURNAME/>诅咒啊!!<SURNAME/>连我也中招了!! <SURNAME/>都、都是前辈你的错!!""]"
merged_versions_conflict,script:435_8,script:435_8:diag19,frontend/public/games/p2is/groups/script_435_8.json,"
<SURNAME/>お願いします、その校章を譲って下さいっ。
<SURNAME/>金なら払いますよ、ねっ、ねっ、ね!?","
<SURNAME/>求您了，把那个校章让给我吧。
<SURNAME/>钱我会付的，好吗，好吗，好!?","[""\n<SURNAME/>求您了，把那个校徽让给我吧。 \n<SURNAME/>我会付钱的，好吗，好吗，啊!?"", ""<SURNAME/>求您了，把那个徽章让给我吧。 <SURNAME/>我会付钱的，好吗，好吗，啊!?""]","[""\n<SURNAME/>求您了，把那个校徽让给我吧。 \n<SURNAME/>我会付钱的，好吗，好吗，啊!?"", ""<SURNAME/>求您了，把那个徽章让给我吧。 <SURNAME/>我会付钱的，好吗，好吗，啊!?""]"
merged_versions_conflict,script:435_8,script:435_8:diag2,frontend/public/games/p2is/groups/script_435_8.json,"
<SURNAME/>人頼みの次ぁ金頼みか!?<pause:30/>
<SURNAME/>校章なんぞもうとっくに取られちまったよ!
<SURNAME/>あったって、てめぇなんぞに売るかっ!","
<SURNAME/>靠人不行就靠钱吗!?<pause:30/>
<SURNAME/>校章早就被抢走了啦!
<SURNAME/>就算有，也不会卖给你这种家伙!","[""\n<SURNAME/>靠人不行就靠钱吗!?<pause:30/> \n<SURNAME/>我的徽章早就给人抢走了啦! \n<SURNAME/>就算有，也不会卖给你这种人的!"", ""<SURNAME/>靠人不行就靠钱吗!?<pause:30/> <SURNAME/>徽章早就给人抢走了啦! <SURNAME/>就算有，也不会卖给你这种人!""]","[""\n<SURNAME/>靠人不行就靠钱吗!?<pause:30/> \n<SURNAME/>我的徽章早就给人抢走了啦! \n<SURNAME/>就算有，也不会卖给你这种人的!"", ""<SURNAME/>靠人不行就靠钱吗!?<pause:30/> <SURNAME/>徽章早就给人抢走了啦! <SURNAME/>就算有，也不会卖给你这种人!""]"
merged_versions_conflict,script:435_8,script:435_8:diag22,frontend/public/games/p2is/groups/script_435_8.json,"
<SURNAME/>やっぱり、この学園って呪われてんだわ。
<SURNAME/>このままじゃ、私まで呪いに…<pause:30/>そんなの嫌よ!!
<SURNAME/>やっとカッコイイ彼氏できたのにい!!","
<SURNAME/>果然，这学园被诅咒了啦。
<SURNAME/>这样下去，连我也会被诅咒…<pause:30/>不要啊!!
<SURNAME/>好不容易交到帅气的男朋友了!!","[""\n<SURNAME/>果然，这所学园被诅咒了呢。\n<SURNAME/>这样下去，连我也会被诅咒…<pause:30/>不要啊!!\n<SURNAME/>好不容易交到帅气的男朋友了!!"", ""<SURNAME/>果然，这学园被诅咒了啦。<SURNAME/>这样下去，连我也会被诅咒…<pause:30/>不要啊!!<SURNAME/>好不容易交到帅气的男朋友了!!""]","[""\n<SURNAME/>果然，这所学园被诅咒了呢。\n<SURNAME/>这样下去，连我也会被诅咒…<pause:30/>不要啊!!\n<SURNAME/>好不容易交到帅气的男朋友了!!"", ""<SURNAME/>果然，这学园被诅咒了啦。<SURNAME/>这样下去，连我也会被诅咒…<pause:30/>不要啊!!<SURNAME/>好不容易交到帅气的男朋友了!!""]"
merged_versions_conflict,script:435_8,script:435_8:diag23,frontend/public/games/p2is/groups/script_435_8.json,"
<SURNAME/>は、早くエンブレム壊さないと!!
<SURNAME/>ぜ、絶対に奇病なんかならないんだから!!
<SURNAME/>包帯姿で彼に会うなんて御免よ!!","
<SURNAME/>得、得快点破坏校章!!
<SURNAME/>我、我绝对不要得怪病!!
<SURNAME/>才不要缠着绷带见他!!","[""\n<SURNAME/>得、得快点破坏掉徽章!! \n<SURNAME/>我、我绝对不要得怪病!! \n<SURNAME/>才不要缠着绷带去见他!!"", ""<SURNAME/>得、得快点破坏掉徽章!! <SURNAME/>我、我绝对不要得怪病!! <SURNAME/>才不要缠着绷带见他!!""]","[""\n<SURNAME/>得、得快点破坏掉徽章!! \n<SURNAME/>我、我绝对不要得怪病!! \n<SURNAME/>才不要缠着绷带去见他!!"", ""<SURNAME/>得、得快点破坏掉徽章!! <SURNAME/>我、我绝对不要得怪病!! <SURNAME/>才不要缠着绷带见他!!""]"
merged_versions_conflict,script:435_8,script:435_8:diag27,frontend/public/games/p2is/groups/script_435_8.json,"
<SURNAME/>もうお仕舞いだわ…
<SURNAME/>きっと彼にもふられちゃう…うう…
<SURNAME/>そうだ!!<SURNAME/>ジヨーカー様にお願いすれば…","
<SURNAME/>已经完蛋了…
<SURNAME/>肯定也会被他甩了…呜呜…
<SURNAME/>对了!!<SURNAME/>如果向小丑大人许愿的话…","[""\n<SURNAME/>全都完蛋了… \n<SURNAME/>我肯定也会被他甩了的…呜呜… \n<SURNAME/>对了!!<SURNAME/>如果向JOKER大人许愿的话…"", ""<SURNAME/>全都完蛋了… <SURNAME/>肯定也会被他甩了…呜呜… <SURNAME/>对了!!<SURNAME/>如果向JOKER大人许愿的话…""]","[""\n<SURNAME/>全都完蛋了… \n<SURNAME/>我肯定也会被他甩了的…呜呜… \n<SURNAME/>对了!!<SURNAME/>如果向JOKER大人许愿的话…"", ""<SURNAME/>全都完蛋了… <SURNAME/>肯定也会被他甩了…呜呜… <SURNAME/>对了!!<SURNAME/>如果向JOKER大人许愿的话…""]"
merged_versions_conflict,script:435_8,script:435_8:diag28,frontend/public/games/p2is/groups/script_435_8.json,"
<SURNAME/>仲間…<pause:10/>おっとっと、<pause:10/>
<SURNAME/>恩師の校長先生は気の毒だけど、
<SURNAME/>取りあえずは呪いガ解けてよかったわ〜","
<SURNAME/>同伴…<pause:10/>哎呀呀、<pause:10/>
<SURNAME/>虽然恩师校长先生很可怜、
<SURNAME/>总之诅咒解开了真是太好了〜","[""\n<SURNAME/>同伴…<pause:10/>哎呀呀、<pause:10/> \n<SURNAME/>虽然对身为恩师的校长先生感到很遗憾、 \n<SURNAME/>但诅咒总算解开了真是太好了〜"", ""<SURNAME/>同伴…<pause:10/>哎呀呀、<pause:10/> <SURNAME/>虽然对身为恩师的校长先生感到很遗憾、 <SURNAME/>但诅咒总算解开了真是太好了〜""]","[""\n<SURNAME/>同伴…<pause:10/>哎呀呀、<pause:10/> \n<SURNAME/>虽然对身为恩师的校长先生感到很遗憾、 \n<SURNAME/>但诅咒总算解开了真是太好了〜"", ""<SURNAME/>同伴…<pause:10/>哎呀呀、<pause:10/> <SURNAME/>虽然对身为恩师的校长先生感到很遗憾、 <SURNAME/>但诅咒总算解开了真是太好了〜""]"
merged_versions_conflict,script:435_8,script:435_8:diag29,frontend/public/games/p2is/groups/script_435_8.json,"
<SURNAME/>えっ!?
<SURNAME/>あ、あれって、パンツ番長じゃないですか?
<SURNAME/>なんで先輩と一緒にいるんです?","
<SURNAME/>诶!?
<SURNAME/>啊、那个、不是内裤番长吗?
<SURNAME/>为什么和前辈在一起?","[""\n<SURNAME/>诶?!\n<SURNAME/>啊、那个、不是胖次番长吗?\n<SURNAME/>为什么和前辈在一起?"", ""<SURNAME/>诶!?<SURNAME/>啊、那个、不是内裤番长吗?<SURNAME/>为什么和前辈在一起?""]","[""\n<SURNAME/>诶?!\n<SURNAME/>啊、那个、不是胖次番长吗?\n<SURNAME/>为什么和前辈在一起?"", ""<SURNAME/>诶!?<SURNAME/>啊、那个、不是内裤番长吗?<SURNAME/>为什么和前辈在一起?""]"
merged_versions_conflict,script:435_8,script:435_8:diag3,frontend/public/games/p2is/groups/script_435_8.json,"
<SURNAME/>オイ<c12/>!!<SURNAME/>てめぇんトコの舎弟は、
<SURNAME/>カッコだけの腰抜けばっかりか!?<pause:30/>
<SURNAME/>もちっと、俺みてぇにビシっとしめろよ!!","
<SURNAME/>喂<c12/>!!<SURNAME/>你手下的小弟，
<SURNAME/>都是些中看不中用的软蛋吗!?<pause:30/>
<SURNAME/>给老子好好管教一下啊!!","[""\n<SURNAME/>喂，<c12/>!!<SURNAME/>你手下的这帮小弟， \n<SURNAME/>都是些中看不中用的软蛋吗!?<pause:30/> \n<SURNAME/>给老子好好管教一下啊!!"", ""<SURNAME/>喂，<c12/>!!<SURNAME/>你手下这帮小弟， <SURNAME/>都是些中看不中用的软蛋吗!?<pause:30/> <SURNAME/>给老子好好管教一下啊!!""]","[""\n<SURNAME/>喂，<c12/>!!<SURNAME/>你手下的这帮小弟， \n<SURNAME/>都是些中看不中用的软蛋吗!?<pause:30/> \n<SURNAME/>给老子好好管教一下啊!!"", ""<SURNAME/>喂，<c12/>!!<SURNAME/>你手下这帮小弟， <SURNAME/>都是些中看不中用的软蛋吗!?<pause:30/> <SURNAME/>给老子好好管教一下啊!!""]"
merged_versions_conflict,script:435_8,script:435_8:diag30,frontend/public/games/p2is/groups/script_435_8.json,"
<SURNAME/>そうか!<SURNAME/>先輩あいつ舎弟にしちゃったんですね。
<SURNAME/>やっぱり、武勇伝は伊達じゃないですね!","
<SURNAME/>原来如此!<SURNAME/>前辈把他收为小弟了啊。
<SURNAME/>果然、勇武传不是盖的啊!","[""\n<SURNAME/>原来如此!<SURNAME/>前辈把他收为小弟了啊。 \n<SURNAME/>果然、您的那些英雄事迹可不是吹的啊!"", ""<SURNAME/>原来如此!<SURNAME/>前辈把他收为小弟了啊。 <SURNAME/>果然、您的那些英雄事迹可不是吹的啊!""]","[""\n<SURNAME/>原来如此!<SURNAME/>前辈把他收为小弟了啊。 \n<SURNAME/>果然、您的那些英雄事迹可不是吹的啊!"", ""<SURNAME/>原来如此!<SURNAME/>前辈把他收为小弟了啊。 <SURNAME/>果然、您的那些英雄事迹可不是吹的啊!""]"
merged_versions_conflict,script:435_8,script:435_8:diag31,frontend/public/games/p2is/groups/script_435_8.json,"
<SURNAME/>先輩、俺いやぁなこと思い出しちゃいましたよ。
<SURNAME/>校務員ガ、「時計ガ動くと世界ガ滅ぶ」って、
<SURNAME/>前に言ってたんですよ!!","
<SURNAME/>前辈、我想起了一件讨厌的事。
<SURNAME/>校工说过、“钟表一动世界就会毁灭”、
<SURNAME/>之前说过的!!","[""\n<SURNAME/>前辈、我想起了一件讨厌的事。 \n<SURNAME/>校务员说过、“这时钟重新走动的时候、世界就会毁灭”、 \n<SURNAME/>他之前这么说过的啊!!"", ""<SURNAME/>前辈、我想起了一件讨厌的事。 <SURNAME/>校工说过、“要是这口钟重新走动、世界就会毁灭”、 <SURNAME/>他之前这么说过的啊!!""]","[""\n<SURNAME/>前辈、我想起了一件讨厌的事。 \n<SURNAME/>校务员说过、“这时钟重新走动的时候、世界就会毁灭”、 \n<SURNAME/>他之前这么说过的啊!!"", ""<SURNAME/>前辈、我想起了一件讨厌的事。 <SURNAME/>校工说过、“要是这口钟重新走动、世界就会毁灭”、 <SURNAME/>他之前这么说过的啊!!""]"
merged_versions_conflict,script:435_8,script:435_8:diag32,frontend/public/games/p2is/groups/script_435_8.json,"
<SURNAME/>もちろん信じちゃいなかったんですけど…
<SURNAME/>あの大時計ガ動き出してからこのあり様でしょ?
<SURNAME/>もしかして、本当なんじゃ…","
<SURNAME/>当然我是不信的…
<SURNAME/>但自从那个大钟开始动就变成这样了、对吧?
<SURNAME/>说不定、是真的呢…","[""\n<SURNAME/>当然我是不信的… \n<SURNAME/>但自从那个大钟开始转动、学校就变成这样了不是吗? \n<SURNAME/>说不定、他说的是真的呢…"", ""<SURNAME/>当然我是不信的… <SURNAME/>但自从那个大钟开始转动、学校就变成这样了不是? <SURNAME/>说不定、传闻是真的呢…""]","[""\n<SURNAME/>当然我是不信的… \n<SURNAME/>但自从那个大钟开始转动、学校就变成这样了不是吗? \n<SURNAME/>说不定、他说的是真的呢…"", ""<SURNAME/>当然我是不信的… <SURNAME/>但自从那个大钟开始转动、学校就变成这样了不是? <SURNAME/>说不定、传闻是真的呢…""]"
merged_versions_conflict,script:435_8,script:435_8:diag33,frontend/public/games/p2is/groups/script_435_8.json,"
<SURNAME/>先輩、ロータスのロサカンディータで、
<SURNAME/>本物の防具ガ買えるって噂知ってますか?
<SURNAME/>いえ、友達の友達から聞いたんですよ。","
<SURNAME/>前辈、在莲花的罗莎坎迪塔、
<SURNAME/>听说能买到真正的防具的传闻知道吗?
<SURNAME/>不、我是从朋友的朋友那里听说的。","[""\n<SURNAME/>前辈、你知道在Lotus的罗莎坎迪达、 \n<SURNAME/>能够买到货真价实的防具的传闻吗? \n<SURNAME/>不、我也只是听朋友的朋友说的。"", ""<SURNAME/>前辈、在Lotus的ROSA-CANDIDA、 <SURNAME/>能够买到货真价实的防具? <SURNAME/>不、我也只是听朋友的朋友说的。""]","[""\n<SURNAME/>前辈、你知道在Lotus的罗莎坎迪达、 \n<SURNAME/>能够买到货真价实的防具的传闻吗? \n<SURNAME/>不、我也只是听朋友的朋友说的。"", ""<SURNAME/>前辈、在Lotus的ROSA-CANDIDA、 <SURNAME/>能够买到货真价实的防具? <SURNAME/>不、我也只是听朋友的朋友说的。""]"
merged_versions_conflict,script:435_8,script:435_8:diag34,frontend/public/games/p2is/groups/script_435_8.json,"
<SURNAME/>トロって人ガ詳しいらしいんですけどね。
<SURNAME/>だけど、あそこってブティックですよね?
<SURNAME/>ほんとかなぁ。","
<SURNAME/>听说一个叫托洛的人很了解呢。
<SURNAME/>但是、那里是精品店吧?
<SURNAME/>真的吗?","[""\n<SURNAME/>听说一个叫托罗的人很了解呢。 \n<SURNAME/>但是、那里是家精品店吧? \n<SURNAME/>到底靠不靠谱啊?"", ""<SURNAME/>听说一个叫托罗的人很了解呢。 <SURNAME/>但是、那里是家精品店吧? <SURNAME/>到底靠不靠谱啊?""]","[""\n<SURNAME/>听说一个叫托罗的人很了解呢。 \n<SURNAME/>但是、那里是家精品店吧? \n<SURNAME/>到底靠不靠谱啊?"", ""<SURNAME/>听说一个叫托罗的人很了解呢。 <SURNAME/>但是、那里是家精品店吧? <SURNAME/>到底靠不靠谱啊?""]"
merged_versions_conflict,script:435_8,script:435_8:diag35,frontend/public/games/p2is/groups/script_435_8.json,"
<SURNAME/>あの時計動いてからー学園の中パニックだしー
<SURNAME/>なんかもうバックレたいんだけどー
<SURNAME/>校長ガダメって言うしーだけど校長好きだしー","
<SURNAME/>自从那个钟动了之后～学园里就一片恐慌～
<SURNAME/>我有点想逃课了～
<SURNAME/>但校长说不行～可我又喜欢校长～","[""\n<SURNAME/>自从那个钟动了之后～校园里就一片恐慌～ \n<SURNAME/>好想直接开溜啊～ \n<SURNAME/>但校长说不行～不过我还蛮喜欢校长的就是了～"", ""<SURNAME/>自从那个钟动了之后～校园里就一片恐慌～ <SURNAME/>好想直接开溜啊～ <SURNAME/>但校长说不行～不过我还蛮喜欢校长的就是了～""]","[""\n<SURNAME/>自从那个钟动了之后～校园里就一片恐慌～ \n<SURNAME/>好想直接开溜啊～ \n<SURNAME/>但校长说不行～不过我还蛮喜欢校长的就是了～"", ""<SURNAME/>自从那个钟动了之后～校园里就一片恐慌～ <SURNAME/>好想直接开溜啊～ <SURNAME/>但校长说不行～不过我还蛮喜欢校长的就是了～""]"
merged_versions_conflict,script:435_8,script:435_8:diag36,frontend/public/games/p2is/groups/script_435_8.json,"
<SURNAME/>なんかーみんなエンブレム探してるけどー
<SURNAME/>もう呪いかかってるしー関係ないってカンジー?
<SURNAME/>つーかザマミロっていうかー","
<SURNAME/>大家都在找纹章～
<SURNAME/>但诅咒已经上身了～感觉没啥关系了？
<SURNAME/>或者说活该吧～","[""\n<SURNAME/>大家都在找徽章～ \n<SURNAME/>可我都已经中招了～感觉没啥所谓了？ \n<SURNAME/>或者说感觉他们也挺活该的吧～"", ""<SURNAME/>大家都在找徽章～ <SURNAME/>可我都已经中招了～感觉没啥所谓了？ <SURNAME/>或者说感觉他们也挺活该的吧～""]","[""\n<SURNAME/>大家都在找徽章～ \n<SURNAME/>可我都已经中招了～感觉没啥所谓了？ \n<SURNAME/>或者说感觉他们也挺活该的吧～"", ""<SURNAME/>大家都在找徽章～ <SURNAME/>可我都已经中招了～感觉没啥所谓了？ <SURNAME/>或者说感觉他们也挺活该的吧～""]"
merged_versions_conflict,script:435_8,script:435_8:diag37,frontend/public/games/p2is/groups/script_435_8.json,"
<SURNAME/>なんかー超めんどいけどー
<SURNAME/>校長ガ掃除しろって言うしー
<SURNAME/>ていうかー掃除なんてしかたわかんないしー","
<SURNAME/>超麻烦的～
<SURNAME/>校长叫我们打扫～
<SURNAME/>可我又不会打扫～","[""\n<SURNAME/>怎么说呢～ 虽然超级麻烦～ \n<SURNAME/>但校长叫我们打扫～ \n<SURNAME/>我根本就不知道该怎么打扫嘛～"", ""<SURNAME/>怎么说呢～ 虽然超级麻烦～ <SURNAME/>但校长叫我们打扫～ <SURNAME/>我根本就不知道该怎么打扫嘛～""]","[""\n<SURNAME/>怎么说呢～ 虽然超级麻烦～ \n<SURNAME/>但校长叫我们打扫～ \n<SURNAME/>我根本就不知道该怎么打扫嘛～"", ""<SURNAME/>怎么说呢～ 虽然超级麻烦～ <SURNAME/>但校长叫我们打扫～ <SURNAME/>我根本就不知道该怎么打扫嘛～""]"
merged_versions_conflict,script:435_8,script:435_8:diag38,frontend/public/games/p2is/groups/script_435_8.json,"
<SURNAME/>なんかーノロイ消えたみたいでー
<SURNAME/>ていうかーわたしカワイイしー
<SURNAME/>超ラッキーみたいなー","
<SURNAME/>好像诅咒消失了～
<SURNAME/>而且我这么可爱～
<SURNAME/>感觉超幸运的～","[""\n<SURNAME/>好像诅咒已经消失了呢～ \n<SURNAME/>不管怎么说～反正我这么可爱～ \n<SURNAME/>简直超幸运的～"", ""<SURNAME/>好像诅咒已经消失了～ <SURNAME/>不管怎么说～反正我这么可爱～ <SURNAME/>简直超幸运的～""]","[""\n<SURNAME/>好像诅咒已经消失了呢～ \n<SURNAME/>不管怎么说～反正我这么可爱～ \n<SURNAME/>简直超幸运的～"", ""<SURNAME/>好像诅咒已经消失了～ <SURNAME/>不管怎么说～反正我这么可爱～ <SURNAME/>简直超幸运的～""]"
merged_versions_conflict,script:435_8,script:435_8:diag4,frontend/public/games/p2is/groups/script_435_8.json,"
<SURNAME/>かー!!<SURNAME/>もうガマンならねぇ!!
<SURNAME/>ヤツを今すぐうちに転校させろ!!
<SURNAME/>俺ガ鍛え直してやる!!","
<SURNAME/>靠!!<SURNAME/>老子忍不了了!!
<SURNAME/>让那家伙立刻转学过来!!
<SURNAME/>老子要重新锻炼他!!","[""\n<SURNAME/>靠!!<SURNAME/>老子忍不了了!! \n<SURNAME/>让那家伙立刻转学过来!! \n<SURNAME/>老子要从头开始管教他!!"", ""<SURNAME/>靠!!<SURNAME/>老子忍不了了!! <SURNAME/>让那家伙立刻转学过来!! <SURNAME/>老子要从头管教他!!""]","[""\n<SURNAME/>靠!!<SURNAME/>老子忍不了了!! \n<SURNAME/>让那家伙立刻转学过来!! \n<SURNAME/>老子要从头开始管教他!!"", ""<SURNAME/>靠!!<SURNAME/>老子忍不了了!! <SURNAME/>让那家伙立刻转学过来!! <SURNAME/>老子要从头管教他!!""]"
merged_versions_conflict,script:435_8,script:435_8:diag42,frontend/public/games/p2is/groups/script_435_8.json,"
<SURNAME/>ここはもう大丈夫です。
<SURNAME/>早く他のエンブレムも壊しちゃって下さい!","
<SURNAME/>这里已经没问题了。
<SURNAME/>请快点破坏其他纹章吧!","[""\n<SURNAME/>这里已经没问题了。 \n<SURNAME/>请快点去破坏其他徽章吧!"", ""<SURNAME/>这里已经没问题了。 <SURNAME/>请快点破坏其他徽章吧!""]","[""\n<SURNAME/>这里已经没问题了。 \n<SURNAME/>请快点去破坏其他徽章吧!"", ""<SURNAME/>这里已经没问题了。 <SURNAME/>请快点破坏其他徽章吧!""]"
merged_versions_conflict,script:435_8,script:435_8:diag5,frontend/public/games/p2is/groups/script_435_8.json,"
<SURNAME/>わめいたって呪いガ防げるわけないのにね。
<SURNAME/>バッカじゃないの?","
<SURNAME/>嚷嚷也没法防住诅咒吧。
<SURNAME/>不是傻吗？","[""\n<SURNAME/>嚷嚷也没法防住诅咒吧。 \n<SURNAME/>这样不是很蠢吗？"", ""<SURNAME/>嚷嚷也没法防住诅咒吧。 <SURNAME/>这样不是很蠢吗？""]","[""\n<SURNAME/>嚷嚷也没法防住诅咒吧。 \n<SURNAME/>这样不是很蠢吗？"", ""<SURNAME/>嚷嚷也没法防住诅咒吧。 <SURNAME/>这样不是很蠢吗？""]"
merged_versions_conflict,script:435_8,script:435_8:diag6,frontend/public/games/p2is/groups/script_435_8.json,"
<SURNAME/>なにブツブツ言ってんの、パンツ番長!?
<SURNAME/>早くエンブレム探しなよ!!","
<SURNAME/>嘀咕什么呢，裤衩番长！？
<SURNAME/>快去找校章啊!!","[""\n<SURNAME/>你在那嘀嘀咕咕什么呢，胖次番长！？ \n<SURNAME/>快去找徽章啊!!"", ""<SURNAME/>你在那嘀嘀咕咕什么呢，内裤番长！？ <SURNAME/>快去找徽章啊!!""]","[""\n<SURNAME/>你在那嘀嘀咕咕什么呢，胖次番长！？ \n<SURNAME/>快去找徽章啊!!"", ""<SURNAME/>你在那嘀嘀咕咕什么呢，内裤番长！？ <SURNAME/>快去找徽章啊!!""]"
merged_versions_conflict,script:435_8,script:435_8:diag7,frontend/public/games/p2is/groups/script_435_8.json,"
<SURNAME/>わたしと<c13/>の顔ガ変なんなったら、
<SURNAME/>あんたの顔もボコボコにすっかんね!!","
<SURNAME/>要是我和<c13/>的脸变怪了，
<SURNAME/>就把你的脸也揍扁哦!!","[""\n<SURNAME/>要是我和<c13/>的脸都变怪了， \n<SURNAME/>就把你的脸也揍成猪头哦!!"", ""<SURNAME/>要是我和<c13/>的脸都变怪了， <SURNAME/>就把你的脸也揍成猪头哦!!""]","[""\n<SURNAME/>要是我和<c13/>的脸都变怪了， \n<SURNAME/>就把你的脸也揍成猪头哦!!"", ""<SURNAME/>要是我和<c13/>的脸都变怪了， <SURNAME/>就把你的脸也揍成猪头哦!!""]"
merged_versions_conflict,script:435_8,script:435_8:diag8,frontend/public/games/p2is/groups/script_435_8.json,"
<SURNAME/>ちょっと、パンツ番長!!
<SURNAME/>こんな奴等と一緒にしないでくれる!?
<SURNAME/>大体、<c13/>はあんたみたいな番長じゃないの!","
<SURNAME/>喂，裤衩番长!!
<SURNAME/>别把我和这些家伙混为一谈行吗！？
<SURNAME/>再说了，<c13/>才不是你这种番长呢！","[""\n<SURNAME/>我说，胖次番长!! \n<SURNAME/>别把我和这些家伙混为一谈行吗！？ \n<SURNAME/>再说了，<c13/>才不是你这种番长呢！"", ""<SURNAME/>我说，内裤番长!! <SURNAME/>别把我和这些家伙混为一谈行吗！？ <SURNAME/>再说了，<c13/>才不是你这种番长呢！""]","[""\n<SURNAME/>我说，胖次番长!! \n<SURNAME/>别把我和这些家伙混为一谈行吗！？ \n<SURNAME/>再说了，<c13/>才不是你这种番长呢！"", ""<SURNAME/>我说，内裤番长!! <SURNAME/>别把我和这些家伙混为一谈行吗！？ <SURNAME/>再说了，<c13/>才不是你这种番长呢！""]"
merged_versions_conflict,script:435_8,script:435_8:diag9,frontend/public/games/p2is/groups/script_435_8.json,"
<SURNAME/>ねぇ<c13/>、パンツ番長って、
<SURNAME/>意外とまじめに番長してんのかな?<pause:30/>
<SURNAME/>今時、こんな奴めずらしいよね?","
<SURNAME/>我说<c13/>，裤衩番长，
<SURNAME/>意外地还挺认真当番长的？<pause:30/>
<SURNAME/>这年头，这种家伙很少见了吧？","[""\n<SURNAME/>我说<c13/>，胖次番长他 \n<SURNAME/>意外地有在认真当番长哎？<pause:30/> \n<SURNAME/>这年头很少能见到像他这样的人了吧？"", ""<SURNAME/>我说<c13/>，内裤番长他 <SURNAME/>意外地有在认真当番长哎？<pause:30/> <SURNAME/>这年头很少能见到像他这样的人了吧？""]","[""\n<SURNAME/>我说<c13/>，胖次番长他 \n<SURNAME/>意外地有在认真当番长哎？<pause:30/> \n<SURNAME/>这年头很少能见到像他这样的人了吧？"", ""<SURNAME/>我说<c13/>，内裤番长他 <SURNAME/>意外地有在认真当番长哎？<pause:30/> <SURNAME/>这年头很少能见到像他这样的人了吧？""]"
merged_versions_conflict,script:437_8,script:437_8:diag0,frontend/public/games/p2is/groups/script_437_8.json,"
<SURNAME/>オイ、見ろよ<c12/>。
<SURNAME/>あそこのベイビィ、
<SURNAME/>あんなウルウルした瞳でボクを見つめてるぜ〜","
<SURNAME/>喂，看啊<c12/>。
<SURNAME/>那边的Baby，
<SURNAME/>正用那水汪汪的眼睛盯着老子看呢～","[""\n<SURNAME/>喂，<c12/>你看。 \n<SURNAME/>那边的Baby， \n<SURNAME/>正用那水汪汪的眼睛盯着我看呢～"", ""<SURNAME/>喂，你看啊，<c12/>。 <SURNAME/>那边的Baby， <SURNAME/>正用那水汪汪的眼睛盯着我看呢～""]","[""\n<SURNAME/>喂，<c12/>你看。 \n<SURNAME/>那边的Baby， \n<SURNAME/>正用那水汪汪的眼睛盯着我看呢～"", ""<SURNAME/>喂，你看啊，<c12/>。 <SURNAME/>那边的Baby， <SURNAME/>正用那水汪汪的眼睛盯着我看呢～""]"
merged_versions_conflict,script:437_8,script:437_8:diag1,frontend/public/games/p2is/groups/script_437_8.json,"
<SURNAME/>おっしゃ、スマイルスマイル!!<pause:30/>
<SURNAME/>オゥケェ〜イ、仔猫ちゃん♥
<SURNAME/>今度、キミのために愛の歌を作詞してあげるよ♥","
<SURNAME/>好嘞，Smile Smile!!<pause:30/>
<SURNAME/>Okay~，小猫咪♥
<SURNAME/>下次，老子为你写首情歌哦♥","[""\n<SURNAME/>好嘞，Smile Smile!!<pause:30/> \n<SURNAME/>Okay~，小猫咪♥ \n<SURNAME/>下次，就让我为你写首情歌吧♥"", ""<SURNAME/>好嘞，Smile Smile!!<pause:30/> <SURNAME/>Okay~，小猫咪♥ <SURNAME/>下次，就让我为你写首情歌吧♥""]","[""\n<SURNAME/>好嘞，Smile Smile!!<pause:30/> \n<SURNAME/>Okay~，小猫咪♥ \n<SURNAME/>下次，就让我为你写首情歌吧♥"", ""<SURNAME/>好嘞，Smile Smile!!<pause:30/> <SURNAME/>Okay~，小猫咪♥ <SURNAME/>下次，就让我为你写首情歌吧♥""]"
merged_versions_conflict,script:437_8,script:437_8:diag10,frontend/public/games/p2is/groups/script_437_8.json,"
<SURNAME/>いや〜ん<c13/>、幽霊怖〜い♥<pause:30/>
<SURNAME/>か弱いわたしのこと、守ってくれるよね?<pause:30/>
<SURNAME/>あ〜ん♥<SURNAME/><c13/>てば、<pause:10/>タ・<pause:10/>フう♥","
<SURNAME/>哎呀〜<c13/>、幽灵好可怕♥<pause:30/>
<SURNAME/>弱小的我，你会保护我吧？<pause:30/>
<SURNAME/>啊〜嗯♥<SURNAME/><c13/>快点、<pause:10/>抱・<pause:10/>抱我♥","[""\n<SURNAME/>呀啊〜<c13/>、幽灵好可怕♥<pause:30/> \n<SURNAME/>你会保护弱小的我的对吧？<pause:30/> \n<SURNAME/>啊〜嗯♥<SURNAME/><c13/>快点、<pause:10/>抱・<pause:10/>抱我♥"", ""<SURNAME/>呀啊〜<c13/>、幽灵好可怕♥<pause:30/> <SURNAME/>你会保护弱小的我的吧？<pause:30/> <SURNAME/>啊〜嗯♥<SURNAME/><c13/>快点、<pause:10/>抱・<pause:10/>抱我♥""]","[""\n<SURNAME/>呀啊〜<c13/>、幽灵好可怕♥<pause:30/> \n<SURNAME/>你会保护弱小的我的对吧？<pause:30/> \n<SURNAME/>啊〜嗯♥<SURNAME/><c13/>快点、<pause:10/>抱・<pause:10/>抱我♥"", ""<SURNAME/>呀啊〜<c13/>、幽灵好可怕♥<pause:30/> <SURNAME/>你会保护弱小的我的吧？<pause:30/> <SURNAME/>啊〜嗯♥<SURNAME/><c13/>快点、<pause:10/>抱・<pause:10/>抱我♥""]"
merged_versions_conflict,script:437_8,script:437_8:diag11,frontend/public/games/p2is/groups/script_437_8.json,"
<SURNAME/>リサの広東語講座、その11〜!!<pause:30/>
<SURNAME/>開心囉(木ィサムロ)は、うれしいって意味なの。
<SURNAME/>わたしは、ヤッター!<SURNAME/>…って時に使うの。","
<SURNAME/>丽莎的广东语讲座，第11课～!!<pause:30/>
<SURNAME/>开心啰(木伊萨姆罗)是开心的意思哦。
<SURNAME/>我是在好耶!<SURNAME/>…的时候用的。","[""\n<SURNAME/>丽莎的粤语讲座，第11期～!!<pause:30/> \n<SURNAME/>開心囉(hoi sam lo)是开心的意思哦。 \n<SURNAME/>我在说“太好啦！...”<SURNAME/>的时候就会用它。"", ""<SURNAME/>丽莎的广东语讲座，第11期～!!<pause:30/> <SURNAME/>開心囉(hoi sam lo)是开心的意思哦。 <SURNAME/>我在说“太好啦！...”<SURNAME/>的时候就会用它。""]","[""\n<SURNAME/>丽莎的粤语讲座，第11期～!!<pause:30/> \n<SURNAME/>開心囉(hoi sam lo)是开心的意思哦。 \n<SURNAME/>我在说“太好啦！...”<SURNAME/>的时候就会用它。"", ""<SURNAME/>丽莎的广东语讲座，第11期～!!<pause:30/> <SURNAME/>開心囉(hoi sam lo)是开心的意思哦。 <SURNAME/>我在说“太好啦！...”<SURNAME/>的时候就会用它。""]"
merged_versions_conflict,script:437_8,script:437_8:diag12,frontend/public/games/p2is/groups/script_437_8.json,"
<SURNAME/>栄吉クンって、ほんと面白いわー<pause:30/>
<SURNAME/>まあ、恋愛は大いなる勘違いだって言うし?
<SURNAME/>寒外こんなことからほんとになるかもよ?","
<SURNAME/>荣吉君啊，真有趣呢ー<pause:30/>
<SURNAME/>嘛，恋爱就是巨大的误会吧？
<SURNAME/>说不定这样假戏真做呢？","[""\n<SURNAME/>荣吉君也太有意思了ー<pause:30/> \n<SURNAME/>不过，不是常说恋爱就是巨大的误会吗？ \n<SURNAME/>说不定真的会像这样走到一起哦？"", ""<SURNAME/>荣吉君也太有意思了ー<pause:30/> <SURNAME/>不过，不是常说恋爱就是巨大的误会吗？ <SURNAME/>说不定真的会像这样走到一起哦？""]","[""\n<SURNAME/>荣吉君也太有意思了ー<pause:30/> \n<SURNAME/>不过，不是常说恋爱就是巨大的误会吗？ \n<SURNAME/>说不定真的会像这样走到一起哦？"", ""<SURNAME/>荣吉君也太有意思了ー<pause:30/> <SURNAME/>不过，不是常说恋爱就是巨大的误会吗？ <SURNAME/>说不定真的会像这样走到一起哦？""]"
merged_versions_conflict,script:437_8,script:437_8:diag13,frontend/public/games/p2is/groups/script_437_8.json,"
<SURNAME/>あーあ、リサってば、わざとらし〜<pause:30/>
<SURNAME/>いつも悪魔どつき回してるくせに…<pause:30/>
<SURNAME/><c13/>クンも大変だよね。","
<SURNAME/>啊ー啊，丽莎真是，太做作啦〜<pause:30/>
<SURNAME/>明明平时总在揍恶魔…<pause:30/>
<SURNAME/><c13/>君也够呛呢。","[""\n<SURNAME/>啊—啊，真是的，莉莎也太做作了〜<pause:30/>\n <SURNAME/>明明平时总把恶魔揍得团团转…<pause:30/> \n<SURNAME/><c13/>君也真是辛苦呢。"", ""<SURNAME/>啊ー啊，真是的，莉莎也太做作了〜<pause:30/> <SURNAME/>明明平时总把恶魔揍得团团转…<pause:30/> <SURNAME/><c13/>君也真辛苦呢。""]","[""\n<SURNAME/>啊—啊，真是的，莉莎也太做作了〜<pause:30/>\n <SURNAME/>明明平时总把恶魔揍得团团转…<pause:30/> \n<SURNAME/><c13/>君也真是辛苦呢。"", ""<SURNAME/>啊ー啊，真是的，莉莎也太做作了〜<pause:30/> <SURNAME/>明明平时总把恶魔揍得团团转…<pause:30/> <SURNAME/><c13/>君也真辛苦呢。""]"
merged_versions_conflict,script:437_8,script:437_8:diag14,frontend/public/games/p2is/groups/script_437_8.json,"
<SURNAME/><c13/>クンは感じなかった?
<SURNAME/>あのジヨーカーって子、確かに泣いていた…<pause:30/>
<SURNAME/>寂しくて、孤独で、そして不安で…","
<SURNAME/><c13/>君没感觉到吗？
<SURNAME/>那个小丑孩子，确实在哭…<pause:30/>
<SURNAME/>寂寞、孤独、而且不安…","[""\n<SURNAME/><c13/>君没感觉到吗？ \n<SURNAME/>那个叫JOKER的孩子，确实是在哭呢…<pause:30/> \n<SURNAME/>寂寞、孤独、而且不安…"", ""<SURNAME/><c13/>君没感觉到吗？ <SURNAME/>那个叫JOKER的孩子，确实是在哭…<pause:30/> <SURNAME/>寂寞、孤独、而且不安…""]","[""\n<SURNAME/><c13/>君没感觉到吗？ \n<SURNAME/>那个叫JOKER的孩子，确实是在哭呢…<pause:30/> \n<SURNAME/>寂寞、孤独、而且不安…"", ""<SURNAME/><c13/>君没感觉到吗？ <SURNAME/>那个叫JOKER的孩子，确实是在哭…<pause:30/> <SURNAME/>寂寞、孤独、而且不安…""]"
merged_versions_conflict,script:437_8,script:437_8:diag15,frontend/public/games/p2is/groups/script_437_8.json,"
<SURNAME/>あの子、か…<pause:30/>
<SURNAME/>誰もジヨーカーの正体は知らないのに、
<SURNAME/>なんで、あの子って思うんだろ…","
<SURNAME/>那个孩子，吗…<pause:30/>
<SURNAME/>明明谁都不知道小丑的真面目，
<SURNAME/>为什么，会认为是那个孩子呢…","[""\n<SURNAME/>可是，那个孩子…吗…<pause:30/> \n<SURNAME/>明明谁都不知道JOKER的真面目， \n<SURNAME/>为什么，我会觉得他是个孩子呢…"", ""<SURNAME/>可是，那个孩子…吗…<pause:30/> <SURNAME/>明明谁都不知道JOKER的真面目， <SURNAME/>为什么，我会觉得他是个孩子呢…""]","[""\n<SURNAME/>可是，那个孩子…吗…<pause:30/> \n<SURNAME/>明明谁都不知道JOKER的真面目， \n<SURNAME/>为什么，我会觉得他是个孩子呢…"", ""<SURNAME/>可是，那个孩子…吗…<pause:30/> <SURNAME/>明明谁都不知道JOKER的真面目， <SURNAME/>为什么，我会觉得他是个孩子呢…""]"
merged_versions_conflict,script:437_8,script:437_8:diag16,frontend/public/games/p2is/groups/script_437_8.json,"
<SURNAME/>恋愛は大いなる勘違い、か…<pause:30/>
<SURNAME/>そうなのかね…","
<SURNAME/>恋爱是巨大的误会，吗…<pause:30/>
<SURNAME/>是这样啊…","[""\n<SURNAME/>恋爱是巨大的误会，吗…<pause:30/> \n<SURNAME/>是这样啊…"", ""<SURNAME/>恋爱是巨大的误会，吗…<pause:30/> <SURNAME/>是这样啊…""]","[""\n<SURNAME/>恋爱是巨大的误会，吗…<pause:30/> \n<SURNAME/>是这样啊…"", ""<SURNAME/>恋爱是巨大的误会，吗…<pause:30/> <SURNAME/>是这样啊…""]"
merged_versions_conflict,script:437_8,script:437_8:diag17,frontend/public/games/p2is/groups/script_437_8.json,"
<SURNAME/>…あ、<pause:15/>あ、<pause:15/>あ〜ん!!<pause:30/>
<SURNAME/>タ、<pause:10/>タ・<pause:15/>フう!!<pause:30/>
<SURNAME/>…ハッ!?","
<SURNAME/>…啊、<pause:15/>啊、<pause:15/>啊〜嗯!!<pause:30/>
<SURNAME/>抱、<pause:10/>抱・<pause:15/>抱我!!<pause:30/>
<SURNAME/>…哈!?","[""\n<SURNAME/>…啊、<pause:15/>啊、<pause:15/>啊〜嗯!!<pause:30/> \n<SURNAME/>抱、<pause:10/>抱・<pause:15/>抱我!!<pause:30/> \n<SURNAME/>…哈?!"", ""<SURNAME/>…啊、<pause:15/>啊、<pause:15/>啊〜嗯!!<pause:30/> <SURNAME/>抱、<pause:10/>抱・<pause:15/>抱我!!<pause:30/> <SURNAME/>…哈啊!?""]","[""\n<SURNAME/>…啊、<pause:15/>啊、<pause:15/>啊〜嗯!!<pause:30/> \n<SURNAME/>抱、<pause:10/>抱・<pause:15/>抱我!!<pause:30/> \n<SURNAME/>…哈?!"", ""<SURNAME/>…啊、<pause:15/>啊、<pause:15/>啊〜嗯!!<pause:30/> <SURNAME/>抱、<pause:10/>抱・<pause:15/>抱我!!<pause:30/> <SURNAME/>…哈啊!?""]"
merged_versions_conflict,script:437_8,script:437_8:diag18,frontend/public/games/p2is/groups/script_437_8.json,"
<SURNAME/>バ、バカ野郎!!<SURNAME/>なに見てんだいアンタ!?<pause:30/>
<SURNAME/>か、顔ガ怖かった!?<SURNAME/>大きなお世話だよ!!<pause:30/>
<SURNAME/>い、言うんじゃないよ!<SURNAME/>死にたくないだろ!?","
<SURNAME/>笨、笨蛋!!<SURNAME/>你在看什么啊!?<pause:30/>
<SURNAME/>脸、脸很可怕!?<SURNAME/>多管闲事!!<pause:30/>
<SURNAME/>不、不准说!<SURNAME/>不想死吧!?","[""\n<SURNAME/>笨、笨蛋!!<SURNAME/>你在看什么啊!?<pause:30/> \n<SURNAME/>你、你说我脸色很可怕!?<SURNAME/>多管闲事!!<pause:30/> \n<SURNAME/>不、不要再说了!<SURNAME/>你不想死吧!?"", ""<SURNAME/>笨、笨蛋!!<SURNAME/>你在看什么啊!?<pause:30/> <SURNAME/>你、你说我脸色很可怕!?<SURNAME/>多管闲事!!<pause:30/> <SURNAME/>不、不要再说了!<SURNAME/>你不想死吧!?""]","[""\n<SURNAME/>笨、笨蛋!!<SURNAME/>你在看什么啊!?<pause:30/> \n<SURNAME/>你、你说我脸色很可怕!?<SURNAME/>多管闲事!!<pause:30/> \n<SURNAME/>不、不要再说了!<SURNAME/>你不想死吧!?"", ""<SURNAME/>笨、笨蛋!!<SURNAME/>你在看什么啊!?<pause:30/> <SURNAME/>你、你说我脸色很可怕!?<SURNAME/>多管闲事!!<pause:30/> <SURNAME/>不、不要再说了!<SURNAME/>你不想死吧!?""]"
merged_versions_conflict,script:437_8,script:437_8:diag2,frontend/public/games/p2is/groups/script_437_8.json,"
<SURNAME/>ジ〜<pause:10/>・<pause:10/>・<pause:10/>・<pause:10/>・<pause:10/>・<pause:10/>・<pause:30/>
<SURNAME/>あん?<SURNAME/>何してんのかって?","
<SURNAME/>滋～<pause:10/>・<pause:10/>・<pause:10/>・<pause:10/>・<pause:10/>・<pause:10/>・<pause:30/>
<SURNAME/>嗯?<SURNAME/>在干啥呢?","[""\n<SURNAME/>盯～<pause:10/>・<pause:10/>・<pause:10/>・<pause:10/>・<pause:10/>・<pause:10/>・<pause:30/> \n<SURNAME/>嗯?<SURNAME/>你问我在干嘛?"", ""<SURNAME/>盯～<pause:10/>・<pause:10/>・<pause:10/>・<pause:10/>・<pause:10/>・<pause:10/>・<pause:30/> <SURNAME/>嗯?<SURNAME/>你问我在干嘛?""]","[""\n<SURNAME/>盯～<pause:10/>・<pause:10/>・<pause:10/>・<pause:10/>・<pause:10/>・<pause:10/>・<pause:30/> \n<SURNAME/>嗯?<SURNAME/>你问我在干嘛?"", ""<SURNAME/>盯～<pause:10/>・<pause:10/>・<pause:10/>・<pause:10/>・<pause:10/>・<pause:10/>・<pause:30/> <SURNAME/>嗯?<SURNAME/>你问我在干嘛?""]"
merged_versions_conflict,script:437_8,script:437_8:diag20,frontend/public/games/p2is/groups/script_437_8.json,"
<SURNAME/>うおおお!!<SURNAME/>俺の人生これからって時に!!
<SURNAME/>呪いはかかるし、
<SURNAME/>黄金の右腕からも変な音ガ〜!!","
<SURNAME/>呜哦哦!!<SURNAME/>我的人生才刚开始啊!!
<SURNAME/>被诅咒了，
<SURNAME/>黄金右臂还发出怪声〜!!","[""\n<SURNAME/>呜哦哦哦!!<SURNAME/>我的人生才刚开始啊!! \n<SURNAME/>不但被诅咒了， \n<SURNAME/>我的黄金右手还发出了怪声〜!!"", ""<SURNAME/>呜哦哦!!<SURNAME/>我的人生才刚开始啊!! <SURNAME/>不但被诅咒了， <SURNAME/>我的黄金右臂还发出怪声〜!!""]","[""\n<SURNAME/>呜哦哦哦!!<SURNAME/>我的人生才刚开始啊!! \n<SURNAME/>不但被诅咒了， \n<SURNAME/>我的黄金右手还发出了怪声〜!!"", ""<SURNAME/>呜哦哦!!<SURNAME/>我的人生才刚开始啊!! <SURNAME/>不但被诅咒了， <SURNAME/>我的黄金右臂还发出怪声〜!!""]"
merged_versions_conflict,script:437_8,script:437_8:diag22,frontend/public/games/p2is/groups/script_437_8.json,"
<SURNAME/>そ、そうだガギギ!!
<SURNAME/>今度は顔治してくれってお願いすればいいんだギ!
<SURNAME/>だけど…二度もお願い聞いてくれるのガギ〜?","
<SURNAME/>对、对啊嘎叽!!
<SURNAME/>这次求他治好脸就行啦叽!
<SURNAME/>但是…会听我求两次吗嘎叽〜?","[""\n<SURNAME/>对、对啊嘎叽叽叽!! \n<SURNAME/>这次求他治好我的脸就行啦叽! \n<SURNAME/>但是…他会听我求两次吗嘎叽〜?"", ""<SURNAME/>对、对啊嘎叽叽叽!! <SURNAME/>这次求他治好我的脸就行啦叽! <SURNAME/>但是…他会听我求两次吗嘎叽〜?""]","[""\n<SURNAME/>对、对啊嘎叽叽叽!! \n<SURNAME/>这次求他治好我的脸就行啦叽! \n<SURNAME/>但是…他会听我求两次吗嘎叽〜?"", ""<SURNAME/>对、对啊嘎叽叽叽!! <SURNAME/>这次求他治好我的脸就行啦叽! <SURNAME/>但是…他会听我求两次吗嘎叽〜?""]"
merged_versions_conflict,script:437_8,script:437_8:diag23,frontend/public/games/p2is/groups/script_437_8.json,"
<SURNAME/>ガギギ…今更気づいたガギガ…
<SURNAME/>初めガラ、プロ野球選手にしてもらえばよガッタ…
<SURNAME/>俺…バカガギガ?","
<SURNAME/>嘎叽…现在才注意到嘎叽…
<SURNAME/>一开始就该求他让我当职业棒球选手的…
<SURNAME/>我…是笨蛋嘎叽?","[""\n<SURNAME/>嘎叽…现在才意识到嘎叽… \n<SURNAME/>一开始就该求他让我当职业棒球选手的… \n<SURNAME/>我…难道是笨蛋嘎叽嘎?"", ""<SURNAME/>嘎叽…现在才意识到嘎叽… <SURNAME/>一开始就该求他让我当职业棒球选手的… <SURNAME/>我…难道是笨蛋嘎叽嘎?""]","[""\n<SURNAME/>嘎叽…现在才意识到嘎叽… \n<SURNAME/>一开始就该求他让我当职业棒球选手的… \n<SURNAME/>我…难道是笨蛋嘎叽嘎?"", ""<SURNAME/>嘎叽…现在才意识到嘎叽… <SURNAME/>一开始就该求他让我当职业棒球选手的… <SURNAME/>我…难道是笨蛋嘎叽嘎?""]"
merged_versions_conflict,script:437_8,script:437_8:diag24,frontend/public/games/p2is/groups/script_437_8.json,"
<SURNAME/>あ、あの人…カス校の番長じゃないですか?
<SURNAME/>も、もしかして、殴り込みに来たとか…
<SURNAME/>あの間の抜けた顔…先輩、私、気持ち悪い!!","
<SURNAME/>啊、那个人…不是渣校的番长吗？
<SURNAME/>该、该不会是来打架的吧…
<SURNAME/>那张傻脸…前辈，我好恶心!!","[""\n<SURNAME/>那、那个人…不是渣高的番长吗？ \n<SURNAME/>该、该不会是来打架的吧… \n<SURNAME/>一看到他那张傻里傻气的脸…前辈，我，感觉好恶心!!"", ""<SURNAME/>那、那个人…不是渣高的番长吗？ <SURNAME/>该、该不会是来打架的吧… <SURNAME/>一看到他那张傻里傻气的脸…前辈，我，感觉好恶心!!""]","[""\n<SURNAME/>那、那个人…不是渣高的番长吗？ \n<SURNAME/>该、该不会是来打架的吧… \n<SURNAME/>一看到他那张傻里傻气的脸…前辈，我，感觉好恶心!!"", ""<SURNAME/>那、那个人…不是渣高的番长吗？ <SURNAME/>该、该不会是来打架的吧… <SURNAME/>一看到他那张傻里傻气的脸…前辈，我，感觉好恶心!!""]"
merged_versions_conflict,script:437_8,script:437_8:diag25,frontend/public/games/p2is/groups/script_437_8.json,"
<SURNAME/>あ、あのカス校の番長…
<SURNAME/>ずっと私を睨んでるんですけど…
<SURNAME/>私気ガ弱いから、熱ガ…先輩助けて…","
<SURNAME/>啊、那个渣校的番长…
<SURNAME/>一直瞪着我…
<SURNAME/>我胆子小，发烧了…前辈救救我…","[""\n<SURNAME/>那、那个渣高的番长… \n<SURNAME/>一直瞪着我… \n<SURNAME/>我胆子小、发烧了…前辈救救我…"", ""<SURNAME/>那、那个渣高的番长… <SURNAME/>一直瞪着我… <SURNAME/>我胆子小、发烧了…前辈救救我…""]","[""\n<SURNAME/>那、那个渣高的番长… \n<SURNAME/>一直瞪着我… \n<SURNAME/>我胆子小、发烧了…前辈救救我…"", ""<SURNAME/>那、那个渣高的番长… <SURNAME/>一直瞪着我… <SURNAME/>我胆子小、发烧了…前辈救救我…""]"
merged_versions_conflict,script:437_8,script:437_8:diag26,frontend/public/games/p2is/groups/script_437_8.json,"
<SURNAME/>しくしく…<pause:30/>
<SURNAME/>とうとう私もこんな顔に…<pause:30/>
<SURNAME/>なんか番長は怖いし…しくしく…","
<SURNAME/>呜呜…<pause:30/>
<SURNAME/>终于我也变成这样脸了…<pause:30/>
<SURNAME/>而且番长好可怕…呜呜…","[""\n<SURNAME/>呜呜…<pause:30/> \n<SURNAME/>到头来我也变成这样的脸了…<pause:30/> \n<SURNAME/>而且番长好可怕…呜呜…"", ""<SURNAME/>呜呜…<pause:30/> <SURNAME/>到头来我也变成这样脸了…<pause:30/> <SURNAME/>而且番长好可怕…呜呜…""]","[""\n<SURNAME/>呜呜…<pause:30/> \n<SURNAME/>到头来我也变成这样的脸了…<pause:30/> \n<SURNAME/>而且番长好可怕…呜呜…"", ""<SURNAME/>呜呜…<pause:30/> <SURNAME/>到头来我也变成这样脸了…<pause:30/> <SURNAME/>而且番长好可怕…呜呜…""]"
merged_versions_conflict,script:437_8,script:437_8:diag27,frontend/public/games/p2is/groups/script_437_8.json,"
<SURNAME/>しくしく…<pause:30/>
<SURNAME/>呪いは解けたけど、まだ番長ガいる…<pause:30/>
<SURNAME/>きっと変なことする気なんだわ…しくしく…","
<SURNAME/>呜呜…<pause:30/>
<SURNAME/>诅咒解除了，但番长还在…<pause:30/>
<SURNAME/>肯定想干怪事…呜呜…","[""\n<SURNAME/>呜呜…<pause:30/> \n<SURNAME/>诅咒虽然解除了，但番长还在这…<pause:30/> \n<SURNAME/>他一定是想做什么奇怪的事情…呜呜…"", ""<SURNAME/>呜呜…<pause:30/> <SURNAME/>诅咒虽然解除了，但番长还在这…<pause:30/> <SURNAME/>他一定是想做什么奇怪的事情了…呜呜…""]","[""\n<SURNAME/>呜呜…<pause:30/> \n<SURNAME/>诅咒虽然解除了，但番长还在这…<pause:30/> \n<SURNAME/>他一定是想做什么奇怪的事情…呜呜…"", ""<SURNAME/>呜呜…<pause:30/> <SURNAME/>诅咒虽然解除了，但番长还在这…<pause:30/> <SURNAME/>他一定是想做什么奇怪的事情了…呜呜…""]"
merged_versions_conflict,script:437_8,script:437_8:diag28,frontend/public/games/p2is/groups/script_437_8.json,"
<SURNAME/>先輩!<SURNAME/>あいつやっぱり改造されたんですよ!!
<SURNAME/>身体から変な機械みたいな音ガするの。","
<SURNAME/>前辈!<SURNAME/>那家伙果然被改造了!!
<SURNAME/>身体发出奇怪的机械声。","[""\n<SURNAME/>前辈!<SURNAME/>那家伙果然被改造了!! \n<SURNAME/>他的身体一直发出些奇怪的机械声啊。"", ""<SURNAME/>前辈!<SURNAME/>那家伙果然被改造了!! <SURNAME/>他的身体一直发出些奇怪的机械声啊。""]","[""\n<SURNAME/>前辈!<SURNAME/>那家伙果然被改造了!! \n<SURNAME/>他的身体一直发出些奇怪的机械声啊。"", ""<SURNAME/>前辈!<SURNAME/>那家伙果然被改造了!! <SURNAME/>他的身体一直发出些奇怪的机械声啊。""]"
merged_versions_conflict,script:437_8,script:437_8:diag29,frontend/public/games/p2is/groups/script_437_8.json,"
<SURNAME/>絶対、どっかの秘密結社に改造されたんだよ。
<SURNAME/>みんなに教えておいたかいガあったわ!!","
<SURNAME/>绝对是被哪个秘密结社改造的。
<SURNAME/>告诉大家果然是对的!!","[""\n<SURNAME/>绝对是被哪个秘密结社改造了。 \n<SURNAME/>告诉大家，这件事果然是对的!!"", ""<SURNAME/>绝对是被哪个秘密结社改造了。 <SURNAME/>把这件事告诉大家，果然是对的!!""]","[""\n<SURNAME/>绝对是被哪个秘密结社改造了。 \n<SURNAME/>告诉大家，这件事果然是对的!!"", ""<SURNAME/>绝对是被哪个秘密结社改造了。 <SURNAME/>把这件事告诉大家，果然是对的!!""]"
merged_versions_conflict,script:437_8,script:437_8:diag3,frontend/public/games/p2is/groups/script_437_8.json,"
<SURNAME/>あそこのベイビィに、熱視線を送ってるのさ♥<pause:30/>
<SURNAME/>見ろよ。あんなに顔赤くしちゃってぇ〜
<SURNAME/>もう、彼女はボクのトリコさ♥","
<SURNAME/>在向那边的Baby送热辣视线呢♥<pause:30/>
<SURNAME/>看啊。脸都红成那样了～
<SURNAME/>已经，她是老子的俘虏了♥","[""\n<SURNAME/>我在给那边那位Baby送去热烈的目光哦♥<pause:30/> \n<SURNAME/>你看，她脸都红成那样了～ \n<SURNAME/>很明显，她已经成为我的俘虏了♥"", ""<SURNAME/>我在给那边那位Baby送去热烈的目光哦♥<pause:30/> <SURNAME/>你看，她脸都红成那样了～ <SURNAME/>很明显，她已经成了我的俘虏了♥""]","[""\n<SURNAME/>我在给那边那位Baby送去热烈的目光哦♥<pause:30/> \n<SURNAME/>你看，她脸都红成那样了～ \n<SURNAME/>很明显，她已经成为我的俘虏了♥"", ""<SURNAME/>我在给那边那位Baby送去热烈的目光哦♥<pause:30/> <SURNAME/>你看，她脸都红成那样了～ <SURNAME/>很明显，她已经成了我的俘虏了♥""]"
merged_versions_conflict,script:437_8,script:437_8:diag30,frontend/public/games/p2is/groups/script_437_8.json,"
<SURNAME/>あいつ、やっぱり改造されてたんだ!!
<SURNAME/>ね、機械の音だけじゃなくて、
<SURNAME/>喋り方までおかしくなったでしょ?","
<SURNAME/>那家伙，果然被改造了!!
<SURNAME/>看，不光机械声，
<SURNAME/>连说话方式都变怪了吧?","[""\n<SURNAME/>那家伙，果然被改造了!! \n<SURNAME/>你瞧，不光会发出机械声， \n<SURNAME/>就连说话方式都变奇怪了吧?"", ""<SURNAME/>那家伙，果然被改造了!! <SURNAME/>你瞧，不光会发出机械声， <SURNAME/>就连说话方式都变怪了吧?""]","[""\n<SURNAME/>那家伙，果然被改造了!! \n<SURNAME/>你瞧，不光会发出机械声， \n<SURNAME/>就连说话方式都变奇怪了吧?"", ""<SURNAME/>那家伙，果然被改造了!! <SURNAME/>你瞧，不光会发出机械声， <SURNAME/>就连说话方式都变怪了吧?""]"
merged_versions_conflict,script:437_8,script:437_8:diag31,frontend/public/games/p2is/groups/script_437_8.json,"
<SURNAME/>でなきゃ、レギュラーなんかなれっこないもの。
<SURNAME/>なんか様子もおかしいし、
<SURNAME/>壊れちゃうんじゃないかな?","
<SURNAME/>不然，怎么可能当上正式队员。
<SURNAME/>而且样子也怪怪的，
<SURNAME/>会不会坏掉啊?","[""\n<SURNAME/>不然他怎么可能当上正式队员。 \n<SURNAME/>而且样子也怪怪的，\n<SURNAME/>会不会坏掉啊?"", ""<SURNAME/>不然他怎么可能当上正式队员。 <SURNAME/>而且样子也怪怪的，<SURNAME/>会不会坏掉啊?""]","[""\n<SURNAME/>不然他怎么可能当上正式队员。 \n<SURNAME/>而且样子也怪怪的，\n<SURNAME/>会不会坏掉啊?"", ""<SURNAME/>不然他怎么可能当上正式队员。 <SURNAME/>而且样子也怪怪的，<SURNAME/>会不会坏掉啊?""]"
merged_versions_conflict,script:437_8,script:437_8:diag32,frontend/public/games/p2is/groups/script_437_8.json,"
<SURNAME/>え?<SURNAME/>先輩、時計台に行くの?
<SURNAME/>だってあそこ、教師の幽霊ガ出るって有名ですよ?
<SURNAME/>いくら先輩でも、幽霊には勝てないでしょ?","
<SURNAME/>诶?<SURNAME/>前辈要去钟楼?
<SURNAME/>那里出教师幽灵可有名了哦?
<SURNAME/>再厉害也赢不了幽灵吧?","[""\n<SURNAME/>诶?<SURNAME/>前辈要去钟楼? \n<SURNAME/>那个地方，可是因有老师幽灵出没而出名的哦? \n<SURNAME/>前辈你们再厉害也打不过幽灵吧？"", ""<SURNAME/>诶?<SURNAME/>前辈要去钟楼? <SURNAME/>那个地方，可是以有老师幽灵出没而出名的哦? <SURNAME/>前辈你们再厉害也打不过幽灵吧？""]","[""\n<SURNAME/>诶?<SURNAME/>前辈要去钟楼? \n<SURNAME/>那个地方，可是因有老师幽灵出没而出名的哦? \n<SURNAME/>前辈你们再厉害也打不过幽灵吧？"", ""<SURNAME/>诶?<SURNAME/>前辈要去钟楼? <SURNAME/>那个地方，可是以有老师幽灵出没而出名的哦? <SURNAME/>前辈你们再厉害也打不过幽灵吧？""]"
merged_versions_conflict,script:437_8,script:437_8:diag33,frontend/public/games/p2is/groups/script_437_8.json,"
<SURNAME/>うちの改造人間部員、
<SURNAME/>電池の切れたロボットみたいに、
<SURNAME/>とうとう動かなくなっちゃいました。","
<SURNAME/>我们那个改造人部员，
<SURNAME/>像没电的机器人一样，
<SURNAME/>终于动不了了。","[""\n<SURNAME/>我们那个改造人部员，\n<SURNAME/>终于像个没电的机器人一样， \n<SURNAME/>一动不动了。"", ""<SURNAME/>我们那个改造人部员，<SURNAME/>终于像个没电的机器人一样， <SURNAME/>一动不动了。""]","[""\n<SURNAME/>我们那个改造人部员，\n<SURNAME/>终于像个没电的机器人一样， \n<SURNAME/>一动不动了。"", ""<SURNAME/>我们那个改造人部员，<SURNAME/>终于像个没电的机器人一样， <SURNAME/>一动不动了。""]"
merged_versions_conflict,script:437_8,script:437_8:diag34,frontend/public/games/p2is/groups/script_437_8.json,"
<SURNAME/>救急車で病院に運ばれていったけど、
<SURNAME/>あれじゃ整備工場持ってった方ガいいのになぁ。","
<SURNAME/>被救护车送医院了，
<SURNAME/>但那样还不如送修理厂呢。","[""\n<SURNAME/>现在他被救护车送去医院了， \n<SURNAME/>但我看他那样还不如送去修理厂呢。"", ""<SURNAME/>现在被救护车送去医院了， <SURNAME/>但我看他那样还不如送去修理厂呢。""]","[""\n<SURNAME/>现在他被救护车送去医院了， \n<SURNAME/>但我看他那样还不如送去修理厂呢。"", ""<SURNAME/>现在被救护车送去医院了， <SURNAME/>但我看他那样还不如送去修理厂呢。""]"
merged_versions_conflict,script:437_8,script:437_8:diag35,frontend/public/games/p2is/groups/script_437_8.json,"
<SURNAME/>あ、先輩。チカリン見ました?<pause:30/>
<SURNAME/>そうですか…<pause:15/>なろお〜またピースダイナーで、
<SURNAME/>ハンバーガー食ってやガんな!?","
<SURNAME/>啊，前辈。看到千佳琳了吗?<pause:30/>
<SURNAME/>这样啊…<pause:15/>果然〜又在和平餐厅，
<SURNAME/>吃汉堡吧嘎哪!?","[""\n<SURNAME/>啊，前辈。你看到小知香了吗?<pause:30/> \n<SURNAME/>这样啊…<pause:15/>这混球…又跑到和平餐馆\n<SURNAME/>吃汉堡了是吧!?"", ""<SURNAME/>啊，前辈。看到小知香了吗?<pause:30/> <SURNAME/>这样啊…<pause:15/>这混球…又跑到和平餐厅<SURNAME/>吃汉堡了是吧!?""]","[""\n<SURNAME/>啊，前辈。你看到小知香了吗?<pause:30/> \n<SURNAME/>这样啊…<pause:15/>这混球…又跑到和平餐馆\n<SURNAME/>吃汉堡了是吧!?"", ""<SURNAME/>啊，前辈。看到小知香了吗?<pause:30/> <SURNAME/>这样啊…<pause:15/>这混球…又跑到和平餐厅<SURNAME/>吃汉堡了是吧!?""]"
merged_versions_conflict,script:437_8,script:437_8:diag36,frontend/public/games/p2is/groups/script_437_8.json,"
<SURNAME/>先輩、エンブレム探してるんでしょ?
<SURNAME/>ここのは、あとあの壁のやつだけですよ。
<SURNAME/>お願いします!!","
<SURNAME/>前辈，在找纹章对吧?
<SURNAME/>这里的，只剩墙上那个了。
<SURNAME/>拜托了!!","[""\n<SURNAME/>前辈，在找徽章对吧? \n<SURNAME/>这里就只剩墙上的那个了。 \n<SURNAME/>拜托你了!!"", ""<SURNAME/>前辈，在找徽章对吧? <SURNAME/>这里就只剩墙上的那个了。 <SURNAME/>拜托你了!!""]","[""\n<SURNAME/>前辈，在找徽章对吧? \n<SURNAME/>这里就只剩墙上的那个了。 \n<SURNAME/>拜托你了!!"", ""<SURNAME/>前辈，在找徽章对吧? <SURNAME/>这里就只剩墙上的那个了。 <SURNAME/>拜托你了!!""]"
merged_versions_conflict,script:437_8,script:437_8:diag39,frontend/public/games/p2is/groups/script_437_8.json,"
<SURNAME/>先輩も、後片付けしたほうガいいですよ。
<SURNAME/>反谷校長、怒ってるみたいだし。
<SURNAME/>まったく、エンブレム壊すんじゃなかったなぁ。","
<SURNAME/>前辈也最好收拾一下残局哦。
<SURNAME/>般若校长好像生气了。
<SURNAME/>真是的，不该破坏纹章的啊。","[""\n<SURNAME/>前辈也最好收拾一下残局哦。 \n<SURNAME/>反谷校长好像生气了。 \n<SURNAME/>真是的，早知道这样就不该破坏徽章的啊。"", ""<SURNAME/>前辈也最好收拾一下残局哦。 <SURNAME/>反谷校长好像生气了。 <SURNAME/>真是的，早知道这样就不该破坏徽章的啊。""]","[""\n<SURNAME/>前辈也最好收拾一下残局哦。 \n<SURNAME/>反谷校长好像生气了。 \n<SURNAME/>真是的，早知道这样就不该破坏徽章的啊。"", ""<SURNAME/>前辈也最好收拾一下残局哦。 <SURNAME/>反谷校长好像生气了。 <SURNAME/>真是的，早知道这样就不该破坏徽章的啊。""]"
merged_versions_conflict,script:437_8,script:437_8:diag4,frontend/public/games/p2is/groups/script_437_8.json,"
<SURNAME/>マイガッ!!
<SURNAME/>ボ、ボクの仔猫ちゃんガ…<pause:30/>あんな姿に…","
<SURNAME/>My God!!
<SURNAME/>老、老子的小猫咪…<pause:30/>变成那副样子了…","[""<SURNAME/>My God!! \n<SURNAME/>我、我的小猫咪…<pause:30/>竟然都变成了那副样子…"", ""<SURNAME/>My God!! <SURNAME/>我、我的小猫咪…<pause:30/>竟然都变成那副样子…""]","[""<SURNAME/>My God!! \n<SURNAME/>我、我的小猫咪…<pause:30/>竟然都变成了那副样子…"", ""<SURNAME/>My God!! <SURNAME/>我、我的小猫咪…<pause:30/>竟然都变成那副样子…""]"
merged_versions_conflict,script:437_8,script:437_8:diag40,frontend/public/games/p2is/groups/script_437_8.json,"
<SURNAME/>先輩、カス校の新へッドってご存知ですか?<pause:15/>
<SURNAME/>そいつ番長よりも強いって噂なんですよ。
<SURNAME/>ここに攻撃に来たりしませんよね?","
<SURNAME/>前辈，知道渣校的新头目吗？<pause:15/>
<SURNAME/>传闻那家伙比番长还强哦。
<SURNAME/>不会来这里攻击吧？","[""\n<SURNAME/>前辈，你知道渣高的新头目吗？<pause:15/> \n<SURNAME/>传闻说那家伙比番长还强哦。 \n<SURNAME/>应该不会打到这里来吧？"", ""<SURNAME/>前辈，你知道渣高的新头目吗？<pause:15/> <SURNAME/>传闻那家伙比番长还强哦。 <SURNAME/>应该不会打到这里来吧？""]","[""\n<SURNAME/>前辈，你知道渣高的新头目吗？<pause:15/> \n<SURNAME/>传闻说那家伙比番长还强哦。 \n<SURNAME/>应该不会打到这里来吧？"", ""<SURNAME/>前辈，你知道渣高的新头目吗？<pause:15/> <SURNAME/>传闻那家伙比番长还强哦。 <SURNAME/>应该不会打到这里来吧？""]"
merged_versions_conflict,script:437_8,script:437_8:diag43,frontend/public/games/p2is/groups/script_437_8.json,"
<SURNAME/>ここの後片付けはまかせて、
<SURNAME/>先輩は残りの紋章を壊しに行って下さい。","
<SURNAME/>这里的收拾就交给我，
<SURNAME/>前辈请去破坏剩下的纹章吧。","[""\n<SURNAME/>这里就交给我来收拾， \n<SURNAME/>前辈请去破坏剩下的徽章吧。"", ""<SURNAME/>这里就交给我来收拾， <SURNAME/>前辈请去破坏剩下的徽章吧。""]","[""\n<SURNAME/>这里就交给我来收拾， \n<SURNAME/>前辈请去破坏剩下的徽章吧。"", ""<SURNAME/>这里就交给我来收拾， <SURNAME/>前辈请去破坏剩下的徽章吧。""]"
merged_versions_conflict,script:437_8,script:437_8:diag5,frontend/public/games/p2is/groups/script_437_8.json,"
<SURNAME/>んなろお!!
<SURNAME/>ハンニャとか言う野郎、ただじゃおかねぇぞ!!<pause:30/>
<SURNAME/>待ってな!!<SURNAME/>俺ガ必ず元に戻してやっからな!","
<SURNAME/>岂有此理!!
<SURNAME/>叫般若的家伙，老子不会放过你的!!<pause:30/>
<SURNAME/>等着吧!!<SURNAME/>老子一定会把你恢复原状的!","[""\n<SURNAME/>岂有此理!! \n<SURNAME/>那个叫般若的家伙，老子不会放过他的!!<pause:30/> \n<SURNAME/>等着吧!!<SURNAME/>老子一定会把你恢复原状的!"", ""<SURNAME/>岂有此理!! <SURNAME/>那个叫般若的家伙，老子不会放过他的!!<pause:30/> <SURNAME/>等着吧!!<SURNAME/>老子一定会把你恢复原状的!""]","[""\n<SURNAME/>岂有此理!! \n<SURNAME/>那个叫般若的家伙，老子不会放过他的!!<pause:30/> \n<SURNAME/>等着吧!!<SURNAME/>老子一定会把你恢复原状的!"", ""<SURNAME/>岂有此理!! <SURNAME/>那个叫般若的家伙，老子不会放过他的!!<pause:30/> <SURNAME/>等着吧!!<SURNAME/>老子一定会把你恢复原状的!""]"
merged_versions_conflict,script:437_8,script:437_8:diag6,frontend/public/games/p2is/groups/script_437_8.json,"
<SURNAME/>見ろよ<c12/>。
<SURNAME/>仔猫ちゃん、ボクに感謝して泣いてるぜ?","
<SURNAME/>看啊<c12/>。
<SURNAME/>小猫咪，在感激老子哭了呢?","[""\n<SURNAME/><c12/>你看。 \n<SURNAME/>小猫咪她，对我都感激涕零了哦?"", ""<SURNAME/>你看啊，<c12/>。 <SURNAME/>小猫咪她，对我都感激涕零了哦?""]","[""\n<SURNAME/><c12/>你看。 \n<SURNAME/>小猫咪她，对我都感激涕零了哦?"", ""<SURNAME/>你看啊，<c12/>。 <SURNAME/>小猫咪她，对我都感激涕零了哦?""]"
merged_versions_conflict,script:437_8,script:437_8:diag7,frontend/public/games/p2is/groups/script_437_8.json,"
<SURNAME/>ゴメンよベイビィ。<pause:30/>
<SURNAME/>キミの気持ちは痛いほどわかるけど、
<SURNAME/>ボクは行かなきゃいけないんだ。アディオス!!","
<SURNAME/>抱歉啊Baby。<pause:30/>
<SURNAME/>你的心情我痛切理解，
<SURNAME/>但老子非走不可。Adiós!!","[""\n<SURNAME/>抱歉啊，Baby。<pause:30/> \n<SURNAME/>你的心情我都理解得感到心痛， \n<SURNAME/>但是我现在必须要走了。Adiós!!"", ""<SURNAME/>抱歉啊，Baby。<pause:30/> <SURNAME/>你的心情我都懂到心疼， <SURNAME/>但是我现在必须要走了。Adiós!!""]","[""\n<SURNAME/>抱歉啊，Baby。<pause:30/> \n<SURNAME/>你的心情我都理解得感到心痛， \n<SURNAME/>但是我现在必须要走了。Adiós!!"", ""<SURNAME/>抱歉啊，Baby。<pause:30/> <SURNAME/>你的心情我都懂到心疼， <SURNAME/>但是我现在必须要走了。Adiós!!""]"
merged_versions_conflict,script:437_8,script:437_8:diag8,frontend/public/games/p2is/groups/script_437_8.json,"
<SURNAME/>ねぇ<c13/>…<pause:30/>
<SURNAME/>コイツつれてて、ほんとだいじょぶ?
<SURNAME/>チヨー不安になってきたんだけど…","
<SURNAME/>喂<c13/>…<pause:30/>
<SURNAME/>带着这家伙，真的没问题？
<SURNAME/>超不安的啦…","[""\n<SURNAME/>喂，<c13/>…<pause:30/> \n<SURNAME/>带着这家伙真的没问题吗？ \n<SURNAME/>我超不安的啦…"", ""<SURNAME/>喂，<c13/>…<pause:30/> <SURNAME/>带着这家伙真没问题吗？ <SURNAME/>我超不安的啦…""]","[""\n<SURNAME/>喂，<c13/>…<pause:30/> \n<SURNAME/>带着这家伙真的没问题吗？ \n<SURNAME/>我超不安的啦…"", ""<SURNAME/>喂，<c13/>…<pause:30/> <SURNAME/>带着这家伙真没问题吗？ <SURNAME/>我超不安的啦…""]"
merged_versions_conflict,script:437_8,script:437_8:diag9,frontend/public/games/p2is/groups/script_437_8.json,"
<SURNAME/>ここまでおめでたいと、
<SURNAME/>面白いの通り越して哀れだよね…<pause:30/>
<SURNAME/>こいつ、小さい頃からこんなんだったのかな?","
<SURNAME/>天真到这地步，
<SURNAME/>与其说有趣不如说可怜呢…<pause:30/>
<SURNAME/>这家伙，从小就这样吗？","[""\n<SURNAME/>能傻到这种地步， \n<SURNAME/>与其说有趣不如说可怜呢…<pause:30/> \n<SURNAME/>这家伙，从小就这样吗？"", ""<SURNAME/>能傻到这种地步， <SURNAME/>与其说有趣不如说可怜呢…<pause:30/> <SURNAME/>这家伙，从小就这样吗？""]","[""\n<SURNAME/>能傻到这种地步， \n<SURNAME/>与其说有趣不如说可怜呢…<pause:30/> \n<SURNAME/>这家伙，从小就这样吗？"", ""<SURNAME/>能傻到这种地步， <SURNAME/>与其说有趣不如说可怜呢…<pause:30/> <SURNAME/>这家伙，从小就这样吗？""]"
merged_versions_conflict,script:439_8,script:439_8:diag0,frontend/public/games/p2is/groups/script_439_8.json,"
<SURNAME/>おい<c12/>…<pause:30/>
<SURNAME/>このダンボール…縄とローソク入ってんだけど…<pause:30/>
<SURNAME/>いや、なんでもねぇ…考え過ぎだ。","
<SURNAME/>喂<c12/>…<pause:30/>
<SURNAME/>这个纸箱…有绳子和蜡烛啊…<pause:30/>
<SURNAME/>不，没什么…想太多了。","[""\\n<SURNAME/>喂<c12/>…<pause:30/>\\n<SURNAME/>这个纸箱里面有绳子和蜡烛啊…<pause:30/>\\n<SURNAME/>不，没什么…是我想多了。"", ""<SURNAME/>喂<c12/>…<pause:30/> <SURNAME/>这个纸箱里…有绳子和蜡烛啊…<pause:30/> <SURNAME/>不，没什么…是我想太多了。""]","[""\\n<SURNAME/>喂<c12/>…<pause:30/>\\n<SURNAME/>这个纸箱里面有绳子和蜡烛啊…<pause:30/>\\n<SURNAME/>不，没什么…是我想多了。"", ""<SURNAME/>喂<c12/>…<pause:30/> <SURNAME/>这个纸箱里…有绳子和蜡烛啊…<pause:30/> <SURNAME/>不，没什么…是我想太多了。""]"
merged_versions_conflict,script:439_8,script:439_8:diag1,frontend/public/games/p2is/groups/script_439_8.json,"
<SURNAME/>荒縄とローソク…<pause:30/>
<SURNAME/>男と女…<pause:30/>
<SURNAME/>い、いや、俺の考え過ぎだ。そうに決まってる!","
<SURNAME/>粗绳和蜡烛…<pause:30/>
<SURNAME/>男人和女人…<pause:30/>
<SURNAME/>不、不，是老子想太多了。肯定是这样!","[""\\n<SURNAME/>粗绳和蜡烛…<pause:30/>\\n<SURNAME/>男人和女人…<pause:30/>\\n<SURNAME/>不、不，是我想太多了。肯定是这样!"", ""<SURNAME/>粗绳和蜡烛…<pause:30/> <SURNAME/>男人和女人…<pause:30/> <SURNAME/>不对不对，是我想多了，一定是我想多了!""]","[""\\n<SURNAME/>粗绳和蜡烛…<pause:30/>\\n<SURNAME/>男人和女人…<pause:30/>\\n<SURNAME/>不、不，是我想太多了。肯定是这样!"", ""<SURNAME/>粗绳和蜡烛…<pause:30/> <SURNAME/>男人和女人…<pause:30/> <SURNAME/>不对不对，是我想多了，一定是我想多了!""]"
merged_versions_conflict,script:439_8,script:439_8:diag10,frontend/public/games/p2is/groups/script_439_8.json,"
<SURNAME/>時計台の鍵って誰ガ管理してるのかな…
<SURNAME/>たぶん、学校の先生達なら
<SURNAME/>知ってるんだろうけど…","
<SURNAME/>钟楼的钥匙是谁在管理呢…
<SURNAME/>大概，学校的老师们
<SURNAME/>应该知道吧…","[""\n<SURNAME/>钟楼的钥匙是谁在保管呢… \n<SURNAME/>我想学校的老师们 \n<SURNAME/>应该有知道的吧…"", ""<SURNAME/>钟楼的钥匙是谁在保管呢… <SURNAME/>我想学校的老师们 <SURNAME/>应该有知道的吧…""]","[""\n<SURNAME/>钟楼的钥匙是谁在保管呢… \n<SURNAME/>我想学校的老师们 \n<SURNAME/>应该有知道的吧…"", ""<SURNAME/>钟楼的钥匙是谁在保管呢… <SURNAME/>我想学校的老师们 <SURNAME/>应该有知道的吧…""]"
merged_versions_conflict,script:439_8,script:439_8:diag11,frontend/public/games/p2is/groups/script_439_8.json,"
<SURNAME/>さて、これで時計台に入れるわね。<pause:30/>
<SURNAME/>校長ガどう出てくるか…<pause:30/>
<SURNAME/>用心してね、<c13/>クン。","
<SURNAME/>好了，这下能进钟楼了呢。<pause:30/>
<SURNAME/>校长会怎么出现呢…<pause:30/>
<SURNAME/>小心点，<c13/>君。","[""\n<SURNAME/>好了，这下能进钟楼了呢。<pause:30/> \n<SURNAME/>校长会怎么出现呢…<pause:30/> \n<SURNAME/>最好小心点，<c13/>君。"", ""<SURNAME/>好了，这下能进钟楼了呢。<pause:30/> <SURNAME/>校长会怎么出现呢…<pause:30/> <SURNAME/>最好小心点，<c13/>君。""]","[""\n<SURNAME/>好了，这下能进钟楼了呢。<pause:30/> \n<SURNAME/>校长会怎么出现呢…<pause:30/> \n<SURNAME/>最好小心点，<c13/>君。"", ""<SURNAME/>好了，这下能进钟楼了呢。<pause:30/> <SURNAME/>校长会怎么出现呢…<pause:30/> <SURNAME/>最好小心点，<c13/>君。""]"
merged_versions_conflict,script:439_8,script:439_8:diag12,frontend/public/games/p2is/groups/script_439_8.json,"
<SURNAME/>しっかし、ものの見事に呪いガ解けたね。<pause:30/>
<SURNAME/>半分冗談のつもりだったんだけど、
<SURNAME/>やっぱり、噂ガ現実になってるってことかな?","
<SURNAME/>不过，诅咒解得真漂亮呢。<pause:30/>
<SURNAME/>本来只是半开玩笑的，
<SURNAME/>果然，传闻变成现实了吧?","[""\\n<SURNAME/>不过，诅咒被顺利解除掉了呢。<pause:30/>\\n<SURNAME/>本来只是半开玩笑的，\\n<SURNAME/>看来果然是传闻变成现实了吧?"", ""<SURNAME/>不过，诅咒还真就这样完美解开了呢。<pause:30/> <SURNAME/>本来我只是半开玩笑的， <SURNAME/>现在看来，传闻果真变成现实吧?""]","[""\\n<SURNAME/>不过，诅咒被顺利解除掉了呢。<pause:30/>\\n<SURNAME/>本来只是半开玩笑的，\\n<SURNAME/>看来果然是传闻变成现实了吧?"", ""<SURNAME/>不过，诅咒还真就这样完美解开了呢。<pause:30/> <SURNAME/>本来我只是半开玩笑的， <SURNAME/>现在看来，传闻果真变成现实吧?""]"
merged_versions_conflict,script:439_8,script:439_8:diag13,frontend/public/games/p2is/groups/script_439_8.json,"
<SURNAME/>アタシらは悪魔に狙われるのに、
<SURNAME/>他の連中は存在すら気付いてないみたいだね。<pause:30/>
<SURNAME/>刺客とはよく言ったもんだよ。","
<SURNAME/>我们被恶魔盯上，
<SURNAME/>其他人却连存在都没注意到呢。<pause:30/>
<SURNAME/>刺客这词说得真妙啊。","[""\\n<SURNAME/>我们都被恶魔盯上了，\\n<SURNAME/>其他人却连存在都还注意不到呢。<pause:30/>\\n<SURNAME/>刺客这词用得真妙啊。"", ""<SURNAME/>我们都被恶魔盯上了， <SURNAME/>其他人却一点都没注意到它们呢。<pause:30/> <SURNAME/>刺客这词说得可真巧妙啊。""]","[""\\n<SURNAME/>我们都被恶魔盯上了，\\n<SURNAME/>其他人却连存在都还注意不到呢。<pause:30/>\\n<SURNAME/>刺客这词用得真妙啊。"", ""<SURNAME/>我们都被恶魔盯上了， <SURNAME/>其他人却一点都没注意到它们呢。<pause:30/> <SURNAME/>刺客这词说得可真巧妙啊。""]"
merged_versions_conflict,script:439_8,script:439_8:diag14,frontend/public/games/p2is/groups/script_439_8.json,"
<SURNAME/>ハンニャの奴も、鍵持ってたんだろう?<pause:30/>
<SURNAME/>てことは、いよいよ3年ぶりに御対面ってわけだ。<pause:30/>
<SURNAME/>しっかり挨拶しないとねぇ…<pause:30/>ふっふっふ。","
<SURNAME/>般若那家伙，也拿着钥匙吧?<pause:30/>
<SURNAME/>也就是说，终于要三年后重逢了呢。<pause:30/>
<SURNAME/>得好好打个招呼呢…<pause:30/>呵呵呵。","[""\\n<SURNAME/>般若那家伙，也拿着钥匙吧?<pause:30/>\\n<SURNAME/>也就是说，终于要迎来时隔三年的重逢了呢。<pause:30/>\\n<SURNAME/>得好好打个招呼呢…<pause:30/>呵呵呵。"", ""<SURNAME/>般若那家伙也拿着钥匙吧?<pause:30/> <SURNAME/>也就是说，时隔三年终于要重逢了呢。<pause:30/> <SURNAME/>得好好跟他打个招呼才行…<pause:30/>哼哼哼。""]","[""\\n<SURNAME/>般若那家伙，也拿着钥匙吧?<pause:30/>\\n<SURNAME/>也就是说，终于要迎来时隔三年的重逢了呢。<pause:30/>\\n<SURNAME/>得好好打个招呼呢…<pause:30/>呵呵呵。"", ""<SURNAME/>般若那家伙也拿着钥匙吧?<pause:30/> <SURNAME/>也就是说，时隔三年终于要重逢了呢。<pause:30/> <SURNAME/>得好好跟他打个招呼才行…<pause:30/>哼哼哼。""]"
merged_versions_conflict,script:439_8,script:439_8:diag15,frontend/public/games/p2is/groups/script_439_8.json,"
<SURNAME/>噂ガ現実になる…か。<pause:30/>無茶苦茶な話だけど、
<SURNAME/>前に起きた事件もそうだったしね。
<SURNAME/>今はそう割り切るしかないかな。","
<SURNAME/>传闻变成现实…吗。<pause:30/>虽然很荒唐，
<SURNAME/>之前的事件也是这样呢。
<SURNAME/>现在只能这样认为了吧。","[""\n<SURNAME/>传闻变成现实…吗。<pause:30/>虽然很荒唐， \n<SURNAME/>之前的事件也是这样呢。 \n<SURNAME/>现在只能这样认为了吧。"", ""<SURNAME/>传闻变成现实…吗。<pause:30/>虽然很荒唐， <SURNAME/>之前的事件也是这样呢。 <SURNAME/>现在只能这样认为了吧。""]","[""\n<SURNAME/>传闻变成现实…吗。<pause:30/>虽然很荒唐， \n<SURNAME/>之前的事件也是这样呢。 \n<SURNAME/>现在只能这样认为了吧。"", ""<SURNAME/>传闻变成现实…吗。<pause:30/>虽然很荒唐， <SURNAME/>之前的事件也是这样呢。 <SURNAME/>现在只能这样认为了吧。""]"
merged_versions_conflict,script:439_8,script:439_8:diag16,frontend/public/games/p2is/groups/script_439_8.json,"
<SURNAME/>木木木。
<SURNAME/>おじいちゃんになにか用?
<SURNAME/>大時計ガどうとかって飛んでっちゃったけどねー","
<SURNAME/>呵呵呵。
<SURNAME/>找老爷爷有什么事?
<SURNAME/>大钟什么的飞走了呢—","[""\n<SURNAME/>呵呵呵，\n<SURNAME/>找老爷子有什么事吗? \n<SURNAME/>他嘴里念叨着什么大钟的就飞奔出去了呢—"", ""<SURNAME/>呵呵呵，<SURNAME/>找老爷子有什么事吗? <SURNAME/>他嘴里念叨着什么大钟的就飞奔出去了呢—""]","[""\n<SURNAME/>呵呵呵，\n<SURNAME/>找老爷子有什么事吗? \n<SURNAME/>他嘴里念叨着什么大钟的就飞奔出去了呢—"", ""<SURNAME/>呵呵呵，<SURNAME/>找老爷子有什么事吗? <SURNAME/>他嘴里念叨着什么大钟的就飞奔出去了呢—""]"
merged_versions_conflict,script:439_8,script:439_8:diag19,frontend/public/games/p2is/groups/script_439_8.json,"
<SURNAME/>木木木。
<SURNAME/>おじいちゃんならまだ戻ってないわよー
<SURNAME/>どこかで倒れてなきゃいいけどねー","
<SURNAME/>呵呵呵。
<SURNAME/>老爷爷还没回来哦—
<SURNAME/>希望没在哪儿倒下呢—","[""\n<SURNAME/>呵呵呵，\n<SURNAME/>老爷子他还没回来哦— \n<SURNAME/>希望没在哪儿摔倒了呢—"", ""<SURNAME/>呵呵呵，<SURNAME/>老爷子他还没回来哦— <SURNAME/>希望没在哪儿摔倒了呢—""]","[""\n<SURNAME/>呵呵呵，\n<SURNAME/>老爷子他还没回来哦— \n<SURNAME/>希望没在哪儿摔倒了呢—"", ""<SURNAME/>呵呵呵，<SURNAME/>老爷子他还没回来哦— <SURNAME/>希望没在哪儿摔倒了呢—""]"
merged_versions_conflict,script:439_8,script:439_8:diag2,frontend/public/games/p2is/groups/script_439_8.json,"
<SURNAME/>うんうん、カギは見つかったね。じっちゃん…<pause:30/>
<SURNAME/>ところで、あの箱の中味なんだけど…<pause:30/>
<SURNAME/>だ、だめだ!<SURNAME/>やっぱり聞けねぇ!","
<SURNAME/>嗯嗯，钥匙找到了呢。爷爷…<pause:30/>
<SURNAME/>话说，那个箱子里面的东西…<pause:30/>
<SURNAME/>不、不行!<SURNAME/>还是问不出口!","[""\n<SURNAME/>嗯嗯，钥匙找到了呢。爷爷…<pause:30/> \n<SURNAME/>话说，那个箱子里面的东西…<pause:30/> \n<SURNAME/>不、不行啊!<SURNAME/>果然还是问不出口!"", ""<SURNAME/>嗯嗯，钥匙找到了呢。爷爷…<pause:30/> <SURNAME/>话说，那个箱子里面的东西…<pause:30/> <SURNAME/>不、不行啊!<SURNAME/>果然还是问不出口!""]","[""\n<SURNAME/>嗯嗯，钥匙找到了呢。爷爷…<pause:30/> \n<SURNAME/>话说，那个箱子里面的东西…<pause:30/> \n<SURNAME/>不、不行啊!<SURNAME/>果然还是问不出口!"", ""<SURNAME/>嗯嗯，钥匙找到了呢。爷爷…<pause:30/> <SURNAME/>话说，那个箱子里面的东西…<pause:30/> <SURNAME/>不、不行啊!<SURNAME/>果然还是问不出口!""]"
merged_versions_conflict,script:439_8,script:439_8:diag22,frontend/public/games/p2is/groups/script_439_8.json,"
<SURNAME/>木木木。
<SURNAME/>気を付けなさいねー
<SURNAME/>怪我したら、また来なさいねー","
<SURNAME/>呵呵呵。
<SURNAME/>要小心哦—
<SURNAME/>受伤了的话，再来哦—","[""\n<SURNAME/>呵呵呵， \n<SURNAME/>要小心哦— \n<SURNAME/>受伤了的话就再来吧—"", ""<SURNAME/>呵呵呵， <SURNAME/>要小心哦— <SURNAME/>受伤了的话就再来吧—""]","[""\n<SURNAME/>呵呵呵， \n<SURNAME/>要小心哦— \n<SURNAME/>受伤了的话就再来吧—"", ""<SURNAME/>呵呵呵， <SURNAME/>要小心哦— <SURNAME/>受伤了的话就再来吧—""]"
merged_versions_conflict,script:439_8,script:439_8:diag24,frontend/public/games/p2is/groups/script_439_8.json,"
<SURNAME/>木木木。あの春日山高校の子、おもしろいわねー<pause:15/>
<SURNAME/>よくわからないけど、
<SURNAME/>「お幸せに」なんて言うのよー","
<SURNAME/>呵呵呵。那个春日山高中的孩子，真有趣呢—<pause:15/>
<SURNAME/>虽然不太明白，
<SURNAME/>说什么“祝你幸福”呢—","[""\n<SURNAME/>呵呵呵，那个春日山高中的孩子跟我说什么“祝你幸福”呢，<pause:15/> \n<SURNAME/>虽然不太明白什么意思，\n<SURNAME/>但那孩子可真有意思——"", ""<SURNAME/>呵呵呵，那个春日山高中的孩子跟我说什么“祝你幸福”呢，<pause:15/> <SURNAME/>虽然不太明白什么意思， <SURNAME/>但那孩子可真有意思ー""]","[""\n<SURNAME/>呵呵呵，那个春日山高中的孩子跟我说什么“祝你幸福”呢，<pause:15/> \n<SURNAME/>虽然不太明白什么意思，\n<SURNAME/>但那孩子可真有意思——"", ""<SURNAME/>呵呵呵，那个春日山高中的孩子跟我说什么“祝你幸福”呢，<pause:15/> <SURNAME/>虽然不太明白什么意思， <SURNAME/>但那孩子可真有意思ー""]"
merged_versions_conflict,script:439_8,script:439_8:diag25,frontend/public/games/p2is/groups/script_439_8.json,"
<SURNAME/>おお、まさか自分の首にかけていたとはのお…
<SURNAME/>歳はとりたくないもんじゃ。
<SURNAME/>ところで、探し物の鍵は見つかったのかの?","
<SURNAME/>哦哦，没想到挂在自己脖子上啊…
<SURNAME/>年纪大了真不行啊。
<SURNAME/>话说，要找的钥匙找到了吗?","[""\n<SURNAME/>哎呀，没想到是挂在了自己脖子上啊… \n<SURNAME/>年纪大了真是不行啊。 \n<SURNAME/>话说，你们要找的钥匙找到了吗?"", ""<SURNAME/>哎呀，没想到是挂在了自己脖子上啊… <SURNAME/>年纪大了真不行啊。 <SURNAME/>话说，你们要找的钥匙找到了吗?""]","[""\n<SURNAME/>哎呀，没想到是挂在了自己脖子上啊… \n<SURNAME/>年纪大了真是不行啊。 \n<SURNAME/>话说，你们要找的钥匙找到了吗?"", ""<SURNAME/>哎呀，没想到是挂在了自己脖子上啊… <SURNAME/>年纪大了真不行啊。 <SURNAME/>话说，你们要找的钥匙找到了吗?""]"
merged_versions_conflict,script:439_8,script:439_8:diag26,frontend/public/games/p2is/groups/script_439_8.json,"
<SURNAME/>おお…時計台ガ…時計台ガ崩れてしまった…
<SURNAME/>これで良かったんじゃろうか…
<SURNAME/>これであの先生も、成仏なさるんじゃろうか…","
<SURNAME/>哦哦…钟楼…钟楼塌了…
<SURNAME/>这样就好了吗…
<SURNAME/>这样那位老师也能安息了吧…","[""\n<SURNAME/>哎呀…钟楼…钟楼塌了… \n<SURNAME/>这样就好了吗… \n<SURNAME/>这样的话那位老师也能安息了吧…"", ""<SURNAME/>哎呀…钟楼…钟楼塌了… <SURNAME/>这样就好了吗… <SURNAME/>这样的话那位老师也能安息了吧…""]","[""\n<SURNAME/>哎呀…钟楼…钟楼塌了… \n<SURNAME/>这样就好了吗… \n<SURNAME/>这样的话那位老师也能安息了吧…"", ""<SURNAME/>哎呀…钟楼…钟楼塌了… <SURNAME/>这样就好了吗… <SURNAME/>这样的话那位老师也能安息了吧…""]"
merged_versions_conflict,script:439_8,script:439_8:diag3,frontend/public/games/p2is/groups/script_439_8.json,"
<SURNAME/>わかったぜ、じっちゃん…<pause:30/>
<SURNAME/>やっぱ、いくつになっても漢は漢なんだよな!","
<SURNAME/>明白了，老爷爷…<pause:30/>
<SURNAME/>果然，无论多大年纪，汉子就是汉子啊!","[""\\n<SURNAME/>明白了，老爷爷…<pause:30/>\\n<SURNAME/>果然，无论多大年纪，男子汉就是男子汉啊!"", ""<SURNAME/>我明白了，爷爷…<pause:30/> <SURNAME/>果然，无论多大年纪，男子汉就是男子汉啊!""]","[""\\n<SURNAME/>明白了，老爷爷…<pause:30/>\\n<SURNAME/>果然，无论多大年纪，男子汉就是男子汉啊!"", ""<SURNAME/>我明白了，爷爷…<pause:30/> <SURNAME/>果然，无论多大年纪，男子汉就是男子汉啊!""]"
merged_versions_conflict,script:439_8,script:439_8:diag32,frontend/public/games/p2is/groups/script_439_8.json,"
<SURNAME/>吉川さゆりのブロマイドに紛れて…<pause:60/>
<SURNAME/>吉川さゆりの切りぬきガあった…",\n<SURNAME/>在成堆的吉川小百合的写真照里头……<pause:60/>\n<SURNAME/>竟还夹杂着一张吉川小百合的剪报……,"[""\\n<SURNAME/>在吉川小百合的照片中…<pause:60/>\\n<SURNAME/>找到了混在其中的小百合的剪报…"", ""<SURNAME/>在成堆的吉川小百合的写真照里头……<pause:60/> <SURNAME/>竟还夹杂着一张吉川小百合的剪报……""]","[""\\n<SURNAME/>在吉川小百合的照片中…<pause:60/>\\n<SURNAME/>找到了混在其中的小百合的剪报…"", ""<SURNAME/>在成堆的吉川小百合的写真照里头……<pause:60/> <SURNAME/>竟还夹杂着一张吉川小百合的剪报……""]"
merged_versions_conflict,script:439_8,script:439_8:diag4,frontend/public/games/p2is/groups/script_439_8.json,"
<SURNAME/>漢字の「漢」と書いておとこと読む!!
<SURNAME/>俺も<c12/>も漢だ。
<SURNAME/>箱の中身のこたぁ誰にも言わねぇから安心しな!","
<SURNAME/>汉字写‘汉’读作男人!!
<SURNAME/>老子和<c12/>都是汉子。
<SURNAME/>箱子里的事不会告诉任何人，放心吧!","[""\\n<SURNAME/>汉字写作‘汉’，读作男子汉!!\\n<SURNAME/>我和<c12/>都是男子汉。\\n<SURNAME/>箱子里的事不会告诉任何人，放心吧!"", ""<SURNAME/>写作”汉“而读作男子汉（おとこ）!! <SURNAME/>我和<c12/>都是男子汉， <SURNAME/>所以这箱子里的事我不会告诉任何人的，放心吧!"", ""<SURNAME/>汉字写“汉”而读作男人（おとこ）!! <SURNAME/>我和<c12/>都是男子汉， <SURNAME/>所以这箱子里的事我不会告诉任何人的，放心吧!""]","[""\\n<SURNAME/>汉字写作‘汉’，读作男子汉!!\\n<SURNAME/>我和<c12/>都是男子汉。\\n<SURNAME/>箱子里的事不会告诉任何人，放心吧!"", ""<SURNAME/>写作”汉“而读作男子汉（おとこ）!! <SURNAME/>我和<c12/>都是男子汉， <SURNAME/>所以这箱子里的事我不会告诉任何人的，放心吧!""]"
merged_versions_conflict,script:439_8,script:439_8:diag5,frontend/public/games/p2is/groups/script_439_8.json,"
<SURNAME/>う!?<pause:30/><SURNAME/>吉川さゆりのポスター…<pause:30/>
<SURNAME/>あのおじいちゃん、
<SURNAME/>うちの変態親父と同じ趣味してる…","
<SURNAME/>咦!?<pause:30/><SURNAME/>吉川小百合的海报…<pause:30/>
<SURNAME/>那个老爷爷，
<SURNAME/>和我家的变态老爸有同样的兴趣…","[""\n<SURNAME/>呜啊!?<pause:30/><SURNAME/>是吉川小百合的海报…<pause:30/> \n<SURNAME/>那个老爷爷， \n<SURNAME/>和我家的变态老爸有同样的兴趣呢…"", ""<SURNAME/>呜啊!?<pause:30/><SURNAME/>是吉川小百合的海报…<pause:30/> <SURNAME/>那个老爷爷， <SURNAME/>和我家的变态老爸有同样的兴趣呢…""]","[""\n<SURNAME/>呜啊!?<pause:30/><SURNAME/>是吉川小百合的海报…<pause:30/> \n<SURNAME/>那个老爷爷， \n<SURNAME/>和我家的变态老爸有同样的兴趣呢…"", ""<SURNAME/>呜啊!?<pause:30/><SURNAME/>是吉川小百合的海报…<pause:30/> <SURNAME/>那个老爷爷， <SURNAME/>和我家的变态老爸有同样的兴趣呢…""]"
merged_versions_conflict,script:439_8,script:439_8:diag6,frontend/public/games/p2is/groups/script_439_8.json,"
<SURNAME/>リサの広東語講座、その4〜!!<pause:30/>
<SURNAME/>好傷呀(木ゥシヨンア)は、つらい…とか、
<SURNAME/>悲しいって意味。あまり言わせないでね♥","
<SURNAME/>丽莎的广东话讲座，第4回〜!!<pause:30/>
<SURNAME/>好傷呀(木ゥシヨンア)是，痛苦…或者，
<SURNAME/>悲伤的意思。别让我说太多哦♥","[""\\n<SURNAME/>丽莎的广东话讲座，第4回〜!!<pause:30/>\\n<SURNAME/>好傷呀(hou soeng aa)指的是好痛苦呀…\\n<SURNAME/>是用来表达悲伤的说法。别让我解释太多次哦♥"", ""<SURNAME/>莉莎的广东话讲座，第4期〜!!<pause:30/> <SURNAME/>好傷呀(hou soeng aa)，是感到痛苦…还有，<SURNAME/>感到悲伤的意思。请不要让我说太多回哦♥""]","[""\\n<SURNAME/>丽莎的广东话讲座，第4回〜!!<pause:30/>\\n<SURNAME/>好傷呀(hou soeng aa)指的是好痛苦呀…\\n<SURNAME/>是用来表达悲伤的说法。别让我解释太多次哦♥"", ""<SURNAME/>莉莎的广东话讲座，第4期〜!!<pause:30/> <SURNAME/>好傷呀(hou soeng aa)，是感到痛苦…还有，<SURNAME/>感到悲伤的意思。请不要让我说太多回哦♥""]"
merged_versions_conflict,script:439_8,script:439_8:diag7,frontend/public/games/p2is/groups/script_439_8.json,"
<SURNAME/>あのー喂喂(ワイワイ)もしもし…?<pause:30/>
<SURNAME/>だから、カギはもう見つかったっていうのに〜<pause:30/>
<SURNAME/>自分で首にぶら下げてたでしょ?<SURNAME/>こうやって!","
<SURNAME/>那个ー喂喂(ワイワイ)喂喂…?<pause:30/>
<SURNAME/>所以说，钥匙已经找到了啦〜<pause:30/>
<SURNAME/>你自己挂在脖子上的吧?<SURNAME/>就这样!","[""\n<SURNAME/>那个—喂喂(wai wai)，喂喂…?<pause:30/> \n<SURNAME/>我说啊，钥匙明明已经找到了啦〜<pause:30/> \n<SURNAME/>你自己挂在脖子上了不是吗?<SURNAME/>就像这样!"", ""<SURNAME/>那个ー喂喂(wai wai)，喂喂…?<pause:30/> <SURNAME/>我说啊，钥匙明明已经找到了啦〜<pause:30/> <SURNAME/>你自己挂在脖子上了不是吗?<SURNAME/>就像这样!""]","[""\n<SURNAME/>那个—喂喂(wai wai)，喂喂…?<pause:30/> \n<SURNAME/>我说啊，钥匙明明已经找到了啦〜<pause:30/> \n<SURNAME/>你自己挂在脖子上了不是吗?<SURNAME/>就像这样!"", ""<SURNAME/>那个ー喂喂(wai wai)，喂喂…?<pause:30/> <SURNAME/>我说啊，钥匙明明已经找到了啦〜<pause:30/> <SURNAME/>你自己挂在脖子上了不是吗?<SURNAME/>就像这样!""]"
merged_versions_conflict,script:439_8,script:439_8:diag8,frontend/public/games/p2is/groups/script_439_8.json,"
<SURNAME/>リサの広東語講座、その8〜!!<pause:30/>
<SURNAME/>情人(チンヤン)ってねぇ…
<SURNAME/>恋人って意味なんだよ♥<SURNAME/>知ってた?","
<SURNAME/>丽莎的广东话讲座，第8回〜!!<pause:30/>
<SURNAME/>情人(チンヤン)呢…
<SURNAME/>是恋人的意思哦♥<SURNAME/>知道吗?","[""\\n<SURNAME/>丽莎粤语讲座，第8期〜!!<pause:30/>\\n<SURNAME/>情人(cing jan)呢…\\n<SURNAME/>是恋人的意思哦♥<SURNAME/>你知道吗?"", ""\\n<SURNAME/>丽莎的广东话讲座，第8回〜!!<pause:30/>\\n<SURNAME/>情人(ceng jan)呢…\\n<SURNAME/>是恋人的意思哦♥<SURNAME/>知道吗?"", ""<SURNAME/>莉莎的广东话讲座，第8期〜!!<pause:30/> <SURNAME/>情人(cing jan)呢… <SURNAME/>是恋人的意思哦♥<SURNAME/>知道了吗?""]","[""\\n<SURNAME/>丽莎粤语讲座，第8期〜!!<pause:30/>\\n<SURNAME/>情人(cing jan)呢…\\n<SURNAME/>是恋人的意思哦♥<SURNAME/>你知道吗?"", ""\\n<SURNAME/>丽莎的广东话讲座，第8回〜!!<pause:30/>\\n<SURNAME/>情人(ceng jan)呢…\\n<SURNAME/>是恋人的意思哦♥<SURNAME/>知道吗?"", ""<SURNAME/>莉莎的广东话讲座，第8期〜!!<pause:30/> <SURNAME/>情人(cing jan)呢… <SURNAME/>是恋人的意思哦♥<SURNAME/>知道了吗?""]"
merged_versions_conflict,script:439_8,script:439_8:diag9,frontend/public/games/p2is/groups/script_439_8.json,"
<SURNAME/>ここには、
<SURNAME/>エンブレムのついた物なんて無さそうだね。<pause:30/>
<SURNAME/>他を探した方ガいいんじゃないかな?","
<SURNAME/>这里，
<SURNAME/>好像没有带纹章的东西呢。<pause:30/>
<SURNAME/>去别处找找不是更好吗?","[""\n<SURNAME/>这里\n<SURNAME/>好像没有带校徽样式的东西了。<pause:30/> \n<SURNAME/>去别处找找不是更好吗?"", ""<SURNAME/>这里<SURNAME/>好像没有带校徽样式的东西了。<pause:30/> <SURNAME/>去别处找找不是更好吗?""]","[""\n<SURNAME/>这里\n<SURNAME/>好像没有带校徽样式的东西了。<pause:30/> \n<SURNAME/>去别处找找不是更好吗?"", ""<SURNAME/>这里<SURNAME/>好像没有带校徽样式的东西了。<pause:30/> <SURNAME/>去别处找找不是更好吗?""]"
merged_versions_conflict,script:441_8,script:441_8:diag12,frontend/public/games/p2is/groups/script_441_8.json,"
<SURNAME/>校長の追悼会い?<pause:30/>
<SURNAME/>あ〜あ、<c12/>ガあんな事言うからだぜ。
<SURNAME/>俺ぁ知らねぇぞ。","
<SURNAME/>校长追悼会？<pause:30/>
<SURNAME/>啊~啊，<c12/>都怪他乱说话。
<SURNAME/>老子可不知道哦。","[""\n<SURNAME/>校长追悼会？<pause:30/> \n<SURNAME/>啊~啊，都怪<c12/>你乱说话。 \n<SURNAME/>我可不知道哦。"", ""<SURNAME/>校长追悼会？<pause:30/> <SURNAME/>啊~啊，都怪<c12/>你乱说话。 <SURNAME/>老子可不知道哦。""]","[""\n<SURNAME/>校长追悼会？<pause:30/> \n<SURNAME/>啊~啊，都怪<c12/>你乱说话。 \n<SURNAME/>我可不知道哦。"", ""<SURNAME/>校长追悼会？<pause:30/> <SURNAME/>啊~啊，都怪<c12/>你乱说话。 <SURNAME/>老子可不知道哦。""]"
merged_versions_conflict,script:441_8,script:441_8:diag13,frontend/public/games/p2is/groups/script_441_8.json,"
<SURNAME/>あの人、イデアル先生ってんだろ?<pause:15/>
<SURNAME/>なーんか、ストレンジャーなティーチャーだね?
<SURNAME/>まるで、なんかの発掘か忍者みたいなカッコだよ","
<SURNAME/>那人叫理想老师对吧？<pause:15/>
<SURNAME/>总~觉得是个怪胎教师？
<SURNAME/>打扮得像考古的要么忍者似的","[""\n<SURNAME/>那人叫理想老师对吧？<pause:15/> \n<SURNAME/>总感觉~她是个怪里怪气的老师欸？ \n<SURNAME/>打扮得像是考古的或者忍者什么的。"", ""<SURNAME/>那人叫理想老师对吧？<pause:15/> <SURNAME/>总感觉~她是个怪里怪气的老师欸？ <SURNAME/>打扮得像是考古的或者忍者什么的。""]","[""\n<SURNAME/>那人叫理想老师对吧？<pause:15/> \n<SURNAME/>总感觉~她是个怪里怪气的老师欸？ \n<SURNAME/>打扮得像是考古的或者忍者什么的。"", ""<SURNAME/>那人叫理想老师对吧？<pause:15/> <SURNAME/>总感觉~她是个怪里怪气的老师欸？ <SURNAME/>打扮得像是考古的或者忍者什么的。""]"
merged_versions_conflict,script:441_8,script:441_8:diag16,frontend/public/games/p2is/groups/script_441_8.json,"
<SURNAME/>ま、まさかこれガ噂んなって、
<SURNAME/>木ントに死んじゃったりしないよね…?","
<SURNAME/>该、该不会因这传闻成真，
<SURNAME/>人就死掉吧……？","[""\n<SURNAME/>该、该不会因这传闻成真， \n<SURNAME/>人就真的死掉了吧……？"", ""<SURNAME/>该、该不会因这传闻成真， <SURNAME/>人就真死掉吧……？""]","[""\n<SURNAME/>该、该不会因这传闻成真， \n<SURNAME/>人就真的死掉了吧……？"", ""<SURNAME/>该、该不会因这传闻成真， <SURNAME/>人就真死掉吧……？""]"
merged_versions_conflict,script:441_8,script:441_8:diag17,frontend/public/games/p2is/groups/script_441_8.json,"
<SURNAME/>イデアル先生って、わたしの担任なんだけど、
<SURNAME/>わけわかんないことばっか言うんだよね。
<SURNAME/>テンパってるって言うの?","
<SURNAME/>理想老师是我班主任，
<SURNAME/>可总说些莫名其妙的话。
<SURNAME/>这叫手忙脚乱吗？","[""\n<SURNAME/>理想老师是我班主任， \n<SURNAME/>但总在说些莫名其妙的话。 \n<SURNAME/>这就是所谓的“慌里慌张”吗？"", ""<SURNAME/>理想老师是我班主任， <SURNAME/>但总在说些莫名其妙的话。 <SURNAME/>这就是所谓的“慌里慌张”吗？""]","[""\n<SURNAME/>理想老师是我班主任， \n<SURNAME/>但总在说些莫名其妙的话。 \n<SURNAME/>这就是所谓的“慌里慌张”吗？"", ""<SURNAME/>理想老师是我班主任， <SURNAME/>但总在说些莫名其妙的话。 <SURNAME/>这就是所谓的“慌里慌张”吗？""]"
merged_versions_conflict,script:441_8,script:441_8:diag18,frontend/public/games/p2is/groups/script_441_8.json,"
<SURNAME/>わお!!
<SURNAME/>ほんとに銅像ガ動いた…<pause:30/>
<SURNAME/>これ、噂でこうなってるんだよね…?","
<SURNAME/>哇哦!!
<SURNAME/>铜像真动了……<pause:30/>
<SURNAME/>这是传闻搞的鬼吧……？","[""\n<SURNAME/>哇哦!! \n<SURNAME/>铜像真的动了……<pause:30/> \n<SURNAME/>这也是传闻搞的鬼吧……？"", ""<SURNAME/>哇哦!! <SURNAME/>铜像真动了……<pause:30/> <SURNAME/>这也是传闻搞的鬼吧……？""]","[""\n<SURNAME/>哇哦!! \n<SURNAME/>铜像真的动了……<pause:30/> \n<SURNAME/>这也是传闻搞的鬼吧……？"", ""<SURNAME/>哇哦!! <SURNAME/>铜像真动了……<pause:30/> <SURNAME/>这也是传闻搞的鬼吧……？""]"
merged_versions_conflict,script:441_8,script:441_8:diag19,frontend/public/games/p2is/groups/script_441_8.json,"
<SURNAME/>あちゃ〜<pause:30/>
<SURNAME/>今さら、生きてるなんて言い出せないし…","
<SURNAME/>啊呀~<pause:30/>
<SURNAME/>现在说他还活着也晚啦……","[""\n<SURNAME/>哎呀~<pause:30/> \n<SURNAME/>现在去说他还活着也晚了啊……"", ""<SURNAME/>哎呀~<pause:30/> <SURNAME/>现在说他还活着也晚啦……""]","[""\n<SURNAME/>哎呀~<pause:30/> \n<SURNAME/>现在去说他还活着也晚了啊……"", ""<SURNAME/>哎呀~<pause:30/> <SURNAME/>现在说他还活着也晚啦……""]"
merged_versions_conflict,script:441_8,script:441_8:diag20,frontend/public/games/p2is/groups/script_441_8.json,"
<SURNAME/>ま、いいか!?<SURNAME/>いいよね!!<pause:30/>
<SURNAME/>やっちゃったもんは仕方ないし?<pause:30/>
<SURNAME/>可愛い生徒のおイタよ、おイタ。","
<SURNAME/>嘛，算了!?<SURNAME/>就这样吧!!<pause:30/>
<SURNAME/>做了就做了呗？<pause:30/>
<SURNAME/>当是学生恶作剧啦，恶作剧。","[""\n<SURNAME/>嗐，算了吧!?<SURNAME/>就这样吧!!<pause:30/> \n<SURNAME/>说了就说了呗？\n<pause:30/> <SURNAME/>就当是可爱学生的恶作剧啦，恶作剧。"", ""<SURNAME/>嗐，算了吧!?<SURNAME/>就这样吧!!<pause:30/> <SURNAME/>说了就说了呗？<pause:30/> <SURNAME/>就当是可爱学生的恶作剧啦，恶作剧。""]","[""\n<SURNAME/>嗐，算了吧!?<SURNAME/>就这样吧!!<pause:30/> \n<SURNAME/>说了就说了呗？\n<pause:30/> <SURNAME/>就当是可爱学生的恶作剧啦，恶作剧。"", ""<SURNAME/>嗐，算了吧!?<SURNAME/>就这样吧!!<pause:30/> <SURNAME/>说了就说了呗？<pause:30/> <SURNAME/>就当是可爱学生的恶作剧啦，恶作剧。""]"
merged_versions_conflict,script:441_8,script:441_8:diag21,frontend/public/games/p2is/groups/script_441_8.json,"
<SURNAME/>ねぇ<c13/>クン…<pause:30/>
<SURNAME/>あの先生、なんか訳知り顔じゃない?
<SURNAME/>取材申し込んだけど、邪険に断られちゃった。","
<SURNAME/>呐<c13/>君……<pause:30/>
<SURNAME/>那老师是不是知道内情？
<SURNAME/>想采访却被冷冰冰拒绝了。","[""\n<SURNAME/>我说，<c13/>君……<pause:30/> \n<SURNAME/>那个老师是不是知道什么内幕？ \n<SURNAME/>我想采访她，却被她冷冰冰地拒绝了。"", ""<SURNAME/>我说，<c13/>君……<pause:30/> <SURNAME/>那个老师是不是知道什么内幕？ <SURNAME/>我想采访她的，却被冷冰冰拒绝了。""]","[""\n<SURNAME/>我说，<c13/>君……<pause:30/> \n<SURNAME/>那个老师是不是知道什么内幕？ \n<SURNAME/>我想采访她，却被她冷冰冰地拒绝了。"", ""<SURNAME/>我说，<c13/>君……<pause:30/> <SURNAME/>那个老师是不是知道什么内幕？ <SURNAME/>我想采访她的，却被冷冰冰拒绝了。""]"
merged_versions_conflict,script:441_8,script:441_8:diag22,frontend/public/games/p2is/groups/script_441_8.json,"
<SURNAME/>電気仕掛け…ってわけでもなさそうだね。<pause:30/>
<SURNAME/>まさか、本当だったとはねぇ…","
<SURNAME/>不像是机关驱动呢。<pause:30/>
<SURNAME/>没想到竟是真的啊……","[""\n<SURNAME/>好像也不是机关驱动的呢…<pause:30/> \n<SURNAME/>没想到竟然是真的啊……"", ""<SURNAME/>好像也不是机关驱动呢…<pause:30/> <SURNAME/>没想到竟然是真的啊……""]","[""\n<SURNAME/>好像也不是机关驱动的呢…<pause:30/> \n<SURNAME/>没想到竟然是真的啊……"", ""<SURNAME/>好像也不是机关驱动呢…<pause:30/> <SURNAME/>没想到竟然是真的啊……""]"
merged_versions_conflict,script:441_8,script:441_8:diag24,frontend/public/games/p2is/groups/script_441_8.json,"
<SURNAME/>ところで<c12/>…あの大きな岩、
<SURNAME/>比麗文石(ひれもん石)ってんじゃないかい?<pause:30/>
<SURNAME/>エルミンにも、似たようなのガあってね…","
<SURNAME/>话说回来<c12/>…那块大石头、
<SURNAME/>不是叫比丽文石吗?<pause:30/>
<SURNAME/>艾尔敏也有类似的石头呢…","[""\n<SURNAME/>话说回来<c12/>…那块大石头， \n<SURNAME/>是不是叫比丽文石啊?<pause:30/> \n<SURNAME/>在艾尔敏也有类似的东西呢…"", ""<SURNAME/>话说回来<c12/>…那块大石头， <SURNAME/>是不是叫比丽文石(ひれもん石)啊?<pause:30/> <SURNAME/>在艾尔敏也有类似的东西呢…""]","[""\n<SURNAME/>话说回来<c12/>…那块大石头， \n<SURNAME/>是不是叫比丽文石啊?<pause:30/> \n<SURNAME/>在艾尔敏也有类似的东西呢…"", ""<SURNAME/>话说回来<c12/>…那块大石头， <SURNAME/>是不是叫比丽文石(ひれもん石)啊?<pause:30/> <SURNAME/>在艾尔敏也有类似的东西呢…""]"
merged_versions_conflict,script:441_8,script:441_8:diag26,frontend/public/games/p2is/groups/script_441_8.json,"
<SURNAME/>あの大きな岩、
<SURNAME/>比麗文石(ひれもん石)ってんじゃないかい?<pause:30/>
<SURNAME/>エルミンにも、似たようなのガあってね…","
<SURNAME/>那块大岩石，
<SURNAME/>是不是叫比丽文石(ひれもん石)啊?<pause:30/>
<SURNAME/>艾尔敏也有类似的东西呢…","[""\n<SURNAME/>那块大石头， \n<SURNAME/>是不是叫比丽文石啊?<pause:30/> \n<SURNAME/>在艾尔敏也有类似的东西呢…"", ""<SURNAME/>那块大石头， <SURNAME/>是不是叫比丽文石(ひれもん石)啊?<pause:30/> <SURNAME/>在艾尔敏也有类似的东西呢…""]","[""\n<SURNAME/>那块大石头， \n<SURNAME/>是不是叫比丽文石啊?<pause:30/> \n<SURNAME/>在艾尔敏也有类似的东西呢…"", ""<SURNAME/>那块大石头， <SURNAME/>是不是叫比丽文石(ひれもん石)啊?<pause:30/> <SURNAME/>在艾尔敏也有类似的东西呢…""]"
merged_versions_conflict,script:441_8,script:441_8:diag29,frontend/public/games/p2is/groups/script_441_8.json,"
<SURNAME/>ハッ!?<pause:30/>
<SURNAME/>な、なにしてるの、あなたたち!?
<SURNAME/>早くここから逃げなさい!!","
<SURNAME/>哈!?<pause:30/>
<SURNAME/>你、你们在干什么!?
<SURNAME/>快从这里逃开!!","[""\n<SURNAME/>哈!?<pause:30/> \n<SURNAME/>你、你们在干什么!? \n<SURNAME/>快离开这里!!"", ""<SURNAME/>哈!?<pause:30/> <SURNAME/>你、你们在干什么!? <SURNAME/>快离开这里!!""]","[""\n<SURNAME/>哈!?<pause:30/> \n<SURNAME/>你、你们在干什么!? \n<SURNAME/>快离开这里!!"", ""<SURNAME/>哈!?<pause:30/> <SURNAME/>你、你们在干什么!? <SURNAME/>快离开这里!!""]"
merged_versions_conflict,script:441_8,script:441_8:diag34,frontend/public/games/p2is/groups/script_441_8.json,"
<SURNAME/>僕たちは、決して校長先生の事を忘れません。
<SURNAME/>後輩にも、後輩の後輩にも、そのまた後輩にも、
<SURNAME/>学園を救った英雄の事を語り継いでいきます!!","
<SURNAME/>我们绝不会忘记校长先生。
<SURNAME/>对后辈、后辈的后辈、再后辈、
<SURNAME/>都会传颂拯救学园的英雄事迹!!","[""\n<SURNAME/>我们绝不会忘记校长先生。 \n<SURNAME/>对后辈、后辈的后辈、还有更后的后辈、 \n<SURNAME/>都会传颂他拯救学园的英雄事迹!!"", ""<SURNAME/>我们绝不会忘记校长先生。 <SURNAME/>对后辈、后辈的后辈、还有更后的后辈、 <SURNAME/>都会传颂他拯救学园的英雄事迹!!""]","[""\n<SURNAME/>我们绝不会忘记校长先生。 \n<SURNAME/>对后辈、后辈的后辈、还有更后的后辈、 \n<SURNAME/>都会传颂他拯救学园的英雄事迹!!"", ""<SURNAME/>我们绝不会忘记校长先生。 <SURNAME/>对后辈、后辈的后辈、还有更后的后辈、 <SURNAME/>都会传颂他拯救学园的英雄事迹!!""]"
merged_versions_conflict,script:441_8,script:441_8:diag35,frontend/public/games/p2is/groups/script_441_8.json,"
<SURNAME/>ありガとう反谷校長先生!!
<SURNAME/>そして!<SURNAME/>サヨウナラ!!
<SURNAME/>仰〜げば〜尊し〜我ガ師の恩〜♪","
<SURNAME/>谢谢反谷校长先生!!
<SURNAME/>然后!<SURNAME/>再见!!
<SURNAME/>仰〜げば〜尊し〜我が師の恩〜♪","[""\n<SURNAME/>谢谢反谷校长先生!! \n<SURNAME/>然后!<SURNAME/>再见了!! \n<SURNAME/>敬仰〜你的〜尊〜贵〜感谢您的恩情〜♪"", ""<SURNAME/>谢谢反谷校长先生!! <SURNAME/>然后!<SURNAME/>再见了!! <SURNAME/>敬仰〜你的〜尊〜贵〜感谢您的恩情〜♪""]","[""\n<SURNAME/>谢谢反谷校长先生!! \n<SURNAME/>然后!<SURNAME/>再见了!! \n<SURNAME/>敬仰〜你的〜尊〜贵〜感谢您的恩情〜♪"", ""<SURNAME/>谢谢反谷校长先生!! <SURNAME/>然后!<SURNAME/>再见了!! <SURNAME/>敬仰〜你的〜尊〜贵〜感谢您的恩情〜♪""]"
merged_versions_conflict,script:441_8,script:441_8:diag36,frontend/public/games/p2is/groups/script_441_8.json,"
<SURNAME/>校長先生のおかげで、私達の呪いは解けました…
<SURNAME/>セブンスは救われたんです!!","
<SURNAME/>多亏了校长先生，我们的诅咒解除了…
<SURNAME/>七姊妹学园得救了!!","[""\n<SURNAME/>多亏了校长先生，我们的诅咒解除了… \n<SURNAME/>七姐妹学园得救了!!"", ""<SURNAME/>多亏了校长先生，我们的诅咒解除了… <SURNAME/>七姐妹学园得救了!!""]","[""\n<SURNAME/>多亏了校长先生，我们的诅咒解除了… \n<SURNAME/>七姐妹学园得救了!!"", ""<SURNAME/>多亏了校长先生，我们的诅咒解除了… <SURNAME/>七姐妹学园得救了!!""]"
merged_versions_conflict,script:441_8,script:441_8:diag38,frontend/public/games/p2is/groups/script_441_8.json,"
<SURNAME/>ひとりでに動くと噂の校長像。<pause:10/>
<SURNAME/>ピカピカに磨かれてるところガ
<SURNAME/>憎たらしい。","
<SURNAME/>传闻会自己动的校长像。<pause:10/>
<SURNAME/>被打磨得闪闪发亮的地方
<SURNAME/>真可恨。","[""\n<SURNAME/>传闻会自己动的校长像。<pause:10/> \n<SURNAME/>被打磨得闪闪发亮的， \n<SURNAME/>真让人不爽。"", ""<SURNAME/>传闻会自己动的校长像。<pause:10/> <SURNAME/>被打磨得闪闪发亮的， <SURNAME/>真让人不爽。""]","[""\n<SURNAME/>传闻会自己动的校长像。<pause:10/> \n<SURNAME/>被打磨得闪闪发亮的， \n<SURNAME/>真让人不爽。"", ""<SURNAME/>传闻会自己动的校长像。<pause:10/> <SURNAME/>被打磨得闪闪发亮的， <SURNAME/>真让人不爽。""]"
merged_versions_conflict,script:441_8,script:441_8:diag6,frontend/public/games/p2is/groups/script_441_8.json,"
<SURNAME/>だー!!<SURNAME/>てやんでい!!<SURNAME/>べらぼうめい!!
<SURNAME/>こんな非常識なことガあってたまるかー!!<pause:30/>
<SURNAME/>お、俺の三千円ガ…","
<SURNAME/>哒——!!<SURNAME/>开什么玩笑!!<SURNAME/>混账!!
<SURNAME/>这种荒唐事能忍吗!!<pause:30/>
<SURNAME/>老、老子的三千块啊……","[""\n<SURNAME/>擦——!!<SURNAME/>开什么玩笑!!<SURNAME/>混账玩意!! \n<SURNAME/>这么荒唐的事情谁能忍啊!!<pause:30/> \n<SURNAME/>老、老子的三千日元啊……"", ""<SURNAME/>擦——!!<SURNAME/>开什么玩笑!!<SURNAME/>混账玩意!! <SURNAME/>这么荒唐的事情谁能忍啊!!<pause:30/> <SURNAME/>老、老子的三千块啊……""]","[""\n<SURNAME/>擦——!!<SURNAME/>开什么玩笑!!<SURNAME/>混账玩意!! \n<SURNAME/>这么荒唐的事情谁能忍啊!!<pause:30/> \n<SURNAME/>老、老子的三千日元啊……"", ""<SURNAME/>擦——!!<SURNAME/>开什么玩笑!!<SURNAME/>混账玩意!! <SURNAME/>这么荒唐的事情谁能忍啊!!<pause:30/> <SURNAME/>老、老子的三千块啊……""]"
merged_versions_conflict,script:444_8,script:444_8:diag0,frontend/public/games/p2is/groups/script_444_8.json,"
<SURNAME/>自分だけ助かればいいって?<pause:30/>
<SURNAME/>どうやらセブンスには、
<SURNAME/>ルッキングダウンな奴しかいないみたいだねぇ。","
<SURNAME/>只顾自己得救?<pause:30/>
<SURNAME/>看来七姊妹里，
<SURNAME/>尽是些瞧不起人的家伙啊。","[""\n<SURNAME/>只顾自己得救就行?<pause:30/> \n<SURNAME/>看来七姐妹这里， \n<SURNAME/>尽是些只顾自己的家伙啊。"", ""<SURNAME/>只顾自己得救就行?<pause:30/> <SURNAME/>看来七姐妹这里， <SURNAME/>尽是些只顾自己的家伙啊。""]","[""\n<SURNAME/>只顾自己得救就行?<pause:30/> \n<SURNAME/>看来七姐妹这里， \n<SURNAME/>尽是些只顾自己的家伙啊。"", ""<SURNAME/>只顾自己得救就行?<pause:30/> <SURNAME/>看来七姐妹这里， <SURNAME/>尽是些只顾自己的家伙啊。""]"
merged_versions_conflict,script:444_8,script:444_8:diag1,frontend/public/games/p2is/groups/script_444_8.json,"
<SURNAME/>男はともかく、キミみたいなレディのそんな顔、
<SURNAME/>可哀相で見てられないよ。<pause:30/>
<SURNAME/>さ、涙を拭いて。リルガール♥","
<SURNAME/>男人不管，你这样的淑女那表情，
<SURNAME/>可怜得看不下去。<pause:30/>
<SURNAME/>来，擦干泪。小甜心♥","[""\n<SURNAME/>男人先不管，像你这样的淑女的那种表情， \n<SURNAME/>可怜得让人看不下去啊。<pause:30/> \n<SURNAME/>来，擦干泪吧。小甜心♥"", ""<SURNAME/>男人先不管，像你这样的淑女的那表情， <SURNAME/>可怜得让人看不下去啊。<pause:30/> <SURNAME/>来，擦干泪吧。小甜心♥""]","[""\n<SURNAME/>男人先不管，像你这样的淑女的那种表情， \n<SURNAME/>可怜得让人看不下去啊。<pause:30/> \n<SURNAME/>来，擦干泪吧。小甜心♥"", ""<SURNAME/>男人先不管，像你这样的淑女的那表情， <SURNAME/>可怜得让人看不下去啊。<pause:30/> <SURNAME/>来，擦干泪吧。小甜心♥""]"
merged_versions_conflict,script:444_8,script:444_8:diag10,frontend/public/games/p2is/groups/script_444_8.json,"
<SURNAME/>リサの広東語講座、その7〜!!<pause:30/>
<SURNAME/>救命呀(カゥメンア)は、助けてぇーって感じで
<SURNAME/>何かを頼む時に使うの。覚えておいてね♥","
<SURNAME/>丽莎的广东话讲座，第7课～!!<pause:30/>
<SURNAME/>救命呀(カゥメンア)是“救命啊～”的感觉，
<SURNAME/>在拜托事情时使用。要记住哦♥","[""\n<SURNAME/>丽莎的粤语讲座，第7期～!!<pause:30/> \n<SURNAME/>救命呀(gau meng aa)是“救命啊～” \n<SURNAME/>的感觉，在拜托事情时使用。要记住哦♥"", ""<SURNAME/>丽莎的广东话讲座，第7课～!!<pause:30/> <SURNAME/>救命呀(gau meng aa)是“救命啊～” <SURNAME/>的感觉，在拜托事情时使用。要记住哦♥"", ""<SURNAME/>丽莎的广东话讲座，第7课～!!<pause:30/> <SURNAME/>救命呀(gau meng aa)是“救命啊～”的感觉， <SURNAME/>在拜托事情时使用。要记住哦♥""]","[""\n<SURNAME/>丽莎的粤语讲座，第7期～!!<pause:30/> \n<SURNAME/>救命呀(gau meng aa)是“救命啊～” \n<SURNAME/>的感觉，在拜托事情时使用。要记住哦♥"", ""<SURNAME/>丽莎的广东话讲座，第7课～!!<pause:30/> <SURNAME/>救命呀(gau meng aa)是“救命啊～” <SURNAME/>的感觉，在拜托事情时使用。要记住哦♥"", ""<SURNAME/>丽莎的广东话讲座，第7课～!!<pause:30/> <SURNAME/>救命呀(gau meng aa)是“救命啊～”的感觉， <SURNAME/>在拜托事情时使用。要记住哦♥""]"
merged_versions_conflict,script:444_8,script:444_8:diag11,frontend/public/games/p2is/groups/script_444_8.json,"
<SURNAME/>あの子、発病する前に学校出ようとしたけど、
<SURNAME/>間に合わなかったんだね。
<SURNAME/>なんとかしてあげないと、可哀相だなぁ。","
<SURNAME/>那孩子，在发病前想离开学校，
<SURNAME/>但没赶上呢。
<SURNAME/>得想办法帮帮她，真可怜啊。","[""\n<SURNAME/>那孩子，在发病前想离开学校， \n<SURNAME/>但没赶上呢。 \n<SURNAME/>得想办法帮帮她，真是太可怜了。"", ""<SURNAME/>那孩子，在发病前想离开学校， <SURNAME/>但没赶上呢。 <SURNAME/>得想办法帮帮她，太可怜了。""]","[""\n<SURNAME/>那孩子，在发病前想离开学校， \n<SURNAME/>但没赶上呢。 \n<SURNAME/>得想办法帮帮她，真是太可怜了。"", ""<SURNAME/>那孩子，在发病前想离开学校， <SURNAME/>但没赶上呢。 <SURNAME/>得想办法帮帮她，太可怜了。""]"
merged_versions_conflict,script:444_8,script:444_8:diag12,frontend/public/games/p2is/groups/script_444_8.json,"
<SURNAME/>確かに生徒達の様子は、普通じゃないけど…<pause:10/>
<SURNAME/>校舎を大切にしろって校長の指示自体は、
<SURNAME/>何も間違ってないのよね。","
<SURNAME/>确实学生们的样子不正常…<pause:10/>
<SURNAME/>但校长说要爱护校舍的指示本身，
<SURNAME/>一点也没错呢。","[""\n<SURNAME/>确实学生们的样子不正常…<pause:10/> \n<SURNAME/>但校长的要爱护教学楼的指令本身， \n<SURNAME/>并没有什么问题呢。"", ""<SURNAME/>确实学生们的样子不正常…<pause:10/> <SURNAME/>但校长的要爱护教学楼的指令本身， <SURNAME/>并没有什么问题呢。""]","[""\n<SURNAME/>确实学生们的样子不正常…<pause:10/> \n<SURNAME/>但校长的要爱护教学楼的指令本身， \n<SURNAME/>并没有什么问题呢。"", ""<SURNAME/>确实学生们的样子不正常…<pause:10/> <SURNAME/>但校长的要爱护教学楼的指令本身， <SURNAME/>并没有什么问题呢。""]"
merged_versions_conflict,script:444_8,script:444_8:diag13,frontend/public/games/p2is/groups/script_444_8.json,"
<SURNAME/>なんて言うか、
<SURNAME/>何かガどこかで食い違っちゃってるような…<pause:15/>
<SURNAME/>そんな気ガする…","
<SURNAME/>该怎么说呢，
<SURNAME/>感觉有什么地方不对劲…<pause:15/>
<SURNAME/>有这种感觉…","[""\n<SURNAME/>该怎么说呢， \n<SURNAME/>有什么地方不对劲…<pause:15/> \n<SURNAME/>总有这样的感觉…"", ""<SURNAME/>该怎么说呢， <SURNAME/>有什么地方不对劲…<pause:15/> <SURNAME/>总有这样的感觉…""]","[""\n<SURNAME/>该怎么说呢， \n<SURNAME/>有什么地方不对劲…<pause:15/> \n<SURNAME/>总有这样的感觉…"", ""<SURNAME/>该怎么说呢， <SURNAME/>有什么地方不对劲…<pause:15/> <SURNAME/>总有这样的感觉…""]"
merged_versions_conflict,script:444_8,script:444_8:diag15,frontend/public/games/p2is/groups/script_444_8.json,"
<SURNAME/>どうしてアイツは、
<SURNAME/>あんな歯の浮く台詞ガ言えるのかねぇ。<pause:30/>
<SURNAME/>ま、元気づけようってんだろうけどさ。","
<SURNAME/>为什么那家伙，
<SURNAME/>能说出那么肉麻的话呢。<pause:30/>
<SURNAME/>嘛，大概是想鼓励人吧。","[""\n<SURNAME/>那家伙，为什么 \n<SURNAME/>能说出那么肉麻的话呢。<pause:30/> \n<SURNAME/>不过算了，估计他是想鼓励人吧。"", ""<SURNAME/>那家伙，为什么 <SURNAME/>能说出那么肉麻的话呢。<pause:30/> <SURNAME/>不过算了，估计他是想鼓励人吧。""]","[""\n<SURNAME/>那家伙，为什么 \n<SURNAME/>能说出那么肉麻的话呢。<pause:30/> \n<SURNAME/>不过算了，估计他是想鼓励人吧。"", ""<SURNAME/>那家伙，为什么 <SURNAME/>能说出那么肉麻的话呢。<pause:30/> <SURNAME/>不过算了，估计他是想鼓励人吧。""]"
merged_versions_conflict,script:444_8,script:444_8:diag16,frontend/public/games/p2is/groups/script_444_8.json,"
<SURNAME/>リルガールだって?
<SURNAME/>なんか身体ガ痒くなってきたよ…<pause:30/>
<SURNAME/>本当に大丈夫かねぇ…アイツ?","
<SURNAME/>说是Lil Girl?
<SURNAME/>感觉身体有点痒了…<pause:30/>
<SURNAME/>那家伙真的没问题吗…?","[""\n<SURNAME/>小甜心是什么鬼? \n<SURNAME/>感觉身体有点发痒了…<pause:30/> \n<SURNAME/>那家伙真的没问题吗…?"", ""<SURNAME/>小甜心是什么鬼? <SURNAME/>感觉身体有点痒了…<pause:30/> <SURNAME/>那家伙真的没问题吗…?""]","[""\n<SURNAME/>小甜心是什么鬼? \n<SURNAME/>感觉身体有点发痒了…<pause:30/> \n<SURNAME/>那家伙真的没问题吗…?"", ""<SURNAME/>小甜心是什么鬼? <SURNAME/>感觉身体有点痒了…<pause:30/> <SURNAME/>那家伙真的没问题吗…?""]"
merged_versions_conflict,script:444_8,script:444_8:diag18,frontend/public/games/p2is/groups/script_444_8.json,"
<SURNAME/>なんだよ!?<pause:30/>
<SURNAME/>俺は委員会ガ終わったんで、もう帰っていいんだ!<pause:30/>
<SURNAME/>校長に逆らわず、合法的に帰れるんだ!!","
<SURNAME/>干嘛啊!?<pause:30/>
<SURNAME/>我委员会结束了，可以回家了!<pause:30/>
<SURNAME/>不违抗校长，合法地回家!!","[""\n<SURNAME/>干嘛啊!?<pause:30/> \n<SURNAME/>委员会的工作结束了，我已经可以回家了!<pause:30/> \n<SURNAME/>没有违抗校长，我是合法回家的!!"", ""<SURNAME/>干嘛啊!?<pause:30/> <SURNAME/>委员会的工作结束了，我已经可以回家了!<pause:30/> <SURNAME/>没有违抗校长，我是合法回家!!""]","[""\n<SURNAME/>干嘛啊!?<pause:30/> \n<SURNAME/>委员会的工作结束了，我已经可以回家了!<pause:30/> \n<SURNAME/>没有违抗校长，我是合法回家的!!"", ""<SURNAME/>干嘛啊!?<pause:30/> <SURNAME/>委员会的工作结束了，我已经可以回家了!<pause:30/> <SURNAME/>没有违抗校长，我是合法回家!!""]"
merged_versions_conflict,script:444_8,script:444_8:diag19,frontend/public/games/p2is/groups/script_444_8.json,"
<SURNAME/>呪いなんかにかかってたまるか!!<pause:30/>
<SURNAME/>もうたくさんだ!!<SURNAME/>付き合ってられるか!!<pause:30/>
<SURNAME/>でも明日はちゃんと来るけどね。<pause:30/>ト木木〜","
<SURNAME/>才不要中什么咒呢!!<pause:30/>
<SURNAME/>受够了!!<SURNAME/>谁要奉陪啊!!<pause:30/>
<SURNAME/>不过明天还是会来的啦。<pause:30/>唉唉〜","[""\n<SURNAME/>才不要被诅咒呢!!<pause:30/> \n<SURNAME/>我已经受够了!!<SURNAME/>谁要奉陪啊!!<pause:30/> \n<SURNAME/>不过明天还是会来的啦。<pause:30/>嘿嘿〜"", ""<SURNAME/>才不要被诅咒呢!!<pause:30/> <SURNAME/>我已经受够了!!<SURNAME/>谁要奉陪啊!!<pause:30/> <SURNAME/>不过明天还是会来的啦。<pause:30/>嘿嘿〜""]","[""\n<SURNAME/>才不要被诅咒呢!!<pause:30/> \n<SURNAME/>我已经受够了!!<SURNAME/>谁要奉陪啊!!<pause:30/> \n<SURNAME/>不过明天还是会来的啦。<pause:30/>嘿嘿〜"", ""<SURNAME/>才不要被诅咒呢!!<pause:30/> <SURNAME/>我已经受够了!!<SURNAME/>谁要奉陪啊!!<pause:30/> <SURNAME/>不过明天还是会来的啦。<pause:30/>嘿嘿〜""]"
merged_versions_conflict,script:444_8,script:444_8:diag2,frontend/public/games/p2is/groups/script_444_8.json,"
<SURNAME/>へイ、リルガール。
<SURNAME/>キミをそんな顔にした奴は、
<SURNAME/>必ずこのミッシェル様ガやっつけてやるさ!!","
<SURNAME/>嘿，小甜心。
<SURNAME/>让你那样的家伙，
<SURNAME/>本米切大人必收拾!!","[""\n<SURNAME/>嘿，小甜心。 \n<SURNAME/>让你的脸变成那样的家伙， \n<SURNAME/>本米歇尔大人必将收拾他!!"", ""<SURNAME/>嘿，小甜心。 <SURNAME/>让你的脸变成那样的家伙， <SURNAME/>本米歇尔大人必将收拾他!!""]","[""\n<SURNAME/>嘿，小甜心。 \n<SURNAME/>让你的脸变成那样的家伙， \n<SURNAME/>本米歇尔大人必将收拾他!!"", ""<SURNAME/>嘿，小甜心。 <SURNAME/>让你的脸变成那样的家伙， <SURNAME/>本米歇尔大人必将收拾他!!""]"
merged_versions_conflict,script:444_8,script:444_8:diag20,frontend/public/games/p2is/groups/script_444_8.json,"
<SURNAME/>シクシク…<pause:30/>あーん、間に合わなかったです〜!!<pause:30/>
<SURNAME/>クラブガ終わったんで、
<SURNAME/>急いで帰ろうと思ってたのに…<pause:30/>シクシク。","
<SURNAME/>呜呜…<pause:30/>啊～，没赶上啦〜!!<pause:30/>
<SURNAME/>因为社团结束了，
<SURNAME/>本想赶紧回家的…<pause:30/>呜呜。","[""\n<SURNAME/>呜呜…<pause:30/>啊—，没赶上啊〜!!<pause:30/> \n<SURNAME/>因为社团活动都结束了， \n<SURNAME/>本想着赶紧回家的…<pause:30/>呜呜。"", ""<SURNAME/>呜呜…<pause:30/>啊ー，没赶上啊〜!!<pause:30/> <SURNAME/>因为社团活动都结束了， <SURNAME/>本想赶紧回家的…<pause:30/>呜呜。""]","[""\n<SURNAME/>呜呜…<pause:30/>啊—，没赶上啊〜!!<pause:30/> \n<SURNAME/>因为社团活动都结束了， \n<SURNAME/>本想着赶紧回家的…<pause:30/>呜呜。"", ""<SURNAME/>呜呜…<pause:30/>啊ー，没赶上啊〜!!<pause:30/> <SURNAME/>因为社团活动都结束了， <SURNAME/>本想赶紧回家的…<pause:30/>呜呜。""]"
merged_versions_conflict,script:444_8,script:444_8:diag21,frontend/public/games/p2is/groups/script_444_8.json,"
<SURNAME/>シクシク…<pause:30/>
<SURNAME/>校長先生の言う通り、掃除してるです。<pause:30/>
<SURNAME/>キスでもなんでもするから、顔治して欲しいです","
<SURNAME/>呜呜…<pause:30/>
<SURNAME/>照校长说的，在打扫了。<pause:30/>
<SURNAME/>接吻什么的都行，请治好我的脸吧。","[""\n<SURNAME/>呜呜…<pause:30/> \n<SURNAME/>我正在照校长说的打扫这里。<pause:30/> \n<SURNAME/>让我接吻什么的都行，请治好我的脸吧。"", ""<SURNAME/>呜呜…<pause:30/> <SURNAME/>我正在照校长说的打扫这里。<pause:30/> <SURNAME/>让我接吻什么的都行，请治好我的脸吧。""]","[""\n<SURNAME/>呜呜…<pause:30/> \n<SURNAME/>我正在照校长说的打扫这里。<pause:30/> \n<SURNAME/>让我接吻什么的都行，请治好我的脸吧。"", ""<SURNAME/>呜呜…<pause:30/> <SURNAME/>我正在照校长说的打扫这里。<pause:30/> <SURNAME/>让我接吻什么的都行，请治好我的脸吧。""]"
merged_versions_conflict,script:444_8,script:444_8:diag22,frontend/public/games/p2is/groups/script_444_8.json,"
<SURNAME/>呪いを解いたのは、校長先生だって話です。<pause:15/>
<SURNAME/>でも、番長さんもガんばってくれたですね。<pause:15/>
<SURNAME/>お礼に、私のファーストキスをあげるです♥","
<SURNAME/>听说解开诅咒的是校长先生。<pause:15/>
<SURNAME/>不过，番长也努力了呢。<pause:15/>
<SURNAME/>作为谢礼，把我的初吻给你哦♥","[""\n<SURNAME/>听说解开诅咒的是校长先生。<pause:15/> \n<SURNAME/>不过，番长大人也努力了呢。<pause:15/> \n<SURNAME/>作为谢礼，就把我的初吻给你吧♥"", ""<SURNAME/>听说解开诅咒的是校长先生。<pause:15/> <SURNAME/>不过，番长大哥也努力了呢。<pause:15/> <SURNAME/>作为谢礼，就把我的初吻给你吧♥""]","[""\n<SURNAME/>听说解开诅咒的是校长先生。<pause:15/> \n<SURNAME/>不过，番长大人也努力了呢。<pause:15/> \n<SURNAME/>作为谢礼，就把我的初吻给你吧♥"", ""<SURNAME/>听说解开诅咒的是校长先生。<pause:15/> <SURNAME/>不过，番长大哥也努力了呢。<pause:15/> <SURNAME/>作为谢礼，就把我的初吻给你吧♥""]"
merged_versions_conflict,script:444_8,script:444_8:diag3,frontend/public/games/p2is/groups/script_444_8.json,"
<SURNAME/>なーにお礼なんて考えなくてOKさ。
<SURNAME/>どうしてもって言うなら、熱いキスだけでいい。<pause:30/>
<SURNAME/>キミのキスには、命を賭ける価値ガあるよ♥","
<SURNAME/>谢礼?不用想OK啦。
<SURNAME/>非要的话，热吻就行。<pause:30/>
<SURNAME/>你的吻，值得赌命哟♥","[""\n<SURNAME/>不用准备谢礼也OK的啦。 \n<SURNAME/>非要给的话，一个热吻就行。<pause:30/> \n<SURNAME/>你的吻，值得让人赌上性命哟♥"", ""<SURNAME/>不用准备谢礼也OK的啦。 <SURNAME/>非要给的话，一个热吻就行。<pause:30/> <SURNAME/>你的吻，值得让人赌上性命哟♥""]","[""\n<SURNAME/>不用准备谢礼也OK的啦。 \n<SURNAME/>非要给的话，一个热吻就行。<pause:30/> \n<SURNAME/>你的吻，值得让人赌上性命哟♥"", ""<SURNAME/>不用准备谢礼也OK的啦。 <SURNAME/>非要给的话，一个热吻就行。<pause:30/> <SURNAME/>你的吻，值得让人赌上性命哟♥""]"
merged_versions_conflict,script:444_8,script:444_8:diag4,frontend/public/games/p2is/groups/script_444_8.json,"
<SURNAME/>リ、リルガール…<pause:30/>
<SURNAME/>こ、心のこもったキス…サイコーだったよ。<pause:30/>
<SURNAME/>も、もう会うこともないだろうけど…","
<SURNAME/>小、小甜心…<pause:30/>
<SURNAME/>这、这吻…太棒了。<pause:30/>
<SURNAME/>虽、虽可能不再见…","[""\n<SURNAME/>小、小甜心…<pause:30/> \n<SURNAME/>这、这吻…太棒了。<pause:30/> \n<SURNAME/>虽、虽然我们以后可能无法再见了…"", ""<SURNAME/>小、小甜心…<pause:30/> <SURNAME/>这、这吻…太棒了。<pause:30/> <SURNAME/>虽、虽然可能我们以后无法再见了…""]","[""\n<SURNAME/>小、小甜心…<pause:30/> \n<SURNAME/>这、这吻…太棒了。<pause:30/> \n<SURNAME/>虽、虽然我们以后可能无法再见了…"", ""<SURNAME/>小、小甜心…<pause:30/> <SURNAME/>这、这吻…太棒了。<pause:30/> <SURNAME/>虽、虽然可能我们以后无法再见了…""]"
multiple_versions_review,script:444_8,script:444_8:diag5,frontend/public/games/p2is/groups/script_444_8.json,"
<SURNAME/>リサの広東語講座、その2〜!!<pause:30/>
<SURNAME/>喂(ワーイ)って、「おーい」とか
<SURNAME/>「ねぇねぇ」って呼びかけの時に使うんだ。",<SURNAME/>莉莎的广东话讲座，第2期〜!!<pause:30/> <SURNAME/>喂(wai)呢，是“喂”或 <SURNAME/>“喂喂”打招呼时用的。,"[""<SURNAME/>莉莎的广东话讲座，第2期〜!!<pause:30/> <SURNAME/>喂(wai)呢，是“喂”或 <SURNAME/>“喂喂”打招呼时用的。"", ""<SURNAME/>丽莎广东话讲座，第二课〜!!<pause:30/> <SURNAME/>喂(wai)呢，是“喂”或 <SURNAME/>“喂喂”打招呼时用的。""]","[""<SURNAME/>莉莎的广东话讲座，第2期〜!!<pause:30/> <SURNAME/>喂(wai)呢，是“喂”或 <SURNAME/>“喂喂”打招呼时用的。"", ""<SURNAME/>丽莎广东话讲座，第二课〜!!<pause:30/> <SURNAME/>喂(wai)呢，是“喂”或 <SURNAME/>“喂喂”打招呼时用的。""]"
multiple_versions_review,script:444_8,script:444_8:diag7,frontend/public/games/p2is/groups/script_444_8.json,"
<SURNAME/>リサの広東語講座、その2〜!!<pause:30/>
<SURNAME/>喂(ワーイ)って、「おーい」とか
<SURNAME/>「ねぇねぇ」って呼びかけの時に使うんだ。",<SURNAME/>莉莎的广东话讲座，第2期〜!!<pause:30/> <SURNAME/>喂(wai)呢，是“喂”或 <SURNAME/>“喂喂”打招呼时用的。,"[""<SURNAME/>莉莎的广东话讲座，第2期〜!!<pause:30/> <SURNAME/>喂(wai)呢，是“喂”或 <SURNAME/>“喂喂”打招呼时用的。"", ""<SURNAME/>丽莎广东话讲座，第二课〜!!<pause:30/> <SURNAME/>喂(wai)呢，是“喂”或 <SURNAME/>“喂喂”打招呼时用的。""]","[""<SURNAME/>莉莎的广东话讲座，第2期〜!!<pause:30/> <SURNAME/>喂(wai)呢，是“喂”或 <SURNAME/>“喂喂”打招呼时用的。"", ""<SURNAME/>丽莎广东话讲座，第二课〜!!<pause:30/> <SURNAME/>喂(wai)呢，是“喂”或 <SURNAME/>“喂喂”打招呼时用的。""]"
merged_versions_conflict,script:446_8,script:446_8:diag0,frontend/public/games/p2is/groups/script_446_8.json,"
<SURNAME/>へイ!<SURNAME/>そこのボーイの話聞いたかい?
<SURNAME/>この科学全盛のご時世に、花子さんなんて…","
<SURNAME/>嘿!<SURNAME/>听到那小子的话了吗?
<SURNAME/>在这科学全盛的时代，花子小姐什么的…","[""\\n<SURNAME/>嘿!<SURNAME/>你听到那个boy说的话了吗?\\n<SURNAME/>在这科学全盛的时代，还会有花子小姐什么的…"", ""\\n<SURNAME/>嘿!<SURNAME/>你听到那个boy说的话了吗?\\n<SURNAME/>在这科学全盛的时代，还有花子小姐什么的…""]","[""\\n<SURNAME/>嘿!<SURNAME/>你听到那个boy说的话了吗?\\n<SURNAME/>在这科学全盛的时代，还会有花子小姐什么的…"", ""\\n<SURNAME/>嘿!<SURNAME/>你听到那个boy说的话了吗?\\n<SURNAME/>在这科学全盛的时代，还有花子小姐什么的…""]"
merged_versions_conflict,script:446_8,script:446_8:diag14,frontend/public/games/p2is/groups/script_446_8.json,"
<SURNAME/>「トイレの花子さん」の噂なら、
<SURNAME/>私も子供の頃よく聞いたな〜<pause:40/>
<SURNAME/>ほんとにいたら、特ダネだよね。","
<SURNAME/>“厕所花子”的传闻，
<SURNAME/>我小时候也常听说呢〜<pause:40/>
<SURNAME/>要是真存在，可是大新闻啊。","[""\\n<SURNAME/>“厕所里的花子同学”之类的传闻，\\n<SURNAME/>我小时候也常听说呢〜<pause:40/>\\n<SURNAME/>要是真的存在，那可是大新闻啊。"", ""\\n<SURNAME/>“厕所里的花子同学”之类的传闻，\\n<SURNAME/>我小时候也常听说呢〜<pause:40/>\\n<SURNAME/>要是真存在，可是大新闻啊。""]","[""\\n<SURNAME/>“厕所里的花子同学”之类的传闻，\\n<SURNAME/>我小时候也常听说呢〜<pause:40/>\\n<SURNAME/>要是真的存在，那可是大新闻啊。"", ""\\n<SURNAME/>“厕所里的花子同学”之类的传闻，\\n<SURNAME/>我小时候也常听说呢〜<pause:40/>\\n<SURNAME/>要是真存在，可是大新闻啊。""]"
merged_versions_conflict,script:446_8,script:446_8:diag18,frontend/public/games/p2is/groups/script_446_8.json,"
<SURNAME/>今日の部活、どうなったのかなぁ…<pause:30/>
<SURNAME/>部活ガ終わらなくちゃ帰れないけど、
<SURNAME/>連絡ガないからわからないんです。","
<SURNAME/>今天的社团活动怎样了呢…<pause:30/>
<SURNAME/>活动不结束就不能回去，
<SURNAME/>可没联络实在不知道啊。","[""\\n<SURNAME/>今天的社团活动怎样了呢…<pause:30/>\\n<SURNAME/>活动不结束就不能回去，\\n<SURNAME/>但是没有收到联络，我实在不清楚是什么情况啊。"", ""\\n<SURNAME/>今天的社团活动怎样了呢…<pause:30/>\\n<SURNAME/>活动不结束就不能回去，\\n<SURNAME/>可没人联络我的话，我实在不知道啊。""]","[""\\n<SURNAME/>今天的社团活动怎样了呢…<pause:30/>\\n<SURNAME/>活动不结束就不能回去，\\n<SURNAME/>但是没有收到联络，我实在不清楚是什么情况啊。"", ""\\n<SURNAME/>今天的社团活动怎样了呢…<pause:30/>\\n<SURNAME/>活动不结束就不能回去，\\n<SURNAME/>可没人联络我的话，我实在不知道啊。""]"
merged_versions_conflict,script:446_8,script:446_8:diag21,frontend/public/games/p2is/groups/script_446_8.json,"
<SURNAME/>あれは、カス校の番長ですね?
<SURNAME/>まったく、カス校に相応しいバカ面ですね。
<SURNAME/>一緒にいたら、先輩にもバカガうつりますよ。","
<SURNAME/>那是渣校的老大吧?
<SURNAME/>真是张配得上渣校的蠢脸。
<SURNAME/>待久了蠢病会传染前辈的哦。","[""\\n<SURNAME/>那是渣高的番长吧?\\n<SURNAME/>真是张配得上渣高的蠢脸。\\n<SURNAME/>待久了蠢病会传染前辈的哦。"", ""\\n<SURNAME/>那是渣高的老大吧?\\n<SURNAME/>真是张配得上渣高的蠢脸。\\n<SURNAME/>待久了蠢病会传染前辈的哦。""]","[""\\n<SURNAME/>那是渣高的番长吧?\\n<SURNAME/>真是张配得上渣高的蠢脸。\\n<SURNAME/>待久了蠢病会传染前辈的哦。"", ""\\n<SURNAME/>那是渣高的老大吧?\\n<SURNAME/>真是张配得上渣高的蠢脸。\\n<SURNAME/>待久了蠢病会传染前辈的哦。""]"
merged_versions_conflict,script:446_8,script:446_8:diag22,frontend/public/games/p2is/groups/script_446_8.json,"
<SURNAME/><c12/>先輩、
<SURNAME/>カス校のバカ番長と遊んでないで、
<SURNAME/>先輩も紋章壊すの手伝ってくださいよ。","
<SURNAME/><c12/>前辈，
<SURNAME/>别陪渣校蠢老大玩了，
<SURNAME/>快来帮忙破坏纹章吧。","[""\\n<SURNAME/><c12/>前辈，\\n<SURNAME/>别陪渣高番长玩了，\\n<SURNAME/>快来帮忙破坏纹章吧。"", ""\\n<SURNAME/><c12/>前辈，\\n<SURNAME/>别陪渣高番长玩了，\\n<SURNAME/>快来帮忙破坏徽章吧。""]","[""\\n<SURNAME/><c12/>前辈，\\n<SURNAME/>别陪渣高番长玩了，\\n<SURNAME/>快来帮忙破坏纹章吧。"", ""\\n<SURNAME/><c12/>前辈，\\n<SURNAME/>别陪渣高番长玩了，\\n<SURNAME/>快来帮忙破坏徽章吧。""]"
merged_versions_conflict,script:446_8,script:446_8:diag26,frontend/public/games/p2is/groups/script_446_8.json,"
<SURNAME/>ほらね。やっぱりダメでしょう?
<SURNAME/>とうとう、僕も呪いにかかっちゃいましたよ。
<SURNAME/>でもね、これしきで冷静さを失ったりしませんよ","
<SURNAME/>看吧。果然不行吧?
<SURNAME/>连我也中诅咒啦。
<SURNAME/>但这点小事可不会慌哦","[""\\n<SURNAME/>看吧。果然不行吧?\\n<SURNAME/>连我也中诅咒啦。\\n<SURNAME/>我可不会因为这点小事就慌张哦"", ""\\n<SURNAME/>看吧。果然不行吧?\\n<SURNAME/>连我也中诅咒啦。\\n<SURNAME/>我可不会因为这点小事而慌张哦""]","[""\\n<SURNAME/>看吧。果然不行吧?\\n<SURNAME/>连我也中诅咒啦。\\n<SURNAME/>我可不会因为这点小事就慌张哦"", ""\\n<SURNAME/>看吧。果然不行吧?\\n<SURNAME/>连我也中诅咒啦。\\n<SURNAME/>我可不会因为这点小事而慌张哦""]"
merged_versions_conflict,script:446_8,script:446_8:diag49,frontend/public/games/p2is/groups/script_446_8.json,"
<SURNAME/>そのエンブレムは
<SURNAME/>先程<c12/>先輩ガ壊したじゃありませんか。
<SURNAME/>早く他のエンブレムも壊して下さい。","
<SURNAME/>那个纹章
<SURNAME/>刚才<c12/>前辈不是破坏了吗。
<SURNAME/>请快点破坏其他纹章。","[""\\n<SURNAME/>那个徽章\\n<SURNAME/>刚才不是被<c12/>前辈您破坏了吗。\\n<SURNAME/>请快点去破坏其他徽章吧。"", ""\\n<SURNAME/>那个徽章\\n<SURNAME/>刚才不是被<c12/>前辈您破坏了吗。\\n<SURNAME/>请快点破坏其他徽章吧。""]","[""\\n<SURNAME/>那个徽章\\n<SURNAME/>刚才不是被<c12/>前辈您破坏了吗。\\n<SURNAME/>请快点去破坏其他徽章吧。"", ""\\n<SURNAME/>那个徽章\\n<SURNAME/>刚才不是被<c12/>前辈您破坏了吗。\\n<SURNAME/>请快点破坏其他徽章吧。""]"
merged_versions_conflict,script:451_8,script:451_8:diag1,frontend/public/games/p2is/groups/script_451_8.json,"
<SURNAME/>フゥ…身の程を知らない女ってな、やだねぇ〜<pause:30/>
<SURNAME/>ギンコじゃ、
<SURNAME/>せいぜいミス・オカメガ関のマウンテンだね。","
<SURNAME/>呼…不自量力的女人真讨厌〜<pause:30/>
<SURNAME/>银子嘛，
<SURNAME/>顶多算个乡下选美冠军啦。","[""\n<SURNAME/>呼…不自量力的女人真让人讨厌〜<pause:30/> \n<SURNAME/>银子她啊， \n<SURNAME/>顶多算个乡下选美冠军啦。"", ""<SURNAME/>呼…不自量力的女人真讨厌〜<pause:30/> <SURNAME/>银子她啊， <SURNAME/>顶多算个乡下选美冠军啦。""]","[""\n<SURNAME/>呼…不自量力的女人真让人讨厌〜<pause:30/> \n<SURNAME/>银子她啊， \n<SURNAME/>顶多算个乡下选美冠军啦。"", ""<SURNAME/>呼…不自量力的女人真讨厌〜<pause:30/> <SURNAME/>银子她啊， <SURNAME/>顶多算个乡下选美冠军啦。""]"
merged_versions_conflict,script:451_8,script:451_8:diag18,frontend/public/games/p2is/groups/script_451_8.json,"
<SURNAME/>学園祭はなんとかするから、もう行きな。<pause:30/>
<SURNAME/>まだやる事ガあるんだろ?<pause:30/>
<SURNAME/>大丈夫、あんたならやれるさ!!","
<SURNAME/>学园祭我们会处理，快去吧。<pause:30/>
<SURNAME/>还有事要做吧?<pause:30/>
<SURNAME/>放心，你肯定能行!!","[""\\n<SURNAME/>学园祭我们会处理的，你快去吧。<pause:30/>\\n<SURNAME/>你还有要做的事情吧?<pause:30/>\\n<SURNAME/>放心，你肯定能行!!"", ""\\n<SURNAME/>学园祭我们会处理，快去吧。<pause:30/>\\n<SURNAME/>你还有要做的事情吧?<pause:30/>\\n<SURNAME/>放心，你肯定能行!!"", ""<SURNAME/>学园祭我们会想办法的，快去吧。<pause:30/> <SURNAME/>还有事要做吧?<pause:30/> <SURNAME/>放心，你的话肯定能行!!""]","[""\\n<SURNAME/>学园祭我们会处理的，你快去吧。<pause:30/>\\n<SURNAME/>你还有要做的事情吧?<pause:30/>\\n<SURNAME/>放心，你肯定能行!!"", ""\\n<SURNAME/>学园祭我们会处理，快去吧。<pause:30/>\\n<SURNAME/>你还有要做的事情吧?<pause:30/>\\n<SURNAME/>放心，你肯定能行!!"", ""<SURNAME/>学园祭我们会想办法的，快去吧。<pause:30/> <SURNAME/>还有事要做吧?<pause:30/> <SURNAME/>放心，你的话肯定能行!!""]"
merged_versions_conflict,script:451_8,script:451_8:diag2,frontend/public/games/p2is/groups/script_451_8.json,"
<SURNAME/>ミスセブンス!!<SURNAME/>アーンド!!
<SURNAME/>スマルシティナンバー1の美女は〜!!<pause:30/>
<SURNAME/>華小路さんに決まってるじゃあないか!!","
<SURNAME/>七姊妹小姐!!<SURNAME/>当选!!
<SURNAME/>珠闲市第一美女〜!!<pause:30/>
<SURNAME/>当然是华小路小姐啦!!","[""\\n<SURNAME/>七姐妹学园!!<SURNAME/>以及!!\\n<SURNAME/>珠间瑠市的第一美女〜!!<pause:30/>\\n<SURNAME/>当然是华小路小姐啦!!"", ""\\n<SURNAME/>七姊妹学园!!<SURNAME/>以及!!\\n<SURNAME/>珠闲市的第一美女〜!!<pause:30/>\\n<SURNAME/>当然是华小路小姐啦!!"", ""<SURNAME/>Miss Seven!!<SURNAME/>And!! <SURNAME/>珠间瑠市NO.1美女〜!!<pause:30/> <SURNAME/>必然是华小路小姐啦!!""]","[""\\n<SURNAME/>七姐妹学园!!<SURNAME/>以及!!\\n<SURNAME/>珠间瑠市的第一美女〜!!<pause:30/>\\n<SURNAME/>当然是华小路小姐啦!!"", ""\\n<SURNAME/>七姊妹学园!!<SURNAME/>以及!!\\n<SURNAME/>珠闲市的第一美女〜!!<pause:30/>\\n<SURNAME/>当然是华小路小姐啦!!"", ""<SURNAME/>Miss Seven!!<SURNAME/>And!! <SURNAME/>珠间瑠市NO.1美女〜!!<pause:30/> <SURNAME/>必然是华小路小姐啦!!""]"
merged_versions_conflict,script:451_8,script:451_8:diag26,frontend/public/games/p2is/groups/script_451_8.json,"
<SURNAME/>リサを見て思い出したガ、
<SURNAME/>あいつ英語の成績最低なんで、
<SURNAME/>マジメにやれと言っといて。","
<SURNAME/>看到丽莎想起来，
<SURNAME/>那家伙英语成绩最差，
<SURNAME/>叫她认真点学。","[""\n<SURNAME/>看到莉莎我才想起来，\n<SURNAME/>那家伙的英语成绩简直糟透了，\n<SURNAME/>叫她认真点学啊。"", ""<SURNAME/>看到莉莎我才想起来，<SURNAME/>那家伙英语成绩糟透了，<SURNAME/>叫她认真点学啊。""]","[""\n<SURNAME/>看到莉莎我才想起来，\n<SURNAME/>那家伙的英语成绩简直糟透了，\n<SURNAME/>叫她认真点学啊。"", ""<SURNAME/>看到莉莎我才想起来，<SURNAME/>那家伙英语成绩糟透了，<SURNAME/>叫她认真点学啊。""]"
merged_versions_conflict,script:451_8,script:451_8:diag3,frontend/public/games/p2is/groups/script_451_8.json,"
<SURNAME/>あ、待って情人(チンヤン)。
<SURNAME/>時計台って、いつも鍵かかってるじゃん?
<SURNAME/>先に鍵探した方ガいいかもしんないよ。","
<SURNAME/>啊，等等情人。
<SURNAME/>钟楼不是总锁着吗?
<SURNAME/>先找钥匙可能比较好哦。","[""\\n<SURNAME/>啊，等等情人(cing jan)。\\n<SURNAME/>钟楼不是总锁着吗?\\n<SURNAME/>先找钥匙可能比较好哦。"", ""\\n<SURNAME/>啊，等等情人(ceng jan)。\\n<SURNAME/>钟楼不是总锁着吗?\\n<SURNAME/>先找钥匙可能比较好哦。"", ""<SURNAME/>啊，等一下，情人（cIng jan）。 <SURNAME/>钟楼不是总锁着吗? <SURNAME/>先找钥匙可能比较好哦。""]","[""\\n<SURNAME/>啊，等等情人(cing jan)。\\n<SURNAME/>钟楼不是总锁着吗?\\n<SURNAME/>先找钥匙可能比较好哦。"", ""\\n<SURNAME/>啊，等等情人(ceng jan)。\\n<SURNAME/>钟楼不是总锁着吗?\\n<SURNAME/>先找钥匙可能比较好哦。"", ""<SURNAME/>啊，等一下，情人（cIng jan）。 <SURNAME/>钟楼不是总锁着吗? <SURNAME/>先找钥匙可能比较好哦。""]"
merged_versions_conflict,script:451_8,script:451_8:diag33,frontend/public/games/p2is/groups/script_451_8.json,"
<SURNAME/>オイオイ、校長、死んじまったんだって?
<SURNAME/>つーことは、もうクラブとか行ってもOKだよな?
<SURNAME/>おっしゃ、葬式代わりだ。ハデに騒ぐぜぇ〜!!","
<SURNAME/>喂喂，校长嗝屁了？
<SURNAME/>那去夜店也没问题了吧？
<SURNAME/>好嘞，就当办葬礼，嗨起来吧～!!","[""\n<SURNAME/>喂喂，校长死掉了？ \n<SURNAME/>那去夜店也没问题了吧？ \n<SURNAME/>好嘞，就当办个葬礼，嗨起来吧～!!"", ""<SURNAME/>喂喂，校长死掉了？ <SURNAME/>那去夜店也没问题了吧？ <SURNAME/>好嘞，就当办个葬礼，嗨起来吧～!!""]","[""\n<SURNAME/>喂喂，校长死掉了？ \n<SURNAME/>那去夜店也没问题了吧？ \n<SURNAME/>好嘞，就当办个葬礼，嗨起来吧～!!"", ""<SURNAME/>喂喂，校长死掉了？ <SURNAME/>那去夜店也没问题了吧？ <SURNAME/>好嘞，就当办个葬礼，嗨起来吧～!!""]"
merged_versions_conflict,script:451_8,script:451_8:diag4,frontend/public/games/p2is/groups/script_451_8.json,"
<SURNAME/>リサの広東語講座、その6〜!!<pause:30/>
<SURNAME/>多謝(トォチェ)は、ありガとうって意味なの。
<SURNAME/>たくさん感謝ってことかな?","
<SURNAME/>丽莎粤语讲座，第6期〜!!<pause:30/>
<SURNAME/>多谢就是谢谢的意思。
<SURNAME/>表示很感谢吧？","[""\\n<SURNAME/>丽莎的粤语讲座，第6期〜!!<pause:30/>\\n<SURNAME/>多谢(do ze)就是谢谢的意思。\\n<SURNAME/>应该是用来表示非常感谢的吧？"", ""\\n<SURNAME/>丽莎的广东话讲座，第6期〜!!<pause:30/>\\n<SURNAME/>多谢(doh ze)就是谢谢的意思。\\n<SURNAME/>应该是用来表示非常感谢的吧？"", ""<SURNAME/>莉莎的广东话讲座，第6期〜!!<pause:30/> <SURNAME/>多谢（do ze）就是谢谢的意思。 <SURNAME/>相当于“非常感谢”吧？""]","[""\\n<SURNAME/>丽莎的粤语讲座，第6期〜!!<pause:30/>\\n<SURNAME/>多谢(do ze)就是谢谢的意思。\\n<SURNAME/>应该是用来表示非常感谢的吧？"", ""\\n<SURNAME/>丽莎的广东话讲座，第6期〜!!<pause:30/>\\n<SURNAME/>多谢(doh ze)就是谢谢的意思。\\n<SURNAME/>应该是用来表示非常感谢的吧？"", ""<SURNAME/>莉莎的广东话讲座，第6期〜!!<pause:30/> <SURNAME/>多谢（do ze）就是谢谢的意思。 <SURNAME/>相当于“非常感谢”吧？""]"
merged_versions_conflict,script:451_8,script:451_8:diag5,frontend/public/games/p2is/groups/script_451_8.json,"
<SURNAME/>激氣!!(ケッへイ)アッタマきた!!<pause:30/>
<SURNAME/>ハンニャのせいで、
<SURNAME/>学園祭中止になるかもしんないって!!","
<SURNAME/>激气!!(ケッヘイ)气死我了!!<pause:30/>
<SURNAME/>都怪般若，
<SURNAME/>学园祭可能要取消了!!","[""\\n<SURNAME/>激气!!(gik hei)气死我了!!<pause:30/>\\n<SURNAME/>都怪般若，\\n<SURNAME/>学园祭可能要取消了!!"", ""<SURNAME/>激氣!!（gik hei）气死我了!!<pause:30/> <SURNAME/>都怪般若， <SURNAME/>现在学园祭可能要取消了!""]","[""\\n<SURNAME/>激气!!(gik hei)气死我了!!<pause:30/>\\n<SURNAME/>都怪般若，\\n<SURNAME/>学园祭可能要取消了!!"", ""<SURNAME/>激氣!!（gik hei）气死我了!!<pause:30/> <SURNAME/>都怪般若， <SURNAME/>现在学园祭可能要取消了!""]"
merged_versions_conflict,script:451_8,script:451_8:diag6,frontend/public/games/p2is/groups/script_451_8.json,"
<SURNAME/>わたし、ミスセブンス候補だったのに!<pause:30/>
<SURNAME/>ま、結果はわたしに決まってんだけど?<pause:30/>
<SURNAME/>なんか気分悪いなあ!!","
<SURNAME/>我可是七姊妹小姐候补啊!<pause:30/>
<SURNAME/>嘛，虽然结果肯定是我啦?<pause:30/>
<SURNAME/>但总觉得不爽啊!!","[""\n<SURNAME/>我可是七姐妹小姐的候补啊!<pause:30/> \n<SURNAME/>嘛，虽然结果肯定是我啦?<pause:30/> \n<SURNAME/>但总觉得很不爽啊!!"", ""<SURNAME/>我可是Miss Seven候补啊!<pause:30/> <SURNAME/>嘛，虽然结果肯定是我啦?<pause:30/> <SURNAME/>但总觉得不爽啊!!""]","[""\n<SURNAME/>我可是七姐妹小姐的候补啊!<pause:30/> \n<SURNAME/>嘛，虽然结果肯定是我啦?<pause:30/> \n<SURNAME/>但总觉得很不爽啊!!"", ""<SURNAME/>我可是Miss Seven候补啊!<pause:30/> <SURNAME/>嘛，虽然结果肯定是我啦?<pause:30/> <SURNAME/>但总觉得不爽啊!!""]"
merged_versions_conflict,script:451_8,script:451_8:diag7,frontend/public/games/p2is/groups/script_451_8.json,"
<SURNAME/>さ〜て、
<SURNAME/>校長先生、予想通り動き出したわよ。<pause:30/>
<SURNAME/>さ、早く鍵を見つけて、時計台へレッツらゴー!",\n<SURNAME/>好啦～ \n<SURNAME/>校长先生，如我所料的行动了呢。<pause:30/>\n<SURNAME/>快找钥匙，去钟楼！Let's go！,"[""\\n<SURNAME/>那么〜，\\n<SURNAME/>校长果然如预料行动了哦。<pause:30/>\\n<SURNAME/>赶紧找到钥匙，然后向着钟楼Let's Goー!"", ""<SURNAME/>那么〜， <SURNAME/>校长先生果然如预料般行动了哦。<pause:30/> <SURNAME/>快找钥匙，向钟楼出发吧!""]","[""\\n<SURNAME/>那么〜，\\n<SURNAME/>校长果然如预料行动了哦。<pause:30/>\\n<SURNAME/>赶紧找到钥匙，然后向着钟楼Let's Goー!"", ""<SURNAME/>那么〜， <SURNAME/>校长先生果然如预料般行动了哦。<pause:30/> <SURNAME/>快找钥匙，向钟楼出发吧!""]"
merged_versions_conflict,script:451_8,script:451_8:diag8,frontend/public/games/p2is/groups/script_451_8.json,"
<SURNAME/>それにしてもあの校内放送…<pause:15/>
<SURNAME/>もしあれガ紋章を守る為のものだとしたら、
<SURNAME/>校長先生も最後の紋章のある場所にいるかも…","
<SURNAME/>话说回来那个校内广播…<pause:15/>
<SURNAME/>如果那是为了纹章的话，
<SURNAME/>校长说不定就在最后纹章的所在地…","[""\n<SURNAME/>话说回来那个校内广播…<pause:15/> \n<SURNAME/>如果那是为了纹章的话， \n<SURNAME/>校长说不定就在最后的徽章的所在地…"", ""<SURNAME/>话说回来那个校内广播…<pause:15/> <SURNAME/>如果那是为了纹章的话， <SURNAME/>校长说不定就在最后的徽章的所在地…""]","[""\n<SURNAME/>话说回来那个校内广播…<pause:15/> \n<SURNAME/>如果那是为了纹章的话， \n<SURNAME/>校长说不定就在最后的徽章的所在地…"", ""<SURNAME/>话说回来那个校内广播…<pause:15/> <SURNAME/>如果那是为了纹章的话， <SURNAME/>校长说不定就在最后的徽章的所在地…""]"
merged_versions_conflict,script:451_8,script:451_8:diag9,frontend/public/games/p2is/groups/script_451_8.json,"
<SURNAME/>ユッキー、
<SURNAME/>先生ガ元に戻って喜ぶかと思ったんだけど…<pause:30/>
<SURNAME/>なんか、違う事で悩んでるみたいだね。","
<SURNAME/>雪野，
<SURNAME/>本以为老师恢复你会高兴的…<pause:30/>
<SURNAME/>但好像在为别的事烦恼呢。","[""\n<SURNAME/>小雪， \n<SURNAME/>本以为老师恢复了你会高兴的…<pause:30/> \n<SURNAME/>但好像你是在为别的事情烦恼呢。"", ""<SURNAME/>雪野， <SURNAME/>本以为老师恢复你会高兴的…<pause:30/> <SURNAME/>但你好像是在为别的事烦恼呢。""]","[""\n<SURNAME/>小雪， \n<SURNAME/>本以为老师恢复了你会高兴的…<pause:30/> \n<SURNAME/>但好像你是在为别的事情烦恼呢。"", ""<SURNAME/>雪野， <SURNAME/>本以为老师恢复你会高兴的…<pause:30/> <SURNAME/>但你好像是在为别的事烦恼呢。""]"
merged_versions_conflict,script:452_8,script:452_8:diag0,frontend/public/games/p2is/groups/script_452_8.json,"
<SURNAME/>よお、<c12/>!<SURNAME/>小耳に挟んだんだけどさ、
<SURNAME/>「月刊クーレスト」ガ取材に来るって、マジ?
<SURNAME/>ひょっとして、お前の取材に来んじゃねーの?","
<SURNAME/>哟，<c12/>!<SURNAME/>听说个消息，
<SURNAME/>《月刊クーレスト》要来取材，真的？
<SURNAME/>该不会是冲你来的吧?","[""\\n<SURNAME/>哟，<c12/>!<SURNAME/>听说有个消息，\\n<SURNAME/>《月刊Coolest》要来取材，是真的吗？\\n<SURNAME/>该不会是冲你来的吧?"", ""\\n<SURNAME/>哟，<c12/>!<SURNAME/>听说有个消息，\n\\n<SURNAME/>《月刊Coolest》要来取材，真的吗？\n\\n<SURNAME/>该不会是冲你来的吧?""]","[""\\n<SURNAME/>哟，<c12/>!<SURNAME/>听说有个消息，\\n<SURNAME/>《月刊Coolest》要来取材，是真的吗？\\n<SURNAME/>该不会是冲你来的吧?"", ""\\n<SURNAME/>哟，<c12/>!<SURNAME/>听说有个消息，\n\\n<SURNAME/>《月刊Coolest》要来取材，真的吗？\n\\n<SURNAME/>该不会是冲你来的吧?""]"
merged_versions_conflict,script:452_8,script:452_8:diag3,frontend/public/games/p2is/groups/script_452_8.json,"
<SURNAME/>なんか急に可愛くなっちゃったのよ!
<SURNAME/>どういう事?<SURNAME/>もしかしてジヨーカー様?
<SURNAME/>ジヨーカー様をしたの?<SURNAME/>あの子!?","
<SURNAME/>她突然变可爱了！
<SURNAME/>怎么回事？<SURNAME/>难道是小丑大人？
<SURNAME/>她向小丑大人许愿了？<SURNAME/>那个女孩！？","[""\\n<SURNAME/>她却突然变可爱了！\\n<SURNAME/>这是怎么回事？<SURNAME/>难道说是JOKER大人？\\n<SURNAME/>她向JOKER大人许愿了？<SURNAME/>那个女孩！？"", ""\\n<SURNAME/>她突然变可爱了！\\n<SURNAME/>怎么回事？<SURNAME/>难道是小丑大人？\\n<SURNAME/>她向Joker大人许愿了？<SURNAME/>那个女孩！？\n""]","[""\\n<SURNAME/>她却突然变可爱了！\\n<SURNAME/>这是怎么回事？<SURNAME/>难道说是JOKER大人？\\n<SURNAME/>她向JOKER大人许愿了？<SURNAME/>那个女孩！？"", ""\\n<SURNAME/>她突然变可爱了！\\n<SURNAME/>怎么回事？<SURNAME/>难道是小丑大人？\\n<SURNAME/>她向Joker大人许愿了？<SURNAME/>那个女孩！？\n""]"
merged_versions_conflict,script:452_8,script:452_8:diag9,frontend/public/games/p2is/groups/script_452_8.json,"
<SURNAME/>ふふふ…<pause:30/>どう?<SURNAME/>私、綺麗になったでしょ?
<SURNAME/>これで今年のミスセブンスは私に決まり。
<SURNAME/>あんな、リサとかいう外人に負けるもんですか!","
<SURNAME/>呵呵呵…<pause:30/>怎么样？<SURNAME/>我变漂亮了吧？
<SURNAME/>这样今年的七姊妹小姐非我莫属。
<SURNAME/>才不会输给丽莎那种外国人呢！","[""\\n<SURNAME/>呵呵呵…<pause:30/>怎么样？<SURNAME/>我变漂亮了吧？\\n<SURNAME/>这样一来今年的七姐妹小姐非我莫属。\\n<SURNAME/>才不会输给丽莎那种外国人呢！"", ""\\n<SURNAME/>呵呵呵…<pause:30/>怎么样？<SURNAME/>我变漂亮了吧？\\n<SURNAME/>这样今年的七姐妹小姐非我莫属。\\n<SURNAME/>才不会输给丽莎那种外国人呢！""]","[""\\n<SURNAME/>呵呵呵…<pause:30/>怎么样？<SURNAME/>我变漂亮了吧？\\n<SURNAME/>这样一来今年的七姐妹小姐非我莫属。\\n<SURNAME/>才不会输给丽莎那种外国人呢！"", ""\\n<SURNAME/>呵呵呵…<pause:30/>怎么样？<SURNAME/>我变漂亮了吧？\\n<SURNAME/>这样今年的七姐妹小姐非我莫属。\\n<SURNAME/>才不会输给丽莎那种外国人呢！""]"
merged_versions_conflict,script:453_8,script:453_8:diag0,frontend/public/games/p2is/groups/script_453_8.json,"
<SURNAME/>ちょ、ちょっと待ったぁ!!<pause:30/>
<SURNAME/><c12/>に取材ガ来てるのかい?<pause:30/>
<SURNAME/>しかもクーレストの!?","
<SURNAME/>等、等一下啊!!<pause:30/>
<SURNAME/>有记者来采访<c12/>吗？<pause:30/>
<SURNAME/>而且还是酷乐杂志的！？","[""\n<SURNAME/>等、等一下!!<pause:30/> \n<SURNAME/>有记者过来采访<c12/>吗？<pause:30/> \n<SURNAME/>而且还是Coolest杂志的！？"", ""<SURNAME/>等、等一下!!<pause:30/> <SURNAME/>有记者过来采访<c12/>吗？<pause:30/> <SURNAME/>而且还是Coolest杂志的！？""]","[""\n<SURNAME/>等、等一下!!<pause:30/> \n<SURNAME/>有记者过来采访<c12/>吗？<pause:30/> \n<SURNAME/>而且还是Coolest杂志的！？"", ""<SURNAME/>等、等一下!!<pause:30/> <SURNAME/>有记者过来采访<c12/>吗？<pause:30/> <SURNAME/>而且还是Coolest杂志的！？""]"
merged_versions_conflict,script:453_8,script:453_8:diag1,frontend/public/games/p2is/groups/script_453_8.json,"
<SURNAME/>木ワァァァッツ!?<pause:30/><SURNAME/>なんでボクじゃないんだ!?<pause:30/>
<SURNAME/>この超絶美形のボクを取材せずして、
<SURNAME/>何のニュースをストリートすると言うんだあ!!","
<SURNAME/>木哇啊啊啊！？<pause:30/><SURNAME/>为什么不是我！？<pause:30/>
<SURNAME/>不采访我这个超级美男子，
<SURNAME/>还报道什么街头新闻啊！！","[""\n<SURNAME/>吼哇啊啊啊？！<pause:30/><SURNAME/>为什么不是我啊！？<pause:30/> \n<SURNAME/>不来采访我这个超级美男子， \n<SURNAME/>这还报道什么新闻啊！！"", ""<SURNAME/>齁哇啊啊啊！？<pause:30/><SURNAME/>为什么不是我！？<pause:30/> <SURNAME/>不采访我这个超级美男子， <SURNAME/>这还报道什么新闻啊！！""]","[""\n<SURNAME/>吼哇啊啊啊？！<pause:30/><SURNAME/>为什么不是我啊！？<pause:30/> \n<SURNAME/>不来采访我这个超级美男子， \n<SURNAME/>这还报道什么新闻啊！！"", ""<SURNAME/>齁哇啊啊啊！？<pause:30/><SURNAME/>为什么不是我！？<pause:30/> <SURNAME/>不采访我这个超级美男子， <SURNAME/>这还报道什么新闻啊！！""]"
merged_versions_conflict,script:453_8,script:453_8:diag10,frontend/public/games/p2is/groups/script_453_8.json,"
<SURNAME/>はぁ!?<SURNAME/>あんたも、なに言ってんの!?<pause:30/>
<SURNAME/>ジヨーカーなんかに頼んなくたって、
<SURNAME/>あんたなんか目じゃないよ!!","
<SURNAME/>哈啊！？<SURNAME/>你也，说什么呢！？<pause:30/>
<SURNAME/>不靠小丑帮忙，
<SURNAME/>你这种货色我根本不放在眼里！！","[""\n<SURNAME/>哈啊！？<SURNAME/>你在胡说八道些什么呢！？<pause:30/> \n<SURNAME/>就算不靠JOKER帮忙， \n<SURNAME/>你这种货色我也根本不会放在眼里！！"", ""<SURNAME/>哈啊！？<SURNAME/>你胡说八道些什么呢！？<pause:30/> <SURNAME/>就算我不靠JOKER帮忙， <SURNAME/>你这种货色我也根本不放在眼里！！""]","[""\n<SURNAME/>哈啊！？<SURNAME/>你在胡说八道些什么呢！？<pause:30/> \n<SURNAME/>就算不靠JOKER帮忙， \n<SURNAME/>你这种货色我也根本不会放在眼里！！"", ""<SURNAME/>哈啊！？<SURNAME/>你胡说八道些什么呢！？<pause:30/> <SURNAME/>就算我不靠JOKER帮忙， <SURNAME/>你这种货色我也根本不放在眼里！！""]"
merged_versions_conflict,script:453_8,script:453_8:diag11,frontend/public/games/p2is/groups/script_453_8.json,"
<SURNAME/>大体そんな性格だから、<c13/>にも振られんのよ!<pause:30/>
<SURNAME/>この学校、マジでこんなヤツばっか!!
<SURNAME/>みんな、呪いでもなんでもかかればいいんだ!!","
<SURNAME/>说到底就你这性格，<c13/>才甩了你！<pause:30/>
<SURNAME/>这学校，真的全是这种家伙！！
<SURNAME/>大家，被诅咒还是什么都无所谓啦！！","[""\n<SURNAME/>说到底就是因为你这副德性，<c13/>才会甩了你！<pause:30/> \n<SURNAME/>这学校净是这种家伙！！我管你们 \n<SURNAME/>是被诅咒了还是怎样，全都给我中招好了！！"", ""<SURNAME/>说到底就是因为你这副德性，<c13/>才会甩了你！<pause:30/> <SURNAME/>这学校净他妈是这种人！！我管你们 <SURNAME/>是被诅咒了还是怎样，全都给我中招好了！！"", ""<SURNAME/>说到底就是因为你这副德性，<c13/>才会甩了你！<pause:30/> <SURNAME/>这学校净他妈是这种人！！ <SURNAME/>我管你们是被诅咒了还是怎样，全都给我中招好了！！""]","[""\n<SURNAME/>说到底就是因为你这副德性，<c13/>才会甩了你！<pause:30/> \n<SURNAME/>这学校净是这种家伙！！我管你们 \n<SURNAME/>是被诅咒了还是怎样，全都给我中招好了！！"", ""<SURNAME/>说到底就是因为你这副德性，<c13/>才会甩了你！<pause:30/> <SURNAME/>这学校净他妈是这种人！！我管你们 <SURNAME/>是被诅咒了还是怎样，全都给我中招好了！！"", ""<SURNAME/>说到底就是因为你这副德性，<c13/>才会甩了你！<pause:30/> <SURNAME/>这学校净他妈是这种人！！ <SURNAME/>我管你们是被诅咒了还是怎样，全都给我中招好了！！""]"
merged_versions_conflict,script:453_8,script:453_8:diag12,frontend/public/games/p2is/groups/script_453_8.json,"
<SURNAME/>はぁ!?<SURNAME/>あんた、まだなんか言ってんの!?<pause:30/>
<SURNAME/>何度も言ってるけど、
<SURNAME/>あんたなんか相手になんないんだよ!!","
<SURNAME/>哈啊！？<SURNAME/>你，还在说什么！？<pause:30/>
<SURNAME/>说多少遍了，
<SURNAME/>你这种货色根本不配当对手！！","[""\n<SURNAME/>哈啊！？<SURNAME/>你怎么还在说这种话！？<pause:30/> \n<SURNAME/>我都说多少遍了， \n<SURNAME/>像你这种货色根本不配当我的对手！！"", ""<SURNAME/>哈啊！？<SURNAME/>你怎么还再说这种话！？<pause:30/> <SURNAME/>我都说多少遍了， <SURNAME/>像你这种货色根本不配当对手！！""]","[""\n<SURNAME/>哈啊！？<SURNAME/>你怎么还在说这种话！？<pause:30/> \n<SURNAME/>我都说多少遍了， \n<SURNAME/>像你这种货色根本不配当我的对手！！"", ""<SURNAME/>哈啊！？<SURNAME/>你怎么还再说这种话！？<pause:30/> <SURNAME/>我都说多少遍了， <SURNAME/>像你这种货色根本不配当对手！！""]"
merged_versions_conflict,script:453_8,script:453_8:diag15,frontend/public/games/p2is/groups/script_453_8.json,"
<SURNAME/>リサって、他の子にはちょっと冷たいのかな…?<pause:30/>
<SURNAME/><c13/>クンにはあんなに打ち解けてるのに…","
<SURNAME/>丽莎，对其他孩子有点冷淡呢…？<pause:30/>
<SURNAME/>对<c13/>君却那么亲近…","[""\n<SURNAME/>莉莎，对其他孩子有点冷漠呢…？<pause:30/> \n<SURNAME/>对<c13/>君却那么亲近…"", ""<SURNAME/>莉莎，对其他孩子有点冷淡呢…？<pause:30/> <SURNAME/>对<c13/>君却那么亲近…""]","[""\n<SURNAME/>莉莎，对其他孩子有点冷漠呢…？<pause:30/> \n<SURNAME/>对<c13/>君却那么亲近…"", ""<SURNAME/>莉莎，对其他孩子有点冷淡呢…？<pause:30/> <SURNAME/>对<c13/>君却那么亲近…""]"
merged_versions_conflict,script:453_8,script:453_8:diag16,frontend/public/games/p2is/groups/script_453_8.json,"
<SURNAME/>ううん…冷たいってのとも、ちょっと違うかな…<pause:30/>
<SURNAME/>あの洋子って子ガ特別なわけでもなさそうだし…<pause:30/>
<SURNAME/>別に、イジメられてるわけでもないんだよね?","
<SURNAME/>唔…说冷淡也不太对…<pause:30/>
<SURNAME/>那个叫洋子的女孩也不像是特别的…<pause:30/>
<SURNAME/>而且，也不是被欺负吧？","[""\n<SURNAME/>唔…说冷漠也不太对…<pause:30/> \n<SURNAME/>那个叫洋子的孩子看起来也没什么特别的…<pause:30/> \n<SURNAME/>应该不是被欺负了，对吧？"", ""<SURNAME/>唔…说冷淡也不太对…<pause:30/> <SURNAME/>那个叫洋子的孩子看起来也没什么特别的…<pause:30/> <SURNAME/>应该不是被欺负了，对吧？""]","[""\n<SURNAME/>唔…说冷漠也不太对…<pause:30/> \n<SURNAME/>那个叫洋子的孩子看起来也没什么特别的…<pause:30/> \n<SURNAME/>应该不是被欺负了，对吧？"", ""<SURNAME/>唔…说冷淡也不太对…<pause:30/> <SURNAME/>那个叫洋子的孩子看起来也没什么特别的…<pause:30/> <SURNAME/>应该不是被欺负了，对吧？""]"
merged_versions_conflict,script:453_8,script:453_8:diag17,frontend/public/games/p2is/groups/script_453_8.json,"
<SURNAME/>リサ…
<SURNAME/>本気であんな事言ってるんじゃないと思うな。<pause:30/>
<SURNAME/>多分、なにかトラウマガあるんだよ…","
<SURNAME/>丽莎…
<SURNAME/>她不是真心说那种话的。<pause:30/>
<SURNAME/>大概，她有什么心理创伤吧…","[""\n<SURNAME/>莉莎… \n<SURNAME/>她应该不是真心说出那种话的吧。<pause:30/> \n<SURNAME/>大概，是有什么心理创伤吧…"", ""<SURNAME/>莉莎… <SURNAME/>她不是真心说那种话的。<pause:30/> <SURNAME/>大概，她有什么心理创伤吧…""]","[""\n<SURNAME/>莉莎… \n<SURNAME/>她应该不是真心说出那种话的吧。<pause:30/> \n<SURNAME/>大概，是有什么心理创伤吧…"", ""<SURNAME/>莉莎… <SURNAME/>她不是真心说那种话的。<pause:30/> <SURNAME/>大概，她有什么心理创伤吧…""]"
merged_versions_conflict,script:453_8,script:453_8:diag18,frontend/public/games/p2is/groups/script_453_8.json,"
<SURNAME/>だって、<c13/>クンにはあんなに優しいでしょ?<pause:30/>
<SURNAME/>ちょっと冷たく見えることもあるけど、
<SURNAME/>本当は思いやりのある子だと思うな。","
<SURNAME/>因为，<c13/>健对她不是那么温柔吗?<pause:30/>
<SURNAME/>虽然有时看起来有点冷淡，
<SURNAME/>但其实是个体贴的孩子。","[""\n<SURNAME/>因为，她对<c13/>君很温柔不是吗?<pause:30/> \n<SURNAME/>虽然有时看起来有点冷漠， \n<SURNAME/>但我觉得她其实是个体贴的孩子。"", ""<SURNAME/>因为，她对<c13/>君很温柔不是吗?<pause:30/> <SURNAME/>虽然有时看起来有点冷淡， <SURNAME/>但我觉得她其实是个体贴的孩子。""]","[""\n<SURNAME/>因为，她对<c13/>君很温柔不是吗?<pause:30/> \n<SURNAME/>虽然有时看起来有点冷漠， \n<SURNAME/>但我觉得她其实是个体贴的孩子。"", ""<SURNAME/>因为，她对<c13/>君很温柔不是吗?<pause:30/> <SURNAME/>虽然有时看起来有点冷淡， <SURNAME/>但我觉得她其实是个体贴的孩子。""]"
merged_versions_conflict,script:453_8,script:453_8:diag19,frontend/public/games/p2is/groups/script_453_8.json,"
<SURNAME/>リサのヤツ、結構キツイこと言うね〜<pause:30/>
<SURNAME/>まあ、あんなこと言われりゃ、
<SURNAME/>アタマにもくるだろうけどさ。","
<SURNAME/>丽莎那家伙，说话挺刻薄的〜<pause:30/>
<SURNAME/>嘛，被那么说，
<SURNAME/>谁都会生气吧。","[""\n<SURNAME/>莉莎那家伙，说话还挺刻薄的呢〜<pause:30/> \n<SURNAME/>不过也是，被人那样说了 \n<SURNAME/>谁都会生气的吧。"", ""<SURNAME/>莉莎那家伙，说话还挺刻薄的〜<pause:30/> <SURNAME/>不过也算，被那样说了 <SURNAME/>谁都会生气的吧。"", ""<SURNAME/>丽莎那家伙，说话还挺刻薄的〜<pause:30/> <SURNAME/>不过也算，被那样说了 <SURNAME/>谁都会生气的吧。""]","[""\n<SURNAME/>莉莎那家伙，说话还挺刻薄的呢〜<pause:30/> \n<SURNAME/>不过也是，被人那样说了 \n<SURNAME/>谁都会生气的吧。"", ""<SURNAME/>莉莎那家伙，说话还挺刻薄的〜<pause:30/> <SURNAME/>不过也算，被那样说了 <SURNAME/>谁都会生气的吧。"", ""<SURNAME/>丽莎那家伙，说话还挺刻薄的〜<pause:30/> <SURNAME/>不过也算，被那样说了 <SURNAME/>谁都会生气的吧。""]"
merged_versions_conflict,script:453_8,script:453_8:diag2,frontend/public/games/p2is/groups/script_453_8.json,"
<SURNAME/>お!?<pause:30/>
<SURNAME/>ギンコガキレやガった〜♪
<SURNAME/>人の尻見て我ガ尻なおせ〜♪","
<SURNAME/>哦！？<pause:30/>
<SURNAME/>银子发飙啦～♪
<SURNAME/>看人屁股改自己屁股～♪","[""\n<SURNAME/>哦？！\n<pause:30/> <SURNAME/>银子发飙啦～♪ \n<SURNAME/>看见别人屁股歪，就忙着去掰自己的屁股～♪～♪"", ""<SURNAME/>哦！？<pause:30/> <SURNAME/>银子发飙啦～♪ <SURNAME/>看人屁股，修正自己屁股～♪""]","[""\n<SURNAME/>哦？！\n<pause:30/> <SURNAME/>银子发飙啦～♪ \n<SURNAME/>看见别人屁股歪，就忙着去掰自己的屁股～♪～♪"", ""<SURNAME/>哦！？<pause:30/> <SURNAME/>银子发飙啦～♪ <SURNAME/>看人屁股，修正自己屁股～♪""]"
merged_versions_conflict,script:453_8,script:453_8:diag20,frontend/public/games/p2is/groups/script_453_8.json,"
<SURNAME/>リサのヤツ、まだやってんのかい?<pause:30/>
<SURNAME/>しかし、ありゃ言い過ぎだね。
<SURNAME/>まるで、誰も信じてないみたいじゃないか…","
<SURNAME/>丽莎那家伙，还在搞吗?<pause:30/>
<SURNAME/>不过，那说得太过分了。
<SURNAME/>简直就像谁都不信似的…","[""\n<SURNAME/>莉莎那家伙，还在争啊?<pause:30/> \n<SURNAME/>不过，那说得也太过分了。 \n<SURNAME/>就像谁都不相信似的…"", ""<SURNAME/>莉莎那家伙，还在争啊?<pause:30/> <SURNAME/>不过，那说得太过分了。 <SURNAME/>就像谁都不相信似的…"", ""<SURNAME/>丽莎那家伙，还在争啊?<pause:30/> <SURNAME/>不过，那说得太过分了。 <SURNAME/>就像谁都不相信似的…""]","[""\n<SURNAME/>莉莎那家伙，还在争啊?<pause:30/> \n<SURNAME/>不过，那说得也太过分了。 \n<SURNAME/>就像谁都不相信似的…"", ""<SURNAME/>莉莎那家伙，还在争啊?<pause:30/> <SURNAME/>不过，那说得太过分了。 <SURNAME/>就像谁都不相信似的…"", ""<SURNAME/>丽莎那家伙，还在争啊?<pause:30/> <SURNAME/>不过，那说得太过分了。 <SURNAME/>就像谁都不相信似的…""]"
merged_versions_conflict,script:453_8,script:453_8:diag21,frontend/public/games/p2is/groups/script_453_8.json,"
<SURNAME/>顔に自信のある女ってな、大変だねぇ…<pause:30/>
<SURNAME/>ま、アタシにゃ縁のない世界だね。","
<SURNAME/>对自己脸蛋有自信的女人，真辛苦啊…<pause:30/>
<SURNAME/>嘛，跟我无缘的世界呢。","[""\n<SURNAME/>对自己的脸蛋有自信的女人，真辛苦啊…<pause:30/> \n<SURNAME/>嘛，是跟我无缘的世界呢。"", ""<SURNAME/>对自己脸蛋有自信的女人，真辛苦啊…<pause:30/> <SURNAME/>嘛，是跟我无缘的世界呢。""]","[""\n<SURNAME/>对自己的脸蛋有自信的女人，真辛苦啊…<pause:30/> \n<SURNAME/>嘛，是跟我无缘的世界呢。"", ""<SURNAME/>对自己脸蛋有自信的女人，真辛苦啊…<pause:30/> <SURNAME/>嘛，是跟我无缘的世界呢。""]"
merged_versions_conflict,script:453_8,script:453_8:diag23,frontend/public/games/p2is/groups/script_453_8.json,"
<SURNAME/>2人で来ててさ、どっちもスッゲー美人だったぜ!
<SURNAME/>しかしよお、なんでお前の周りばっか、
<SURNAME/>こう美人ガ集まるのかねぇ…","
<SURNAME/>两个人一起来的，两个都是超级美女啊!
<SURNAME/>但是啊，为什么你周围总是
<SURNAME/>聚集这样的美女呢…","[""\n<SURNAME/>是两个人一起来的，不管哪个都是超级美女啊! \n<SURNAME/>但是话说回来啊，为什么你周围总是能\n<SURNAME/>聚集这样的美女呢…"", ""<SURNAME/>两个人一起来的，不管哪个都是超级美女啊! <SURNAME/>但是话说回来啊，为什么你周围总是能<SURNAME/>聚集这样的美女呢…"", ""<SURNAME/>两个人一起来的，不管哪个都是超级美女啊! <SURNAME/>但是话说回来啊，为什么你周围总是 能<SURNAME/>聚集这样的美女呢…""]","[""\n<SURNAME/>是两个人一起来的，不管哪个都是超级美女啊! \n<SURNAME/>但是话说回来啊，为什么你周围总是能\n<SURNAME/>聚集这样的美女呢…"", ""<SURNAME/>两个人一起来的，不管哪个都是超级美女啊! <SURNAME/>但是话说回来啊，为什么你周围总是能<SURNAME/>聚集这样的美女呢…"", ""<SURNAME/>两个人一起来的，不管哪个都是超级美女啊! <SURNAME/>但是话说回来啊，为什么你周围总是 能<SURNAME/>聚集这样的美女呢…""]"
merged_versions_conflict,script:453_8,script:453_8:diag24,frontend/public/games/p2is/groups/script_453_8.json,"
<SURNAME/>俺だってなあ、こんな顔になってなけりゃ、
<SURNAME/>結構イケてるほうだったんだけどなぁ…","
<SURNAME/>我啊，要不是变成这副脸，
<SURNAME/>还挺帅的呢…","[""\n<SURNAME/>我啊，要不是变成这样的脸， \n<SURNAME/>其实还挺帅的呢…"", ""<SURNAME/>我啊，要不是变成这副脸， <SURNAME/>其实还挺帅的呢…""]","[""\n<SURNAME/>我啊，要不是变成这样的脸， \n<SURNAME/>其实还挺帅的呢…"", ""<SURNAME/>我啊，要不是变成这副脸， <SURNAME/>其实还挺帅的呢…""]"
merged_versions_conflict,script:453_8,script:453_8:diag25,frontend/public/games/p2is/groups/script_453_8.json,"
<SURNAME/>おい、<c12/>!
<SURNAME/>あのお姉さんたちだよ、お前を探してたのはさ。
<SURNAME/>え?<SURNAME/>知ってるって?","
<SURNAME/>喂，<c12/>!
<SURNAME/>是那些姐姐们啊，在找你的。
<SURNAME/>咦?<SURNAME/>你说知道?","[""\n<SURNAME/>喂，<c12/>! \n<SURNAME/>一直在找你的，就是那两个大姐姐哦。 \n<SURNAME/>咦?<SURNAME/>你说你知道?"", ""<SURNAME/>喂，<c12/>! <SURNAME/>找你的就是那两个姐姐啊。 <SURNAME/>咦?<SURNAME/>你说你知道?""]","[""\n<SURNAME/>喂，<c12/>! \n<SURNAME/>一直在找你的，就是那两个大姐姐哦。 \n<SURNAME/>咦?<SURNAME/>你说你知道?"", ""<SURNAME/>喂，<c12/>! <SURNAME/>找你的就是那两个姐姐啊。 <SURNAME/>咦?<SURNAME/>你说你知道?""]"
merged_versions_conflict,script:453_8,script:453_8:diag26,frontend/public/games/p2is/groups/script_453_8.json,"
<SURNAME/>か〜!<SURNAME/>もうキメちまったのかぁ?
<SURNAME/>ここは学校だぜ?<SURNAME/>ったくうらやましいねぇ〜
<SURNAME/>一人くらいわけてくれよお。","
<SURNAME/>啊〜!<SURNAME/>已经搞定了吗?
<SURNAME/>这里可是学校啊?<SURNAME/>真羡慕死我了〜
<SURNAME/>分我一个嘛。","[""\n<SURNAME/>啊〜!<SURNAME/>你已经对她们出手了吗? \n<SURNAME/>这里可是学校啊?<SURNAME/>真羡慕死我了〜 \n<SURNAME/>你分我一个嘛。"", ""<SURNAME/>啊〜!<SURNAME/>你已经对她们出手了吗? <SURNAME/>这里可是学校啊?<SURNAME/>真羡慕死我了〜 你分我一个嘛。<SURNAME/>"", ""<SURNAME/>啊〜!<SURNAME/>你已经对她们出手了吗? <SURNAME/>这里可是学校啊?<SURNAME/>真羡慕死我了〜 <SURNAME/>你分我一个嘛。""]","[""\n<SURNAME/>啊〜!<SURNAME/>你已经对她们出手了吗? \n<SURNAME/>这里可是学校啊?<SURNAME/>真羡慕死我了〜 \n<SURNAME/>你分我一个嘛。"", ""<SURNAME/>啊〜!<SURNAME/>你已经对她们出手了吗? <SURNAME/>这里可是学校啊?<SURNAME/>真羡慕死我了〜 你分我一个嘛。<SURNAME/>"", ""<SURNAME/>啊〜!<SURNAME/>你已经对她们出手了吗? <SURNAME/>这里可是学校啊?<SURNAME/>真羡慕死我了〜 <SURNAME/>你分我一个嘛。""]"
merged_versions_conflict,script:453_8,script:453_8:diag28,frontend/public/games/p2is/groups/script_453_8.json,"
<SURNAME/>お前はお姉さんたちとお出かけか?
<SURNAME/>いいねぇ〜俺も連れてけよ!!","
<SURNAME/>你是和姐姐们出去吗?
<SURNAME/>真好〜带上我啊!!","[""\n<SURNAME/>你是要和大姐姐们一起出去吗? \n<SURNAME/>真好〜也带上我啊!!"", ""<SURNAME/>你是要和大姐姐们一起出去吗? <SURNAME/>真好〜带上我啊!!""]","[""\n<SURNAME/>你是要和大姐姐们一起出去吗? \n<SURNAME/>真好〜也带上我啊!!"", ""<SURNAME/>你是要和大姐姐们一起出去吗? <SURNAME/>真好〜带上我啊!!""]"
merged_versions_conflict,script:453_8,script:453_8:diag29,frontend/public/games/p2is/groups/script_453_8.json,"
<SURNAME/>アハハハ!
<SURNAME/>洋子の奴、いい気味じゃん!!
<SURNAME/>あれじゃ黒須<SURNAME/>純子みたくなんかなれないし?","
<SURNAME/>啊哈哈哈!
<SURNAME/>洋子那家伙，活该!!
<SURNAME/>那样可成不了黑须<SURNAME/>纯子那样吧?","[""\n<SURNAME/>啊哈哈哈! \n<SURNAME/>洋子那家伙，活该!! \n<SURNAME/>那样的话就成不了黑须<SURNAME/>纯子那样的人了吧?"", ""<SURNAME/>啊哈哈哈! <SURNAME/>洋子那家伙，活该!! <SURNAME/>这下可成不了黑须<SURNAME/>纯子那样了吧?""]","[""\n<SURNAME/>啊哈哈哈! \n<SURNAME/>洋子那家伙，活该!! \n<SURNAME/>那样的话就成不了黑须<SURNAME/>纯子那样的人了吧?"", ""<SURNAME/>啊哈哈哈! <SURNAME/>洋子那家伙，活该!! <SURNAME/>这下可成不了黑须<SURNAME/>纯子那样了吧?""]"
merged_versions_conflict,script:453_8,script:453_8:diag3,frontend/public/games/p2is/groups/script_453_8.json,"
<SURNAME/>うっさい!!<SURNAME/>パンツ野郎!!","
<SURNAME/>吵死了!!<SURNAME/>内裤男!!","[""\n<SURNAME/>吵死了!!<SURNAME/>你这胖次混蛋!!"", ""<SURNAME/>吵死了!!<SURNAME/>内裤混蛋!!""]","[""\n<SURNAME/>吵死了!!<SURNAME/>你这胖次混蛋!!"", ""<SURNAME/>吵死了!!<SURNAME/>内裤混蛋!!""]"
merged_versions_conflict,script:453_8,script:453_8:diag30,frontend/public/games/p2is/groups/script_453_8.json,"
<SURNAME/>黒須<SURNAME/>純子ってね、この学園のOGなんだって!
<SURNAME/>10年くらい前に、なんかフォーカスされて
<SURNAME/>消えちゃったけど、最近復活したじゃん?","
<SURNAME/>黑须<SURNAME/>纯子啊，是这个学园的毕业生!
<SURNAME/>大约10年前，因为什么被关注
<SURNAME/>就消失了，但最近不是复活了吗?","[""\n<SURNAME/>黑须<SURNAME/>纯子啊，是这个学园的毕业生哦! \n<SURNAME/>大约10年前，因为什么事情成为了焦点 \n<SURNAME/>然后就消失了，但最近不是复活了吗?"", ""<SURNAME/>黑须<SURNAME/>纯子啊，是这个学园的毕业生! <SURNAME/>大约10年前，因为什么事情成为焦点 <SURNAME/>然后就消失了，但最近不是复活了吗?""]","[""\n<SURNAME/>黑须<SURNAME/>纯子啊，是这个学园的毕业生哦! \n<SURNAME/>大约10年前，因为什么事情成为了焦点 \n<SURNAME/>然后就消失了，但最近不是复活了吗?"", ""<SURNAME/>黑须<SURNAME/>纯子啊，是这个学园的毕业生! <SURNAME/>大约10年前，因为什么事情成为焦点 <SURNAME/>然后就消失了，但最近不是复活了吗?""]"
merged_versions_conflict,script:453_8,script:453_8:diag31,frontend/public/games/p2is/groups/script_453_8.json,"
<SURNAME/>別にケンカしてもいいんだけどさ、
<SURNAME/>エンブレム壊した方ガマエムキじゃん?
<SURNAME/>早く<c12/>も壊してよ。","
<SURNAME/>打架倒无所谓，
<SURNAME/>但破坏纹章不是更积极吗?
<SURNAME/>快让<c12/>也破坏吧。","[""\n<SURNAME/>我是不反对打架， \n<SURNAME/>但是现在破坏徽章才是更正确的吧? \n<SURNAME/>快，<c12/>，你也来破坏它吧。"", ""<SURNAME/>我是不反对打架， <SURNAME/>但是现在破坏徽章才更正确吧? <SURNAME/>快，<c12/>，你也来破坏它吧。"", ""<SURNAME/>我是不反对打架， <SURNAME/>但是现在破坏校徽才更正确吧? <SURNAME/>快，<c12/>，你也来破坏它吧。""]","[""\n<SURNAME/>我是不反对打架， \n<SURNAME/>但是现在破坏徽章才是更正确的吧? \n<SURNAME/>快，<c12/>，你也来破坏它吧。"", ""<SURNAME/>我是不反对打架， <SURNAME/>但是现在破坏徽章才更正确吧? <SURNAME/>快，<c12/>，你也来破坏它吧。"", ""<SURNAME/>我是不反对打架， <SURNAME/>但是现在破坏校徽才更正确吧? <SURNAME/>快，<c12/>，你也来破坏它吧。""]"
multiple_versions_review,script:453_8,script:453_8:diag32,frontend/public/games/p2is/groups/script_453_8.json,"
<SURNAME/>んーと、今<c12/>ガ壊したので、
<SURNAME/>この教室のエンブレムは最後なんじゃん?
<SURNAME/>早く他の教室のも壊してよ。",<SURNAME/>嗯—，刚刚<c12/>破坏的这个 <SURNAME/>是这个教室的最后一个徽章了吧? <SURNAME/>快去把其他教室的也破坏掉吧。,"[""<SURNAME/>嗯—，刚刚<c12/>破坏的这个 <SURNAME/>是这个教室的最后一个徽章了吧? <SURNAME/>快去把其他教室的也破坏掉吧。"", ""<SURNAME/>嗯—，刚刚<c12/>破坏的这个 <SURNAME/>是这个教室的最后一个校徽了吧? <SURNAME/>快去把其他教室的也破坏掉吧。""]","[""<SURNAME/>嗯—，刚刚<c12/>破坏的这个 <SURNAME/>是这个教室的最后一个徽章了吧? <SURNAME/>快去把其他教室的也破坏掉吧。"", ""<SURNAME/>嗯—，刚刚<c12/>破坏的这个 <SURNAME/>是这个教室的最后一个校徽了吧? <SURNAME/>快去把其他教室的也破坏掉吧。""]"
merged_versions_conflict,script:453_8,script:453_8:diag33,frontend/public/games/p2is/groups/script_453_8.json,"
<SURNAME/>あ〜そう言えば、2階の職員室にもエンブレム
<SURNAME/>飾ってあったっけ…<pause:15/>だけどあそこ先生いるし、
<SURNAME/>なんか言われたらイヤじゃん?",<SURNAME/>啊〜说起来，2楼的职员室也装饰着<SURNAME/>徽章来着…<pause:15/>但那里有老师在，<SURNAME/>被说了什么的话，不是很讨厌吗?,"[""<SURNAME/>啊〜说起来，2楼的职员室也装饰着<SURNAME/>徽章来着…<pause:15/>但那里有老师在， <SURNAME/>被说了什么的话，不是很讨厌吗?"", ""<SURNAME/>啊〜说起来，2楼的职员室也装饰着<SURNAME/>校徽来着…<pause:15/>但那里有老师在， <SURNAME/>被说了什么的话，不是很讨厌吗?""]","[""<SURNAME/>啊〜说起来，2楼的职员室也装饰着<SURNAME/>徽章来着…<pause:15/>但那里有老师在， <SURNAME/>被说了什么的话，不是很讨厌吗?"", ""<SURNAME/>啊〜说起来，2楼的职员室也装饰着<SURNAME/>校徽来着…<pause:15/>但那里有老师在， <SURNAME/>被说了什么的话，不是很讨厌吗?""]"
merged_versions_conflict,script:453_8,script:453_8:diag36,frontend/public/games/p2is/groups/script_453_8.json,"
<SURNAME/>元に戻ったのはいいんだけど、
<SURNAME/>洋子だけなおらなきゃよかったのに!!
<SURNAME/>確かに、黒須<SURNAME/>純子似の美人なんだよねぇ…","
<SURNAME/>恢复原状是好事，
<SURNAME/>但洋子不恢复就好了!!
<SURNAME/>确实，她像黑须<SURNAME/>纯子一样漂亮呢…","[""\n<SURNAME/>恢复原状是好事， \n<SURNAME/>但要是洋子不恢复就好了!! \n<SURNAME/>确实，她像黑须<SURNAME/>纯子一样漂亮呢…"", ""<SURNAME/>恢复原状是好事， <SURNAME/>但要是洋子不恢复就好了!! <SURNAME/>确实，她像黑须<SURNAME/>纯子一样漂亮呢…""]","[""\n<SURNAME/>恢复原状是好事， \n<SURNAME/>但要是洋子不恢复就好了!! \n<SURNAME/>确实，她像黑须<SURNAME/>纯子一样漂亮呢…"", ""<SURNAME/>恢复原状是好事， <SURNAME/>但要是洋子不恢复就好了!! <SURNAME/>确实，她像黑须<SURNAME/>纯子一样漂亮呢…""]"
merged_versions_conflict,script:453_8,script:453_8:diag37,frontend/public/games/p2is/groups/script_453_8.json,"
<SURNAME/>そう言えば黒須<SURNAME/>純子って、
<SURNAME/>この学園の先生と結婚してたって噂じゃん。
<SURNAME/>もう10年以上前のことらしいけど…","
<SURNAME/>说起来黑须<SURNAME/>纯子，
<SURNAME/>传闻和这个学园的老师结婚了。
<SURNAME/>好像是10多年前的事了…","[""\n<SURNAME/>说起来黑须<SURNAME/>纯子， \n<SURNAME/>传闻她和这个学园的老师结婚了。 \n<SURNAME/>好像已经是10多年前的事了…"", ""<SURNAME/>说起来黑须<SURNAME/>纯子， <SURNAME/>传闻和这个学园的老师结婚了。 <SURNAME/>好像已经是10多年前的事了…""]","[""\n<SURNAME/>说起来黑须<SURNAME/>纯子， \n<SURNAME/>传闻她和这个学园的老师结婚了。 \n<SURNAME/>好像已经是10多年前的事了…"", ""<SURNAME/>说起来黑须<SURNAME/>纯子， <SURNAME/>传闻和这个学园的老师结婚了。 <SURNAME/>好像已经是10多年前的事了…""]"
merged_versions_conflict,script:453_8,script:453_8:diag40,frontend/public/games/p2is/groups/script_453_8.json,"
<SURNAME/>な、なんで!?<SURNAME/>どーして!?
<SURNAME/>あのリサとかいうガキは呪いにかからないの!?
<SURNAME/>おかしいわ!!<SURNAME/>不公平よ!!","
<SURNAME/>为、为什么!?<SURNAME/>为什么!?
<SURNAME/>那个叫丽莎的小鬼为什么没中诅咒!?
<SURNAME/>奇怪啊!!<SURNAME/>不公平啊!!","[""\n<SURNAME/>为、为什么!?<SURNAME/>为什么!? \n<SURNAME/>那个叫莉莎的小鬼为什么没中诅咒!? \n<SURNAME/>太奇怪了吧!!<SURNAME/>这不公平啊!!"", ""<SURNAME/>为、为什么!?<SURNAME/>为什么!? <SURNAME/>那个叫莉莎的小鬼为什么没中诅咒!? <SURNAME/>太奇怪了吧!!<SURNAME/>这不公平啊!!"", ""<SURNAME/>为、为什么!?<SURNAME/>为什么!? <SURNAME/>那个叫丽莎的小鬼为什么没中诅咒!? <SURNAME/>太奇怪了吧!!<SURNAME/>这不公平啊!!""]","[""\n<SURNAME/>为、为什么!?<SURNAME/>为什么!? \n<SURNAME/>那个叫莉莎的小鬼为什么没中诅咒!? \n<SURNAME/>太奇怪了吧!!<SURNAME/>这不公平啊!!"", ""<SURNAME/>为、为什么!?<SURNAME/>为什么!? <SURNAME/>那个叫莉莎的小鬼为什么没中诅咒!? <SURNAME/>太奇怪了吧!!<SURNAME/>这不公平啊!!"", ""<SURNAME/>为、为什么!?<SURNAME/>为什么!? <SURNAME/>那个叫丽莎的小鬼为什么没中诅咒!? <SURNAME/>太奇怪了吧!!<SURNAME/>这不公平啊!!""]"
merged_versions_conflict,script:453_8,script:453_8:diag41,frontend/public/games/p2is/groups/script_453_8.json,"
<SURNAME/>ハッ!?<SURNAME/>そ、そうだわ!!
<SURNAME/>そいつガ呪いの元凶なのよ!!
<SURNAME/>私に嫉妬して、ジヨーカー様にお願いしたのよ!","
<SURNAME/>哈!?<SURNAME/>对、对了!!
<SURNAME/>那家伙是诅咒的元凶!!
<SURNAME/>她嫉妒我，向小丑大人许愿了!","[""\n<SURNAME/>哈!?<SURNAME/>对、对了!! \n<SURNAME/>那家伙一定是诅咒的元凶!! \n<SURNAME/>她因为嫉妒我，所以向JOKER大人许愿了!"", ""<SURNAME/>哈!?<SURNAME/>对、对了!! <SURNAME/>那家伙是诅咒的元凶!! <SURNAME/>她因为嫉妒我，所以向JOKER大人许愿了!""]","[""\n<SURNAME/>哈!?<SURNAME/>对、对了!! \n<SURNAME/>那家伙一定是诅咒的元凶!! \n<SURNAME/>她因为嫉妒我，所以向JOKER大人许愿了!"", ""<SURNAME/>哈!?<SURNAME/>对、对了!! <SURNAME/>那家伙是诅咒的元凶!! <SURNAME/>她因为嫉妒我，所以向JOKER大人许愿了!""]"
merged_versions_conflict,script:453_8,script:453_8:diag42,frontend/public/games/p2is/groups/script_453_8.json,"
<SURNAME/>絶対、そのリサってガキガ呪いの元凶よ!!
<SURNAME/>じゃなきゃ、なんで呪いにかかんないの!?
<SURNAME/>私の顔を返してよ!!","
<SURNAME/>绝对，那个叫丽莎的小鬼是诅咒的元凶!!
<SURNAME/>不然，为什么没中诅咒!?
<SURNAME/>还我的脸来!!","[""\n<SURNAME/>绝对是，那个叫莉莎的小鬼绝对是诅咒的元凶!! \n<SURNAME/>不然为什么就你没中诅咒!? \n<SURNAME/>把我的脸还回来!!"", ""<SURNAME/>绝对是，那个叫莉莎的小鬼绝对是诅咒的元凶!! <SURNAME/>不然为什么就你没中诅咒!? <SURNAME/>把我的脸还回来!!"", ""<SURNAME/>绝对是，那个叫丽莎的小鬼绝对是诅咒的元凶!! <SURNAME/>不然为什么就你没中诅咒!? <SURNAME/>把我的脸还回来!!""]","[""\n<SURNAME/>绝对是，那个叫莉莎的小鬼绝对是诅咒的元凶!! \n<SURNAME/>不然为什么就你没中诅咒!? \n<SURNAME/>把我的脸还回来!!"", ""<SURNAME/>绝对是，那个叫莉莎的小鬼绝对是诅咒的元凶!! <SURNAME/>不然为什么就你没中诅咒!? <SURNAME/>把我的脸还回来!!"", ""<SURNAME/>绝对是，那个叫丽莎的小鬼绝对是诅咒的元凶!! <SURNAME/>不然为什么就你没中诅咒!? <SURNAME/>把我的脸还回来!!""]"
merged_versions_conflict,script:453_8,script:453_8:diag43,frontend/public/games/p2is/groups/script_453_8.json,"
<SURNAME/>そんなに、私の方ガキレイだって認めたくないの?
<SURNAME/>よっぽど自信ガないのね!!
<SURNAME/>みんな困ってるんだから、早く戻しなさいよ!!","
<SURNAME/>你就那么不想承认我比较漂亮?
<SURNAME/>真是没自信呢!!
<SURNAME/>大家都困扰着，快恢复原状啊!!","[""\n<SURNAME/>你就那么不想承认我比你漂亮吗? \n<SURNAME/>真是没自信呢!! \n<SURNAME/>现在大家都很困扰，你倒是快点让大家恢复原状啊!!"", ""<SURNAME/>你就那么不想承认我比你漂亮吗? <SURNAME/>真是没自信呢!! <SURNAME/>现在大家都很困扰，你倒是快点让恢复原状啊!!""]","[""\n<SURNAME/>你就那么不想承认我比你漂亮吗? \n<SURNAME/>真是没自信呢!! \n<SURNAME/>现在大家都很困扰，你倒是快点让大家恢复原状啊!!"", ""<SURNAME/>你就那么不想承认我比你漂亮吗? <SURNAME/>真是没自信呢!! <SURNAME/>现在大家都很困扰，你倒是快点让恢复原状啊!!""]"
multiple_versions_review,script:453_8,script:453_8:diag48,frontend/public/games/p2is/groups/script_453_8.json,"
<SURNAME/>んーと、今<c12/>ガ壊したので、
<SURNAME/>この教室のエンブレムは最後なんじゃん?
<SURNAME/>早く他の教室のも壊してよ。",<SURNAME/>嗯—，刚刚<c12/>破坏的这个 <SURNAME/>是这个教室的最后一个徽章了吧? <SURNAME/>快去把其他教室的也破坏掉吧。,"[""<SURNAME/>嗯—，刚刚<c12/>破坏的这个 <SURNAME/>是这个教室的最后一个徽章了吧? <SURNAME/>快去把其他教室的也破坏掉吧。"", ""<SURNAME/>嗯—，刚刚<c12/>破坏的这个 <SURNAME/>是这个教室的最后一个校徽了吧? <SURNAME/>快去把其他教室的也破坏掉吧。""]","[""<SURNAME/>嗯—，刚刚<c12/>破坏的这个 <SURNAME/>是这个教室的最后一个徽章了吧? <SURNAME/>快去把其他教室的也破坏掉吧。"", ""<SURNAME/>嗯—，刚刚<c12/>破坏的这个 <SURNAME/>是这个教室的最后一个校徽了吧? <SURNAME/>快去把其他教室的也破坏掉吧。""]"
multiple_versions_review,script:453_8,script:453_8:diag49,frontend/public/games/p2is/groups/script_453_8.json,"
<SURNAME/>あ〜そう言えば、2階の職員室にもエンブレム
<SURNAME/>飾ってあったっけ…<pause:15/>だけどあそこ先生いるし、
<SURNAME/>なんか言われたらイヤじゃん?",<SURNAME/>啊〜说起来，2楼的职员室也装饰着<SURNAME/>徽章来着…<pause:15/>但那里有老师在，<SURNAME/>被说了什么的话，不是很讨厌吗?,"[""<SURNAME/>啊〜说起来，2楼的职员室也装饰着<SURNAME/>徽章来着…<pause:15/>但那里有老师在，<SURNAME/>被说了什么的话，不是很讨厌吗?"", ""<SURNAME/>啊〜说起来，2楼的职员室也装饰着<SURNAME/>校徽来着…<pause:15/>但那里有老师在， <SURNAME/>被说了什么的话，不是很讨厌吗?""]","[""<SURNAME/>啊〜说起来，2楼的职员室也装饰着<SURNAME/>徽章来着…<pause:15/>但那里有老师在，<SURNAME/>被说了什么的话，不是很讨厌吗?"", ""<SURNAME/>啊〜说起来，2楼的职员室也装饰着<SURNAME/>校徽来着…<pause:15/>但那里有老师在， <SURNAME/>被说了什么的话，不是很讨厌吗?""]"
merged_versions_conflict,script:453_8,script:453_8:diag5,frontend/public/games/p2is/groups/script_453_8.json,"
<SURNAME/>お!?<pause:30/>
<SURNAME/>ギンコガまたキレた〜♪
<SURNAME/>人の不倫見て我ガ不倫なおせ〜♪","
<SURNAME/>哦！？<pause:30/>
<SURNAME/>银子又发飙啦～♪
<SURNAME/>看人出轨改自己出轨～♪","[""\n<SURNAME/>哦？！<pause:30/> \n<SURNAME/>银子又发飙啦～♪ \n<SURNAME/>看见别人出轨，自己也学着出轨～♪"", ""<SURNAME/>哦！？<pause:30/> <SURNAME/>银子又发飙啦～♪ <SURNAME/>看人出轨，修正自己出轨～♪""]","[""\n<SURNAME/>哦？！<pause:30/> \n<SURNAME/>银子又发飙啦～♪ \n<SURNAME/>看见别人出轨，自己也学着出轨～♪"", ""<SURNAME/>哦！？<pause:30/> <SURNAME/>银子又发飙啦～♪ <SURNAME/>看人出轨，修正自己出轨～♪""]"
merged_versions_conflict,script:453_8,script:453_8:diag51,frontend/public/games/p2is/groups/script_453_8.json,"
<SURNAME/>ちょっと、<c12/>!<SURNAME/>呪い解けないじゃん。
<SURNAME/>まだ校内にエンブレムガ残ってんじゃないの?
<SURNAME/>早く壊してきてよ。","
<SURNAME/>喂，<c12/>！<SURNAME/>诅咒解不开啊。
<SURNAME/>校内还有纹章残留着不是吗？
<SURNAME/>快点去破坏掉啊。","[""\n<SURNAME/>我说，<c12/>！<SURNAME/>这诅咒还没解开啊。 \n<SURNAME/>校内还有徽章残留着不是吗？ \n<SURNAME/>快点去把它破坏掉啊。"", ""<SURNAME/>我说，<c12/>！<SURNAME/>这诅咒还没解开啊。 <SURNAME/>校内还有徽章残留着不是吗？ <SURNAME/>快点去破坏掉啊。"", ""<SURNAME/>我说，<c12/>！<SURNAME/>这诅咒还没解开啊。 <SURNAME/>校内还有校徽残留着不是吗？ <SURNAME/>快点去破坏掉啊。""]","[""\n<SURNAME/>我说，<c12/>！<SURNAME/>这诅咒还没解开啊。 \n<SURNAME/>校内还有徽章残留着不是吗？ \n<SURNAME/>快点去把它破坏掉啊。"", ""<SURNAME/>我说，<c12/>！<SURNAME/>这诅咒还没解开啊。 <SURNAME/>校内还有徽章残留着不是吗？ <SURNAME/>快点去破坏掉啊。"", ""<SURNAME/>我说，<c12/>！<SURNAME/>这诅咒还没解开啊。 <SURNAME/>校内还有校徽残留着不是吗？ <SURNAME/>快点去破坏掉啊。""]"
merged_versions_conflict,script:453_8,script:453_8:diag8,frontend/public/games/p2is/groups/script_453_8.json,"
<SURNAME/>勝負ねぇ…<pause:30/>
<SURNAME/>この騒ぎで、
<SURNAME/>学園祭ガ中止にならなきゃいいけどね〜","
<SURNAME/>没胜算…<pause:30/>
<SURNAME/>这场骚动，
<SURNAME/>希望学园祭别取消啊～","[""\n<SURNAME/>要决一胜负嘛…<pause:30/> \n<SURNAME/>真希望学园祭 \n<SURNAME/>不会因为这场骚动而取消啊～"", ""<SURNAME/>决一胜负嘛…<pause:30/> <SURNAME/>真希望学园祭 <SURNAME/>不会因为这场骚动而取消啊～""]","[""\n<SURNAME/>要决一胜负嘛…<pause:30/> \n<SURNAME/>真希望学园祭 \n<SURNAME/>不会因为这场骚动而取消啊～"", ""<SURNAME/>决一胜负嘛…<pause:30/> <SURNAME/>真希望学园祭 <SURNAME/>不会因为这场骚动而取消啊～""]"
merged_versions_conflict,script:457_8,script:457_8:diag0,frontend/public/games/p2is/groups/script_457_8.json,"
<SURNAME/>お前も、親父で苦労してんのか…<pause:30/>
<SURNAME/>まあ、なんだ…その…<pause:30/>
<SURNAME/>お互いガんばろうや!!<SURNAME/>なぁ?","
<SURNAME/>你小子，也为老爹的事烦恼啊…<pause:30/>
<SURNAME/>嘛，那个…怎么说呢…<pause:30/>
<SURNAME/>咱们一起加油吧！！<SURNAME/>嗯？","[""\n<SURNAME/>你也在为老爹的事情烦恼啊…<pause:30/> \n<SURNAME/>那个，就是…怎么说呢…<pause:30/> \n<SURNAME/>总之咱们一起加油吧！！<SURNAME/>好吗？"", ""<SURNAME/>你也在为老爹的事情烦恼啊…<pause:30/> <SURNAME/>那个，就是…怎么说呢…<pause:30/> <SURNAME/>总之咱们一起加油吧！！<SURNAME/>好吗？""]","[""\n<SURNAME/>你也在为老爹的事情烦恼啊…<pause:30/> \n<SURNAME/>那个，就是…怎么说呢…<pause:30/> \n<SURNAME/>总之咱们一起加油吧！！<SURNAME/>好吗？"", ""<SURNAME/>你也在为老爹的事情烦恼啊…<pause:30/> <SURNAME/>那个，就是…怎么说呢…<pause:30/> <SURNAME/>总之咱们一起加油吧！！<SURNAME/>好吗？""]"
merged_versions_conflict,script:457_8,script:457_8:diag1,frontend/public/games/p2is/groups/script_457_8.json,"
<SURNAME/>なんだ!?<SURNAME/>お前、刺されたのかよ?<pause:30/>
<SURNAME/>ったく、喧嘩でナイフ持ち出すなんざぁ、
<SURNAME/>どこのどいつか知らねぇガ、最低の野郎だな。","
<SURNAME/>啥！？<SURNAME/>你被捅了？<pause:30/>
<SURNAME/>真是的，打架还动刀子，
<SURNAME/>管他是哪来的混蛋，都是最差劲的混账。","[""\n<SURNAME/>啥！？<SURNAME/>你给人捅了？<pause:30/> \n<SURNAME/>真是的，打架还动刀子， \n<SURNAME/>管他是哪来的混蛋，绝对是个人渣。"", ""<SURNAME/>啥！？<SURNAME/>你给人捅了？<pause:30/> <SURNAME/>真是的，打架还动刀子， <SURNAME/>管他是哪来的混蛋，绝对是个人渣。""]","[""\n<SURNAME/>啥！？<SURNAME/>你给人捅了？<pause:30/> \n<SURNAME/>真是的，打架还动刀子， \n<SURNAME/>管他是哪来的混蛋，绝对是个人渣。"", ""<SURNAME/>啥！？<SURNAME/>你给人捅了？<pause:30/> <SURNAME/>真是的，打架还动刀子， <SURNAME/>管他是哪来的混蛋，绝对是个人渣。""]"
merged_versions_conflict,script:457_8,script:457_8:diag11,frontend/public/games/p2is/groups/script_457_8.json,"
<SURNAME/>あ、あの子ガ言ってる生徒って…<pause:30/>
<SURNAME/>まさか…","
<SURNAME/>啊、那个孩子说的学生…<pause:30/>
<SURNAME/>难道…","[""\n<SURNAME/>那、那个孩子说的学生…<pause:30/> \n<SURNAME/>难道是…"", ""<SURNAME/>那、那个孩子说的学生…<pause:30/> <SURNAME/>难道是…""]","[""\n<SURNAME/>那、那个孩子说的学生…<pause:30/> \n<SURNAME/>难道是…"", ""<SURNAME/>那、那个孩子说的学生…<pause:30/> <SURNAME/>难道是…""]"
merged_versions_conflict,script:457_8,script:457_8:diag12,frontend/public/games/p2is/groups/script_457_8.json,"
<SURNAME/>本丸公園の噂好き…たぶん、トクさんのことね。<pause:30/>
<SURNAME/>トクさんって、
<SURNAME/>本丸公園を根城にしてる、自由人のおじさんよ。","
<SURNAME/>喜欢本丸公园传闻的…大概、是德先生吧。<pause:30/>
<SURNAME/>德先生呢、
<SURNAME/>是以本丸公园为据点的、自由职业的大叔。","[""\n<SURNAME/>本丸公园的八卦佬…大概是说德叔吧。<pause:30/> \n<SURNAME/>德叔他呢， \n<SURNAME/>是位以本丸公园为据点、活得自由自在的大叔呢。"", ""<SURNAME/>本丸公园的八卦佬…大概是说德叔吧。<pause:30/> <SURNAME/>德叔他呢， <SURNAME/>是位以本丸公园为据点、活得自由自在的大叔。""]","[""\n<SURNAME/>本丸公园的八卦佬…大概是说德叔吧。<pause:30/> \n<SURNAME/>德叔他呢， \n<SURNAME/>是位以本丸公园为据点、活得自由自在的大叔呢。"", ""<SURNAME/>本丸公园的八卦佬…大概是说德叔吧。<pause:30/> <SURNAME/>德叔他呢， <SURNAME/>是位以本丸公园为据点、活得自由自在的大叔。""]"
merged_versions_conflict,script:457_8,script:457_8:diag13,frontend/public/games/p2is/groups/script_457_8.json,"
<SURNAME/>私たちも、今回の取材で知り合ったんだけど、
<SURNAME/>仲間内じゃ噂屋って呼ばれてるんだって。
<SURNAME/>ピースダイナーに行く前にでも、寄ってみる?","
<SURNAME/>我们也是、在这次采访中认识的、
<SURNAME/>在同伴中被叫做传闻屋。
<SURNAME/>在去和平餐厅之前、要不要顺路去看看？","[""\n<SURNAME/>我们和他也是在这次采访中认识的， \n<SURNAME/>不过我的同事们普遍管他叫“传闻屋”， \n<SURNAME/>在去和平餐馆之前，要不要顺路去看看？"", ""<SURNAME/>我们和他也是在这次采访中认识的， <SURNAME/>不过我的同事们普遍管他叫“传闻屋”， <SURNAME/>去和平餐厅之前，要不要顺路去看看？""]","[""\n<SURNAME/>我们和他也是在这次采访中认识的， \n<SURNAME/>不过我的同事们普遍管他叫“传闻屋”， \n<SURNAME/>在去和平餐馆之前，要不要顺路去看看？"", ""<SURNAME/>我们和他也是在这次采访中认识的， <SURNAME/>不过我的同事们普遍管他叫“传闻屋”， <SURNAME/>去和平餐厅之前，要不要顺路去看看？""]"
merged_versions_conflict,script:457_8,script:457_8:diag14,frontend/public/games/p2is/groups/script_457_8.json,"
<SURNAME/>舞耶さん、腕でも痛めたのかい?<pause:30/>
<SURNAME/>え?<SURNAME/>めまい?<pause:30/>
<SURNAME/>いや、右腕さすってたみたいだからさ…","
<SURNAME/>舞耶姐、你手腕受伤了吗？<pause:30/>
<SURNAME/>诶？<SURNAME/>头晕？<pause:30/>
<SURNAME/>不、因为你好像在揉右腕…","[""\n<SURNAME/>舞耶姐，你手腕受伤了吗？<pause:30/> \n<SURNAME/>诶？<SURNAME/>头晕？<pause:30/> \n<SURNAME/>可是，我看你好像在揉右手腕…"", ""<SURNAME/>舞耶姐，你手腕受伤了吗？<pause:30/> <SURNAME/>诶？<SURNAME/>头晕？<pause:30/> <SURNAME/>可是，我看你好像在揉右腕…""]","[""\n<SURNAME/>舞耶姐，你手腕受伤了吗？<pause:30/> \n<SURNAME/>诶？<SURNAME/>头晕？<pause:30/> \n<SURNAME/>可是，我看你好像在揉右手腕…"", ""<SURNAME/>舞耶姐，你手腕受伤了吗？<pause:30/> <SURNAME/>诶？<SURNAME/>头晕？<pause:30/> <SURNAME/>可是，我看你好像在揉右腕…""]"
merged_versions_conflict,script:457_8,script:457_8:diag15,frontend/public/games/p2is/groups/script_457_8.json,"
<SURNAME/>舞耶さん、どうしたんだろう…<pause:30/>
<SURNAME/>ひょっとして…<pause:30/>
<SURNAME/>脅えてる…?","
<SURNAME/>舞耶姐、怎么了呢…<pause:30/>
<SURNAME/>该不会…<pause:30/>
<SURNAME/>在害怕…？","[""\n<SURNAME/>舞耶、她是怎么了呢…<pause:30/> \n<SURNAME/>难道说…<pause:30/> \n<SURNAME/>她是在害怕什么…？"", ""<SURNAME/>舞耶姐她是怎么了呢…<pause:30/> <SURNAME/>难道说…<pause:30/> <SURNAME/>她是在害怕什么…？""]","[""\n<SURNAME/>舞耶、她是怎么了呢…<pause:30/> \n<SURNAME/>难道说…<pause:30/> \n<SURNAME/>她是在害怕什么…？"", ""<SURNAME/>舞耶姐她是怎么了呢…<pause:30/> <SURNAME/>难道说…<pause:30/> <SURNAME/>她是在害怕什么…？""]"
merged_versions_conflict,script:457_8,script:457_8:diag16,frontend/public/games/p2is/groups/script_457_8.json,"
<SURNAME/>まさかねぇ。<pause:30/>
<SURNAME/>悪魔にも平気でインタビューするのに、
<SURNAME/>あんな子供騙しの話で、脅えるわきゃないか。","
<SURNAME/>怎么可能呢。<pause:30/>
<SURNAME/>明明连恶魔都能若无其事地采访、
<SURNAME/>怎么会因为那种骗小孩的故事就害怕呢。","[""\n<SURNAME/>怎么可能呢，<pause:30/> \n<SURNAME/>明明她连恶魔都能若无其事地采访，\n<SURNAME/>怎么会因为那种骗小孩的故事而感到害怕呢。"", ""<SURNAME/>怎么可能呢，<pause:30/> <SURNAME/>明明连恶魔都能若无其事地采访，<SURNAME/>怎么会因为那种骗小孩的故事而感到害怕呢。""]","[""\n<SURNAME/>怎么可能呢，<pause:30/> \n<SURNAME/>明明她连恶魔都能若无其事地采访，\n<SURNAME/>怎么会因为那种骗小孩的故事而感到害怕呢。"", ""<SURNAME/>怎么可能呢，<pause:30/> <SURNAME/>明明连恶魔都能若无其事地采访，<SURNAME/>怎么会因为那种骗小孩的故事而感到害怕呢。""]"
merged_versions_conflict,script:457_8,script:457_8:diag17,frontend/public/games/p2is/groups/script_457_8.json,"
<SURNAME/>エンブレムの呪いだって、元は噂だしねぇ。<pause:30/>
<SURNAME/>噂ガ現実になるんだから、シヨッピングモールで
<SURNAME/>武器ガ売ってるのだって、ありえる訳だ…","
<SURNAME/>纹章诅咒什么的、原本也是传闻嘛。<pause:30/>
<SURNAME/>既然传闻会变成现实、
<SURNAME/>在购物中心卖武器什么的、也是有可能的啦…","[""\n<SURNAME/>纹章诅咒原本也是传闻吧。<pause:30/> \n<SURNAME/>既然传闻会变成现实， \n<SURNAME/>那在购物中心能买到武器什么的，也不是不可能…"", ""<SURNAME/>纹章诅咒原本也是传闻吧。<pause:30/> <SURNAME/>既然传闻会变成现实， <SURNAME/>那在购物中心能买到武器什么的，也不是不可能…""]","[""\n<SURNAME/>纹章诅咒原本也是传闻吧。<pause:30/> \n<SURNAME/>既然传闻会变成现实， \n<SURNAME/>那在购物中心能买到武器什么的，也不是不可能…"", ""<SURNAME/>纹章诅咒原本也是传闻吧。<pause:30/> <SURNAME/>既然传闻会变成现实， <SURNAME/>那在购物中心能买到武器什么的，也不是不可能…""]"
merged_versions_conflict,script:457_8,script:457_8:diag18,frontend/public/games/p2is/groups/script_457_8.json,"
<SURNAME/>へへへ…聞いたぜ?
<SURNAME/>お前の親父、ヤクザに金せびって、
<SURNAME/>警察クビになったんだってな?<SURNAME/>悪いヤツだなぁ","
<SURNAME/>嘿嘿嘿…听说了吗？
<SURNAME/>你老爸，向黑道勒索钱财，
<SURNAME/>被警察开除了吧？<SURNAME/>真是个坏蛋啊","[""\n<SURNAME/>嘿嘿嘿…我可听说了哦？ \n<SURNAME/>你老爸明明是个警察，却向黑道勒索钱财，\n<SURNAME/>结果被开除了对吧？<SURNAME/>真有够坏的啊"", ""<SURNAME/>嘿嘿嘿…我可听说了哦？ <SURNAME/>你老爸明明是个警察，却向黑道勒索钱财，<SURNAME/>结果被开除了对吧？<SURNAME/>真有够坏的啊""]","[""\n<SURNAME/>嘿嘿嘿…我可听说了哦？ \n<SURNAME/>你老爸明明是个警察，却向黑道勒索钱财，\n<SURNAME/>结果被开除了对吧？<SURNAME/>真有够坏的啊"", ""<SURNAME/>嘿嘿嘿…我可听说了哦？ <SURNAME/>你老爸明明是个警察，却向黑道勒索钱财，<SURNAME/>结果被开除了对吧？<SURNAME/>真有够坏的啊""]"
merged_versions_conflict,script:457_8,script:457_8:diag19,frontend/public/games/p2is/groups/script_457_8.json,"
<SURNAME/>お、俺の顔ガぁ…
<SURNAME/>だけど掃除しねえと校長に怒られる…
<SURNAME/>助けてくれぇ、<c12/>!!","
<SURNAME/>哦，我的脸啊…
<SURNAME/>可是不打扫的话校长会发火…
<SURNAME/>救救我，<c12/>!!","[""\n<SURNAME/>我、我的脸啊… \n<SURNAME/>可是不打扫的话，校长会发火的… \n<SURNAME/><c12/>，快救救我!!"", ""<SURNAME/>我、我的脸啊… <SURNAME/>可是不打扫的话，校长会发火的… <SURNAME/><c12/>，快救救我!!""]","[""\n<SURNAME/>我、我的脸啊… \n<SURNAME/>可是不打扫的话，校长会发火的… \n<SURNAME/><c12/>，快救救我!!"", ""<SURNAME/>我、我的脸啊… <SURNAME/>可是不打扫的话，校长会发火的… <SURNAME/><c12/>，快救救我!!""]"
merged_versions_conflict,script:457_8,script:457_8:diag2,frontend/public/games/p2is/groups/script_457_8.json,"
<SURNAME/>あん?<SURNAME/>ペルソナはいいのかだと?<pause:30/>
<SURNAME/>バ、バッキャロゥ…ペルソナはいいんだよ!
<SURNAME/>いいの!","
<SURNAME/>嗯？<SURNAME/>你说Persona没事？<pause:30/>
<SURNAME/>笨、笨蛋…Persona没事的啦！
<SURNAME/>没事的！","[""\n<SURNAME/>啊？<SURNAME/>你问Persona要不要紧？<pause:30/> \n<SURNAME/>笨、笨蛋…Persona不要紧的！ \n<SURNAME/>不要紧！"", ""<SURNAME/>啊？<SURNAME/>你问Persona要不要紧？<pause:30/> <SURNAME/>笨、笨蛋…Persona不要紧的！ <SURNAME/>不要紧！""]","[""\n<SURNAME/>啊？<SURNAME/>你问Persona要不要紧？<pause:30/> \n<SURNAME/>笨、笨蛋…Persona不要紧的！ \n<SURNAME/>不要紧！"", ""<SURNAME/>啊？<SURNAME/>你问Persona要不要紧？<pause:30/> <SURNAME/>笨、笨蛋…Persona不要紧的！ <SURNAME/>不要紧！""]"
merged_versions_conflict,script:457_8,script:457_8:diag20,frontend/public/games/p2is/groups/script_457_8.json,"
<SURNAME/>へへへ!!<SURNAME/>見ろよお、顔ガ治ったんだよお!!
<SURNAME/>だけど、お前のおかげじゃねぇ。
<SURNAME/>反谷校長のおかげだぜ。","
<SURNAME/>嘿嘿嘿!!<SURNAME/>看啊，脸治好了哦!!
<SURNAME/>不过，可不是托你的福。
<SURNAME/>是反谷校长的功劳啊。","[""\n<SURNAME/>嘿嘿嘿!!<SURNAME/>看啊，我的脸治好了哦!! \n<SURNAME/>不过跟你可没关系，\n<SURNAME/>这都是反谷校长的功劳啊。"", ""<SURNAME/>嘿嘿嘿!!<SURNAME/>看啊，脸治好了哦!! <SURNAME/>不过跟你可没关系，<SURNAME/>这都是反谷校长的功劳啊。""]","[""\n<SURNAME/>嘿嘿嘿!!<SURNAME/>看啊，我的脸治好了哦!! \n<SURNAME/>不过跟你可没关系，\n<SURNAME/>这都是反谷校长的功劳啊。"", ""<SURNAME/>嘿嘿嘿!!<SURNAME/>看啊，脸治好了哦!! <SURNAME/>不过跟你可没关系，<SURNAME/>这都是反谷校长的功劳啊。""]"
merged_versions_conflict,script:457_8,script:457_8:diag21,frontend/public/games/p2is/groups/script_457_8.json,"
<SURNAME/>ケケケ。君っていつも冷静だけど、
<SURNAME/>今日は、そんな周防<SURNAME/>達哉君でも
<SURNAME/>平静でいられないとっときのネタを仕入れたの。","
<SURNAME/>咯咯咯。你总是很冷静，
<SURNAME/>但今天，我搞到了连周防<SURNAME/>达哉君
<SURNAME/>都平静不了的猛料哦。","[""\n<SURNAME/>咯咯咯，你一直都很冷静呢， \n<SURNAME/>但是今天，我可搞到了连周防<SURNAME/>达哉君你\n<SURNAME/>都平静不下来的猛料哦。"", ""<SURNAME/>嘻嘻嘻，你一直都很冷静呢， <SURNAME/>但是今天，我可搞到了连周防<SURNAME/>达哉君你<SURNAME/>都平静不下来的猛料哦。""]","[""\n<SURNAME/>咯咯咯，你一直都很冷静呢， \n<SURNAME/>但是今天，我可搞到了连周防<SURNAME/>达哉君你\n<SURNAME/>都平静不下来的猛料哦。"", ""<SURNAME/>嘻嘻嘻，你一直都很冷静呢， <SURNAME/>但是今天，我可搞到了连周防<SURNAME/>达哉君你<SURNAME/>都平静不下来的猛料哦。""]"
merged_versions_conflict,script:457_8,script:457_8:diag23,frontend/public/games/p2is/groups/script_457_8.json,"
<SURNAME/>その犯人なんだけど、
<SURNAME/>実はここの生徒じゃないかって、噂ガあったのよ…
<SURNAME/>でね、その生徒の名前ガ…","
<SURNAME/>那个犯人啊，
<SURNAME/>其实有传闻说是这里的学生哦…
<SURNAME/>然后呢，那个学生的名字叫…","[""\n<SURNAME/>听说那个犯人啊， \n<SURNAME/>其实是这里的学生哦… \n<SURNAME/>而且，那个学生的名字…"", ""<SURNAME/>据说那个犯人啊， <SURNAME/>就是这里的学生哦… <SURNAME/>而且，那个学生的名字…""]","[""\n<SURNAME/>听说那个犯人啊， \n<SURNAME/>其实是这里的学生哦… \n<SURNAME/>而且，那个学生的名字…"", ""<SURNAME/>据说那个犯人啊， <SURNAME/>就是这里的学生哦… <SURNAME/>而且，那个学生的名字…""]"
merged_versions_conflict,script:457_8,script:457_8:diag24,frontend/public/games/p2is/groups/script_457_8.json,"
<SURNAME/>須藤<SURNAME/>竜也って言うんだって…
<SURNAME/>ケケケ!<SURNAME/>ね、君とそっくりの名前でしょ?
<SURNAME/>なにか関係ガあるのかしらねぇ…ケケケ!","
<SURNAME/>听说叫须藤<SURNAME/>龙也…
<SURNAME/>咯咯咯!<SURNAME/>呐，名字和你很像吧？
<SURNAME/>说不定有什么关系呢…咯咯咯!","[""\n<SURNAME/>就叫作须藤<SURNAME/>龙也（日语中与达哉同音）… \n<SURNAME/>咯咯咯!<SURNAME/>喂，这名字和你的很像吧？ \n<SURNAME/>说不定跟你有什么关系呢…咯咯咯!"", ""<SURNAME/>就叫作须藤<SURNAME/>龙也（日语中与达哉同音）… <SURNAME/>嘻嘻嘻!<SURNAME/>喂，这名字和你的很像吧？ <SURNAME/>说不定跟你有什么关系呢…嘻嘻嘻!""]","[""\n<SURNAME/>就叫作须藤<SURNAME/>龙也（日语中与达哉同音）… \n<SURNAME/>咯咯咯!<SURNAME/>喂，这名字和你的很像吧？ \n<SURNAME/>说不定跟你有什么关系呢…咯咯咯!"", ""<SURNAME/>就叫作须藤<SURNAME/>龙也（日语中与达哉同音）… <SURNAME/>嘻嘻嘻!<SURNAME/>喂，这名字和你的很像吧？ <SURNAME/>说不定跟你有什么关系呢…嘻嘻嘻!""]"
merged_versions_conflict,script:457_8,script:457_8:diag25,frontend/public/games/p2is/groups/script_457_8.json,"
<SURNAME/>ケケケ。ねぇ<c12/>君、
<SURNAME/>私、この学園の伝説とか調べてたんだけど、
<SURNAME/>面白いネタを仕入れたのよお…","
<SURNAME/>咯咯咯。喂<c12/>君，
<SURNAME/>我最近在查这学园的传说，
<SURNAME/>搞到个超有趣的消息哦…","[""\n<SURNAME/>咯咯咯。喂，<c12/>君， \n<SURNAME/>我最近在查这学园的传闻，\n<SURNAME/>结果搞到个超有趣的消息哦…"", ""<SURNAME/>嘻嘻嘻。喂，<c12/>君， <SURNAME/>我最近在查这学园的传闻，<SURNAME/>结果搞到个超有趣的消息哦…""]","[""\n<SURNAME/>咯咯咯。喂，<c12/>君， \n<SURNAME/>我最近在查这学园的传闻，\n<SURNAME/>结果搞到个超有趣的消息哦…"", ""<SURNAME/>嘻嘻嘻。喂，<c12/>君， <SURNAME/>我最近在查这学园的传闻，<SURNAME/>结果搞到个超有趣的消息哦…""]"
merged_versions_conflict,script:457_8,script:457_8:diag27,frontend/public/games/p2is/groups/script_457_8.json,"
<SURNAME/>その犯人なんだけど、
<SURNAME/>実はここの生徒じゃないかって、噂ガあったのよ…
<SURNAME/>でね、その生徒の名前…","
<SURNAME/>那个犯人啊，
<SURNAME/>其实有传闻说是这里的学生哦…
<SURNAME/>然后呢，那个学生的名字…","[""\n<SURNAME/>听说说那个犯人啊， \n<SURNAME/>其实是这里的学生哦… \n<SURNAME/>而且，那个学生的名字…"", ""<SURNAME/>据说那个犯人啊， <SURNAME/>就是这里的学生哦… <SURNAME/>而且，那个学生的名字…""]","[""\n<SURNAME/>听说说那个犯人啊， \n<SURNAME/>其实是这里的学生哦… \n<SURNAME/>而且，那个学生的名字…"", ""<SURNAME/>据说那个犯人啊， <SURNAME/>就是这里的学生哦… <SURNAME/>而且，那个学生的名字…""]"
merged_versions_conflict,script:457_8,script:457_8:diag28,frontend/public/games/p2is/groups/script_457_8.json,"
<SURNAME/>須藤<SURNAME/>竜也って言うんだって…
<SURNAME/>ケケケ!
<SURNAME/>この呪いとも、なにか関係ガあるのかもねぇ…","
<SURNAME/>听说叫须藤<SURNAME/>龙也…
<SURNAME/>咯咯咯!
<SURNAME/>可能和这个诅咒也有关系呢…","[""\n<SURNAME/>就叫作须藤<SURNAME/>龙也… \n<SURNAME/>咯咯咯! \n<SURNAME/>说不定和这个诅咒也有关系呢…"", ""<SURNAME/>就叫作须藤<SURNAME/>龙也… <SURNAME/>嘻嘻嘻! <SURNAME/>说不定和这个诅咒也有关系呢…""]","[""\n<SURNAME/>就叫作须藤<SURNAME/>龙也… \n<SURNAME/>咯咯咯! \n<SURNAME/>说不定和这个诅咒也有关系呢…"", ""<SURNAME/>就叫作须藤<SURNAME/>龙也… <SURNAME/>嘻嘻嘻! <SURNAME/>说不定和这个诅咒也有关系呢…""]"
merged_versions_conflict,script:457_8,script:457_8:diag29,frontend/public/games/p2is/groups/script_457_8.json,"
<SURNAME/>10年前、連続放火の犯人と噂された生徒、
<SURNAME/>須藤<SURNAME/>竜也…","
<SURNAME/>10年前，被传为连环纵火犯的学生，
<SURNAME/>须藤<SURNAME/>龙也…","[""\n<SURNAME/>10年前，那个被传为连环纵火案犯人的学生， \n<SURNAME/>须藤<SURNAME/>龙也…"", ""<SURNAME/>10年前，那个被传为连环纵火案犯人的学生， <SURNAME/>须藤<SURNAME/>龙也…""]","[""\n<SURNAME/>10年前，那个被传为连环纵火案犯人的学生， \n<SURNAME/>须藤<SURNAME/>龙也…"", ""<SURNAME/>10年前，那个被传为连环纵火案犯人的学生， <SURNAME/>须藤<SURNAME/>龙也…""]"
merged_versions_conflict,script:457_8,script:457_8:diag3,frontend/public/games/p2is/groups/script_457_8.json,"
<SURNAME/>ふふ〜ん、<c12/>…<pause:30/>
<SURNAME/>あの窓際のやつムカつくから、
<SURNAME/>もう一度顔腫らしとくかい?","
<SURNAME/>哼哼~、<c12/>…<pause:30/>
<SURNAME/>那个靠窗的家伙真让人火大，
<SURNAME/>要不要再揍肿他的脸？","[""\n<SURNAME/>哼哼~、<c12/>…<pause:30/> \n<SURNAME/>那个靠窗的家伙真让人火大， \n<SURNAME/>要不要再把他的脸揍肿一遍？"", ""<SURNAME/>哼哼~、<c12/>…<pause:30/> <SURNAME/>那个靠窗的家伙真让人火大， <SURNAME/>要不要再把他的脸揍肿一遍？""]","[""\n<SURNAME/>哼哼~、<c12/>…<pause:30/> \n<SURNAME/>那个靠窗的家伙真让人火大， \n<SURNAME/>要不要再把他的脸揍肿一遍？"", ""<SURNAME/>哼哼~、<c12/>…<pause:30/> <SURNAME/>那个靠窗的家伙真让人火大， <SURNAME/>要不要再把他的脸揍肿一遍？""]"
merged_versions_conflict,script:457_8,script:457_8:diag30,frontend/public/games/p2is/groups/script_457_8.json,"
<SURNAME/>噂によると、
<SURNAME/>宇宙人の声ガ聞こえると騒いで、
<SURNAME/>黒服の男達に連れていかれたそうよお。ケケケ!","
<SURNAME/>据传闻，
<SURNAME/>他吵着说能听到外星人的声音，
<SURNAME/>被黑衣男子带走了哦。咯咯咯!","[""\n<SURNAME/>据传闻，\n<SURNAME/>他当时嚷嚷着说他能听到外星人的声音， \n<SURNAME/>然后就被黑衣男子带走了呢，咯咯咯!"", ""<SURNAME/>据传闻，<SURNAME/>他当时嚷嚷着说他能听到外星人的声音， <SURNAME/>然后就被黑衣男子带走了呢，嘻嘻嘻!""]","[""\n<SURNAME/>据传闻，\n<SURNAME/>他当时嚷嚷着说他能听到外星人的声音， \n<SURNAME/>然后就被黑衣男子带走了呢，咯咯咯!"", ""<SURNAME/>据传闻，<SURNAME/>他当时嚷嚷着说他能听到外星人的声音， <SURNAME/>然后就被黑衣男子带走了呢，嘻嘻嘻!""]"
merged_versions_conflict,script:457_8,script:457_8:diag31,frontend/public/games/p2is/groups/script_457_8.json,"
<SURNAME/>宇宙人に誘拐されたのか、
<SURNAME/>はたまた病院に強制収容されたのか…<pause:15/>
<SURNAME/>ケケケ!!<SURNAME/>どっちも嬉しくないわねぇ。","
<SURNAME/>是被外星人绑架了，
<SURNAME/>还是被关进精神病院了呢…<pause:15/>
<SURNAME/>咯咯咯!!<SURNAME/>哪个都不太妙啊。","[""\n<SURNAME/>是被外星人绑架了呢， \n<SURNAME/>还是被关进精神病院了呢…<pause:15/> \n<SURNAME/>咯咯咯!!<SURNAME/>不管是哪个都不太妙呀。"", ""<SURNAME/>是被外星人绑架了呢， <SURNAME/>还是被关进精神病院了呢…<pause:15/> <SURNAME/>嘻嘻嘻!!<SURNAME/>不管是哪个都不太妙呀。""]","[""\n<SURNAME/>是被外星人绑架了呢， \n<SURNAME/>还是被关进精神病院了呢…<pause:15/> \n<SURNAME/>咯咯咯!!<SURNAME/>不管是哪个都不太妙呀。"", ""<SURNAME/>是被外星人绑架了呢， <SURNAME/>还是被关进精神病院了呢…<pause:15/> <SURNAME/>嘻嘻嘻!!<SURNAME/>不管是哪个都不太妙呀。""]"
merged_versions_conflict,script:457_8,script:457_8:diag32,frontend/public/games/p2is/groups/script_457_8.json,"
<SURNAME/>なんだ…もう呪い解けちゃったの?
<SURNAME/>せっかく面白かったのに…<pause:15/>
<SURNAME/>もっと凄いこと起きないかしら…ケケケ!!","
<SURNAME/>什么嘛…诅咒已经解除了？
<SURNAME/>明明那么有意思的…<pause:15/>
<SURNAME/>再来点更刺激的多好啊…咯咯咯!!","[""\n<SURNAME/>什么嘛…诅咒这就解除了？ \n<SURNAME/>明明那么有意思的…<pause:15/> \n<SURNAME/>要是再来点更刺激的该多好啊…咯咯咯!!"", ""<SURNAME/>什么嘛…诅咒这就解除了？ <SURNAME/>明明那么有意思的…<pause:15/> <SURNAME/>要是再来点更刺激的该多好啊…嘻嘻嘻!!""]","[""\n<SURNAME/>什么嘛…诅咒这就解除了？ \n<SURNAME/>明明那么有意思的…<pause:15/> \n<SURNAME/>要是再来点更刺激的该多好啊…咯咯咯!!"", ""<SURNAME/>什么嘛…诅咒这就解除了？ <SURNAME/>明明那么有意思的…<pause:15/> <SURNAME/>要是再来点更刺激的该多好啊…嘻嘻嘻!!""]"
merged_versions_conflict,script:457_8,script:457_8:diag33,frontend/public/games/p2is/groups/script_457_8.json,"
<SURNAME/>い、いや、ごめんよ<c12/>君…
<SURNAME/>彼ガ、君の悪い噂教えないと、
<SURNAME/>顔の包帯外すって脅すから…","
<SURNAME/>对、对不起啊<c12/>君…
<SURNAME/>他威胁说不讲你坏话，
<SURNAME/>就要拆我脸上绷带…","[""\n<SURNAME/>对、对不起啊<c12/>君… \n<SURNAME/>他威胁我说，如果不讲你的坏话， \n<SURNAME/>就要拆我脸上的绷带…"", ""<SURNAME/>对、对不起啊<c12/>君… <SURNAME/>他威胁我说，如果不讲你坏话， <SURNAME/>就要拆我脸上的绷带…""]","[""\n<SURNAME/>对、对不起啊<c12/>君… \n<SURNAME/>他威胁我说，如果不讲你的坏话， \n<SURNAME/>就要拆我脸上的绷带…"", ""<SURNAME/>对、对不起啊<c12/>君… <SURNAME/>他威胁我说，如果不讲你坏话， <SURNAME/>就要拆我脸上的绷带…""]"
merged_versions_conflict,script:457_8,script:457_8:diag34,frontend/public/games/p2is/groups/script_457_8.json,"
<SURNAME/>で、でも気にする事ないよ!
<SURNAME/>も、もう、10年も前のことなんだよね?
<SURNAME/>君ガ悪いわけじゃないしさ…","
<SURNAME/>但、但别在意啦!
<SURNAME/>反、反正都十年前的事了？
<SURNAME/>又不是你的错…","[""\n<SURNAME/>但、但是你不要在意那种事啦! \n<SURNAME/>反、反正都是十年前的事了嘛， \n<SURNAME/>又不是你的错…"", ""<SURNAME/>但、但是你不要在意那种事啦! <SURNAME/>反、反正都是十年前的事了嘛， <SURNAME/>又不是你的错…""]","[""\n<SURNAME/>但、但是你不要在意那种事啦! \n<SURNAME/>反、反正都是十年前的事了嘛， \n<SURNAME/>又不是你的错…"", ""<SURNAME/>但、但是你不要在意那种事啦! <SURNAME/>反、反正都是十年前的事了嘛， <SURNAME/>又不是你的错…""]"
merged_versions_conflict,script:457_8,script:457_8:diag35,frontend/public/games/p2is/groups/script_457_8.json,"
<SURNAME/>木ラ、やっぱり君って目立つじゃないか。
<SURNAME/>だからみんな色々噂するし、
<SURNAME/>君のこと知りたいんだよ。","
<SURNAME/>达哉，你果然太显眼了。
<SURNAME/>所以大家才传各种谣言，
<SURNAME/>都想打听你的事啊。","[""\n<SURNAME/>你看，你果然还是太显眼了。 \n<SURNAME/>所以大家才会传各种谣言， \n<SURNAME/>都想打听你的事啊"", ""<SURNAME/>你看，你果然还是太显眼了。 <SURNAME/>所以大家才会传各种谣言， <SURNAME/>都想打听你的事啊""]","[""\n<SURNAME/>你看，你果然还是太显眼了。 \n<SURNAME/>所以大家才会传各种谣言， \n<SURNAME/>都想打听你的事啊"", ""<SURNAME/>你看，你果然还是太显眼了。 <SURNAME/>所以大家才会传各种谣言， <SURNAME/>都想打听你的事啊""]"
merged_versions_conflict,script:457_8,script:457_8:diag36,frontend/public/games/p2is/groups/script_457_8.json,"
<SURNAME/>中には、あんまりいい噂じゃないのもあるけどね。
<SURNAME/>た、たとえば、君の背中の傷…
<SURNAME/>喧嘩してナイフで刺されたんじゃないかとさ…","
<SURNAME/>虽然有些传闻不太中听啦。
<SURNAME/>比、比如你背上那道伤…
<SURNAME/>说是打架被捅的什么的…","[""\n<SURNAME/>虽然有些传闻是不太中听啦。 \n<SURNAME/>比、比如说你背上那道伤… \n<SURNAME/>说是打架的时候被刀子捅了什么的…"", ""<SURNAME/>虽然有些传闻是不太中听啦。 <SURNAME/>比、比如说你背上那道伤… <SURNAME/>说是打架的时候被刀子捅了什么的…""]","[""\n<SURNAME/>虽然有些传闻是不太中听啦。 \n<SURNAME/>比、比如说你背上那道伤… \n<SURNAME/>说是打架的时候被刀子捅了什么的…"", ""<SURNAME/>虽然有些传闻是不太中听啦。 <SURNAME/>比、比如说你背上那道伤… <SURNAME/>说是打架的时候被刀子捅了什么的…""]"
merged_versions_conflict,script:457_8,script:457_8:diag38,frontend/public/games/p2is/groups/script_457_8.json,"
<SURNAME/>まあ、これも友達から聞いた話なんだけどね。
<SURNAME/>本丸公園あたりにいる噂好きに聞けば、
<SURNAME/>詳しく分かると思うけどね。","
<SURNAME/>嘛，也是听朋友说的。
<SURNAME/>去本丸公园找八卦佬问问，
<SURNAME/>应该能问得更清楚。","[""\n<SURNAME/>不过，我也是听朋友说的。 \n<SURNAME/>去找本丸公园的那个八卦佬问问， \n<SURNAME/>应该能问得更清楚。"", ""<SURNAME/>不过，我也是听朋友说的。 <SURNAME/>去找本丸公园的那个八卦佬问问， <SURNAME/>应该能问得更清楚。""]","[""\n<SURNAME/>不过，我也是听朋友说的。 \n<SURNAME/>去找本丸公园的那个八卦佬问问， \n<SURNAME/>应该能问得更清楚。"", ""<SURNAME/>不过，我也是听朋友说的。 <SURNAME/>去找本丸公园的那个八卦佬问问， <SURNAME/>应该能问得更清楚。""]"
merged_versions_conflict,script:457_8,script:457_8:diag39,frontend/public/games/p2is/groups/script_457_8.json,"
<SURNAME/>ねえ、<c12/>君、
<SURNAME/>この学園、一体どうなっちゃうのお?
<SURNAME/>わたし不安だよお。","
<SURNAME/>呐，<c12/>君，
<SURNAME/>这学园到底会变成怎样啊？
<SURNAME/>我好怕怕啊。","[""\n<SURNAME/>呐，<c12/>君， \n<SURNAME/>这学校到底会变成怎样啊？ \n<SURNAME/>我好害怕啊。"", ""<SURNAME/>呐，<c12/>君， <SURNAME/>这学校到底会变成怎样啊？ <SURNAME/>我好害怕啊。""]","[""\n<SURNAME/>呐，<c12/>君， \n<SURNAME/>这学校到底会变成怎样啊？ \n<SURNAME/>我好害怕啊。"", ""<SURNAME/>呐，<c12/>君， <SURNAME/>这学校到底会变成怎样啊？ <SURNAME/>我好害怕啊。""]"
merged_versions_conflict,script:457_8,script:457_8:diag40,frontend/public/games/p2is/groups/script_457_8.json,"
<SURNAME/>エンブレム全部壊せば、
<SURNAME/>呪いガ解けるかもしれないんだって!!
<SURNAME/><c12/>君も協力してよお。","
<SURNAME/>听说把纹章全砸掉，
<SURNAME/>诅咒就能解除了!!
<SURNAME/><c12/>君也来帮忙嘛。","[""\n<SURNAME/>听说把校徽全都砸掉， \n<SURNAME/>诅咒就能解除了!! \n<SURNAME/><c12/>君也来帮忙嘛。"", ""<SURNAME/>听说把校徽全砸掉， <SURNAME/>诅咒就能解除了!! <SURNAME/><c12/>君也来帮忙嘛。""]","[""\n<SURNAME/>听说把校徽全都砸掉， \n<SURNAME/>诅咒就能解除了!! \n<SURNAME/><c12/>君也来帮忙嘛。"", ""<SURNAME/>听说把校徽全砸掉， <SURNAME/>诅咒就能解除了!! <SURNAME/><c12/>君也来帮忙嘛。""]"
merged_versions_conflict,script:457_8,script:457_8:diag43,frontend/public/games/p2is/groups/script_457_8.json,"
<SURNAME/>あーあ。
<SURNAME/>反谷校長ガああ言うんじゃ、しょうガないよ…
<SURNAME/>ちゃんと後片付けしないとね。","
<SURNAME/>唉…
<SURNAME/>般若校长都那么说了，没办法…
<SURNAME/>得好好善后才行呢。","[""\n<SURNAME/>唉… \n<SURNAME/>反谷校长都那么说了，没办法… \n<SURNAME/>得好好善后才行呢。"", ""<SURNAME/>唉… <SURNAME/>反谷校长都那么说了，没办法… <SURNAME/>得好好善后才行呢。""]","[""\n<SURNAME/>唉… \n<SURNAME/>反谷校长都那么说了，没办法… \n<SURNAME/>得好好善后才行呢。"", ""<SURNAME/>唉… <SURNAME/>反谷校长都那么说了，没办法… <SURNAME/>得好好善后才行呢。""]"
merged_versions_conflict,script:457_8,script:457_8:diag44,frontend/public/games/p2is/groups/script_457_8.json,"
<SURNAME/>卒業写真も、このまま撮る事になるのかなぁ。
<SURNAME/>誰ガ誰かわかんない写真になるね、きっと…
<SURNAME/>いやだなぁ、そんなの…","
<SURNAME/>毕业照也要这样拍吗。
<SURNAME/>肯定分不清谁是谁了…
<SURNAME/>讨厌死了…","[""\n<SURNAME/>毕业照不会也要这样拍吧， \n<SURNAME/>那样肯定分不清谁是谁了… \n<SURNAME/>我才不想那样啊…"", ""<SURNAME/>毕业照不会也要这样拍吧， <SURNAME/>那样肯定分不清谁是谁了… <SURNAME/>我才不想那样啊…""]","[""\n<SURNAME/>毕业照不会也要这样拍吧， \n<SURNAME/>那样肯定分不清谁是谁了… \n<SURNAME/>我才不想那样啊…"", ""<SURNAME/>毕业照不会也要这样拍吧， <SURNAME/>那样肯定分不清谁是谁了… <SURNAME/>我才不想那样啊…""]"
merged_versions_conflict,script:457_8,script:457_8:diag45,frontend/public/games/p2is/groups/script_457_8.json,"
<SURNAME/>そうか…反谷校長、行っちゃったんだ…
<SURNAME/>タカシー!!<SURNAME/>カムバ〜ック!!","
<SURNAME/>这样啊…般若校长走了…
<SURNAME/>孝志!!<SURNAME/>快回来啊!!","[""\n<SURNAME/>这样啊…反谷校长走了… \n<SURNAME/>孝志!!<SURNAME/>快回来啊!!"", ""<SURNAME/>这样啊…反谷校长走了… <SURNAME/>孝志!!<SURNAME/>快回来啊!!""]","[""\n<SURNAME/>这样啊…反谷校长走了… \n<SURNAME/>孝志!!<SURNAME/>快回来啊!!"", ""<SURNAME/>这样啊…反谷校长走了… <SURNAME/>孝志!!<SURNAME/>快回来啊!!""]"
merged_versions_conflict,script:457_8,script:457_8:diag46,frontend/public/games/p2is/groups/script_457_8.json,"
<SURNAME/>突然ゴージャスな頭になって、
<SURNAME/>はかなく消えていった反谷校長は、
<SURNAME/>まさに日本の桜のよう。お世話になりました…","
<SURNAME/>突然顶着华丽发型
<SURNAME/>飘然消失的般若校长，
<SURNAME/>简直像日本樱花。承蒙关照了…","[""\n<SURNAME/>突然顶着华丽发型 \n<SURNAME/>飘然消失的反谷校长， \n<SURNAME/>简直就像日本樱花一样。承蒙关照了…"", ""<SURNAME/>突然顶着华丽发型 <SURNAME/>飘然消失的反谷校长， <SURNAME/>简直像日本樱花。承蒙关照了…""]","[""\n<SURNAME/>突然顶着华丽发型 \n<SURNAME/>飘然消失的反谷校长， \n<SURNAME/>简直就像日本樱花一样。承蒙关照了…"", ""<SURNAME/>突然顶着华丽发型 <SURNAME/>飘然消失的反谷校长， <SURNAME/>简直像日本樱花。承蒙关照了…""]"
merged_versions_conflict,script:457_8,script:457_8:diag49,frontend/public/games/p2is/groups/script_457_8.json,"
<SURNAME/>この教室にあったエンブレムは、
<SURNAME/>それガ最後だったはずだよ。<pause:10/>
<SURNAME/>早く他の教室のやつもぶっ壊しちゃってネ。","
<SURNAME/>这教室的纹章
<SURNAME/>应该是最后了。<pause:10/>
<SURNAME/>快把其他教室的也砸烂吧。","[""\n<SURNAME/>这间教室的校徽 \n<SURNAME/>应该都砸完了。<pause:10/> \n<SURNAME/>快把其他教室的也砸烂吧。"", ""<SURNAME/>这教室的校徽 <SURNAME/>应该都砸完了。<pause:10/> <SURNAME/>快把其他教室的也砸烂吧。""]","[""\n<SURNAME/>这间教室的校徽 \n<SURNAME/>应该都砸完了。<pause:10/> \n<SURNAME/>快把其他教室的也砸烂吧。"", ""<SURNAME/>这教室的校徽 <SURNAME/>应该都砸完了。<pause:10/> <SURNAME/>快把其他教室的也砸烂吧。""]"
merged_versions_conflict,script:457_8,script:457_8:diag6,frontend/public/games/p2is/groups/script_457_8.json,"
<SURNAME/>哎呀!!(アイヤー)
<SURNAME/><c13/>、誰かに刺されたの!?
<SURNAME/>いつ?<SURNAME/>どこで?<SURNAME/>誰に!?","
<SURNAME/>哎呀!!
<SURNAME/><c13/>、你被谁刺了！？
<SURNAME/>什么时候？<SURNAME/>在哪里？<SURNAME/>被谁！？","[""\n<SURNAME/>哎呀!!（ai yaa） \n<SURNAME/><c13/>、你被人用刀子捅了！？ \n<SURNAME/>什么时候？<SURNAME/>在哪里？<SURNAME/>被谁！？"", ""<SURNAME/>哎呀!!（ai yaa） <SURNAME/><c13/>、你被人用刀子捅了！？ <SURNAME/>什么时候？<SURNAME/>在哪里？<SURNAME/>被谁！？""]","[""\n<SURNAME/>哎呀!!（ai yaa） \n<SURNAME/><c13/>、你被人用刀子捅了！？ \n<SURNAME/>什么时候？<SURNAME/>在哪里？<SURNAME/>被谁！？"", ""<SURNAME/>哎呀!!（ai yaa） <SURNAME/><c13/>、你被人用刀子捅了！？ <SURNAME/>什么时候？<SURNAME/>在哪里？<SURNAME/>被谁！？""]"
merged_versions_conflict,script:457_8,script:457_8:diag7,frontend/public/games/p2is/groups/script_457_8.json,"
<SURNAME/>もう、<c13/>っていつもそう。
<SURNAME/>わたしガこんなに心配してるのに…<pause:30/>
<SURNAME/>可憐(木ーリーン)わたしってば可哀相…","
<SURNAME/>真是的、<c13/>你总是这样。
<SURNAME/>我这么担心你…<pause:30/>
<SURNAME/>可怜(木ーリーン)我好可怜啊…","[""\n<SURNAME/>真是的，<c13/>你老是这样子。 \n<SURNAME/>亏我还这么担心你…<pause:30/> \n<SURNAME/>可憐(ho lin)我真够可怜啊…"", ""<SURNAME/>真是的，<c13/>你老是这样子。 <SURNAME/>亏我还这么担心你…<pause:30/> <SURNAME/>可憐(ho lin)我真够可怜啊…""]","[""\n<SURNAME/>真是的，<c13/>你老是这样子。 \n<SURNAME/>亏我还这么担心你…<pause:30/> \n<SURNAME/>可憐(ho lin)我真够可怜啊…"", ""<SURNAME/>真是的，<c13/>你老是这样子。 <SURNAME/>亏我还这么担心你…<pause:30/> <SURNAME/>可憐(ho lin)我真够可怜啊…""]"
merged_versions_conflict,script:457_8,script:457_8:diag8,frontend/public/games/p2is/groups/script_457_8.json,"
<SURNAME/>リサの広東語講座、その9〜!!<pause:30/>
<SURNAME/>哎呀(アイヤー)は驚いた時とかに使うの。
<SURNAME/>要は「あーっ」とか「えーっ」みたいな感じ。","
<SURNAME/>丽莎的广东话讲座、第九课～!!<pause:30/>
<SURNAME/>“哎呀”(アイヤー)是在惊讶时使用的。
<SURNAME/>简单来说、就像“啊—”或“诶—”的感觉。","[""\n<SURNAME/>莉莎的粤语讲座，第9期～!!<pause:30/> \n<SURNAME/>“哎呀”(ai yaa)是在感到惊讶时说的。 \n<SURNAME/>就相当于\""啊—”或“诶—”那种感觉。"", ""<SURNAME/>莉莎的广东话讲座，第9课～!!<pause:30/> <SURNAME/>“哎呀”(ai yaa)是在感到惊讶时说的。 <SURNAME/>就相当于\""啊—”或“诶—”那种感觉。""]","[""\n<SURNAME/>莉莎的粤语讲座，第9期～!!<pause:30/> \n<SURNAME/>“哎呀”(ai yaa)是在感到惊讶时说的。 \n<SURNAME/>就相当于\""啊—”或“诶—”那种感觉。"", ""<SURNAME/>莉莎的广东话讲座，第9课～!!<pause:30/> <SURNAME/>“哎呀”(ai yaa)是在感到惊讶时说的。 <SURNAME/>就相当于\""啊—”或“诶—”那种感觉。""]"
merged_versions_conflict,script:457_8,script:457_8:diag9,frontend/public/games/p2is/groups/script_457_8.json,"
<SURNAME/>連続放火事件…?","
<SURNAME/>连续纵火事件…？","[""\n<SURNAME/>连环纵火案…？"", ""<SURNAME/>连环纵火案…？""]","[""\n<SURNAME/>连环纵火案…？"", ""<SURNAME/>连环纵火案…？""]"
merged_versions_conflict,script:464_8,script:464_8:diag10:p0,frontend/public/games/p2is/groups/script_464_8.json,"
<NAME/><NAME/>ばばばバッキャロー!<NAME/><NAME/>あったりめぇだろ!!
<NAME/><NAME/>セブンスのガイジンみてえな女に、
<NAME/><NAME/>バッチリ渡して来たぜ!","
<NAME/><NAME/>当、当然啦!!
<NAME/><NAME/>肯定交了啊!!
<NAME/><NAME/>给七姊妹那个像外国人的女人，
<NAME/><NAME/>完美地交过去了!","[""\\n<NAME/><NAME/>混混混混蛋!<NAME/><NAME/>肯定交了啊!!\\n<NAME/><NAME/>向七姐妹那个像外国人的女人，\\n<NAME/><NAME/>完美地交过去了!"", ""\\n<NAME/><NAME/>混混混混蛋!\\n<NAME/><NAME/>肯定交了啊!!\\n<NAME/><NAME/>向七姐妹那个像外国人的女人，\\n<NAME/><NAME/>完美地交过去了!""]","[""\\n<NAME/><NAME/>混混混混蛋!<NAME/><NAME/>肯定交了啊!!\\n<NAME/><NAME/>向七姐妹那个像外国人的女人，\\n<NAME/><NAME/>完美地交过去了!"", ""\\n<NAME/><NAME/>混混混混蛋!\\n<NAME/><NAME/>肯定交了啊!!\\n<NAME/><NAME/>向七姐妹那个像外国人的女人，\\n<NAME/><NAME/>完美地交过去了!""]"
merged_versions_conflict,script:464_8,script:464_8:diag16:p1,frontend/public/games/p2is/groups/script_464_8.json,"<c1d:11/>リサ<c1d:1/>
<NAME/><NAME/>待ってて!
<NAME/><NAME/>今、<c13/>ガそいつらやっつけるから!","<c1d:11/>丽莎<c1d:1/>
<NAME/><NAME/>等着!
<NAME/><NAME/>现在，<c13/>会收拾他们的!","[""<c1d:11/>丽莎<c1d:1/>\\n<NAME/><NAME/>你给我等着瞧!\\n<NAME/><NAME/>现在，<c13/>我会收拾这帮家伙的!"", ""<c1d:11/>丽莎<c1d:1/>\\n<NAME/><NAME/>你等着瞧!\\n<NAME/><NAME/>现在，<c13/>我会收拾这帮家伙的!""]","[""<c1d:11/>丽莎<c1d:1/>\\n<NAME/><NAME/>你给我等着瞧!\\n<NAME/><NAME/>现在，<c13/>我会收拾这帮家伙的!"", ""<c1d:11/>丽莎<c1d:1/>\\n<NAME/><NAME/>你等着瞧!\\n<NAME/><NAME/>现在，<c13/>我会收拾这帮家伙的!""]"
merged_versions_conflict,script:464_8,script:464_8:diag18,frontend/public/games/p2is/groups/script_464_8.json,"
<NAME/><NAME/>ザコは黙ってなさいよ!
<NAME/><NAME/>そこの青頭!!<NAME/><NAME/>あんたね?
<NAME/><NAME/>ミッシェル栄吉ってのは?","
<NAME/><NAME/>杂鱼给我闭嘴!
<NAME/><NAME/>那边的青头!!<NAME/><NAME/>是你吧?
<NAME/><NAME/>米切荣吉就是?","[""\\n<NAME/><NAME/>杂鱼给我闭嘴!\\n<NAME/><NAME/>那边的蓝毛!!<NAME/><NAME/>是你吧?\\n<NAME/><NAME/>米歇尔荣吉对吧?"", ""\\n<NAME/><NAME/>杂鱼给我闭嘴!\\n<NAME/><NAME/>那边的青头!!<NAME/><NAME/>是你吧?\\n<NAME/><NAME/>米歇尔荣吉对吧?""]","[""\\n<NAME/><NAME/>杂鱼给我闭嘴!\\n<NAME/><NAME/>那边的蓝毛!!<NAME/><NAME/>是你吧?\\n<NAME/><NAME/>米歇尔荣吉对吧?"", ""\\n<NAME/><NAME/>杂鱼给我闭嘴!\\n<NAME/><NAME/>那边的青头!!<NAME/><NAME/>是你吧?\\n<NAME/><NAME/>米歇尔荣吉对吧?""]"
merged_versions_conflict,script:464_8,script:464_8:diag9,frontend/public/games/p2is/groups/script_464_8.json,"
<NAME/><NAME/>ヤッバいスよ!<NAME/><NAME/>親分マジ切れ寸前っスよ?
<NAME/><NAME/>疑うワケじゃないっスけど、ケン…
<NAME/><NAME/>ちゃんと「果たし状」渡してきたんスよね?","
<NAME/><NAME/>糟了糟了!
<NAME/><NAME/>老大真的快发飙了?
<NAME/><NAME/>不是怀疑你啦，健…
<NAME/><NAME/>确实把「挑战书」交过去了吧?","[""\\n<NAME/><NAME/>不好了啦!<NAME/><NAME/>老大真的快要发飙了啊?\\n<NAME/><NAME/>不是说怀疑你啦，健…\\n<NAME/><NAME/>你确实把「挑战书」交过去了吧?"", ""\\n<NAME/><NAME/>不好了啦!\\n<NAME/><NAME/>老大真的快要发飙了啊?\\n<NAME/><NAME/>不是说怀疑你啦，健…\\n<NAME/><NAME/>你确实把「挑战书」交过去了吧?""]","[""\\n<NAME/><NAME/>不好了啦!<NAME/><NAME/>老大真的快要发飙了啊?\\n<NAME/><NAME/>不是说怀疑你啦，健…\\n<NAME/><NAME/>你确实把「挑战书」交过去了吧?"", ""\\n<NAME/><NAME/>不好了啦!\\n<NAME/><NAME/>老大真的快要发飙了啊?\\n<NAME/><NAME/>不是说怀疑你啦，健…\\n<NAME/><NAME/>你确实把「挑战书」交过去了吧?""]"
local_conflict_review,script:477_8,script:477_8:diag11,frontend/public/games/p2is/groups/script_477_8.json,"
<SURNAME/>ギンコの気持ちも分かるけどよ…
<SURNAME/>やっぱそりゃ相手ガ決めるこった。
<SURNAME/>勝手に詮索して自分を青めるのは良くねぇよな。","
<SURNAME/>银次的心情我也懂…
<SURNAME/>但那该由对方决定。
<SURNAME/>擅自打探让自己难堪可不好啊。","[""<SURNAME/>银子的心情我也懂… <SURNAME/>但那该由对方决定。 <SURNAME/>擅自打探让自己难堪可不好啊。""]","[""<SURNAME/>银子的心情我也懂… <SURNAME/>但那该由对方决定。 <SURNAME/>擅自打探让自己难堪可不好啊。""]"
local_conflict_review,script:477_8,script:477_8:diag12,frontend/public/games/p2is/groups/script_477_8.json,"
<SURNAME/>ギンコの奴、どうしたんだ?
<SURNAME/>ガラにもなくモジモジして…<pause:15/>
<SURNAME/>トイレか?","
<SURNAME/>银古那家伙咋了？
<SURNAME/>难得扭扭捏捏的…<pause:15/>
<SURNAME/>要上厕所？","[""<SURNAME/>银子那家伙咋了？ <SURNAME/>难得扭扭捏捏的…<pause:15/> <SURNAME/>要上厕所？""]","[""<SURNAME/>银子那家伙咋了？ <SURNAME/>难得扭扭捏捏的…<pause:15/> <SURNAME/>要上厕所？""]"
local_conflict_review,script:477_8,script:477_8:diag55,frontend/public/games/p2is/groups/script_477_8.json,"
<SURNAME/>淳クンをあそこまで追い込んだのは私だわ…
<SURNAME/>暖昧なまま現実から逃げ続けた私の弱さガ、
<SURNAME/>彼をあそこまで…","
<SURNAME/>把纯君逼到那种地步的是我…
<SURNAME/>一直暧昧地逃避现实的我的软弱，
<SURNAME/>让他到了那种地步…","[""<SURNAME/>把淳君逼到那种地步的是我… <SURNAME/>一直暧昧地逃避现实的我的软弱， <SURNAME/>让他到了那种地步…""]","[""<SURNAME/>把淳君逼到那种地步的是我… <SURNAME/>一直暧昧地逃避现实的我的软弱， <SURNAME/>让他到了那种地步…""]"
local_conflict_review,script:477_8,script:477_8:diag56,frontend/public/games/p2is/groups/script_477_8.json,"
<SURNAME/>…だけど、もう淳クンだけに辛い思いはさせない。
<SURNAME/>今度は私ガ迎えに行く。そして、本当の…
<SURNAME/>あの優しい淳クンを呼び戻すの!","
<SURNAME/>…但是，不会再让纯君一个人痛苦了。
<SURNAME/>这次我去迎接他。然后，把真正的…
<SURNAME/>那个温柔的纯君呼唤回来!","[""<SURNAME/>…但是，不会再让淳君一个人痛苦了。 <SURNAME/>这次我去迎接他。然后，把真正的… <SURNAME/>那个温柔的淳君呼唤回来!""]","[""<SURNAME/>…但是，不会再让淳君一个人痛苦了。 <SURNAME/>这次我去迎接他。然后，把真正的… <SURNAME/>那个温柔的淳君呼唤回来!""]"
local_conflict_review,script:477_8,script:477_8:diag8,frontend/public/games/p2is/groups/script_477_8.json,"
<SURNAME/>ギンコの奴、何言ってんだ!!
<SURNAME/>康夫はその仮面党に殺されちまったんだぞ!
<SURNAME/>あの2人ガそうならないと、なぜ言い切れる!","
<SURNAME/>银次的家伙，说什么呢!!
<SURNAME/>康夫是被假面党杀掉的!
<SURNAME/>凭什么说那两人不会那样!","[""<SURNAME/>银子的家伙，说什么呢!! <SURNAME/>康夫是被假面党杀掉的! <SURNAME/>凭什么说那两人不会那样!""]","[""<SURNAME/>银子的家伙，说什么呢!! <SURNAME/>康夫是被假面党杀掉的! <SURNAME/>凭什么说那两人不会那样!""]"
local_conflict_review,script:477_8,script:477_8:diag9,frontend/public/games/p2is/groups/script_477_8.json,"
<SURNAME/>それにしても、あの広い野外音楽堂の中から、
<SURNAME/>ギンコだけ見つけ出すってのも大変だなぁ…","
<SURNAME/>话说回来，从那么大的露天音乐堂里，
<SURNAME/>找出银次一个也挺难的啊…","[""<SURNAME/>话说回来，从那么大的露天音乐堂里， <SURNAME/>找出银子一个也挺难的啊…""]","[""<SURNAME/>话说回来，从那么大的露天音乐堂里， <SURNAME/>找出银子一个也挺难的啊…""]"
local_conflict_review,script:480_8,script:480_8:diag1,frontend/public/games/p2is/groups/script_480_8.json,"
<SURNAME/>康夫の野郎!<SURNAME/>言うに事欠いて自分をクーレストに
<SURNAME/>載せろたぁ、どういう了見でい!
<SURNAME/>この俺ですら載ったことガねぇのによ!","
<SURNAME/>康夫那混蛋!<SURNAME/>居然说要上酷乐志，
<SURNAME/>搞什么态度啊!
<SURNAME/>连老子都没上过呢!","[""\\n<SURNAME/>康夫那混蛋!<SURNAME/>居然说要上Coolest，\\n<SURNAME/>他到底打的什么算盘！\\n<SURNAME/>连老子都没上过呢!""]","[""\\n<SURNAME/>康夫那混蛋!<SURNAME/>居然说要上Coolest，\\n<SURNAME/>他到底打的什么算盘！\\n<SURNAME/>连老子都没上过呢!""]"
local_conflict_review,script:492_8,script:492_8:diag28,frontend/public/games/p2is/groups/script_492_8.json,"
<SURNAME/>ユッキーどうしたの?
<SURNAME/>浮かない顔して。","
<SURNAME/>达哉怎么了？
<SURNAME/>一副闷闷不乐的样子。","[""<SURNAME/>雪野怎么了？ <SURNAME/>一副闷闷不乐的样子。""]","[""<SURNAME/>雪野怎么了？ <SURNAME/>一副闷闷不乐的样子。""]"
local_conflict_review,script:4_108,script:4_108:diag0,frontend/public/games/p2is/groups/script_4_108.json,"
<SURNAME/>そんなペルソナで、ボクと戦おうっていうのかい?
<SURNAME/>まあ、楽にボクガキミになれるからいいけどね。
<SURNAME/>さぁ、グンナイ、栄吉!!
<unk7/>","
<SURNAME/>用那种Persona，就想和本大爷打吗?
<SURNAME/>嘛，轻松就能变成你，倒也不错。
<SURNAME/>来吧，上啊，荣吉!!
<unk7/>","[""\\n<SURNAME/>用那种Persona，就想和本大爷打吗?\\n<SURNAME/>嘛，轻轻松松就能取代你，倒也不错。\\n<SURNAME/>来吧，上啊，荣吉!!\\n<unk7/>""]","[""\\n<SURNAME/>用那种Persona，就想和本大爷打吗?\\n<SURNAME/>嘛，轻轻松松就能取代你，倒也不错。\\n<SURNAME/>来吧，上啊，荣吉!!\\n<unk7/>""]"
local_conflict_review,script:4_108,script:4_108:diag4,frontend/public/games/p2is/groups/script_4_108.json,"
<SURNAME/>はん!!
<SURNAME/>冗談は顔だけにしやガれ!!
<unk7/>","
<SURNAME/>哼!!
<SURNAME/>玩笑开在脸上就够了!!
<unk7/>","[""\\n<SURNAME/>哼!!\\n<SURNAME/>玩笑在脸上开开就够了!!\\n<unk7/>""]","[""\\n<SURNAME/>哼!!\\n<SURNAME/>玩笑在脸上开开就够了!!\\n<unk7/>""]"
local_conflict_review,script:4_114,script:4_114:diag0,frontend/public/games/p2is/groups/script_4_114.json,"
<SURNAME/>アンビリーバボー…
<SURNAME/>バット、これでジ・エンドなわけじゃない…
<SURNAME/>ボクはいつも、キミを見ているぞ…
<unk7/>","
<SURNAME/>难以置信…
<SURNAME/>但这还不是结束…
<SURNAME/>我一直在看着你…
<unk7/>","[""\\n<SURNAME/>真难以置信…\\n<SURNAME/>但这还没有结束…\\n<SURNAME/>我一直在看着你…\\n<unk7/>""]","[""\\n<SURNAME/>真难以置信…\\n<SURNAME/>但这还没有结束…\\n<SURNAME/>我一直在看着你…\\n<unk7/>""]"
local_conflict_review,script:4_114,script:4_114:diag1,frontend/public/games/p2is/groups/script_4_114.json,"
<SURNAME/>好きにしな…
<SURNAME/>てめぇガ俺だなんてこたぁ、わかってる。
<unk7/>","
<SURNAME/>随你便…
<SURNAME/>我知道你就是我。
<unk7/>","[""\\n<SURNAME/>随你喜欢…\\n<SURNAME/>我知道你就是我。\\n<unk7/>""]","[""\\n<SURNAME/>随你喜欢…\\n<SURNAME/>我知道你就是我。\\n<unk7/>""]"
local_conflict_review,script:4_117,script:4_117:diag0,frontend/public/games/p2is/groups/script_4_117.json,"
<SURNAME/>ハッハッハ!!
<SURNAME/>それで全て思い出したつもりか、マリオネッテよ?
<unk7/>","
<SURNAME/>哈哈哈!!
<SURNAME/>你以为这样就想起一切了吗，人偶?
<unk7/>","[""\\n<SURNAME/>哈哈哈!!\\n<SURNAME/>你以为这样就全部都想起来了吗，人偶?\\n<unk7/>""]","[""\\n<SURNAME/>哈哈哈!!\\n<SURNAME/>你以为这样就全部都想起来了吗，人偶?\\n<unk7/>""]"
local_conflict_review,script:4_117,script:4_117:diag1,frontend/public/games/p2is/groups/script_4_117.json,"
<SURNAME/>どういう意味だ!?
<SURNAME/>僕は全てを思い出した!!
<SURNAME/>みんなを苦しめたことも…自分ガ何をしたかも!
<unk7/>","
<SURNAME/>什么意思!?
<SURNAME/>我想起了一切!!
<SURNAME/>让大家受苦的事…自己做了什么!
<unk7/>","[""\\n<SURNAME/>什么意思!?\\n<SURNAME/>我全部都想起来了!!\\n<SURNAME/>让大家受苦的事…自己做了什么!\\n<unk7/>""]","[""\\n<SURNAME/>什么意思!?\\n<SURNAME/>我全部都想起来了!!\\n<SURNAME/>让大家受苦的事…自己做了什么!\\n<unk7/>""]"
local_conflict_review,script:4_117,script:4_117:diag2,frontend/public/games/p2is/groups/script_4_117.json,"
<SURNAME/>愚かな…
<SURNAME/>ならば、その花もろとも枯れ果てよ!!
<unk7/>","
<SURNAME/>愚蠢…
<SURNAME/>那么，连同那花一起枯萎吧!!
<unk7/>","[""\\n<SURNAME/>愚蠢…\\n<SURNAME/>那么，连同那朵花一起枯萎吧!!\\n<unk7/>""]","[""\\n<SURNAME/>愚蠢…\\n<SURNAME/>那么，连同那朵花一起枯萎吧!!\\n<unk7/>""]"
local_conflict_review,script:4_12,script:4_12:diag0,frontend/public/games/p2is/groups/script_4_12.json,"
<SURNAME/>激氣!!(ケッへイ)
<SURNAME/>あんたそれでも先生!?
<unk7/>","
<SURNAME/>气死我了!!
<SURNAME/>你这样还算老师!?
<unk7/>","[""<SURNAME/>激氣!!(gik hei) <SURNAME/>你这样子还算是老师吗!? <unk7/>""]","[""<SURNAME/>激氣!!(gik hei) <SURNAME/>你这样子还算是老师吗!? <unk7/>""]"
local_conflict_review,script:4_12,script:4_12:diag1,frontend/public/games/p2is/groups/script_4_12.json,"
<SURNAME/>不良生徒に愛の鞭は必要だ。
<SURNAME/>校長の威厳と権威!<SURNAME/>思い知らせてくれるわ〜!!
<unk7/>","
<SURNAME/>对不良学生需要爱的鞭策。
<SURNAME/>校长的威严和权威!<SURNAME/>让你见识见识啊!!
<unk7/>","[""<SURNAME/>对不良学生需要爱的鞭策。 <SURNAME/>就让你们见识一下!<SURNAME/>校长的威严和权威吧!! <unk7/>""]","[""<SURNAME/>对不良学生需要爱的鞭策。 <SURNAME/>就让你们见识一下!<SURNAME/>校长的威严和权威吧!! <unk7/>""]"
local_conflict_review,script:4_120,script:4_120:diag0,frontend/public/games/p2is/groups/script_4_120.json,"
<SURNAME/>大[?2174]な自信だな、若き獅子よ。
<SURNAME/>時として若者は、己ガ全能感に酔い、過ちを犯す。
<SURNAME/>今ガその時と知れい!!
<unk7/>","
<SURNAME/>好大的自信啊，年轻的狮子。
<SURNAME/>有时年轻人沉醉于全能感而犯错。
<SURNAME/>现在就是那时!!
<unk7/>","[""\\n<SURNAME/>真是自负啊，年轻的狮子。\\n<SURNAME/>年轻人时常因沉溺于自己无所不能的错觉中而犯错。\\n<SURNAME/>现在就是你犯错之时!!\\n<unk7/>""]","[""\\n<SURNAME/>真是自负啊，年轻的狮子。\\n<SURNAME/>年轻人时常因沉溺于自己无所不能的错觉中而犯错。\\n<SURNAME/>现在就是你犯错之时!!\\n<unk7/>""]"
local_conflict_review,script:4_123,script:4_123:diag0,frontend/public/games/p2is/groups/script_4_123.json,"
<SURNAME/>己ガ力を過信せぬとは、良い心ガけだ。
<unk7/>","
<SURNAME/>不过信自己的力量，是好心。
<unk7/>","[""\\n<SURNAME/>不过分相信自己的力量，才是良好的心态。\\n<unk7/>""]","[""\\n<SURNAME/>不过分相信自己的力量，才是良好的心态。\\n<unk7/>""]"
local_conflict_review,script:4_129,script:4_129:diag0,frontend/public/games/p2is/groups/script_4_129.json,"
<SURNAME/>くおら栄吉!!
<SURNAME/>こんなとこで油売ってねぇで、
<SURNAME/>早く店手伝わねえか!
<unk7/>","
<SURNAME/>喂，荣吉!!
<SURNAME/>别在这里磨蹭，
<SURNAME/>快来帮忙店里!
<unk7/>","[""\\n<SURNAME/>喂，荣吉!!\\n<SURNAME/>别在这磨蹭，\\n<SURNAME/>快来店里帮忙!\\n<unk7/>""]","[""\\n<SURNAME/>喂，荣吉!!\\n<SURNAME/>别在这磨蹭，\\n<SURNAME/>快来店里帮忙!\\n<unk7/>""]"
local_conflict_review,script:4_129,script:4_129:diag1,frontend/public/games/p2is/groups/script_4_129.json,"
<SURNAME/>お、親父!!<SURNAME/>話せばわかる!!
<SURNAME/>ひ、ひいいいいい!!
<unk7/>","
<SURNAME/>哦，老爸!!<SURNAME/>有话好说!!
<SURNAME/>咿、咿咿咿咿!!
<unk7/>","[""\\n<SURNAME/>哦，老爸!!<SURNAME/>有话好好说!!\\n<SURNAME/>咿、咿咿咿咿!!\\n<unk7/>""]","[""\\n<SURNAME/>哦，老爸!!<SURNAME/>有话好好说!!\\n<SURNAME/>咿、咿咿咿咿!!\\n<unk7/>""]"
local_conflict_review,script:4_129,script:4_129:diag2,frontend/public/games/p2is/groups/script_4_129.json,"
<SURNAME/>栄吉!!<SURNAME/>親父さん、木ントは
<SURNAME/>ソロバン3級しか持ってないの!
<SURNAME/>だから、恐くないんだってば!!
<unk7/>","
<SURNAME/>荣吉!!<SURNAME/>老爸他，
<SURNAME/>只有算盘3级!
<SURNAME/>所以，不可怕啦!!
<unk7/>","[""\\n<SURNAME/>荣吉!!<SURNAME/>你老爸他，\\n<SURNAME/>只有算盘3级!\\n<SURNAME/>所以，不可怕啦!!\\n<unk7/>""]","[""\\n<SURNAME/>荣吉!!<SURNAME/>你老爸他，\\n<SURNAME/>只有算盘3级!\\n<SURNAME/>所以，不可怕啦!!\\n<unk7/>""]"
local_conflict_review,script:4_132,script:4_132:diag0,frontend/public/games/p2is/groups/script_4_132.json,"
<SURNAME/>やった!!
<SURNAME/>俺は親父に勝ったんだ!!
<unk7/>","
<SURNAME/>成功了!!
<SURNAME/>我赢了老爸!!
<unk7/>","[""\\n<SURNAME/>太好了!!\\n<SURNAME/>我打赢了老爸!!\\n<unk7/>""]","[""\\n<SURNAME/>太好了!!\\n<SURNAME/>我打赢了老爸!!\\n<unk7/>""]"
local_conflict_review,script:4_135,script:4_135:diag0,frontend/public/games/p2is/groups/script_4_135.json,"
<SURNAME/>くっ…みんな!!
<SURNAME/>淳クンを守るわよ!!
<unk7/>","
<SURNAME/>唔…大家!!
<SURNAME/>保护淳君!!
<unk7/>","[""\\n<SURNAME/>唔…大家!!\\n<SURNAME/>保护好淳君!!\\n<unk7/>""]","[""\\n<SURNAME/>唔…大家!!\\n<SURNAME/>保护好淳君!!\\n<unk7/>""]"
local_conflict_review,script:4_135,script:4_135:diag1,frontend/public/games/p2is/groups/script_4_135.json,"
<SURNAME/>アッハッハ!!
<SURNAME/>淳は私の子よ!!
<SURNAME/>どうしようと私の勝手だわ!!
<unk7/>","
<SURNAME/>啊哈哈!!
<SURNAME/>淳是我的孩子!!
<SURNAME/>我想怎样就怎样!!
<unk7/>","[""\\n<SURNAME/>啊哈哈!!\\n<SURNAME/>淳是我的孩子!!\\n<SURNAME/>我想怎么做是我的自由!!\\n<unk7/>""]","[""\\n<SURNAME/>啊哈哈!!\\n<SURNAME/>淳是我的孩子!!\\n<SURNAME/>我想怎么做是我的自由!!\\n<unk7/>""]"
local_conflict_review,script:4_138,script:4_138:diag0,frontend/public/games/p2is/groups/script_4_138.json,"
<SURNAME/>淳クン…
<SURNAME/>他の誰ガキミのこといらないって言っても、
<SURNAME/>私たちには、キミガ必要よ…
<unk7/>","
<SURNAME/>淳君…
<SURNAME/>即使别人说不需要你，
<SURNAME/>我们也需要你…
<unk7/>","[""\\n<SURNAME/>淳君…<pause:30/>\\n<SURNAME/>就算其他人都说不需要你，\\n<SURNAME/>我们也，需要你…\\n""]","[""\\n<SURNAME/>淳君…<pause:30/>\\n<SURNAME/>就算其他人都说不需要你，\\n<SURNAME/>我们也，需要你…\\n""]"
local_conflict_review,script:4_141,script:4_141:diag1,frontend/public/games/p2is/groups/script_4_141.json,"
<SURNAME/>感じないか?
<SURNAME/>奴等から、僕たちと同じ星の力を!?
<unk7/>","
<SURNAME/>没感觉到吗?
<SURNAME/>从他们那里，和我们一样的星之力!?
<unk7/>","[""\\n<SURNAME/>没感觉到吗?\\n<SURNAME/>在他们那里，有和我们一样的星之力?!\\n<unk7/>""]","[""\\n<SURNAME/>没感觉到吗?\\n<SURNAME/>在他们那里，有和我们一样的星之力?!\\n<unk7/>""]"
local_conflict_review,script:4_141,script:4_141:diag2,frontend/public/games/p2is/groups/script_4_141.json,"
<SURNAME/>なーんか5体ってとこガ引っかかるのよね…
<SURNAME/>みんな、気をつけて!!
<unk7/>","
<SURNAME/>总觉得5体有点在意呢…
<SURNAME/>大家，注意!!
<unk7/>","[""\\n<SURNAME/>总觉得这五头有点令人在意呢…\\n<SURNAME/>大家，注意!!\\n<unk7/>""]","[""\\n<SURNAME/>总觉得这五头有点令人在意呢…\\n<SURNAME/>大家，注意!!\\n<unk7/>""]"
local_conflict_review,script:4_141,script:4_141:diag3,frontend/public/games/p2is/groups/script_4_141.json,"
<SURNAME/>ということは…
<SURNAME/>ひょっとして…<SURNAME/>ヤッバ〜!!
<SURNAME/>5体にしたままだと、大ピンチよ!!
<unk7/>","
<SURNAME/>也就是说…
<SURNAME/>或许…<SURNAME/>糟了〜!!
<SURNAME/>如果还是5体，就大危机了!!
<unk7/>","[""\\n<SURNAME/>也就是说…\\n<SURNAME/>或许…<SURNAME/>糟了〜!!\\n<SURNAME/>要是把它们放任不管的话，就有大危机了!!\\n<unk7/>""]","[""\\n<SURNAME/>也就是说…\\n<SURNAME/>或许…<SURNAME/>糟了〜!!\\n<SURNAME/>要是把它们放任不管的话，就有大危机了!!\\n<unk7/>""]"
local_conflict_review,script:4_144,script:4_144:diag0,frontend/public/games/p2is/groups/script_4_144.json,"
<SURNAME/>その答えガ知りたくば、私を倒すことだ。だガ…
<SURNAME/>真の聖槍と、運命を嘲笑うニャルラト木テプの力、
<SURNAME/>伊達ではないぞ…
<unk7/>","
<SURNAME/>若想知晓答案，便来打倒我。不过…
<SURNAME/>真正的圣枪与嘲弄命运的奈亚拉托提普之力，
<SURNAME/>绝非虚张声势…
<unk7/>","[""<SURNAME/>若想知道那个答案，就来打倒我。不过… <SURNAME/>真正的圣枪以及嘲弄命运的奈亚拉托提普之力， <SURNAME/>可不是浪得虚名的… <unk7/>""]","[""<SURNAME/>若想知道那个答案，就来打倒我。不过… <SURNAME/>真正的圣枪以及嘲弄命运的奈亚拉托提普之力， <SURNAME/>可不是浪得虚名的… <unk7/>""]"
local_conflict_review,script:4_144,script:4_144:diag1,frontend/public/games/p2is/groups/script_4_144.json,"
<SURNAME/>言われなくてもそうするわ!!
<SURNAME/>行くわよ、みんな!!
<unk7/>","
<SURNAME/>不用你说也会这么做!!
<SURNAME/>上了，各位!!
<unk7/>","[""<SURNAME/>不用你说我们也会这么做!! <SURNAME/>上吧，大家!! <unk7/>""]","[""<SURNAME/>不用你说我们也会这么做!! <SURNAME/>上吧，大家!! <unk7/>""]"
local_conflict_review,script:4_147,script:4_147:diag0,frontend/public/games/p2is/groups/script_4_147.json,"
<SURNAME/>よかろう…父の務めとして最後に少し遊んでやる。
<SURNAME/>お前達の持てる全てで、
<SURNAME/>未来とやらを掴んで見せろ!
<unk7/>","
<SURNAME/>好吧…作为父亲最后的职责，陪你们玩玩。
<SURNAME/>用你们拥有的一切，
<SURNAME/>去抓住所谓的未来吧!
<unk7/>","[""\\n<SURNAME/>也罢…作为父亲该尽的本分，就陪你们玩玩吧。\\n<SURNAME/>用你们所拥有的一切，\\n<SURNAME/>去抓住所谓的未来吧!\\n<unk7/>""]","[""\\n<SURNAME/>也罢…作为父亲该尽的本分，就陪你们玩玩吧。\\n<SURNAME/>用你们所拥有的一切，\\n<SURNAME/>去抓住所谓的未来吧!\\n<unk7/>""]"
local_conflict_review,script:4_147,script:4_147:diag1,frontend/public/games/p2is/groups/script_4_147.json,"
<SURNAME/>僕らの未来は、自分で決める!!
<unk7/>","
<SURNAME/>我们的未来，自己决定!!
<unk7/>","[""\\n<SURNAME/>我们的未来，我们自己决定!!\\n<unk7/>""]","[""\\n<SURNAME/>我们的未来，我们自己决定!!\\n<unk7/>""]"
local_conflict_review,script:4_15,script:4_15:diag0,frontend/public/games/p2is/groups/script_4_15.json,"
<SURNAME/>俺の死神で、まとめてぶっ殺してやる!!
<unk7/>","
<SURNAME/>用我的死神，把你们全宰了!!
<unk7/>","[""\\n<SURNAME/>用我的死神，把你们全杀了!!\\n<unk7/>""]","[""\\n<SURNAME/>用我的死神，把你们全杀了!!\\n<unk7/>""]"
local_conflict_review,script:4_150,script:4_150:diag0,frontend/public/games/p2is/groups/script_4_150.json,"
<SURNAME/>これほどまでとはな…
<SURNAME/>お前達ガ育んだ力、しかと見届けた。
<SURNAME/>よくやった。
<unk7/>","
<SURNAME/>竟能到如此地步…
<SURNAME/>你们培育的力量，我已亲眼见证。
<SURNAME/>干得漂亮。
<unk7/>","[""\\n<SURNAME/>真没想到、竟能到如此地步…\\n<SURNAME/>你们孕育出的力量，我确实见证到了。\\n<SURNAME/>干得漂亮。\\n<unk7/>\n""]","[""\\n<SURNAME/>真没想到、竟能到如此地步…\\n<SURNAME/>你们孕育出的力量，我确实见证到了。\\n<SURNAME/>干得漂亮。\\n<unk7/>\n""]"
local_conflict_review,script:4_18,script:4_18:diag1,frontend/public/games/p2is/groups/script_4_18.json,"
<SURNAME/>てんめぇ…
<SURNAME/>その腐った根性、叩き直してやるぜ!!
<unk7/>","
<SURNAME/>你这家伙…
<SURNAME/>那腐烂的根性，老子给你矫正!!
<unk7/>","[""\\n<SURNAME/>你这家伙…\\n<SURNAME/>那腐烂的性子，我来给你纠正!!\\n<unk7/>""]","[""\\n<SURNAME/>你这家伙…\\n<SURNAME/>那腐烂的性子，我来给你纠正!!\\n<unk7/>""]"
local_conflict_review,script:4_21,script:4_21:diag0,frontend/public/games/p2is/groups/script_4_21.json,"
<SURNAME/>リサ君、
<SURNAME/>今まで私になびかなかった女性は君だけだ…
<SURNAME/>いいだろう。力ずくというのも嫌いじゃない。
<unk7/>","
<SURNAME/>丽莎君、
<SURNAME/>至今不屈服于我的女性只有你…
<SURNAME/>好吧。用强的手段我也不讨厌。
<unk7/>","[""\\n<SURNAME/>丽莎君、\\n<SURNAME/>至今不屈服于我的女性只有你…\\n<SURNAME/>好吧。我倒也不讨厌用强硬的手段。\\n<unk7/>""]","[""\\n<SURNAME/>丽莎君、\\n<SURNAME/>至今不屈服于我的女性只有你…\\n<SURNAME/>好吧。我倒也不讨厌用强硬的手段。\\n<unk7/>""]"
local_conflict_review,script:4_24,script:4_24:diag1,frontend/public/games/p2is/groups/script_4_24.json,"
<SURNAME/>よくもアタシらの妹分を可愛ガってくれたね…
<SURNAME/>きっちり、オトシマエつけてもらうよ!!
<unk7/>","
<SURNAME/>竟敢欺负我们的妹妹…
<SURNAME/>好好给你点颜色看看!!
<unk7/>","[""\\n<SURNAME/>竟敢欺负我们可爱的妹妹…\\n<SURNAME/>得好好给你一点颜色看看!!\\n<unk7/>""]","[""\\n<SURNAME/>竟敢欺负我们可爱的妹妹…\\n<SURNAME/>得好好给你一点颜色看看!!\\n<unk7/>""]"
local_conflict_review,script:4_24,script:4_24:diag3,frontend/public/games/p2is/groups/script_4_24.json,"
<SURNAME/>チャ〜オ、リサ!!
<SURNAME/>無事!?
<unk7/>","
<SURNAME/>Ciao，丽莎!!
<SURNAME/>没事吧!?
<unk7/>","[""\\n<SURNAME/>Ciao〜，丽莎!!\\n<SURNAME/>没事吧!?\\n<unk7/>""]","[""\\n<SURNAME/>Ciao〜，丽莎!!\\n<SURNAME/>没事吧!?\\n<unk7/>""]"
local_conflict_review,script:4_27,script:4_27:diag2,frontend/public/games/p2is/groups/script_4_27.json,"
<SURNAME/>なんだ、出番無しかい?
<SURNAME/>情けない奴だねぇ。
<unk7/>","
<SURNAME/>怎么，没轮到你出场？
<SURNAME/>真是没用的家伙呢～
<unk7/>","[""\\n<SURNAME/>怎么，没轮到你出场？\\n<SURNAME/>真是个没用的家伙呢～\\n<unk7/>""]","[""\\n<SURNAME/>怎么，没轮到你出场？\\n<SURNAME/>真是个没用的家伙呢～\\n<unk7/>""]"
local_conflict_review,script:4_3,script:4_3:diag1,frontend/public/games/p2is/groups/script_4_3.json,"
<SURNAME/>我はラダマンティス…
<SURNAME/>裁きの太刀にて咎を断つ、冥府の判官なり…
<SURNAME/>いざ、汝ガ敵の罪を裁かん!!
<unk7/>","
<SURNAME/>我乃拉达曼提斯…
<SURNAME/>以审判之刃断罪，冥府的判官…
<SURNAME/>来吧，我将审判汝敌之罪!!
<unk7/>","[""\\n<SURNAME/>我乃拉达曼迪斯…\\n<SURNAME/>以审判之刃断罪，冥府的判官…\\n<SURNAME/>来吧，我将审判汝敌之罪!!\\n<unk7/>""]","[""\\n<SURNAME/>我乃拉达曼迪斯…\\n<SURNAME/>以审判之刃断罪，冥府的判官…\\n<SURNAME/>来吧，我将审判汝敌之罪!!\\n<unk7/>""]"
local_conflict_review,script:4_3,script:4_3:diag3,frontend/public/games/p2is/groups/script_4_3.json,"
<SURNAME/>係咩(ハイメ)…マジ?
<unk7/>","
<SURNAME/>Hi Me…真的？
<unk7/>","[""\\n<SURNAME/>係咩(hai6 me1)…真的吗？\\n<unk7/>""]","[""\\n<SURNAME/>係咩(hai6 me1)…真的吗？\\n<unk7/>""]"
local_conflict_review,script:4_3,script:4_3:diag4,frontend/public/games/p2is/groups/script_4_3.json,"
<SURNAME/>私はエロス…
<SURNAME/>金色の矢持ちて、恋の炎を灯す者…
<SURNAME/>我ガ現身よ、汝ガ力になりましょう…
<unk7/>","
<SURNAME/>我乃厄洛斯…
<SURNAME/>持金色之矢，点燃爱之火焰者…
<SURNAME/>吾之现身，将成为汝之力…
<unk7/>","[""\\n<SURNAME/>我乃爱洛斯…\\n<SURNAME/>持金色之矢，点燃爱之火焰者…\\n<SURNAME/>吾之现身，将成为汝之力…\\n<unk7/>""]","[""\\n<SURNAME/>我乃爱洛斯…\\n<SURNAME/>持金色之矢，点燃爱之火焰者…\\n<SURNAME/>吾之现身，将成为汝之力…\\n<unk7/>""]"
local_conflict_review,script:4_30,script:4_30:diag0,frontend/public/games/p2is/groups/script_4_30.json,"
<SURNAME/>フフ…どうするね?<SURNAME/>リサ君。
<SURNAME/>早く私を倒さねば、
<SURNAME/>大事な友達もろとも焼け死ぬぞ。
<unk7/>","
<SURNAME/>呵呵…怎么办？<SURNAME/>丽莎君。
<SURNAME/>不快点打倒我，
<SURNAME/>重要的朋友也会一起烧死哦。
<unk7/>","[""\\n<SURNAME/>呵呵…怎么办呢？<SURNAME/>丽莎君。\\n<SURNAME/>不快点打倒我的话，\\n<SURNAME/>就会连同你最重要的朋友一起烧死哦。\\n<unk7/>""]","[""\\n<SURNAME/>呵呵…怎么办呢？<SURNAME/>丽莎君。\\n<SURNAME/>不快点打倒我的话，\\n<SURNAME/>就会连同你最重要的朋友一起烧死哦。\\n<unk7/>""]"
local_conflict_review,script:4_30,script:4_30:diag1,frontend/public/games/p2is/groups/script_4_30.json,"
<SURNAME/>あさっちもみーぽも、ちゃんと守ってみせる!!
<SURNAME/>あんたをブッとばしてね!!
<unk7/>","
<SURNAME/>阿达和米波，我都会保护好!!
<SURNAME/>把你轰飞!!
<unk7/>","[""\\n<SURNAME/>麻美和未步，我都会保护好!!\\n<SURNAME/>看我把你狠狠揍飞!!\\n<unk7/>""]","[""\\n<SURNAME/>麻美和未步，我都会保护好!!\\n<SURNAME/>看我把你狠狠揍飞!!\\n<unk7/>""]"
local_conflict_review,script:4_36,script:4_36:diag0,frontend/public/games/p2is/groups/script_4_36.json,"
<SURNAME/>どうやら、きついお仕置きガ必要みたいね…
<unk7/>","
<SURNAME/>看来，需要严厉的惩罚呢…
<unk7/>","[""\\n<SURNAME/>看来，需要严厉的惩罚才行呢…\\n<unk7/>""]","[""\\n<SURNAME/>看来，需要严厉的惩罚才行呢…\\n<unk7/>""]"
local_conflict_review,script:4_36,script:4_36:diag1,frontend/public/games/p2is/groups/script_4_36.json,"
<SURNAME/>ちょめちょめタ〜イム!! 
<unk7/>","
<SURNAME/>ちょめちょめ时间!!
<unk7/>","[""\\n<SURNAME/>捉弄时间到!!\\n<unk7/>""]","[""\\n<SURNAME/>捉弄时间到!!\\n<unk7/>""]"
local_conflict_review,script:4_36,script:4_36:diag2,frontend/public/games/p2is/groups/script_4_36.json,"
<SURNAME/>あー!<SURNAME/>マネするなぁ!
<SURNAME/>あかりガ考えたんだぞお!!
<unk7/>","
<SURNAME/>啊!<SURNAME/>别学我!
<SURNAME/>是明里想出来的!!
<unk7/>","[""\\n<SURNAME/>啊!<SURNAME/>不许学我!\\n<SURNAME/>是可是明里想出来的!!\\n<unk7/>""]","[""\\n<SURNAME/>啊!<SURNAME/>不许学我!\\n<SURNAME/>是可是明里想出来的!!\\n<unk7/>""]"
local_conflict_review,script:4_39,script:4_39:diag0,frontend/public/games/p2is/groups/script_4_39.json,"
<SURNAME/>ヒヤァハァ!!<SURNAME/>だまれ魔女め!!
<SURNAME/>殺してやる!!<SURNAME/>燃やしてやる!!
<SURNAME/>お前らのせいで、この火傷ガ疼くんだぁぁぁ!!
<unk7/>","
<SURNAME/>咿呀哈啊!!<SURNAME/>闭嘴魔女!!
<SURNAME/>杀了你!!<SURNAME/>烧了你!!
<SURNAME/>都怪你们，这烧伤才疼啊啊啊!!
<unk7/>","[""\\n<SURNAME/>咿呀哈啊!!<SURNAME/>闭嘴魔女!!\\n<SURNAME/>杀了你!!<SURNAME/>烧了你!!\\n<SURNAME/>都怪你们，我这烧伤疼得要命啊啊啊!!\\n<unk7/>""]","[""\\n<SURNAME/>咿呀哈啊!!<SURNAME/>闭嘴魔女!!\\n<SURNAME/>杀了你!!<SURNAME/>烧了你!!\\n<SURNAME/>都怪你们，我这烧伤疼得要命啊啊啊!!\\n<unk7/>""]"
local_conflict_review,script:4_39,script:4_39:diag1,frontend/public/games/p2is/groups/script_4_39.json,"
<SURNAME/>私はもう逃げない…
<SURNAME/>逃げるもんですか!!
<unk7/>","
<SURNAME/>我已经不逃了…
<SURNAME/>怎么可能逃!!
<unk7/>","[""\\n<SURNAME/>我已经不会再逃了…\\n<SURNAME/>我怎么可能逃!!\\n<unk7/>""]","[""\\n<SURNAME/>我已经不会再逃了…\\n<SURNAME/>我怎么可能逃!!\\n<unk7/>""]"
local_conflict_review,script:4_45,script:4_45:diag0,frontend/public/games/p2is/groups/script_4_45.json,"
<SURNAME/>少し予定ガ狂ったけど、
<SURNAME/>お前ごと皆殺しにすれば済むことよ。天野<SURNAME/>舞耶…
<SURNAME/>そこのボウヤはおしいけれどね。
<unk7/>","
<SURNAME/>虽然计划有点乱，
<SURNAME/>但把你们全杀光就解决了。天野<SURNAME/>舞耶…
<SURNAME/>那边的男孩倒是可惜了。
<unk7/>","[""\\n<SURNAME/>虽然计划有点乱，\\n<SURNAME/>但把你们全杀光就能解决了。天野<SURNAME/>舞耶…\\n<SURNAME/>那边的男孩倒是可惜了。\\n<unk7/>""]","[""\\n<SURNAME/>虽然计划有点乱，\\n<SURNAME/>但把你们全杀光就能解决了。天野<SURNAME/>舞耶…\\n<SURNAME/>那边的男孩倒是可惜了。\\n<unk7/>""]"
local_conflict_review,script:4_45,script:4_45:diag1,frontend/public/games/p2is/groups/script_4_45.json,"
<SURNAME/>さーて、そう簡単に行くかしら?
<SURNAME/>この子たちは私ガ守る。
<SURNAME/>そして、淳クンもね!!
<unk7/>","
<SURNAME/>哼，会那么简单吗？
<SURNAME/>这些孩子由我保护。
<SURNAME/>还有，淳君也是!!
<unk7/>","[""\\n<SURNAME/>哼，你以为会那么简单吗？\\n<SURNAME/>这些孩子由我来保护。\\n<SURNAME/>还有，淳君也是!!\\n<unk7/>""]","[""\\n<SURNAME/>哼，你以为会那么简单吗？\\n<SURNAME/>这些孩子由我来保护。\\n<SURNAME/>还有，淳君也是!!\\n<unk7/>""]"
local_conflict_review,script:4_51,script:4_51:diag1,frontend/public/games/p2is/groups/script_4_51.json,"
<SURNAME/>てめぇら!!<SURNAME/>今日の姐さんは、一味違うぜ!!
<unk7/>","
<SURNAME/>你们这些家伙!!<SURNAME/>今天的老姐可大不相同了!!
<unk7/>","[""\\n<SURNAME/>你们这些家伙!!<SURNAME/>今天的大姐头可大不相同了哦!!\\n<unk7/>""]","[""\\n<SURNAME/>你们这些家伙!!<SURNAME/>今天的大姐头可大不相同了哦!!\\n<unk7/>""]"
local_conflict_review,script:4_57,script:4_57:diag0,frontend/public/games/p2is/groups/script_4_57.json,"
<SURNAME/>ヌッフッヒ〜!!
<SURNAME/>1人で私と闘う気か、小僧!?
<SURNAME/>その蛮勇だけは褒めてやるぞ、小僧!!
<unk7/>","
<SURNAME/>哼哈哈～!!
<SURNAME/>想一个人挑战我吗，小子!?
<SURNAME/>就凭这份蛮勇，我倒是要表扬你，小子!!
<unk7/>","[""\\n<SURNAME/>哼哈哈～!!\\n<SURNAME/>想一个人挑战我吗，小子!?\\n<SURNAME/>就凭这份蛮勇，我倒是要表扬一下你，小子!!\\n<unk7/>""]","[""\\n<SURNAME/>哼哈哈～!!\\n<SURNAME/>想一个人挑战我吗，小子!?\\n<SURNAME/>就凭这份蛮勇，我倒是要表扬一下你，小子!!\\n<unk7/>""]"
local_conflict_review,script:4_6,script:4_6:diag0,frontend/public/games/p2is/groups/script_4_6.json,"
<SURNAME/>冥土の土産に、面白いものを見せてやろう。
<SURNAME/>ペルソナとも違う、本物の「悪魔」を!
","
<SURNAME/>作为黄泉的礼物，让你看点有趣的东西。
<SURNAME/>与Persona不同的，真正的「恶魔」!
","[""\\n<SURNAME/>作为黄泉的礼物，让你看点有趣的东西。\\n<SURNAME/>与Persona不同的，真正的“恶魔”!\\n""]","[""\\n<SURNAME/>作为黄泉的礼物，让你看点有趣的东西。\\n<SURNAME/>与Persona不同的，真正的“恶魔”!\\n""]"
local_conflict_review,script:4_6,script:4_6:diag3,frontend/public/games/p2is/groups/script_4_6.json,"
<SURNAME/>煩哪…!!(ファーンナ)
<SURNAME/>このまま、わけもわからず殺されるなんて、
<SURNAME/>絶対ヤダ!!
","
<SURNAME/>烦死了…!!
<SURNAME/>就这样不明不白被杀掉，
<SURNAME/>绝对不要!!
","[""\\n<SURNAME/> 煩哪…!!(faan4 naa5)\\n<SURNAME/>就这样不明不白被杀掉，\\n<SURNAME/>我绝对不要!!\\n""]","[""\\n<SURNAME/> 煩哪…!!(faan4 naa5)\\n<SURNAME/>就这样不明不白被杀掉，\\n<SURNAME/>我绝对不要!!\\n""]"
local_conflict_review,script:4_6,script:4_6:diag4,frontend/public/games/p2is/groups/script_4_6.json,"
<SURNAME/>お前ら…俺に力を貸せ!!
<SURNAME/>三人で一緒にかかりゃ、
<SURNAME/>なんとかなるかもしれねぇ!!
","
<SURNAME/>你们…给老子帮忙!!
<SURNAME/>三人一起上，
<SURNAME/>说不定能搞定!!
","[""\\n<SURNAME/>你们…帮帮我忙!!\\n<SURNAME/>三人一起上，\\n<SURNAME/>说不定能搞定!!\\n""]","[""\\n<SURNAME/>你们…帮帮我忙!!\\n<SURNAME/>三人一起上，\\n<SURNAME/>说不定能搞定!!\\n""]"
local_conflict_review,script:4_6,script:4_6:diag6,frontend/public/games/p2is/groups/script_4_6.json,"
<SURNAME/>三科<SURNAME/>栄吉、リサ<SURNAME/>シルバーマン、
<SURNAME/>そして…夢寧う者よ…
<SURNAME/>死ぬ時だ!<SURNAME/>運命の車輪からは逃ガれられん!!
<unk7/>","
<SURNAME/>三科<SURNAME/>荣吉、丽莎<SURNAME/>希尔瓦曼、
<SURNAME/>还有…梦寐以求者啊…
<SURNAME/>是时候死了!<SURNAME/>你逃不出命运的车轮!!
<unk7/>","[""\\n<SURNAME/>三科<SURNAME/>荣吉、丽莎<SURNAME/>希尔巴曼、\\n<SURNAME/>还有…梦寐以求者啊…\\n<SURNAME/>是时候死了!<SURNAME/>你们逃不出命运的车轮!!\\n<unk7/>""]","[""\\n<SURNAME/>三科<SURNAME/>荣吉、丽莎<SURNAME/>希尔巴曼、\\n<SURNAME/>还有…梦寐以求者啊…\\n<SURNAME/>是时候死了!<SURNAME/>你们逃不出命运的车轮!!\\n<unk7/>""]"
local_conflict_review,script:4_60,script:4_60:diag0,frontend/public/games/p2is/groups/script_4_60.json,"
<SURNAME/>女!!
<SURNAME/>よもや、2対1で十分と思ってはいまいな?
<unk7/>","
<SURNAME/>女人!!
<SURNAME/>该不会以为二对一就够了吧?
<unk7/>","[""\\n<SURNAME/>女人!!\\n<SURNAME/>该不会以为二打一就够了吧?\\n<unk7/>""]","[""\\n<SURNAME/>女人!!\\n<SURNAME/>该不会以为二打一就够了吧?\\n<unk7/>""]"
local_conflict_review,script:4_63,script:4_63:diag1,frontend/public/games/p2is/groups/script_4_63.json,"
<SURNAME/>この美しいミッシェル様に向かって、
<SURNAME/>子ザルだぁあ?
<SURNAME/>ガラクタにしてやる!!
<unk7/>","
<SURNAME/>敢叫老子这帅气的米切大人<SURNAME/>小猴子？
<SURNAME/>把你变成废铁!!
<unk7/>","[""\\n<SURNAME/>敢叫老子这帅气的米切大人<SURNAME/>小猴子？\\n<SURNAME/>看我把你打成废铁!!\\n<unk7/>""]","[""\\n<SURNAME/>敢叫老子这帅气的米切大人<SURNAME/>小猴子？\\n<SURNAME/>看我把你打成废铁!!\\n<unk7/>""]"
local_conflict_review,script:4_63,script:4_63:diag2,frontend/public/games/p2is/groups/script_4_63.json,"
<SURNAME/>威勢のいい子ザルよ…
<SURNAME/>ペルソナを封じる聖槍の力、
<SURNAME/>とくと見せてくれるわ!
<unk7/>","
<SURNAME/>嚣张的小猴子啊…
<SURNAME/>这封印Persona的圣枪之力，
<SURNAME/>就让你好好见识吧!
<unk7/>","[""\\n<SURNAME/>嚣张的小猴子啊…\\n<SURNAME/>这封印Persona的圣枪之力，\\n<SURNAME/>就让你好好见识一下吧!\\n<unk7/>""]","[""\\n<SURNAME/>嚣张的小猴子啊…\\n<SURNAME/>这封印Persona的圣枪之力，\\n<SURNAME/>就让你好好见识一下吧!\\n<unk7/>""]"
local_conflict_review,script:4_66,script:4_66:diag0,frontend/public/games/p2is/groups/script_4_66.json,"
<SURNAME/>娘とはいえ、容赦はせん。
<SURNAME/>それガ戦場の掟だ!!
<unk7/>","
<SURNAME/>虽是女人，但不会手下留情。
<SURNAME/>这就是战场的规矩!!
<unk7/>","[""\\n<SURNAME/>虽是女人，但我可不会手下留情。\\n<SURNAME/>这就是战场的规矩!!\\n<unk7/>""]","[""\\n<SURNAME/>虽是女人，但我可不会手下留情。\\n<SURNAME/>这就是战场的规矩!!\\n<unk7/>""]"
local_conflict_review,script:4_66,script:4_66:diag1,frontend/public/games/p2is/groups/script_4_66.json,"
<SURNAME/>気をつけて情人(チンヤン)!!
<SURNAME/>あの槍、なんかあるよ!!
<unk7/>","
<SURNAME/>小心点情人!!
<SURNAME/>那把枪，肯定有古怪!!
<unk7/>","[""\\n<SURNAME/>小心点情人(cing4 jan4)!!\\n<SURNAME/>那把枪，肯定有古怪!!\\n<unk7/>""]","[""\\n<SURNAME/>小心点情人(cing4 jan4)!!\\n<SURNAME/>那把枪，肯定有古怪!!\\n<unk7/>""]"
local_conflict_review,script:4_72,script:4_72:diag0,frontend/public/games/p2is/groups/script_4_72.json,"
<SURNAME/>ふん、星を掴むなど笑止千万!!
<SURNAME/>地を這う虫は、土に返るのガ道理よ!!
<unk7/>","
<SURNAME/>哼，想摘星星真是可笑至极!!
<SURNAME/>在地上爬的虫子，就该回归尘土!!
<unk7/>","[""\n\\n<SURNAME/>哼，想摘星星这种事真是可笑至极!!\\n<SURNAME/>在地上爬的虫子，就该回归尘土!!\\n<unk7/>""]","[""\n\\n<SURNAME/>哼，想摘星星这种事真是可笑至极!!\\n<SURNAME/>在地上爬的虫子，就该回归尘土!!\\n<unk7/>""]"
local_conflict_review,script:4_72,script:4_72:diag1,frontend/public/games/p2is/groups/script_4_72.json,"
<SURNAME/>こいつら…
<SURNAME/>どうして藤井さんのこと知ってるの!?
<unk7/>","
<SURNAME/>这些家伙…
<SURNAME/>为什么知道藤井先生的事!?
<unk7/>","[""\\n<SURNAME/>这些家伙…\\n<SURNAME/>为什么会知道藤井先生的事!?\\n<unk7/>""]","[""\\n<SURNAME/>这些家伙…\\n<SURNAME/>为什么会知道藤井先生的事!?\\n<unk7/>""]"
local_conflict_review,script:4_81,script:4_81:diag3,frontend/public/games/p2is/groups/script_4_81.json,"
<SURNAME/>もう助けられないの!?
<SURNAME/>ねぇ、情人(チンヤン)!
<unk7/>","
<SURNAME/>已经救不了他了吗!?
<SURNAME/>喂，情人!
<unk7/>","[""\\n<SURNAME/>已经救不了他了吗!?\\n<SURNAME/>喂，情人(cing4 jan4)!\\n<unk7/>""]","[""\\n<SURNAME/>已经救不了他了吗!?\\n<SURNAME/>喂，情人(cing4 jan4)!\\n<unk7/>""]"
local_conflict_review,script:4_87,script:4_87:diag2,frontend/public/games/p2is/groups/script_4_87.json,"
<SURNAME/>なんとかならねぇのか!!<SURNAME/>オイ!?
<unk7/>","
<SURNAME/>难道没办法吗!!<SURNAME/>喂!?
<unk7/>","[""\\n<SURNAME/>难道没办法了吗!!<SURNAME/>喂!?\\n<unk7/>""]","[""\\n<SURNAME/>难道没办法了吗!!<SURNAME/>喂!?\\n<unk7/>""]"
local_conflict_review,script:4_87,script:4_87:diag3,frontend/public/games/p2is/groups/script_4_87.json,"
<SURNAME/>淳クン、お願いよ…
<SURNAME/>もうやめてぇ…
<unk7/>","
<SURNAME/>阿淳、求你了…
<SURNAME/>快停下吧…
<unk7/>","[""\\n<SURNAME/>淳君、求你了…\\n<SURNAME/>快停下吧…\\n<unk7/>""]","[""\\n<SURNAME/>淳君、求你了…\\n<SURNAME/>快停下吧…\\n<unk7/>""]"
local_conflict_review,script:4_99,script:4_99:diag0,frontend/public/games/p2is/groups/script_4_99.json,"
<SURNAME/>哎呀(アイヤー)、なにそのペルソナ〜?
<SURNAME/>そんなんで、わたしに勝てると思ってんの?
<SURNAME/>これなら、楽にわたしガお前になれそうね!!
<unk7/>","
<SURNAME/>哎呀、那Persona是什么呀～?
<SURNAME/>凭那，就想赢我吗?
<SURNAME/>这样，我轻松就能变成你啦!!
<unk7/>","[""\\n<SURNAME/>哎呀(ai1 jaa3)、那Persona是什么呀～?\\n<SURNAME/>凭那，就想赢我吗?\\n<SURNAME/>这样，我轻松就能取代你啦!!\\n<unk7/>""]","[""\\n<SURNAME/>哎呀(ai1 jaa3)、那Persona是什么呀～?\\n<SURNAME/>凭那，就想赢我吗?\\n<SURNAME/>这样，我轻松就能取代你啦!!\\n<unk7/>""]"
local_conflict_review,script:4_99,script:4_99:diag2,frontend/public/games/p2is/groups/script_4_99.json,"
<SURNAME/>ムカつくくらい感じるよ、
<SURNAME/>お前ともう1人のお前を!
<SURNAME/>お前は邪魔だ。だから!!
<unk7/>","
<SURNAME/>烦死了，能感觉到、
<SURNAME/>你和另一个你!
<SURNAME/>你碍事。所以!!
<unk7/>","[""\\n<SURNAME/>烦死了，能感觉到、\\n<SURNAME/>你和另一个你!\\n<SURNAME/>你真碍事。所以!!\\n<unk7/>""]","[""\\n<SURNAME/>烦死了，能感觉到、\\n<SURNAME/>你和另一个你!\\n<SURNAME/>你真碍事。所以!!\\n<unk7/>""]"
local_conflict_review,script:505_8,script:505_8:diag18,frontend/public/games/p2is/groups/script_505_8.json,"
<SURNAME/>係咩!?(ハイメ)マジ!?
<SURNAME/>あのパンツ番長ガ、
<SURNAME/>てんで親父さんに頭あガんないの!?",\n<SURNAME/>係咩!?(haime)，真的!?\n<SURNAME/>那个内裤番长，\n<SURNAME/>居然在老爸面前抬不起头!?,"[""<SURNAME/>係咩！？真的假的！？ <SURNAME/>那个内裤番长， <SURNAME/>居然完全搞不定老爸！？""]","[""<SURNAME/>係咩！？真的假的！？ <SURNAME/>那个内裤番长， <SURNAME/>居然完全搞不定老爸！？""]"
local_conflict_review,script:505_8,script:505_8:diag19,frontend/public/games/p2is/groups/script_505_8.json,"
<SURNAME/>ぷっ!!<SURNAME/>アハハハハハハ!!<pause:30/>
<SURNAME/>有意志!!(ヤウイーシ)おかしー!!<pause:30/>
<SURNAME/>仮装の練習〜?<SURNAME/>いつもそのカッコのくせに!",\n<SURNAME/>噗!!<SURNAME/>啊哈哈哈!!<pause:30/>\n<SURNAME/>有意思!!(jau5 ji3 si1)，好好笑!!<pause:30/>\n<SURNAME/>还说什么化妆练习〜?<SURNAME/>明明平时就总穿成那样!,"[""<SURNAME/>噗!!<SURNAME/>啊哈哈哈!!<pause:30/> <SURNAME/>有意志!!笑死!!<pause:30/> <SURNAME/>练变装啊〜？<SURNAME/>明明天天这副打扮!""]","[""<SURNAME/>噗!!<SURNAME/>啊哈哈哈!!<pause:30/> <SURNAME/>有意志!!笑死!!<pause:30/> <SURNAME/>练变装啊〜？<SURNAME/>明明天天这副打扮!""]"
local_conflict_review,script:505_8,script:505_8:diag20,frontend/public/games/p2is/groups/script_505_8.json,"
<SURNAME/>係咩!?(ハイメ)マジ!?
<SURNAME/>あのパンツ番長ガ、
<SURNAME/>てんで親父さんに頭あガんないの!?",\n<SURNAME/>係咩!?(haime)，真的!?\n<SURNAME/>那个内裤番长，\n<SURNAME/>居然在老爸面前抬不起头!?,"[""<SURNAME/>係咩！？真的假的！？ <SURNAME/>那个内裤番长， <SURNAME/>居然完全搞不定老爸！？""]","[""<SURNAME/>係咩！？真的假的！？ <SURNAME/>那个内裤番长， <SURNAME/>居然完全搞不定老爸！？""]"
local_conflict_review,script:505_8,script:505_8:diag21,frontend/public/games/p2is/groups/script_505_8.json,"
<SURNAME/>ぷっ!!<SURNAME/>アハハハハハハ!!<pause:30/>
<SURNAME/>有意志!!(ヤウイーシ)おかしー!!<pause:30/>
<SURNAME/>仮装の練習〜?<SURNAME/>いつもそのカッコのくせに!",\n<SURNAME/>噗!!<SURNAME/>啊哈哈哈!!<pause:30/>\n<SURNAME/>有意思!!(jau5 ji3 si1)，好好笑!!<pause:30/>\n<SURNAME/>还说什么化妆练习〜?<SURNAME/>明明平时就总穿成那样!,"[""<SURNAME/>噗!!<SURNAME/>啊哈哈哈!!<pause:30/> <SURNAME/>有意志!!笑死!!<pause:30/> <SURNAME/>练变装啊〜？<SURNAME/>明明天天这副打扮!""]","[""<SURNAME/>噗!!<SURNAME/>啊哈哈哈!!<pause:30/> <SURNAME/>有意志!!笑死!!<pause:30/> <SURNAME/>练变装啊〜？<SURNAME/>明明天天这副打扮!""]"
local_conflict_review,script:513_8,script:513_8:diag79,frontend/public/games/p2is/groups/script_513_8.json,"
<SURNAME/>君聞いた?<SURNAME/>連続テロの犯人ガラスト・バタリオン
<SURNAME/>らしいって噂。木ントにいるのか、半信半疑。
<SURNAME/>だけど木ントだったらヤバイよね。","
<SURNAME/>你听说了吗？<SURNAME/>连续恐怖袭击的犯人是最后营队
<SURNAME/>的传闻。他们在金特吗，半信半疑。
<SURNAME/>但如果是在金特就糟了。","[""\\n<SURNAME/>你听说了吗？<SURNAME/>连续恐怖袭击的犯人是最后营队\\n<SURNAME/>的传闻。真的存在吗，半信半疑。\\n<SURNAME/>如果是真的就麻烦了。""]","[""\\n<SURNAME/>你听说了吗？<SURNAME/>连续恐怖袭击的犯人是最后营队\\n<SURNAME/>的传闻。真的存在吗，半信半疑。\\n<SURNAME/>如果是真的就麻烦了。""]"
local_conflict_review,script:513_8,script:513_8:diag81,frontend/public/games/p2is/groups/script_513_8.json,"
<SURNAME/><c14/>聞いた?<SURNAME/>連続テロの犯人ガ
<SURNAME/>ラスト・バタリオンらしいって噂。<pause:10/>
<SURNAME/>木ントだったらヤバイよね。","
<SURNAME/><c14/>听说了吗？<SURNAME/>连续恐怖袭击的犯人是
<SURNAME/>最后营队的传闻。<pause:10/>
<SURNAME/>如果在金特就糟了。","[""\\n<SURNAME/><c14/>听说了吗？<SURNAME/>连续恐怖袭击的犯人是\\n<SURNAME/>最后营队的传闻。<pause:10/>\\n<SURNAME/>是真的就麻烦了。""]","[""\\n<SURNAME/><c14/>听说了吗？<SURNAME/>连续恐怖袭击的犯人是\\n<SURNAME/>最后营队的传闻。<pause:10/>\\n<SURNAME/>是真的就麻烦了。""]"
local_conflict_review,script:513_8,script:513_8:diag83,frontend/public/games/p2is/groups/script_513_8.json,"
<SURNAME/>見た見た?<SURNAME/>イン・ラケチ。凄い本だよね木ント。
<SURNAME/>ボクはあれ信じちゃうよ、夢ガあるし。
<SURNAME/><c14/>もそうだろ?","
<SURNAME/>看了吗看了吗？<SURNAME/>因·拉凯奇。是本了不起的书吧金特。
<SURNAME/>我相信那个，因为有梦想。
<SURNAME/><c14/>你也这么想吧？","[""\\n<SURNAME/>看了吗看了吗？<SURNAME/>因·拉凯奇。真是本精彩的书啊。\\n<SURNAME/>我相信那个，因为有梦想。\\n<SURNAME/><c14/>你也这么想吧？""]","[""\\n<SURNAME/>看了吗看了吗？<SURNAME/>因·拉凯奇。真是本精彩的书啊。\\n<SURNAME/>我相信那个，因为有梦想。\\n<SURNAME/><c14/>你也这么想吧？""]"
local_conflict_review,script:513_8,script:513_8:diag84,frontend/public/games/p2is/groups/script_513_8.json,"
<SURNAME/>きっとイン・ラケチは木ントだよ。
<SURNAME/>連続テロの犯人はラスト・バタリオンなんでしょ?
<SURNAME/>奴らアアしてシバルバーを探してたんだよ。","
<SURNAME/>肯定因·拉凯奇是金特。
<SURNAME/>连续恐怖袭击的犯人是最后营队对吧？
<SURNAME/>他们那样做是在找希巴尔巴。","[""\\n<SURNAME/>想必因·拉凯奇是真的吧。\\n<SURNAME/>连续恐怖袭击的犯人是最后营队对吧？\\n<SURNAME/>他们那样做是在找希巴尔巴。""]","[""\\n<SURNAME/>想必因·拉凯奇是真的吧。\\n<SURNAME/>连续恐怖袭击的犯人是最后营队对吧？\\n<SURNAME/>他们那样做是在找希巴尔巴。""]"
local_conflict_review,script:513_8,script:513_8:diag86,frontend/public/games/p2is/groups/script_513_8.json,"
<SURNAME/>だけど、ラスト・バタリオンガ出てきたって事は
<SURNAME/>やっぱりシバルバーは木ントにあるんだネ。
<SURNAME/>ああ…進化するまで死にたくないヨ!","
<SURNAME/>但是，最后营队出现了，
<SURNAME/>果然希巴尔巴就在金特吧。
<SURNAME/>啊…在进化前不想死啊！","[""\\n<SURNAME/>但是，最后营队出现了，\\n<SURNAME/>果然希巴尔巴真的存在吧。\\n<SURNAME/>啊…在进化前不想死啊！""]","[""\\n<SURNAME/>但是，最后营队出现了，\\n<SURNAME/>果然希巴尔巴真的存在吧。\\n<SURNAME/>啊…在进化前不想死啊！""]"
local_conflict_review,script:525_8,script:525_8:diag39,frontend/public/games/p2is/groups/script_525_8.json,"
<SURNAME/>う〜ん、スラッとした若い男の子で、<pause:30/>
<SURNAME/>年齢は君達ぐらいかな。妙に整った顔立ちで、
<SURNAME/>一瞬、女の子かと思ったよ。","
<SURNAME/>嗯～，是个高挑的年轻男孩，<pause:30/>
<SURNAME/>年龄和你们差不多吧。相貌异常端正，
<SURNAME/>一瞬间还以为是个女孩呢。","[""\\n<SURNAME/>嗯～，是个清瘦的年轻男孩，<pause:30/>\\n<SURNAME/>年龄和你们差不多吧。相貌异常端正，\\n<SURNAME/>一瞬间还以为是个女孩呢。""]","[""\\n<SURNAME/>嗯～，是个清瘦的年轻男孩，<pause:30/>\\n<SURNAME/>年龄和你们差不多吧。相貌异常端正，\\n<SURNAME/>一瞬间还以为是个女孩呢。""]"
local_conflict_review,script:530_8,script:530_8:diag1,frontend/public/games/p2is/groups/script_530_8.json,"
<SURNAME/>タクセンだのマイヤだの…どう考えても、
<SURNAME/>あのキングはアブノーマルなクレイジーさ。
<SURNAME/>世に言う電波糸なんだね、きっと。","
<SURNAME/>达哉啊舞耶啊…怎么想，
<SURNAME/>那个King都是异常的疯狂。
<SURNAME/>肯定是世人说的电波糸吧。","[""\\n<SURNAME/>神谕啊玛雅啊…怎么想，\\n<SURNAME/>那个King都是异常的疯狂。\\n<SURNAME/>肯定是世人说的电波系吧。""]","[""\\n<SURNAME/>神谕啊玛雅啊…怎么想，\\n<SURNAME/>那个King都是异常的疯狂。\\n<SURNAME/>肯定是世人说的电波系吧。""]"
local_conflict_review,script:548_8,script:548_8:diag1,frontend/public/games/p2is/groups/script_548_8.json,"
<SURNAME/>お、おい、姐さんどうしたんだ?
<SURNAME/>さっきからモジモジ、クスクス、クネクネと…
<SURNAME/>な、なんか近づきにくいんですけど…","
<SURNAME/>哦，喂，丽莎姐怎么了？
<SURNAME/>从刚才就扭扭捏捏、嘻嘻笑、扭来扭去…
<SURNAME/>有、有点难接近啊…","[""<SURNAME/>哦，喂，雪野姐怎么了？ <SURNAME/>从刚才就扭扭捏捏、嘻嘻笑、扭来扭去… <SURNAME/>有、有点难接近啊…""]","[""<SURNAME/>哦，喂，雪野姐怎么了？ <SURNAME/>从刚才就扭扭捏捏、嘻嘻笑、扭来扭去… <SURNAME/>有、有点难接近啊…""]"
local_conflict_review,script:552_8,script:552_8:diag40,frontend/public/games/p2is/groups/script_552_8.json,"
<SURNAME/>黎子先生はその道では有名な名医なのよ。
<SURNAME/>今の世の中、心の病に苦しんでいる人は沢山いる。
<SURNAME/>先生はそうした人の心を紐解いて回復に導くの。","
<SURNAME/>冴子老师在那方面可是有名的名医哦。
<SURNAME/>当今世上，为心病所苦的人有很多。
<SURNAME/>老师会解开这些人的心结，引导他们康复。","[""<SURNAME/>黎子老师在那方面可是有名的名医哦。 <SURNAME/>当今世上，为心病所苦的人有很多。 <SURNAME/>老师会解开这些人的心结，引导他们康复。""]","[""<SURNAME/>黎子老师在那方面可是有名的名医哦。 <SURNAME/>当今世上，为心病所苦的人有很多。 <SURNAME/>老师会解开这些人的心结，引导他们康复。""]"
local_conflict_review,script:562_8,script:562_8:diag19,frontend/public/games/p2is/groups/script_562_8.json,"
<SURNAME/>噂操作完了!<SURNAME/>後は仕上げをごろうじろ。<pause:15/>
<SURNAME/>あ、ただしのヤツに秘密のメニュー<pause:15/>
<SURNAME/>聞かれないように気をつけてね。","
<SURNAME/>谣言操作完成!<SURNAME/>之后就等收尾了。<pause:15/>
<SURNAME/>啊，小心别让达哉那家伙<pause:15/>
<SURNAME/>问起秘密菜单的事。","[""<SURNAME/>谣言操作完成!<SURNAME/>之后就等收尾了。<pause:15/> <SURNAME/>啊，小心别让里见直那家伙<pause:15/> <SURNAME/>问起秘密菜单的事。""]","[""<SURNAME/>谣言操作完成!<SURNAME/>之后就等收尾了。<pause:15/> <SURNAME/>啊，小心别让里见直那家伙<pause:15/> <SURNAME/>问起秘密菜单的事。""]"
local_conflict_review,script:562_8,script:562_8:diag7,frontend/public/games/p2is/groups/script_562_8.json,"
<SURNAME/>別に、噂を流したわけじゃないけどね。
<SURNAME/>ただしガ言いふらしたんじゃない?","
<SURNAME/>我们可没故意散布谣言哦。
<SURNAME/>是正志君到处乱说的吧?","[""<SURNAME/>我们可没故意散布谣言哦。 <SURNAME/>是里见君到处乱说的吧?""]","[""<SURNAME/>我们可没故意散布谣言哦。 <SURNAME/>是里见君到处乱说的吧?""]"
local_conflict_review,script:563_8,script:563_8:diag10,frontend/public/games/p2is/groups/script_563_8.json,"
<SURNAME/>てめぇは、この店ぇ継ぐって決まってんでい!!
<SURNAME/>それガ、普段からそんなチャラチャラした格好
<SURNAME/>しててみろい!!<SURNAME/>ただじゃあおかねぇぞ!!","
<SURNAME/>你，要继承这家店!!
<SURNAME/>平时穿得这么花哨
<SURNAME/>试试看!!<SURNAME/>不会放过你的!!","[""\\n<SURNAME/>你将来可是要继承这家店的!!\\n<SURNAME/>你有种平时就穿得这么花哨\\n<SURNAME/>试试看!!<SURNAME/>看我收不收拾你!!""]","[""\\n<SURNAME/>你将来可是要继承这家店的!!\\n<SURNAME/>你有种平时就穿得这么花哨\\n<SURNAME/>试试看!!<SURNAME/>看我收不收拾你!!""]"
local_conflict_review,script:563_8,script:563_8:diag11,frontend/public/games/p2is/groups/script_563_8.json,"
<SURNAME/>は、ははは…<pause:30/>
<SURNAME/>や、やだなぁお父さん。<pause:30/>
<SURNAME/>そ、そんなことあるわけないじゃないですか!!","
<SURNAME/>哈、哈哈哈…<pause:30/>
<SURNAME/>别、别这样老爸。<pause:30/>
<SURNAME/>那、那种事不可能有!!","[""\\n<SURNAME/>哈、哈哈哈…<pause:30/>\\n<SURNAME/>别、别这样老爸。<pause:30/>\\n<SURNAME/>我、我不可能做那种事情的!!""]","[""\\n<SURNAME/>哈、哈哈哈…<pause:30/>\\n<SURNAME/>别、别这样老爸。<pause:30/>\\n<SURNAME/>我、我不可能做那种事情的!!""]"
local_conflict_review,script:563_8,script:563_8:diag12,frontend/public/games/p2is/groups/script_563_8.json,"
<SURNAME/>さ、さぁ<c12/>君、
<SURNAME/>とっととズラかる…じゃねぇ、
<SURNAME/>練習に行こうじゃあーりませんかぁ!?","
<SURNAME/>好、好了<c12/>君，
<SURNAME/>赶紧溜…不是，
<SURNAME/>去练习吧!!","[""\\n<SURNAME/>好、好了，<c12/>君，\\n<SURNAME/>我们赶紧溜…不是，\\n<SURNAME/>去练习吧!!""]","[""\\n<SURNAME/>好、好了，<c12/>君，\\n<SURNAME/>我们赶紧溜…不是，\\n<SURNAME/>去练习吧!!""]"
local_conflict_review,script:563_8,script:563_8:diag15,frontend/public/games/p2is/groups/script_563_8.json,"
<SURNAME/>係咩!?(ハイメ)マジ!?
<SURNAME/>あのパンツ番長ガ、
<SURNAME/>てんで親父さんに頭あガんないの!?",\n<SURNAME/>係咩!?(haime)，真的!?\n<SURNAME/>那个内裤番长，\n<SURNAME/>居然在老爸面前抬不起头!?,"[""\\n<SURNAME/>係咩!?(hai me)，真的!?\\n<SURNAME/>那个内裤番长，\\n<SURNAME/>居然在老爸面前抬不起头!?""]","[""\\n<SURNAME/>係咩!?(hai me)，真的!?\\n<SURNAME/>那个内裤番长，\\n<SURNAME/>居然在老爸面前抬不起头!?""]"
local_conflict_review,script:563_8,script:563_8:diag16,frontend/public/games/p2is/groups/script_563_8.json,"
<SURNAME/>ぷっ!!<SURNAME/>アハハハハハハ!!<pause:30/>
<SURNAME/>有意志!!(ヤウイーシ)おかしー!!<pause:30/>
<SURNAME/>仮装の練習〜?<SURNAME/>いつもそのカッコのくせに!",\n<SURNAME/>噗!!<SURNAME/>啊哈哈哈!!<pause:30/>\n<SURNAME/>有意思!!(jau5 ji3 si1)，好好笑!!<pause:30/>\n<SURNAME/>还说什么化妆练习〜?<SURNAME/>明明平时就总穿成那样!,"[""\\n<SURNAME/>噗!!<SURNAME/>啊哈哈哈!!<pause:30/>\\n<SURNAME/>有意思!!(yau ji si)，好好笑!!<pause:30/>\\n<SURNAME/>还说什么化妆练习〜?<SURNAME/>明明平时就总穿成那样!""]","[""\\n<SURNAME/>噗!!<SURNAME/>啊哈哈哈!!<pause:30/>\\n<SURNAME/>有意思!!(yau ji si)，好好笑!!<pause:30/>\\n<SURNAME/>还说什么化妆练习〜?<SURNAME/>明明平时就总穿成那样!""]"
local_conflict_review,script:563_8,script:563_8:diag161,frontend/public/games/p2is/groups/script_563_8.json,"
<SURNAME/>ミッシェルのお父さんの事は、
<SURNAME/>なんとなく覚えてるよ。
<SURNAME/>昔から、あんな感じだったからね。","
<SURNAME/>米切他爸的事，
<SURNAME/>我还有点印象哦。
<SURNAME/>因为从以前起，他就是那样了。","[""\\n<SURNAME/>关于米歇尔他爸的事情，\\n<SURNAME/>我还有点印象哦。\\n<SURNAME/>因为从以前起，他就是那样了。""]","[""\\n<SURNAME/>关于米歇尔他爸的事情，\\n<SURNAME/>我还有点印象哦。\\n<SURNAME/>因为从以前起，他就是那样了。""]"
local_conflict_review,script:563_8,script:563_8:diag162,frontend/public/games/p2is/groups/script_563_8.json,"
<SURNAME/>そう言えば、あの頃からミッシェル、
<SURNAME/>よくゲンコツで叩かれて泣いてたっけ…
<SURNAME/>…懐かしいな…","
<SURNAME/>说起来，从那时候起米切就
<SURNAME/>经常被拳头打哭呢…
<SURNAME/>…真怀念啊…","[""\\n<SURNAME/>说起来，从那时候起\\n<SURNAME/>米歇尔就经常被拳头打哭呢…\\n<SURNAME/>…真怀念啊…""]","[""\\n<SURNAME/>说起来，从那时候起\\n<SURNAME/>米歇尔就经常被拳头打哭呢…\\n<SURNAME/>…真怀念啊…""]"
local_conflict_review,script:563_8,script:563_8:diag2,frontend/public/games/p2is/groups/script_563_8.json,"
<SURNAME/>だー!!<SURNAME/>へイへイへイ!!
<SURNAME/>ストップ<SURNAME/>ザ<SURNAME/>エブリバデ!!
<SURNAME/>こんなとこに用はないだろ!?<SURNAME/>な!?<SURNAME/>な!?","
<SURNAME/>哒——!!<SURNAME/>嘿咿嘿咿嘿咿!!
<SURNAME/>停止<SURNAME/>这<SURNAME/>一切!!
<SURNAME/>你们在这儿没事吧!?<SURNAME/>啊!?<SURNAME/>啊!?","[""\\n<SURNAME/>哇——!!<SURNAME/>HeyHeyHey!!\\n<SURNAME/>STOP<SURNAME/>THE<SURNAME/>EVERYBODY!!\\n<SURNAME/>我们来这里也没用吧!?<SURNAME/>对吧!?<SURNAME/>对吧!?""]","[""\\n<SURNAME/>哇——!!<SURNAME/>HeyHeyHey!!\\n<SURNAME/>STOP<SURNAME/>THE<SURNAME/>EVERYBODY!!\\n<SURNAME/>我们来这里也没用吧!?<SURNAME/>对吧!?<SURNAME/>对吧!?""]"
local_conflict_review,script:563_8,script:563_8:diag3,frontend/public/games/p2is/groups/script_563_8.json,"
<SURNAME/>なんでい栄吉、帰ぇったのか!?
<SURNAME/>なら、とっとと店ぇ手伝いやガれ!!","
<SURNAME/>为什么荣吉回来了!?
<SURNAME/>那就赶紧帮忙店里!!","[""\\n<SURNAME/>荣吉怎么回来了!?\\n<SURNAME/>既然回来了就赶紧来帮店里的忙!!""]","[""\\n<SURNAME/>荣吉怎么回来了!?\\n<SURNAME/>既然回来了就赶紧来帮店里的忙!!""]"
local_conflict_review,script:563_8,script:563_8:diag6,frontend/public/games/p2is/groups/script_563_8.json,"
<SURNAME/>べ、べ、べ、べ、べらぼうめい!!
<SURNAME/>てんめぇ、なんてぇカッコしてやガんでい!!","
<SURNAME/>胡、胡、胡、胡、胡说八道!!
<SURNAME/>你这家伙，穿成什么样子!!","[""\\n<SURNAME/>岂、岂、岂、岂、岂有此理!!\\n<SURNAME/>臭小子，你看看你这穿成什么样子!!""]","[""\\n<SURNAME/>岂、岂、岂、岂、岂有此理!!\\n<SURNAME/>臭小子，你看看你这穿成什么样子!!""]"
local_conflict_review,script:563_8,script:563_8:diag7,frontend/public/games/p2is/groups/script_563_8.json,"
<SURNAME/>は、はいいいい!!<pause:30/>
<SURNAME/>ダ、ダディ…じゃねぇ、お、親父、話せばわかる!
<SURNAME/>こ、これにゃあ、わけガあるんだ!!","
<SURNAME/>哈、哈咦!!<pause:30/>
<SURNAME/>爹、爹地…不是，老、老爸，说说就明白!
<SURNAME/>这、这有原因的!!","[""\\n<SURNAME/>是、是!!<pause:30/>\\n<SURNAME/>爹、爹地…不是，老、老爸， 你听我解释!\\n<SURNAME/>这、这是有原因的!!""]","[""\\n<SURNAME/>是、是!!<pause:30/>\\n<SURNAME/>爹、爹地…不是，老、老爸， 你听我解释!\\n<SURNAME/>这、这是有原因的!!""]"
local_conflict_review,script:563_8,script:563_8:diag8,frontend/public/games/p2is/groups/script_563_8.json,"
<SURNAME/>か、仮装パーティの練習なんだ!!
<SURNAME/>な、なぁ<c12/>!!<SURNAME/>学園祭の仮装なんだ!!
<SURNAME/>い、いつもこんなカッコしてるわけじゃねぇ!!","
<SURNAME/>是、是化妆派对的练习!!
<SURNAME/>对、对吧<c12/>!!<SURNAME/>是学园祭的化妆!!
<SURNAME/>不、不是总穿成这样的!!","[""\\n<SURNAME/>这、这是化妆派对的练习!!\\n<SURNAME/>对、对吧<c12/>!!<SURNAME/>是学园祭的化妆啦!!\\n<SURNAME/>平、平时我是不穿成这样的!!""]","[""\\n<SURNAME/>这、这是化妆派对的练习!!\\n<SURNAME/>对、对吧<c12/>!!<SURNAME/>是学园祭的化妆啦!!\\n<SURNAME/>平、平时我是不穿成这样的!!""]"
local_conflict_review,script:563_8,script:563_8:diag9,frontend/public/games/p2is/groups/script_563_8.json,"
<SURNAME/>仮装の練習だぁ!?
<SURNAME/>てんめぇ…
<SURNAME/>嘘ついたらどうなるかわかってんだろうなぁ!?","
<SURNAME/>化妆练习!?
<SURNAME/>你这家伙…
<SURNAME/>知道说谎会怎样吧!?","[""\\n<SURNAME/>你还“化妆练习”!?\\n<SURNAME/>臭小子…\\n<SURNAME/>知道说谎会怎样吧!?""]","[""\\n<SURNAME/>你还“化妆练习”!?\\n<SURNAME/>臭小子…\\n<SURNAME/>知道说谎会怎样吧!?""]"
local_conflict_review,script:577_8,script:577_8:diag0,frontend/public/games/p2is/groups/script_577_8.json,"
<SURNAME/>「エンブレムの呪い」と
<SURNAME/>カス校の関係を調べに行ったうちの部長ガ、
<SURNAME/>まだ戻らないんだ…","
<SURNAME/>去调查「纹章诅咒」和
<SURNAME/>渣校关系的部长，
<SURNAME/>还没回来…","[""<SURNAME/>部长跑去调查「纹章诅咒」和 <SURNAME/>渣校之间的关系， <SURNAME/>到现在都还没回来…""]","[""<SURNAME/>部长跑去调查「纹章诅咒」和 <SURNAME/>渣校之间的关系， <SURNAME/>到现在都还没回来…""]"
local_conflict_review,script:577_8,script:577_8:diag1,frontend/public/games/p2is/groups/script_577_8.json,"
<SURNAME/>そういや「華小路<SURNAME/>雅」って、
<SURNAME/>新聞部の部長だったっけね。","
<SURNAME/>说起来「华小路<SURNAME/>雅」，
<SURNAME/>是新闻部部长来着？","[""<SURNAME/>说起来，「华小路<SURNAME/>雅」， <SURNAME/>是新闻部部长来着？""]","[""<SURNAME/>说起来，「华小路<SURNAME/>雅」， <SURNAME/>是新闻部部长来着？""]"
local_conflict_review,script:577_8,script:577_8:diag10,frontend/public/games/p2is/groups/script_577_8.json,"
<SURNAME/>華小路さんは、お前みたいな猛牛女と違って、
<SURNAME/>スリムで美人なお嬢様だろ?","
<SURNAME/>华小路小姐才不像你这种母牛，
<SURNAME/>是苗条漂亮的大小姐吧？","[""<SURNAME/>华小路小姐和你这种猛牛女可不一样， <SURNAME/>她可是位苗条又漂亮的大小姐哦？""]","[""<SURNAME/>华小路小姐和你这种猛牛女可不一样， <SURNAME/>她可是位苗条又漂亮的大小姐哦？""]"
local_conflict_review,script:577_8,script:577_8:diag12,frontend/public/games/p2is/groups/script_577_8.json,"
<SURNAME/>ス、スリムで美人!?","
<SURNAME/>瘦、瘦又美!?","[""<SURNAME/>苗、苗条又漂亮!?""]","[""<SURNAME/>苗、苗条又漂亮!?""]"
local_conflict_review,script:577_8,script:577_8:diag13,frontend/public/games/p2is/groups/script_577_8.json,"
<SURNAME/>ど、どんな関係って、そりゃあ…","
<SURNAME/>什、什么关系，那个…","[""<SURNAME/>你、你问什么关系，呃…""]","[""<SURNAME/>你、你问什么关系，呃…""]"
local_conflict_review,script:577_8,script:577_8:diag14,frontend/public/games/p2is/groups/script_577_8.json,"
<SURNAME/>む、昔の彼女に決まってるじゃあないか!!<pause:30/>
<SURNAME/>昔って言っても、小学生の頃だけどねぇ!!","
<SURNAME/>当、当然是前女友啦!!<pause:30/>
<SURNAME/>虽说是以前，不过是小学时候而已!!","[""<SURNAME/>当、当然是前女友啦!!<pause:30/> <SURNAME/>虽说是前女友，但也只是小学的时候啦!!""]","[""<SURNAME/>当、当然是前女友啦!!<pause:30/> <SURNAME/>虽说是前女友，但也只是小学的时候啦!!""]"
local_conflict_review,script:577_8,script:577_8:diag15,frontend/public/games/p2is/groups/script_577_8.json,"
<SURNAME/>「事情」ガあって別れちまったけど、
<SURNAME/>「栄吉君、私、離れるのはいやん!!」って
<SURNAME/>泣いた顔、今でも思い出すねぇ…","
<SURNAME/>因为「情况」分手了，
<SURNAME/>「荣吉君，我不想分开!!」
<SURNAME/>她哭的样子，我现在还记得呢…","[""<SURNAME/>虽然因为某件「事情」分手了，但是呢， <SURNAME/>她那时哭着说「荣吉君，我不想分开!!」 的样子，<SURNAME/>我到现在都还记得呢…""]","[""<SURNAME/>虽然因为某件「事情」分手了，但是呢， <SURNAME/>她那时哭着说「荣吉君，我不想分开!!」 的样子，<SURNAME/>我到现在都还记得呢…""]"
local_conflict_review,script:577_8,script:577_8:diag2,frontend/public/games/p2is/groups/script_577_8.json,"
<SURNAME/>心配することないって。
<SURNAME/>どうせまたどっかで転んで、
<SURNAME/>鼻血でも出してんじゃないの?","
<SURNAME/>担心啥呀。
<SURNAME/>肯定又在哪儿摔个狗吃屎，
<SURNAME/>流鼻血了吧？","[""<SURNAME/>不用担心啦。 <SURNAME/>肯定又是在哪儿摔了个跟头， <SURNAME/>流了些鼻血什么的吧？""]","[""<SURNAME/>不用担心啦。 <SURNAME/>肯定又是在哪儿摔了个跟头， <SURNAME/>流了些鼻血什么的吧？""]"
local_conflict_review,script:577_8,script:577_8:diag24,frontend/public/games/p2is/groups/script_577_8.json,"
<SURNAME/>そ、そうか…<pause:30/>
<SURNAME/>華小路さん…セブンスにいたのか…<pause:30/>
<SURNAME/>そうかぁ…","
<SURNAME/>是、是吗…<pause:30/>
<SURNAME/>华小路同学…在七姊妹啊…<pause:30/>
<SURNAME/>是吗…","[""<SURNAME/>这、这样嘛…<pause:30/> <SURNAME/>华小路小姐…在七姐妹啊…<pause:30/> <SURNAME/>是这样啊…""]","[""<SURNAME/>这、这样嘛…<pause:30/> <SURNAME/>华小路小姐…在七姐妹啊…<pause:30/> <SURNAME/>是这样啊…""]"
local_conflict_review,script:577_8,script:577_8:diag25,frontend/public/games/p2is/groups/script_577_8.json,"
<SURNAME/>あ…<pause:30/>
<SURNAME/>華小路さん、急に戻ってきたりしないよな!?<pause:30/>
<SURNAME/>そ、その、ハートの準備ガまだ…","
<SURNAME/>啊…<pause:30/>
<SURNAME/>华小路同学，不会突然回来吧!?<pause:30/>
<SURNAME/>那、那个，心理准备还没…","[""<SURNAME/>啊…<pause:30/> <SURNAME/>华小路小姐，不会突然回来吧!?<pause:30/> <SURNAME/>那、那个，我还没做好心理准备…""]","[""<SURNAME/>啊…<pause:30/> <SURNAME/>华小路小姐，不会突然回来吧!?<pause:30/> <SURNAME/>那、那个，我还没做好心理准备…""]"
local_conflict_review,script:577_8,script:577_8:diag26,frontend/public/games/p2is/groups/script_577_8.json,"
<SURNAME/>なぁ、最近の華小路さんってどんな感じなんだ?<pause:30/>
<SURNAME/>性格は?<pause:15/><SURNAME/>あ、ああ、いいに決まってんな…<pause:15/>
<SURNAME/>人気は?<pause:15/><SURNAME/>あ、ああ、あるに決まってんな…","
<SURNAME/>呐，最近的华小路同学是什么感觉?<pause:30/>
<SURNAME/>性格?<pause:15/><SURNAME/>啊、啊，当然好啦…<pause:15/>
<SURNAME/>人气?<pause:15/><SURNAME/>啊、啊，当然有啦…","[""<SURNAME/>我说，最近的华小路小姐是什么感觉?<pause:30/> <SURNAME/>性格呢?<pause:15/><SURNAME/>啊、啊，肯定很好吧…<pause:15/> <SURNAME/>人气呢?<pause:15/><SURNAME/>肯、肯定也有吧…""]","[""<SURNAME/>我说，最近的华小路小姐是什么感觉?<pause:30/> <SURNAME/>性格呢?<pause:15/><SURNAME/>啊、啊，肯定很好吧…<pause:15/> <SURNAME/>人气呢?<pause:15/><SURNAME/>肯、肯定也有吧…""]"
local_conflict_review,script:577_8,script:577_8:diag28,frontend/public/games/p2is/groups/script_577_8.json,"
<SURNAME/>どうりで、雅ガ黙っててくれって言うワケだわ。<pause:30/>
<SURNAME/>ふっふっふ…<pause:30/>
<SURNAME/>面白そうだから黙ってようね、<c13/>!","
<SURNAME/>难怪雅叫我保密呢。<pause:30/>
<SURNAME/>呵呵呵…<pause:30/>
<SURNAME/>好像很有趣，我就保密吧，<c13/>!","[""<SURNAME/>难怪雅叫我保密呢。<pause:30/> <SURNAME/>呵呵呵…<pause:30/> <SURNAME/>好像很有趣，我们就保密吧，<c13/>!""]","[""<SURNAME/>难怪雅叫我保密呢。<pause:30/> <SURNAME/>呵呵呵…<pause:30/> <SURNAME/>好像很有趣，我们就保密吧，<c13/>!""]"
local_conflict_review,script:577_8,script:577_8:diag3,frontend/public/games/p2is/groups/script_577_8.json,"
<SURNAME/>オ、オイ!!<SURNAME/>お前ら…<pause:30/>
<SURNAME/>今、「華小路<SURNAME/>雅」って言ったか!?
<SURNAME/>華小路さんを知ってんのか!?<pause:30/><SURNAME/>ええ、オイ!?","
<SURNAME/>喂、喂!!<SURNAME/>你们…<pause:30/>
<SURNAME/>刚才说「华小路<SURNAME/>雅」!?
<SURNAME/>认识华小路小姐!?<pause:30/><SURNAME/>说话啊喂!?","[""<SURNAME/>喂、喂!!<SURNAME/>你们…<pause:30/> <SURNAME/>刚才说「华小路<SURNAME/>雅」!? <SURNAME/>你们认识华小路小姐!?<pause:30/><SURNAME/>说话啊喂!?""]","[""<SURNAME/>喂、喂!!<SURNAME/>你们…<pause:30/> <SURNAME/>刚才说「华小路<SURNAME/>雅」!? <SURNAME/>你们认识华小路小姐!?<pause:30/><SURNAME/>说话啊喂!?""]"
local_conflict_review,script:577_8,script:577_8:diag30,frontend/public/games/p2is/groups/script_577_8.json,"
<SURNAME/>どうりで、雅ガ黙っててくれって言うワケだわ。<pause:30/>
<SURNAME/>ふーっふっふ…<pause:30/>
<SURNAME/>面白そうだから黙ってようね、<c13/>!","
<SURNAME/>难怪雅叫我保密呢。<pause:30/>
<SURNAME/>呼呼呼…<pause:30/>
<SURNAME/>好像很有趣，我就保密吧，<c13/>!","[""<SURNAME/>难怪雅叫我保密呢。<pause:30/> <SURNAME/>呵呵呵…<pause:30/> <SURNAME/>好像很有趣，我们就保密吧，<c13/>!""]","[""<SURNAME/>难怪雅叫我保密呢。<pause:30/> <SURNAME/>呵呵呵…<pause:30/> <SURNAME/>好像很有趣，我们就保密吧，<c13/>!""]"
local_conflict_review,script:577_8,script:577_8:diag31,frontend/public/games/p2is/groups/script_577_8.json,"
<SURNAME/>え?<pause:30/>
<SURNAME/>あさっちとみーぽガ、わたしを探してた?","
<SURNAME/>诶?<pause:30/>
<SURNAME/>舞耶和丽莎在找我?","[""<SURNAME/>诶?<pause:30/> <SURNAME/>小朝和美宝在找我?""]","[""<SURNAME/>诶?<pause:30/> <SURNAME/>小朝和美宝在找我?""]"
local_conflict_review,script:577_8,script:577_8:diag32,frontend/public/games/p2is/groups/script_577_8.json,"
<SURNAME/>ふーん…<pause:30/>
<SURNAME/>ま、今はそれどこじゃないし?<pause:30/>
<SURNAME/>ほっといていいんじゃない?","
<SURNAME/>哼…<pause:30/>
<SURNAME/>嘛，现在不是时候吧?<pause:30/>
<SURNAME/>放着不管不行吗?","[""<SURNAME/>哼~<pause:30/> <SURNAME/>算了，现在不是去找她们的时候吧?<pause:30/> <SURNAME/>要不先不管了吧?""]","[""<SURNAME/>哼~<pause:30/> <SURNAME/>算了，现在不是去找她们的时候吧?<pause:30/> <SURNAME/>要不先不管了吧?""]"
local_conflict_review,script:577_8,script:577_8:diag33,frontend/public/games/p2is/groups/script_577_8.json,"
<SURNAME/>なあに、情人?(チンヤン)<pause:30/>
<SURNAME/>え?
<SURNAME/>あさっちとみーぽを探さないのかって?","
<SURNAME/>什么，情人?<pause:30/>
<SURNAME/>诶?
<SURNAME/>是说找不找舞耶和丽莎吗?","[""<SURNAME/>怎么了，情人?（cing jan）<pause:30/> <SURNAME/>诶? <SURNAME/>是说不去找小朝和美宝吗?""]","[""<SURNAME/>怎么了，情人?（cing jan）<pause:30/> <SURNAME/>诶? <SURNAME/>是说不去找小朝和美宝吗?""]"
local_conflict_review,script:577_8,script:577_8:diag34,frontend/public/games/p2is/groups/script_577_8.json,"
<SURNAME/>…別にいいんじゃない?<pause:30/>
<SURNAME/>どうせカラオケ行こうとか、
<SURNAME/>くっだらない用に決まってんだから…","
<SURNAME/>…无所谓吧?<pause:30/>
<SURNAME/>反正肯定是去唱K什么的，
<SURNAME/>无聊的事…","[""<SURNAME/>…也没什么所谓吧?<pause:30/> <SURNAME/>反正肯定是去唱卡拉OK之类的 <SURNAME/>无聊的事啦…""]","[""<SURNAME/>…也没什么所谓吧?<pause:30/> <SURNAME/>反正肯定是去唱卡拉OK之类的 <SURNAME/>无聊的事啦…""]"
local_conflict_review,script:577_8,script:577_8:diag35,frontend/public/games/p2is/groups/script_577_8.json,"
<SURNAME/>なになに?<pause:30/>
<SURNAME/>栄吉クンの昔の彼女ガセブンスにいる!?","
<SURNAME/>什么什么?<pause:30/>
<SURNAME/>荣吉君的前女友在七姊妹!?","[""<SURNAME/>什么什么?<pause:30/> <SURNAME/>荣吉君的前女友在七姐妹!?""]","[""<SURNAME/>什么什么?<pause:30/> <SURNAME/>荣吉君的前女友在七姐妹!?""]"
local_conflict_review,script:577_8,script:577_8:diag36,frontend/public/games/p2is/groups/script_577_8.json,"
<SURNAME/>わお!!
<SURNAME/>栄吉クン、やっる〜
<SURNAME/>ニクイね、このお!!","
<SURNAME/>哇哦!!
<SURNAME/>荣吉君，真行啊〜
<SURNAME/>真狡猾，这家伙!!","[""<SURNAME/>哇哦!! <SURNAME/>真行啊，荣吉君〜 <SURNAME/>够绝的嘛!!""]","[""<SURNAME/>哇哦!! <SURNAME/>真行啊，荣吉君〜 <SURNAME/>够绝的嘛!!""]"
local_conflict_review,script:577_8,script:577_8:diag37,frontend/public/games/p2is/groups/script_577_8.json,"
<SURNAME/>…<pause:30/>
<SURNAME/>リサちゃんって、友達多いんだよね?<pause:30/>
<SURNAME/>いや、ちょっと、ね…","
<SURNAME/>…<pause:30/>
<SURNAME/>丽莎酱，朋友很多呢?<pause:30/>
<SURNAME/>不，有点，那个…","[""<SURNAME/>…<pause:30/> <SURNAME/>小莉莎她，应该有很多朋友吧?<pause:30/> <SURNAME/>不，没什么，就是…""]","[""<SURNAME/>…<pause:30/> <SURNAME/>小莉莎她，应该有很多朋友吧?<pause:30/> <SURNAME/>不，没什么，就是…""]"
local_conflict_review,script:577_8,script:577_8:diag38,frontend/public/games/p2is/groups/script_577_8.json,"
<SURNAME/>へぇ、栄吉の昔の彼女ガこの学園にねぇ…<pause:30/>
<SURNAME/>って、和んでる場合じゃないよ。<pause:30/>
<SURNAME/>エンブレム、壊すんだろ?","
<SURNAME/>嘿，荣吉的前女友在这个学园呢…<pause:30/>
<SURNAME/>不过，不是悠闲的时候。<pause:30/>
<SURNAME/>纹章，要破坏吧?","[""<SURNAME/>嘿~荣吉的前女友在这个学校呢…<pause:30/> <SURNAME/>不过，现在不是悠哉的时候。<pause:30/> <SURNAME/>我们去把校徽破坏掉吧?""]","[""<SURNAME/>嘿~荣吉的前女友在这个学校呢…<pause:30/> <SURNAME/>不过，现在不是悠哉的时候。<pause:30/> <SURNAME/>我们去把校徽破坏掉吧?""]"
local_conflict_review,script:577_8,script:577_8:diag39,frontend/public/games/p2is/groups/script_577_8.json,"
<SURNAME/>今アンタガ壊したので、
<SURNAME/>この部屋のエンブレムは最後みたいだね。<pause:30/>
<SURNAME/>さ、次に行くかい?",<SURNAME/>现在你破坏了、 <SURNAME/>这个房间的纹章好像是最后一个了。<pause:30/> <SURNAME/>那么、接下来去吗？,"[""<SURNAME/>刚才砸掉的这个 <SURNAME/>应该是这个教室里最后一个校徽了。<pause:30/> <SURNAME/>好了，去下一个吧?""]","[""<SURNAME/>刚才砸掉的这个 <SURNAME/>应该是这个教室里最后一个校徽了。<pause:30/> <SURNAME/>好了，去下一个吧?""]"
local_conflict_review,script:577_8,script:577_8:diag4,frontend/public/games/p2is/groups/script_577_8.json,"
<SURNAME/>は、華小路<SURNAME/>雅なら、このクラスの生徒だガ…<pause:30/>
<SURNAME/>カス校に行くと言っていたんだけど、
<SURNAME/>君、会ったのかい?","
<SURNAME/>华、华小路<SURNAME/>雅是这个班学生…<pause:30/>
<SURNAME/>她说要去渣校，
<SURNAME/>你见到她了？","[""<SURNAME/>华、华小路<SURNAME/>雅是这个班的学生…<pause:30/> <SURNAME/>她说要去渣校来着， <SURNAME/>你没见到她吗？""]","[""<SURNAME/>华、华小路<SURNAME/>雅是这个班的学生…<pause:30/> <SURNAME/>她说要去渣校来着， <SURNAME/>你没见到她吗？""]"
local_conflict_review,script:577_8,script:577_8:diag40,frontend/public/games/p2is/groups/script_577_8.json,"
<SURNAME/>そう言えば、
<SURNAME/>誰かガ職員室にも紋章ガあるって言ってたねぇ…<pause:15/>
<SURNAME/>残りはそこだけじゃないかい?",<SURNAME/>说起来、 <SURNAME/>有人说职员室也有纹章…<pause:15/> <SURNAME/>剩下的只有那里了吧？,"[""<SURNAME/>说起来， <SURNAME/>有人说职员室也有纹章呢…<pause:15/> <SURNAME/>剩下的只有那里了吧?""]","[""<SURNAME/>说起来， <SURNAME/>有人说职员室也有纹章呢…<pause:15/> <SURNAME/>剩下的只有那里了吧?""]"
local_conflict_review,script:577_8,script:577_8:diag41,frontend/public/games/p2is/groups/script_577_8.json,"
<SURNAME/>リサ、本当にいいのかね?<pause:30/>
<SURNAME/>ちょっとクサイけど、友達ってのはいいもんさ。<pause:30/>
<SURNAME/>アンタにもいるんだろ?<SURNAME/>忘れられないダチガさ","
<SURNAME/>丽莎，真的好吗?<pause:30/>
<SURNAME/>虽然有点老套，但朋友是好事。<pause:30/>
<SURNAME/>你也有吧?<SURNAME/>忘不了的朋友啊","[""<SURNAME/>莉莎，这样真的好吗?<pause:30/> <SURNAME/>虽然这话说出来会有点肉麻，但有朋友终归是好事。<pause:30/> <SURNAME/>你应该也有<SURNAME/>忘不掉的朋友吧？""]","[""<SURNAME/>莉莎，这样真的好吗?<pause:30/> <SURNAME/>虽然这话说出来会有点肉麻，但有朋友终归是好事。<pause:30/> <SURNAME/>你应该也有<SURNAME/>忘不掉的朋友吧？""]"
local_conflict_review,script:577_8,script:577_8:diag42,frontend/public/games/p2is/groups/script_577_8.json,"
<SURNAME/>栄吉のヤツ、何一人でバカやってんだい?<pause:30/>
<SURNAME/>あのぶんじゃ、その昔の彼女ってのも、
<SURNAME/>自分ガふったんじゃなくて、逆なんじゃないかい","
<SURNAME/>荣吉那家伙，一个人傻乎乎地在干嘛？<pause:30/>
<SURNAME/>看那样子，他以前的女朋友，
<SURNAME/>不是他甩了人，而是被甩了吧？","[""<SURNAME/>荣吉那家伙，一个人傻乎乎地在干嘛？<pause:30/> <SURNAME/>就他那样子，我看不是他甩了前女友，<SURNAME/>而是他前女友甩了他吧？""]","[""<SURNAME/>荣吉那家伙，一个人傻乎乎地在干嘛？<pause:30/> <SURNAME/>就他那样子，我看不是他甩了前女友，<SURNAME/>而是他前女友甩了他吧？""]"
local_conflict_review,script:577_8,script:577_8:diag43,frontend/public/games/p2is/groups/script_577_8.json,"
<SURNAME/>リリリ、リサさん…
<SURNAME/>ガガガ、学園祭ガ開かれたら、
<SURNAME/>ミ、ミスセブンスは、あ、あなたで決まりだ!!","
<SURNAME/>丽丽丽，丽莎同学…
<SURNAME/>嘎嘎嘎，学园祭举办的话，
<SURNAME/>米、Miss Seven 一定是您了！！","[""<SURNAME/>莉莉莉、莉莎同学… <SURNAME/>学学学、学园祭要是举办的话， <SURNAME/>Mi、Miss Seven 一定非您莫属呀！！""]","[""<SURNAME/>莉莉莉、莉莎同学… <SURNAME/>学学学、学园祭要是举办的话， <SURNAME/>Mi、Miss Seven 一定非您莫属呀！！""]"
local_conflict_review,script:577_8,script:577_8:diag44,frontend/public/games/p2is/groups/script_577_8.json,"
<SURNAME/>ミミミ、ミスセブンスは、
<SURNAME/>び、美貌と知力、体力の総合評価で競われる!!
<SURNAME/>広東語に英語まで喋れるあなたなら、完璧だ!!","
<SURNAME/>米米米，Miss Seven 是、
<SURNAME/>比、美貌和智力、体力的综合评价来竞争的！！
<SURNAME/>广东话和英语都能说的您，完美！！","[""<SURNAME/>MiMiMi、Miss Seven 是以<SURNAME/>美、美貌和智力、体力的综合评价来竞争的！！ <SURNAME/>广东话和英语都能说的您，是完美的！！""]","[""<SURNAME/>MiMiMi、Miss Seven 是以<SURNAME/>美、美貌和智力、体力的综合评价来竞争的！！ <SURNAME/>广东话和英语都能说的您，是完美的！！""]"
local_conflict_review,script:577_8,script:577_8:diag45,frontend/public/games/p2is/groups/script_577_8.json,"
<SURNAME/>リリリ、リサさん…
<SURNAME/>ぼ、僕は、あなたのことならなんでも知っている…
","
<SURNAME/>丽丽丽，丽莎同学…
<SURNAME/>波、我，您的事我什么都知道…
","[""SURNAME/>莉莉莉，莉莎同学… <SURNAME/>我、我、我对您的事情可是了如指掌…""]","[""SURNAME/>莉莉莉，莉莎同学… <SURNAME/>我、我、我对您的事情可是了如指掌…""]"
local_conflict_review,script:577_8,script:577_8:diag46,frontend/public/games/p2is/groups/script_577_8.json,"
<SURNAME/>え、英語のテスト、
<SURNAME/>みみ、みんなに合わせて赤点とったことも、
<SURNAME/>じじ、実は、ひひ、一人ガ好きなことも…","
<SURNAME/>诶、英语考试、
<SURNAME/>米米、为了和大家一样考不及格的事、
<SURNAME/>吉吉、其实、嘻嘻、有喜欢的人的事…","[""<SURNAME/>像像、像是你为了合群，<SURNAME/>英、英语考试考了不及格的事情也好，<SURNAME/>还还、还有你、其、其实喜欢一个人独处的事情也好…""]","[""<SURNAME/>像像、像是你为了合群，<SURNAME/>英、英语考试考了不及格的事情也好，<SURNAME/>还还、还有你、其、其实喜欢一个人独处的事情也好…""]"
local_conflict_review,script:577_8,script:577_8:diag47,frontend/public/games/p2is/groups/script_577_8.json,"
<SURNAME/>き、奇病ガ治ったら…リ、リサさんに、
<SURNAME/>こ、告白しようと思ってたんだけど…
<SURNAME/>や、やっぱり駄目です…","
<SURNAME/>奇、奇病治好的话…丽、丽莎同学、
<SURNAME/>告、告白想过的…
<SURNAME/>但、但还是不行…","[""<SURNAME/>等、等这怪病治好以后…我、我想着向莉莎同学 <SURNAME/>表、表白来着的… <SURNAME/>但、但我还是不行…""]","[""<SURNAME/>等、等这怪病治好以后…我、我想着向莉莎同学 <SURNAME/>表、表白来着的… <SURNAME/>但、但我还是不行…""]"
local_conflict_review,script:577_8,script:577_8:diag48,frontend/public/games/p2is/groups/script_577_8.json,"
<SURNAME/>え、素顔になっちゃうと…その…<pause:15/>
<SURNAME/>余計に自信ガなくなってしまって…<pause:15/>
<SURNAME/>や、やっぱ駄目です。","
<SURNAME/>诶、露出真面目的话…那个…<pause:15/>
<SURNAME/>更加没自信了…<pause:15/>
<SURNAME/>还、还是不行。","[""<SURNAME/>诶、露出真面目的话…那样…<pause:15/> <SURNAME/>我就更没自信了…<pause:15/> <SURNAME/>还、还是不行啊。""]","[""<SURNAME/>诶、露出真面目的话…那样…<pause:15/> <SURNAME/>我就更没自信了…<pause:15/> <SURNAME/>还、还是不行啊。""]"
local_conflict_review,script:577_8,script:577_8:diag49,frontend/public/games/p2is/groups/script_577_8.json,"
<SURNAME/>あ、そう言えば、
<SURNAME/>あさっちとみーぽガリサの事探してましたよ。
<SURNAME/>えっと、どこに行くって言ってたかなぁ…","
<SURNAME/>啊、说起来、
<SURNAME/>阿萨奇和米波在找丽莎的事哦。
<SURNAME/>嗯、说要去哪里来着…","[""<SURNAME/>啊，说起来， <SURNAME/>小朝和美宝有事要找莉莎来着。 <SURNAME/>我想想，是说要去哪里来着…""]","[""<SURNAME/>啊，说起来， <SURNAME/>小朝和美宝有事要找莉莎来着。 <SURNAME/>我想想，是说要去哪里来着…""]"
local_conflict_review,script:577_8,script:577_8:diag5,frontend/public/games/p2is/groups/script_577_8.json,"
<SURNAME/>いや…俺ガ会ったのは、
<SURNAME/>「ハナジー」っておデブちゃんだけだけどよお…","
<SURNAME/>没…老子见到的是
<SURNAME/>叫「花姐」的小胖妞罢了…","[""<SURNAME/>没…老子见到的 <SURNAME/>只是个叫「花姐」的小胖妞罢了…""]","[""<SURNAME/>没…老子见到的 <SURNAME/>只是个叫「花姐」的小胖妞罢了…""]"
local_conflict_review,script:577_8,script:577_8:diag50,frontend/public/games/p2is/groups/script_577_8.json,"
<SURNAME/>なんか、2人に電話ガかかってきたみたいで、
<SURNAME/>慌てて飛び出していったんですけど…","
<SURNAME/>好像、有电话打给两人、
<SURNAME/>慌慌张张跑出去了…","[""<SURNAME/>我记得，她们俩接了个电话以后， <SURNAME/>就急急忙忙跑出去了…""]","[""<SURNAME/>我记得，她们俩接了个电话以后， <SURNAME/>就急急忙忙跑出去了…""]"
local_conflict_review,script:577_8,script:577_8:diag55,frontend/public/games/p2is/groups/script_577_8.json,"
<SURNAME/>まさか、部長とパンツ番長ガ恋仲だったとは、
<SURNAME/>げに恐ろしきは人の縁…
<SURNAME/>あ、いやいや、これは大スクープだ。うむむ…","
<SURNAME/>没想到、部长和番长是恋人关系、
<SURNAME/>真是可怕的缘分啊…
<SURNAME/>啊、不不、这是大新闻。嗯嗯…","[""<SURNAME/>没想到、部长和番长是恋人关系、 <SURNAME/>人的缘分真是不可思议啊… <SURNAME/>哎呀、不对不对、这可是大新闻哪，唔唔…""]","[""<SURNAME/>没想到、部长和番长是恋人关系、 <SURNAME/>人的缘分真是不可思议啊… <SURNAME/>哎呀、不对不对、这可是大新闻哪，唔唔…""]"
local_conflict_review,script:577_8,script:577_8:diag56,frontend/public/games/p2is/groups/script_577_8.json,"
<SURNAME/>ダメだ…全然人の話を聞いてない!!
<SURNAME/>番長に、うちの部長とのことを
<SURNAME/>インタビューしたいんだガ…","
<SURNAME/>不行…完全不听人说话！！
<SURNAME/>想采访番长、关于和我们部长的事
<SURNAME/>…","[""<SURNAME/>不行啊…他完全就不听人说话！！ <SURNAME/>我本来还想采访番长，<SURNAME/>问问他和我们部长的事情呢…""]","[""<SURNAME/>不行啊…他完全就不听人说话！！ <SURNAME/>我本来还想采访番长，<SURNAME/>问问他和我们部长的事情呢…""]"
local_conflict_review,script:577_8,script:577_8:diag57,frontend/public/games/p2is/groups/script_577_8.json,"
<SURNAME/>質問したいのは僕なんだガ…
<SURNAME/>しかも一人で納得しているし…
<SURNAME/>うむむ…","
<SURNAME/>想问问题的是我啊…
<SURNAME/>而且一个人就满足了…
<SURNAME/>嗯嗯…","[""<SURNAME/>明明想问问题的人是我… <SURNAME/>而且他还一个人自顾自地在那想通了… <SURNAME/>唔唔…""]","[""<SURNAME/>明明想问问题的人是我… <SURNAME/>而且他还一个人自顾自地在那想通了… <SURNAME/>唔唔…""]"
local_conflict_review,script:577_8,script:577_8:diag58,frontend/public/games/p2is/groups/script_577_8.json,"
<SURNAME/>お、おもしろすぎる…<pause:30/>
<SURNAME/>けど、ある「事情」で別れたって、
<SURNAME/>いったいどんな事情なんだろ?<SURNAME/>興味あるなぁ!","
<SURNAME/>太、太有趣了…<pause:30/>
<SURNAME/>但是、说是因为某个「事情」分手了、
<SURNAME/>到底是什么事情呢？<SURNAME/>好感兴趣啊！","[""<SURNAME/>实、实在是太有趣了…<pause:30/> <SURNAME/>可是，他说他们是因为某件「事情」分手了，<SURNAME/>那到底是什么事情呢？<SURNAME/>我好好奇啊！""]","[""<SURNAME/>实、实在是太有趣了…<pause:30/> <SURNAME/>可是，他说他们是因为某件「事情」分手了，<SURNAME/>那到底是什么事情呢？<SURNAME/>我好好奇啊！""]"
local_conflict_review,script:577_8,script:577_8:diag59,frontend/public/games/p2is/groups/script_577_8.json,"
<SURNAME/>ハナジーって、体育の授業の時大転倒して、
<SURNAME/>鼻血出してからそう呼ばれてるんだよ。
<SURNAME/>本当は、いいとこのお嬢様らしいんだけどね。","
<SURNAME/>花姐啊、体育课的时候大摔一跤、
<SURNAME/>流鼻血后就被那么叫了。
<SURNAME/>其实、好像是好人家的千金小姐呢。","[""<SURNAME/>花姐这个外号，是因为她在体育课上大摔一跤、流了鼻血 ，<SURNAME/>所以就被那么叫了。 <SURNAME/>其实，她好像是好人家的千金小姐呢。""]","[""<SURNAME/>花姐这个外号，是因为她在体育课上大摔一跤、流了鼻血 ，<SURNAME/>所以就被那么叫了。 <SURNAME/>其实，她好像是好人家的千金小姐呢。""]"
local_conflict_review,script:577_8,script:577_8:diag6,frontend/public/games/p2is/groups/script_577_8.json,"
<SURNAME/>そうか…<pause:30/>
<SURNAME/>華小路さん、セブンスに進学したのか…","
<SURNAME/>这样啊…<pause:30/>
<SURNAME/>华小路小姐升到七姊妹了啊…","[""<SURNAME/>这样啊…<pause:30/> <SURNAME/>华小路小姐升到七姐妹了啊…""]","[""<SURNAME/>这样啊…<pause:30/> <SURNAME/>华小路小姐升到七姐妹了啊…""]"
local_conflict_review,script:577_8,script:577_8:diag60,frontend/public/games/p2is/groups/script_577_8.json,"
<SURNAME/>ハナジーって、いつもピースダイナーで
<SURNAME/>ハンバーガー食べてるんだよ。","
<SURNAME/>花姐啊、总是在和平餐厅
<SURNAME/>吃汉堡。","[""<SURNAME/>花姐她，总是在和平餐厅 <SURNAME/>吃汉堡。""]","[""<SURNAME/>花姐她，总是在和平餐厅 <SURNAME/>吃汉堡。""]"
local_conflict_review,script:577_8,script:577_8:diag61,frontend/public/games/p2is/groups/script_577_8.json,"
<SURNAME/>え?<SURNAME/>今から行くの?
<SURNAME/>なんだ、番長、会えるんじゃない。
<SURNAME/>感動の対面で、サバ折りされなきゃいいけどね。","
<SURNAME/>诶？<SURNAME/>现在就去？
<SURNAME/>什么嘛、番长、能见到吧。
<SURNAME/>感动的重逢、别被甩了就好。","[""<SURNAME/>诶？<SURNAME/>你们现在就要去？ <SURNAME/>什么嘛，那不就见得到番长了嘛。 <SURNAME/>只希望别在感动的重逢时刻，被来个过肩摔就好。""]","[""<SURNAME/>诶？<SURNAME/>你们现在就要去？ <SURNAME/>什么嘛，那不就见得到番长了嘛。 <SURNAME/>只希望别在感动的重逢时刻，被来个过肩摔就好。""]"
local_conflict_review,script:577_8,script:577_8:diag64,frontend/public/games/p2is/groups/script_577_8.json,"
<SURNAME/>そいつはさっき壊したろ?
<SURNAME/>早く他の紋章探しに行こうよ。","
<SURNAME/>那个刚才破坏了吧？
<SURNAME/>快点去找其他纹章吧。","[""<SURNAME/>那个刚才破坏了吧？ <SURNAME/>快点去找其他纹章吧。""]","[""<SURNAME/>那个刚才破坏了吧？ <SURNAME/>快点去找其他纹章吧。""]"
local_conflict_review,script:577_8,script:577_8:diag8,frontend/public/games/p2is/groups/script_577_8.json,"
<SURNAME/>へ?<SURNAME/>ハナジーに会ったって…<pause:30/>
<SURNAME/>あんた、知らないの?<pause:30/>
<SURNAME/>そのハナジーってのガ…","
<SURNAME/>哈？<SURNAME/>你说见到花姐…<pause:30/>
<SURNAME/>你该不会不知道？<pause:30/>
<SURNAME/>那个花姐就是…","[""<SURNAME/>诶？<SURNAME/>你说见到花姐…<pause:30/> <SURNAME/>你该不会不知道？<pause:30/> <SURNAME/>那个花姐就是…""]","[""<SURNAME/>诶？<SURNAME/>你说见到花姐…<pause:30/> <SURNAME/>你该不会不知道？<pause:30/> <SURNAME/>那个花姐就是…""]"
local_conflict_review,script:577_8,script:577_8:diag9,frontend/public/games/p2is/groups/script_577_8.json,"
<SURNAME/>ナニ!?<pause:30/>
<SURNAME/>そうかぁ…お前も知ってんのか!!","
<SURNAME/>啥!?<pause:30/>
<SURNAME/>靠…你也知道啊!!","[""<SURNAME/>啥!?<pause:30/> <SURNAME/>原来…你也知道啊!!""]","[""<SURNAME/>啥!?<pause:30/> <SURNAME/>原来…你也知道啊!!""]"
local_conflict_review,script:90_51,script:90_51:diag0,frontend/public/games/p2is/groups/script_90_51.json,"
<SURNAME/>哎呀!?(アイヤー)
<SURNAME/><c13/>どこ行くの?
<SURNAME/>早く発信機見つけなきゃ!!
","
<SURNAME/>哎呀!?
<SURNAME/><c13/>哪里去呀?
<SURNAME/>得快点找到发信器!!
","[""<SURNAME/>哎呀!? <SURNAME/><c13/>你要去哪儿啊？<SURNAME/>得快点找到发信器!!""]","[""<SURNAME/>哎呀!? <SURNAME/><c13/>你要去哪儿啊？<SURNAME/>得快点找到发信器!!""]"
local_conflict_review,script:90_51,script:90_51:diag3,frontend/public/games/p2is/groups/script_90_51.json,"
<SURNAME/>ちょっとタンマ!
<SURNAME/><c13/>クン、栄吉クン忘れてるわよ?
<SURNAME/>早く栄吉クンと合流しましょ!
","
<SURNAME/>等一下!
<SURNAME/><c13/>达哉，你忘了荣吉啦?
<SURNAME/>快去和荣吉会合吧!
","[""<SURNAME/>等一下! <SURNAME/><c13/>达哉，你把荣吉忘啦? <SURNAME/>快去和荣吉会合吧!""]","[""<SURNAME/>等一下! <SURNAME/><c13/>达哉，你把荣吉忘啦? <SURNAME/>快去和荣吉会合吧!""]"
local_conflict_review,script:90_51,script:90_51:diag4,frontend/public/games/p2is/groups/script_90_51.json,"
<SURNAME/>哎呀!?(アイヤー)
<SURNAME/><c13/>どこ行くの?
<SURNAME/>早く舞耶さんとゆきのさんと合流しなきゃ!
","
<SURNAME/>哎呀!?
<SURNAME/><c13/>哪里去呀?
<SURNAME/>得快点去和舞耶姐还有雪野姐会合!
","[""<SURNAME/>哎呀!? <SURNAME/><c13/>你要去哪儿啊？ <SURNAME/>得快点去和舞耶姐还有雪野姐会合!""]","[""<SURNAME/>哎呀!? <SURNAME/><c13/>你要去哪儿啊？ <SURNAME/>得快点去和舞耶姐还有雪野姐会合!""]"
local_conflict_review,script:90_51,script:90_51:diag5,frontend/public/games/p2is/groups/script_90_51.json,"
<SURNAME/>哎呀!?(アイヤー)
<SURNAME/><c13/>どこ行くの?
<SURNAME/>早く舞耶さんと合流しなきゃ!
","
<SURNAME/>哎呀!?
<SURNAME/><c13/>哪里去呀?
<SURNAME/>得快点去和舞耶姐会合!
","[""<SURNAME/>哎呀!?(アイヤー) <SURNAME/><c13/>どこ行くの? <SURNAME/>早く舞耶さんと合流しなきゃ!\n<SURNAME/>哎呀!? <SURNAME/><c13/>你要去哪儿啊？<SURNAME/>得快点去和舞耶姐会合!""]","[""<SURNAME/>哎呀!?(アイヤー) <SURNAME/><c13/>どこ行くの? <SURNAME/>早く舞耶さんと合流しなきゃ!\n<SURNAME/>哎呀!? <SURNAME/><c13/>你要去哪儿啊？<SURNAME/>得快点去和舞耶姐会合!""]"
local_conflict_review,script:90_80,script:90_80:diag0,frontend/public/games/p2is/groups/script_90_80.json,"
<SURNAME/>また分岐か…<pause:30/>
<SURNAME/>もう、かなり奥まで流されたと思うんだけど…<pause:30/>
<SURNAME/>どちらにしようか、<c13/>?
","
<SURNAME/>又是岔路…<pause:30/>
<SURNAME/>感觉已经漂到挺深的地方了…<pause:30/>
<SURNAME/>选哪边呢，<c13/>?
","[""<SURNAME/>又是岔路啊…<pause:30/> <SURNAME/>感觉已经漂到挺深的地方了…<pause:30/> <SURNAME/><c13/>，你要选哪边呢?""]","[""<SURNAME/>又是岔路啊…<pause:30/> <SURNAME/>感觉已经漂到挺深的地方了…<pause:30/> <SURNAME/><c13/>，你要选哪边呢?""]"
local_conflict_review,strtbl:65_0_2,strtbl:65_0_2:35,frontend/public/games/p2is/groups/strtbl_65_0_2.json,"<pause:0/><c1e:0/>【JUSTICE】ナタの
召喚に必要なカード
",<pause:0/><c1e:0/>【JUSTICE】哪吒\n召唤所需卡片,"[""<pause:0/><c1e:0/>【JUSTICE】哪吒的\\n召唤所需的卡片""]","[""<pause:0/><c1e:0/>【JUSTICE】哪吒的\\n召唤所需的卡片""]"
