source_file,string_id,jp,current_dup_content,candidate_counts_json,suggested_content,suggestion_reason
dup:field,dup:0b842379b930,花で殺す\n,笑里藏刀\n,"[[""笑里藏刀\n"", 1], [""用花杀死\\n"", 1]]",,
dup:field,dup:0fbf7b3cf66d,ラスト・バタリオンのエスパー歩兵。\n精神改造され超能力を発揮する。\n<c6/>\n,最后军团的超能力步兵。\n通过精神改造可以施展超能力。\n<c6/>\n,"[[""最后军团的超能力步兵。\n通过精神改造可以发挥超能力。\n<c6/>\n"", 1], [""最后军团的超能力步兵。\n通过精神改造可以施展超能力。\n<c6/>\n"", 1]]",,
dup:field,dup:245113b3fe63,撮り殺す\n,抓拍丑态\n,"[[""抓拍丑态\n"", 1], [""拍照杀死\\n"", 1]]",,
dup:field,dup:2518e0978298,<c5:0/><c1e:0/><c1d:11/>二人の関係<c1d:9/>\n 口より手ガ先に出る、似た者同士<c1d:1/>\n<c6/>\n,<c5:0/><c1e:0/><c1d:11/>两人的关系<c1d:9/>\n 动手比动口快，性格相似的一对<c1d:1/>\n<c6/>\n,"[[""<c5:0/><c1e:0/><c1d:11/>两人的关系<c1d:9/>\n 动手比动口快，性格相似的一对<c1d:1/>\n<c6/>\n"", 1], [""<c5:0/><c1e:0/><c1d:11/>两人的关系<c1d:9/>\n 动手比动口快的、相似的一对<c1d:1/>\n<c6/>\n"", 1]]",,
dup:field,dup:29c3fbdda6de,漢を語る\n,论男子汉\n,"[[""论男子汉\n"", 1], [""谈男子气\n"", 1]]",,
dup:field,dup:343ad73b5e03,七福神の一人 恵比寿神\n海の幸をもたらす神\n<c6/>\n,七福神之一 惠比寿神\n带来海洋物产的神\n<c6/>\n,"[[""七福神之一 惠比寿神\n带来海洋物产的神\n<c6/>\n"", 1], [""七福神之一 惠比寿神\n带来海洋恩惠的神\n<c6/>\n"", 1]]",,
dup:field,dup:3989992770fb,<c5:0/><c1e:0/>月刊クーレストの雑誌記者。\n明るく快活で、\n健康的な色気を振りまく美女。\n<c6/>\n,<c5:0/><c1e:0/>月刊Coolest的杂志记者。\n开朗活泼，\n散发着健康魅力的美女。\n<c6/>\n,"[[""<c5:0/><c1e:0/>月刊库雷斯特的杂志记者。\n开朗活泼，\n散发着健康魅力的美女。\n<c6/>\n"", 1], [""<c5:0/><c1e:0/>月刊Coolest的杂志记者。\n开朗活泼，\n散发着健康魅力的美女。\n<c6/>\n"", 1]]",,
dup:field,dup:4075a249ea0c,褒め殺す\n,捧杀\n,"[[""捧杀\n"", 1], [""赞美至死\n"", 1]]",,
dup:field,dup:5497c7186bc3,<c5:0/><c1e:0/>【飾】地属性の魔法を受けると変化\nアイテムとして使うとマハマグナの効果\n<c6/>\n,<c5:0/><c1e:0/>【饰】受到地属性魔法攻击时会变化\n作为物品使用时具有玛哈玛格纳的效果\n<c6/>\n,"[[""<c5:0/><c1e:0/>【饰】受到地属性魔法攻击时会变化\\n作为物品使用时具有哈玛玛格纳的效果\\n<c6/>\\n"", 5], [""<c5:0/><c1e:0/>【饰】受到地属性魔法攻击时会变化\\n作为物品使用时具有玛哈玛玛格纳的效果\\n<c6/>\\n"", 1]]",<c5:0/><c1e:0/>【饰】受到地属性魔法攻击时会变化\n作为物品使用时具有哈玛玛格纳的效果\n<c6/>\n,position_majority
dup:field,dup:549f429916d9,親子を語る\n,谈论亲情\n,"[[""谈论亲情\n"", 1], [""谈亲子\n"", 1]]",,
dup:field,dup:8946b443c14d,<c5:0/><c1e:0/><c1d:11/>三人の関係<c1d:9/>\n 女三人、奇妙な連帯感と、競い合う微妙な女心?<c1d:1/>\n<c6/>\n,<c5:0/><c1e:0/><c1d:11/>三人的关系<c1d:9/>\n 三个女人奇妙的团结又怀揣竞争的女性心理？<c1d:1/>\n<c6/>\n,"[[""<c5:0/><c1e:0/><c1d:11/>三人的关系<c1d:9/>\n 三个女人奇妙的团结又怀揣竞争的女性心理？<c1d:1/>\n<c6/>\n"", 1], [""<c5:0/><c1e:0/><c1d:11/>三人的关系<c1d:9/>\\n 三女奇妙团结又竞争的女心？<c1d:1/>\\n<c6/>\\n"", 1]]",,
dup:field,dup:a5ec4e739fc3,星占いをする\n,星座占卜\n,"[[""星座占卜\n"", 1], [""占星\\n"", 1]]",,
dup:field,dup:b5d9a1e8a384,<c5:0/><c1e:0/><c1d:11/>三人の関係<c1d:9/>\n 女三人、信頼しなガらも競い合う、微妙な女心?<c1d:1/>\n<c6/>\n,<c5:0/><c1e:0/><c1d:11/>三人的关系<c1d:9/>\n 三个女人互相信任又相互竞争的微妙女性心理？<c1d:1/>\n<c6/>\n,"[[""<c5:0/><c1e:0/><c1d:11/>三人的关系<c1d:9/>\n 三个女人互相信任又相互竞争的微妙女性心理？<c1d:1/>\n<c6/>\n"", 1], [""<c5:0/><c1e:0/><c1d:11/>三人的关系<c1d:9/>\\n 三女信任又竞争的女心？<c1d:1/>\\n<c6/>\\n"", 1]]",,
dup:script,dup:0044fb405f65,"
<SURNAME/>そう。
<SURNAME/>じゃあ、また噂ガ聞きたくなったら来てよ。
<SURNAME/>僕はここで、ひたすらエンガワ食べてるからさ。",\n<SURNAME/>行吧，\n<SURNAME/>那等你想听传闻的时候再来找我吧。\n<SURNAME/>我就一直坐在这儿吃鱼腩。,"[[""\n<SURNAME/>是啊。\n<SURNAME/>那，想听传闻的时候再来吧。\n<SURNAME/>我就在这儿，一直吃着鱼腩呢。"", 1], [""\n<SURNAME/>嗯。\n<SURNAME/>那，想听八卦了再来吧。\n<SURNAME/>我就一直在这儿吃鱼腩呢。"", 1], [""\n<SURNAME/>行。\n<SURNAME/>想听传闻随时来，\n<SURNAME/>老子就在这儿埋头啃鳕鱼边～"", 1], [""\n<SURNAME/>是啊。\n<SURNAME/>那，想听传闻的时候再来吧。\n<SURNAME/>我会一直在这儿吃鱼腩的。"", 1], [""\n<SURNAME/>行吧，\n<SURNAME/>那等你想听传闻的时候再来找我吧。\n<SURNAME/>我就一直坐在这儿吃鱼腩。"", 1]]",,
dup:script,dup:00c1a11bd23a,"<c1d:11/>調査報告書No.32<c1d:1/>
<SURNAME/>調査対象の素行を2週間に渡り調査した結果、
<SURNAME/>依頼者の危惧する結果は得られなかった。
","<c1d:11/>调查报告No.32<c1d:1/>
<SURNAME/>经两周跟踪调查对象品行，
<SURNAME/>未发现委托人担忧之结果。
","[[""<c1d:11/>调查报告No.32<c1d:1/>\n<SURNAME/>经过两周对调查对象的品行调查，\n<SURNAME/>未发现委托人所担忧的结果。\n"", 1], [""<c1d:11/>调查报告No.32<c1d:1/>\n<SURNAME/>经过两周对调查对象的品行调查，\n<SURNAME/>没有获得委托人担忧的结果。\n"", 1], [""<c1d:11/>调查报告No.32<c1d:1/>\n<SURNAME/>经两周跟踪调查对象品行，\n<SURNAME/>未发现委托人担忧之结果。\n"", 1]]",,
dup:script,dup:01ad6b8f612a,"
<SURNAME/>はい、では…
<SURNAME/>みなさんで1200円になりますガ…","
<SURNAME/>好的，那么…
<SURNAME/>各位一共1200日元…","[[""\n<SURNAME/>好的，那么…\n<SURNAME/>共计1200日元…"", 1], [""\n<SURNAME/>好的，那么…\n<SURNAME/>各位需支付1200日元…"", 1], [""\n<SURNAME/>好的，那么…\n<SURNAME/>各位一共1200日元…"", 1]]",,
dup:script,dup:0207377d3ae7,"
<SURNAME/>ペルソナは貴方の隠れた一面…
<SURNAME/>それに相応しい状態に変化するというわけですな。
<SURNAME/>貴方ガ武器を扱えるのも、そのせいなのです。","
<SURNAME/>Persona是您隐藏的一面…
<SURNAME/>您会变化以适应它。
<SURNAME/>您能使用武器，也因于此。","[[""\n<SURNAME/>Persona是您隐藏的一面…\n<SURNAME/>因此它会变化为与之相应的状态。\n<SURNAME/>您能使用武器，也是这个原因。"", 1], [""\n<SURNAME/>Persona是你隐藏的一面…\n<SURNAME/>你将为契合它而改变形态。\n<SURNAME/>正因如此，你才能使用武器。"", 1], [""\n<SURNAME/>Persona是您隐藏的一面…\n<SURNAME/>您会变化以适应它。\n<SURNAME/>您能使用武器，也因于此。"", 1]]",,
dup:script,dup:04ec6c3afcda,"
<SURNAME/>なんでも夢崎区のトニーの店じゃ、
<SURNAME/>本物の武器を売ってるそうッスよ。
<SURNAME/>品揃えはいいけど下取り価格ガ安いそうッス。",\n<SURNAME/>听说梦崎区的托尼的店\n<SURNAME/>在卖真武器呢。\n<SURNAME/>种类齐全，但回收价特别低就是了。,"[[""\n<SURNAME/>听说梦崎区托尼's店\n<SURNAME/>在卖真武器呢。\n<SURNAME/>品种全但回收价低。"", 1], [""\n<SURNAME/>听说在梦崎区的托尼的店，\n<SURNAME/>有卖真正的武器呢。\n<SURNAME/>据说品种齐全但回收价格低呢。"", 1], [""\n<SURNAME/>听说在梦崎区的托尼的店\n<SURNAME/>在卖真武器呢。\n<SURNAME/>品种齐全但回收价低。"", 1], [""\n<SURNAME/>听说梦崎区的托尼店\n<SURNAME/>在卖真武器呢。\n<SURNAME/>品种多但回收价低哦。"", 1], [""\n<SURNAME/>听说梦崎区的托尼的店\n<SURNAME/>在卖真武器呢。\n<SURNAME/>种类齐全，但回收价特别低就是了。"", 1]]",,
dup:script,dup:05cb7d6443e9,"
<SURNAME/>はい、いらっしゃいませ。
<SURNAME/>今日はどのような香りをお求めですか?","
<SURNAME/>您好，欢迎光临。
<SURNAME/>今天您想找什么样的香味呢？","[[""\n<SURNAME/>欢迎光临。\n<SURNAME/>今日想寻何种香气?"", 1], [""\n<SURNAME/>欢迎光临。\n<SURNAME/>今日您需要何种芬芳？"", 1], [""\n<SURNAME/>您好，欢迎光临。\n<SURNAME/>今天您想找什么样的香味呢？"", 1]]",,
dup:script,dup:05fbe998c3e2,"
<SURNAME/>僕はいつでもここにいる。
<SURNAME/>また気ガ向いたら立ち寄るといい。
<SURNAME/>ここでは、時間は意味を成さないからな。","
<SURNAME/>我随时都在这里。
<SURNAME/>有兴趣时再来吧。
<SURNAME/>在这里，时间没有意义。","[[""\n<SURNAME/>我随时都在这里。\n<SURNAME/>等你有空时再来吧。\n<SURNAME/>因为在这里，时间没有意义。"", 1], [""\n<SURNAME/>我随时都在这里。\n<SURNAME/>兴致来了就再来吧。\n<SURNAME/>在这里，时间没有意义。"", 1], [""\n<SURNAME/>我随时都在这里。\n<SURNAME/>有兴趣时再来吧。\n<SURNAME/>在这里，时间没有意义。"", 1]]",,
dup:script,dup:07acf668b3b1,"
<SURNAME/>じゃあ僕のネタ。<c1d:13/>懸賞マガジン<c1d:1/>ってあるよね?
<SURNAME/>なんでも、<c1d:13/>本物の武器や珍品<c1d:1/>ガ当たるらしいんだ。
<SURNAME/><c1d:13/>滅多に当たらないけど凄く珍しい物<c1d:1/>だって噂だよ",\n<SURNAME/>那到我说了。不是有个叫<c1d:13/>悬赏杂志<c1d:1/>的东西吗?\n<SURNAME/>我听说那个能抽中<c1d:13/>真的武器和稀有珍品<c1d:1/>哦。\n<SURNAME/><c1d:13/>虽然很难抽中，但是都很稀有<c1d:1/>呢。,"[[""\n<SURNAME/>我说个料：<c1d:13/>悬赏杂志<c1d:1/>知道吧？\n<SURNAME/>据说能抽到<c1d:13/>真武器和珍品<c1d:1/>呢。\n<SURNAME/><c1d:13/>中奖率超低但都是稀罕货<c1d:1/>哦"", 1], [""\n<SURNAME/>那我的消息。<c1d:13/>悬赏杂志<c1d:1/>有吧？\n<SURNAME/>据说能中<c1d:13/>真正的武器和珍品<c1d:1/>呢。\n<SURNAME/><c1d:13/>虽然很少中奖但东西超稀有<c1d:1/>的传闻哦。"", 1], [""\n<SURNAME/>那说我的料。<c1d:13/>悬赏杂志<c1d:1/>知道吧？\n<SURNAME/>听说能抽到<c1d:13/>真家伙和珍品<c1d:1/>哦。\n<SURNAME/><c1d:13/>虽然难中但超稀有<c1d:1/>的传闻啦。"", 1], [""\n<SURNAME/>那我的传闻。<c1d:13/>悬赏杂志<c1d:1/>你知道吧？\n<SURNAME/>听说能抽中<c1d:13/>真正的武器和珍品<c1d:1/>哦。\n<SURNAME/>虽然<c1d:13/>很难中奖但都是非常稀有的东西<c1d:1/>的传闻呢。"", 1], [""\n<SURNAME/>那到我说了。不是有个叫<c1d:13/>悬赏杂志<c1d:1/>的东西吗?\n<SURNAME/>我听说那个能抽中<c1d:13/>真的武器和稀有珍品<c1d:1/>哦。\n<SURNAME/><c1d:13/>虽然很难抽中，但是都很稀有<c1d:1/>呢。"", 1]]",,
dup:script,dup:0907aa3089a3,"
<SURNAME/>あのアニマムンディで
<SURNAME/>本物の防具ガ買えてしまうんスか?
<SURNAME/>品揃えはいいガ下取り価格ガ安いと聞いたッスガ",\n<SURNAME/>世界之灵那地方\n<SURNAME/>居然能买到真防具吗？\n<SURNAME/>听说种类很齐全，但是回收价很低就是了。,"[[""\n<SURNAME/>那个Anima Mundi\n<SURNAME/>居然能买到真防具吗？\n<SURNAME/>商品种类不错但但回收价听说低的说的说"", 1], [""\n<SURNAME/>那个阿尼玛·蒙迪\n<SURNAME/>居然能买到真防具？\n<SURNAME/>听说品种齐全但回收价低。"", 1], [""\n<SURNAME/>那个阿尼玛蒙迪\n<SURNAME/>居然能买到真防具吗？\n<SURNAME/>听说品种齐全但回收价很低。"", 1], [""\n<SURNAME/>世界之灵那地方\n<SURNAME/>居然能买到真防具吗？\n<SURNAME/>听说种类很齐全，但是回收价很低就是了。"", 1]]",,
dup:script,dup:09b8d90f3052,"
<SURNAME/>MUSESはまだ3人目を隠してるんスね。
<SURNAME/>謎に興味を抱くは人の性。<pause:15/>
<SURNAME/>上手い売り込み方をするもんッスよ。",\n<SURNAME/>MUSES还藏着第三个人呢～\n<SURNAME/>对谜题感兴趣是人的天性。<pause:15/>\n<SURNAME/>真是高明的推销方式啊～,"[[""\n<SURNAME/>MUSES还藏着第三个人呢。\n<SURNAME/>对谜团感兴趣是人之常情。<pause:15/>\n<SURNAME/>真是高明的宣传手法啊。"", 1], [""\n<SURNAME/>MUSES还在隐藏第三位成员呢。\n<SURNAME/>对谜题感兴趣是人之常情。<pause:15/>\n<SURNAME/>真是高明的营销手法呢。"", 1], [""\n<SURNAME/>缪斯还在隐瞒第三个人呢。\n<SURNAME/>人对谜题总是充满兴趣。<pause:15/>\n<SURNAME/>这宣传手法真高明啊。"", 1], [""\n<SURNAME/>MUSES还藏着第三个人呢～\n<SURNAME/>对谜题感兴趣是人的天性。<pause:15/>\n<SURNAME/>真是高明的推销方式啊～"", 1]]",,
dup:script,dup:0ba4a64bd4fe,"
<SURNAME/>繋ガりガ希薄なペルソナの場合、
<SURNAME/>貴方には扱えないかもしれません。
<SURNAME/>そう、中には降魔出来ない場合もあるのです。","
<SURNAME/>若联系稀薄，
<SURNAME/>您可能无法驾驭。
<SURNAME/>是的，有些无法降魔。","[[""\n<SURNAME/>若连接稀薄，\n<SURNAME/>您可能无法驾驭。\n<SURNAME/>是的，有些甚至无法降魔。"", 1], [""\n<SURNAME/>对于连接稀薄的Persona，\n<SURNAME/>你可能无法驾驭。\n<SURNAME/>是的，其中有些甚至无法降魔。"", 1], [""\n<SURNAME/>若联系稀薄，\n<SURNAME/>您可能无法驾驭。\n<SURNAME/>是的，有些无法降魔。"", 1]]",,
dup:script,dup:0cbc21691302,"
<SURNAME/>お、俺ぁ、親父だきゃあダメなんだ…<pause:30/>
<SURNAME/>ガキの頃から、あのダミ声でどなられると、
<SURNAME/>身体ガ固まっちまうんだよお〜",\n<SURNAME/>我、我啊，是真怕我老爸…<pause:30/>\n<SURNAME/>从小时候就这样，被他那破嗓子一吼，\n<SURNAME/>整个人身体就僵住了呀〜,"[[""\n<SURNAME/>老、老子啊，对老爸不行啊…<pause:30/>\n<SURNAME/>从小时候起，被那个沙哑的声音一吼，\n<SURNAME/>身体就僵住啦～"", 1], [""\n<SURNAME/>呜、老子就是怕老爸啊…<pause:30/>\n<SURNAME/>从小被他那破锣嗓子一吼，\n<SURNAME/>身体就僵住动不了啊〜"", 1], [""\n<SURNAME/>我、我啊，是真怕我老爸…<pause:30/>\n<SURNAME/>从小时候就这样，被他那破嗓子一吼，\n<SURNAME/>整个人身体就僵住了呀〜"", 1]]",,
dup:script,dup:0d0160329a66,"
<SURNAME/>なんでも夢崎区のトニーの店じゃ、
<SURNAME/>本物の武器を売ってるそうッスよ。
<SURNAME/>値段は安いガ、質ガ良くないそうッス。",\n<SURNAME/>听说梦崎区的托尼的店\n<SURNAME/>在卖真武器呢。\n<SURNAME/>价格便宜，但质量不行就是了。,"[[""\n<SURNAME/>听说梦崎区托尼's店\n<SURNAME/>在卖真武器呢。\n<SURNAME/>价格便宜但质量差。"", 1], [""\n<SURNAME/>听说在梦崎区的托尼的店，\n<SURNAME/>有卖真正的武器呢。\n<SURNAME/>据说价格便宜但质量不好呢。"", 1], [""\n<SURNAME/>听说在梦崎区的托尼的店\n<SURNAME/>在卖真武器呢。\n<SURNAME/>价格便宜但品质不好。"", 1], [""\n<SURNAME/>听说梦崎区的托尼店\n<SURNAME/>在卖真武器呢。\n<SURNAME/>价格便宜但质量差哦。"", 1], [""\n<SURNAME/>听说梦崎区的托尼的店\n<SURNAME/>在卖真武器呢。\n<SURNAME/>价格便宜，但质量不行就是了。"", 1]]",,
dup:script,dup:0d3083c52906,"
<SURNAME/>へぇ〜<pause:30/>
<SURNAME/>セブンスの時計ガ動くと大変な事ガ起きる?
<SURNAME/>そりゃまた、おおげさだねぇ。",\n<SURNAME/>嘿～<pause:30/>\n<SURNAME/>七姐妹的大钟动了会有大事发生?\n<SURNAME/>那也太夸张了吧。,"[[""\n<SURNAME/>诶～<pause:30/>\n<SURNAME/>七姊妹的钟动了会发生大事？\n<SURNAME/>那也太夸张了吧。"", 2], [""\n<SURNAME/>诶～<pause:30/>\n<SURNAME/>七姊妹学园的钟动了会发生大事？\n<SURNAME/>那也太夸张了吧。"", 1], [""\n<SURNAME/>嘿～<pause:30/>\n<SURNAME/>七姊妹的钟动了会发生大事？\n<SURNAME/>那也太夸张了吧。"", 1], [""\n<SURNAME/>嘿～<pause:30/>\n<SURNAME/>七姐妹的大钟动了会有大事发生?\n<SURNAME/>那也太夸张了吧。"", 1]]","
<SURNAME/>诶～<pause:30/>
<SURNAME/>七姊妹的钟动了会发生大事？
<SURNAME/>那也太夸张了吧。",position_majority
dup:script,dup:0dc98babc404,"
<SURNAME/>これも噂のせいか?<SURNAME/><pause:15/>噂ガ本当になって、
<SURNAME/>あの校長戻ってきちまったのか?<pause:15/>
<SURNAME/>おいおい…マジかよ…","
<SURNAME/>这也是传闻的错吗？<SURNAME/><pause:15/>传闻成真了，
<SURNAME/>那校长回来了吗？<pause:15/>
<SURNAME/>喂喂…真的假的…","[[""\n<SURNAME/>又是传闻搞的鬼?<SURNAME/><pause:15/>传闻成真，\n<SURNAME/>那校长真回来了?<pause:15/>\n<SURNAME/>喂喂…真的假的…"", 1], [""\n<SURNAME/>这也是传闻的错吗？<SURNAME/><pause:15/>传闻成真了，\n<SURNAME/>那个校长回来了吗？<pause:15/>\n<SURNAME/>喂喂…真的假的…"", 1], [""\n<SURNAME/>这也是传闻的错吗？<SURNAME/><pause:15/>传闻成真了，\n<SURNAME/>那校长回来了吗？<pause:15/>\n<SURNAME/>喂喂…真的假的…"", 1]]",,
dup:script,dup:0fd11b8006c1,"
<SURNAME/>聞きました?<SURNAME/>青華区のクレール・ド・リュンヌで
<SURNAME/>本物の武器を売っているそうッスよ。
<SURNAME/>品質も値段も普通なんだそうッス。",\n<SURNAME/>你听说了吗？<SURNAME/>青华区的月光之清\n<SURNAME/>在卖真武器呢。\n<SURNAME/>不过品质和价格都普普通通就是了。,"[[""\n<SURNAME/>听说了吗?<SURNAME/>在青华区的Claire de Lune，\n<SURNAME/>有卖真正的武器呢。\n<SURNAME/>据说品质和价格都普通呢。"", 1], [""\n<SURNAME/>听说了吗？<SURNAME/>青华区的克蕾尔·德·吕讷\n<SURNAME/>在卖真武器呢。\n<SURNAME/>品质和价格都普通。"", 1], [""\n<SURNAME/>听说了吗?<SURNAME/>青华区的克雷尔·德·吕讷\n<SURNAME/>在卖真武器呢。\n<SURNAME/>品质和价格都普通哦。"", 1], [""\n<SURNAME/>你听说了吗？<SURNAME/>青华区的月光之清\n<SURNAME/>在卖真武器呢。\n<SURNAME/>不过品质和价格都普普通通就是了。"", 1]]",,
dup:script,dup:109c04f6cb33,"
<SURNAME/>不甲斐ない。<pause:30/>
<SURNAME/>仮面党の頭領ガ、敵の情けを受けるのか?
",\n<SURNAME/>真没出息。<pause:30/>\n<SURNAME/>作为假面党的首领，竟接受敌人的怜悯吗?\n,"[[""\n<SURNAME/>真没出息。<pause:30/>\n<SURNAME/>作为假面党的首领、竟接受敌人的怜悯?\n"", 1], [""\n<SURNAME/>真没出息。<pause:30/>\n<SURNAME/>作为假面党的首领，竟接受敌人的怜悯吗?\n"", 1]]",,
dup:script,dup:10fcd6ac4483,"
<SURNAME/>ありガとニャー♥","
<SURNAME/>多谢惠顾喵~♥","[[""\n<SURNAME/>谢谢喵～♥"", 3], [""\n<SURNAME/>谢谢喵♥"", 2], [""\n<SURNAME/>多谢惠顾喵~♥"", 1]]","
<SURNAME/>谢谢喵～♥",position_majority
dup:script,dup:138a5d3c20d5,"
<SURNAME/>第二次世界大戦を引き起こした張本人、
<SURNAME/>今世紀最大最悪の独裁者!!<pause:30/>
<SURNAME/>それくらいは知ってるわよね?
","
<SURNAME/>引发第二次世界大战的罪魁祸首，
<SURNAME/>本世纪最大最坏的独裁者!!<pause:30/>
<SURNAME/>这点事你应该知道吧?
","[[""\n<SURNAME/>引发第二次世界大战的罪魁祸首，\n<SURNAME/>本世纪最大最坏的独裁者！！<pause:30/>\n<SURNAME/>这个你总该知道吧？\n"", 1], [""\n<SURNAME/>引发第二次世界大战的罪魁祸首，\n<SURNAME/>本世纪最大最恶的独裁者!!<pause:30/>\n<SURNAME/>这点你应该知道吧?\n"", 1], [""\n<SURNAME/>引发第二次世界大战的罪魁祸首，\n<SURNAME/>本世纪最大最坏的独裁者!!<pause:30/>\n<SURNAME/>这点事你应该知道吧?\n"", 1]]",,
dup:script,dup:14dff04dde9f,"
<SURNAME/>ラーメンしらいしのオバチャンは、
<SURNAME/>本当にロシアの女スパイだったそうっスね。",\n<SURNAME/>据说白石拉面店的那位大婶，\n<SURNAME/>真的是俄罗斯的女间谍呢～,"[[""\n<SURNAME/>拉面白石的大妈，\n<SURNAME/>听说真的是俄罗斯女间谍呢。"", 1], [""\n<SURNAME/>听说拉面白石的老板娘，\n<SURNAME/>真是俄罗斯女间谍的说呢。"", 1], [""\n<SURNAME/>听说拉面白石的大妈，\n<SURNAME/>真的是俄罗斯女间谍呢。"", 1], [""\n<SURNAME/>据说白石拉面店的那位大婶，\n<SURNAME/>真的是俄罗斯的女间谍呢～"", 1]]",,
dup:script,dup:14f5d39cdab4,"
<SURNAME/>時間城には伝説の武器という物ガあるらしいッスガ
<SURNAME/>あそこの店主、値を吊り上げる為に、
<SURNAME/>そんな物は無いと言い張っているみたいッスよ。",\n<SURNAME/>据说时间城有传说武器卖，\n<SURNAME/>但那里的店主为了抬价，\n<SURNAME/>就硬说没有那种东西。,"[[""\n<SURNAME/>时间城好像有传说武器，\n<SURNAME/>但那里的店主为了抬价，\n<SURNAME/>硬说没有那种东西。"", 1], [""\n<SURNAME/>时间城有传说武器这种东西的说\n<SURNAME/>但那里的店主，为了抬价，\n<SURNAME/>好像坚持说没有那种东西的说哦。"", 1], [""\n<SURNAME/>时间城有传说武器，\n<SURNAME/>但店主为抬价，\n<SURNAME/>硬说没有。"", 1], [""\n<SURNAME/>时间城好像有传说中的武器，\n<SURNAME/>但那里的店主为了抬价，\n<SURNAME/>硬说没有这种东西。"", 1], [""\n<SURNAME/>据说时间城有传说武器卖，\n<SURNAME/>但那里的店主为了抬价，\n<SURNAME/>就硬说没有那种东西。"", 1]]",,
dup:script,dup:18270b879da4,"
<SURNAME/>静寂…<pause:15/>このカードは、そなたガ日々と変わらず
<SURNAME/>平凡な時を過ごす事を意味している。<pause:15/>
<SURNAME/>可も無く不可も無い…しかしそれは大切な事じゃ","
<SURNAME/>静寂…<pause:15/>此牌意指，汝日复一日
<SURNAME/>度平凡时光。<pause:15/>
<SURNAME/>无甚好亦无甚坏…然此乃重要之事","[[""\n<SURNAME/>静寂…<pause:15/>此卡意味着，汝将日复一日\n<SURNAME/>度过平凡的时光。<pause:15/>\n<SURNAME/>无可无不可…但那也是重要的事啊"", 1], [""\n<SURNAME/>静寂…<pause:15/>此卡意味着，尔将如常度过\n<SURNAME/>平凡时光。<pause:15/>\n<SURNAME/>无甚可圈可点…然此乃重要之事"", 1], [""\n<SURNAME/>静寂…<pause:15/>此牌意指，汝日复一日\n<SURNAME/>度平凡时光。<pause:15/>\n<SURNAME/>无甚好亦无甚坏…然此乃重要之事"", 1]]",,
dup:script,dup:19f59f719879,"
<SURNAME/>あれっ?<pause:10/>
<SURNAME/>またハンニャ校長…","
<SURNAME/>啊咧？<pause:10/>
<SURNAME/>又是般若校长…","[[""\n<SURNAME/>咦?<pause:10/>\n<SURNAME/>又是般若校长…"", 1], [""\n<SURNAME/>咦？<pause:10/>\n<SURNAME/>又是般若校长…"", 1], [""\n<SURNAME/>啊咧？<pause:10/>\n<SURNAME/>又是般若校长…"", 1]]",,
dup:script,dup:1a739461e909,"<c1d:11/>轟<SURNAME/>大助の日記<c1d:1/>
<SURNAME/>あの美人の奥方ガ言う様な、
<SURNAME/>浮気の兆候は見られない。
<SURNAME/>大体、あんな気の弱そうな男に浮気などできまい
","<c1d:11/>轰<SURNAME/>大助日记<c1d:1/>
<SURNAME/>未见美艳夫人所述之
<SURNAME/>外遇征兆。
<SURNAME/>那般怯懦男子岂有偷情胆量
","[[""<c1d:11/>轰<SURNAME/>大助的日记<c1d:1/>\n<SURNAME/>没发现那位美人夫人所说的，\n<SURNAME/>外遇的迹象。\n<SURNAME/>大概，那种懦弱的男人也搞不了外遇吧\n"", 1], [""<c1d:11/>轰<SURNAME/>大助的日记<c1d:1/>\n<SURNAME/>没有看到那位美丽夫人所说的，\n<SURNAME/>出轨的迹象。\n<SURNAME/>大概，那种懦弱的男人不可能出轨吧\n"", 1], [""<c1d:11/>轰<SURNAME/>大助日记<c1d:1/>\n<SURNAME/>未见美艳夫人所述之\n<SURNAME/>外遇征兆。\n<SURNAME/>那般怯懦男子岂有偷情胆量\n"", 1]]",,
dup:script,dup:1ca6cebddd2f,"
<SURNAME/>私もこの連続テロの犯人は仮面党だと
<SURNAME/>思っていたッスガ、最近、若い5人組ガ
<SURNAME/>犯人だという噂も聞いたッス。真実はどっち?",\n<SURNAME/>我也以为这场连环恐怖袭击的犯人是假面党，\n<SURNAME/>但是最近又有传闻说犯人是年轻的5人组，\n<SURNAME/>到底哪个是真相啊？,"[[""\n<SURNAME/>我也以为连续恐怖袭击的犯人是假面党，\n<SURNAME/>但最近听说有传闻说是年轻的五人组\n<SURNAME/>是犯人。真相到底是哪个呢?"", 1], [""\n<SURNAME/>我也以为连续恐怖袭击的犯人是假面党，\n<SURNAME/>但最近听说，是五个年轻人干的。\n<SURNAME/>真相到底是哪个?"", 1], [""\n<SURNAME/>我也以为这场连环恐怖袭击的犯人是假面党，\n<SURNAME/>但是最近又有传闻说犯人是年轻的5人组，\n<SURNAME/>到底哪个是真相啊？"", 1]]",,
dup:script,dup:1db1bbb591de,"
<SURNAME/>パパパ、パンツ番長!
<SURNAME/>ううう、後ろ、後ろ後ろお!!
",\n<SURNAME/>内、内、内裤番长! \n<SURNAME/>后后后、后面、后面后面啊!!\n,"[[""\n<SURNAME/>内、内、内裤番长! \n<SURNAME/>后后后、后面、后面后面啊!!\n"", 1], [""\n<SURNAME/>内、内裤番长！\n<SURNAME/>后后后、后面、后面啊!!\n"", 1]]",,
dup:script,dup:1e6ffc3c4987,"
<SURNAME/>ちっきしょう!!
<SURNAME/>逃ガしてたまるかよっ!
",\n<SURNAME/>可恶!!\n<SURNAME/>怎么能逃跑呢！\n,"[[""\n<SURNAME/>可恶!! \n<SURNAME/>别想逃!\n"", 1], [""\n<SURNAME/>可恶!!\n<SURNAME/>怎么能逃跑呢！\n"", 1], [""\n<SURNAME/>可恶!!\n<SURNAME/>别想逃!\n"", 1]]",,
dup:script,dup:1f04e392fe12,"
<SURNAME/>ガはは!<SURNAME/>ついに憧れの社長職についたんですわ。
<SURNAME/>仕事なんぞ部下に任せて、こうして昼から寿司を
<SURNAME/>つまんどると、偉くなったのを実感しますなぁ!",\n<SURNAME/>哇哈哈!<SURNAME/>我终于当上了梦寐以求的社长啦。\n<SURNAME/>工作什么的都交给部下干就好，然后大白天就像这样\n<SURNAME/>坐在这吃着寿司，真真切切感受到自己出息了呢!,"[[""\n<SURNAME/>嘎哈哈!<SURNAME/>终于当上梦寐以求的社长啦。\n<SURNAME/>工作都交给手下，像这样大白天就吃寿司，\n<SURNAME/>真真切切感受到自己出息了呢!"", 1], [""\n<SURNAME/>嘎哈哈!<SURNAME/>终于当上梦寐以求的社长啦。\n<SURNAME/>工作都丢给手下，大白天就吃寿司，\n<SURNAME/>这才感觉出人头地了呢!"", 1], [""\n<SURNAME/>哈哈!<SURNAME/>终于当上梦寐以求的社长了。\n<SURNAME/>工作都交给手下，像这样大白天就吃着寿司，\n<SURNAME/>真真切切感受到自己出息了啊!"", 1], [""\n<SURNAME/>哇哈哈!<SURNAME/>我终于当上了梦寐以求的社长啦。\n<SURNAME/>工作什么的都交给部下干就好，然后大白天就像这样\n<SURNAME/>坐在这吃着寿司，真真切切感受到自己出息了呢!"", 1]]",,
dup:script,dup:203893070973,"
<SURNAME/>スマイル平坂などただの駅ビルッスよ?<pause:15/>
<SURNAME/>犯人はそんな所を爆破して、
<SURNAME/>何をするつもりッスか?",\n<SURNAME/>微笑平坂只是个车站大楼而已吧？<pause:15/>\n<SURNAME/>犯人炸掉那种地方，\n<SURNAME/>是打算干什么啊？,"[[""\n<SURNAME/>微笑平坂不过是个车站大楼而已?<pause:15/>\n<SURNAME/>犯人炸掉那种地方，\n<SURNAME/>到底想干什么呢?"", 1], [""\n<SURNAME/>微笑平坂不过是个车站大楼而已?<pause:15/>\n<SURNAME/>犯人炸那种地方，\n<SURNAME/>到底想干什么?"", 1], [""\n<SURNAME/>微笑平坂只是个车站大楼而已吧？<pause:15/>\n<SURNAME/>犯人炸掉那种地方，\n<SURNAME/>是打算干什么啊？"", 1]]",,
dup:script,dup:207765621f06,"
<SURNAME/>そこは開かないニャー♥
<SURNAME/>あきらめるニャー♥","
<SURNAME/>那里打不开喵♥
<SURNAME/>放弃吧喵♥","[[""\n<SURNAME/>那里打不开喵～♥\n<SURNAME/>放弃吧喵～♥"", 3], [""\n<SURNAME/>那里打不开喵♥\n<SURNAME/>放弃喵♥"", 1], [""\n<SURNAME/>那里打不开喵♥\n<SURNAME/>放弃吧喵♥"", 1]]","
<SURNAME/>那里打不开喵～♥
<SURNAME/>放弃吧喵～♥",position_majority
dup:script,dup:21e053fe2f8a,"
<SURNAME/>素敵な歌だね…<pause:30/>
<SURNAME/>何て言うか、魂に響いて来るような…<pause:30/>
<SURNAME/>すっごくリラックスした気分にならない?","
<SURNAME/>好棒的歌呢…<pause:30/>
<SURNAME/>怎么说呢，仿佛在灵魂中回响…<pause:30/>
<SURNAME/>不觉得心情超放松吗?","[[""\n<SURNAME/>好美的歌…<pause:30/>\n<SURNAME/>怎么说呢，直击灵魂…<pause:30/>\n<SURNAME/>不觉得超放松吗？"", 1], [""\n<SURNAME/>好棒的歌啊…<pause:30/>\n<SURNAME/>怎么说呢，仿佛触动灵魂…<pause:30/>\n<SURNAME/>不觉得非常放松吗？"", 1], [""\n<SURNAME/>好棒的歌呢…<pause:30/>\n<SURNAME/>怎么说呢，仿佛在灵魂中回响…<pause:30/>\n<SURNAME/>不觉得心情超放松吗?"", 1]]",,
dup:script,dup:226398954e21,"
<SURNAME/>クレール・ド・リュンヌで伝説の武器を売ってる
<SURNAME/>という噂を耳にしたッス。
<SURNAME/>そんな物ガ実在するんスか?",\n<SURNAME/>我听到有传闻说月光之清\n<SURNAME/>有传说武器卖。\n<SURNAME/>但是那种东西真的存在吗?,"[[""\n<SURNAME/>在Claire de Lune卖传说武器\n<SURNAME/>的传闻听说了的说。\n<SURNAME/>那种东西真的存在吗？"", 1], [""\n<SURNAME/>克雷尔·德·吕讷卖传说武器\n<SURNAME/>的传闻。\n<SURNAME/>真有那东西?"", 1], [""\n<SURNAME/>在月光听到卖传说武器\n<SURNAME/>的传闻呢。\n<SURNAME/>那种东西真的存在吗？"", 1], [""\n<SURNAME/>我听到有传闻说月光之清\n<SURNAME/>有传说武器卖。\n<SURNAME/>但是那种东西真的存在吗?"", 1]]",,
dup:script,dup:2564823a022f,"
<SURNAME/>ラジャー!
<SURNAME/>じゃあ、応募したくなったらまた来てね。","
<SURNAME/>收到!
<SURNAME/>那么想应募时再来吧。","[[""\n<SURNAME/>收到！\n<SURNAME/>那么，想应征的时候再来吧。"", 1], [""\n<SURNAME/>收到!\n<SURNAME/>那，想应募的时候再来吧。"", 1], [""\n<SURNAME/>了解！\n<SURNAME/>想申请的时候再来找我哦～"", 1], [""\n<SURNAME/>收到！\n<SURNAME/>那么，想报名的时候再来吧。"", 1], [""\n<SURNAME/>收到!\n<SURNAME/>那么想应募时再来吧。"", 1]]",,
dup:script,dup:26dd215e64ce,"
<SURNAME/>なになに、セブンスの時計台で…本物の…<pause:15/>
<SURNAME/>幽霊を見た?<SURNAME/>うわぁ僕、怪談ネタは駄目だよお。<pause:15/>
<SURNAME/>もう早々とこっちの情報話して切り上げちゃう。",\n<SURNAME/>什么什么，七姐妹的钟楼…真的…<pause:15/>\n<SURNAME/>有幽灵出现?<SURNAME/>哇啊，我，对付不来怪谈题材啊。<pause:15/>\n<SURNAME/>赶紧把这边情报说完就结束吧。,"[[""\n<SURNAME/>什么什么，在七姊妹的钟楼…真的…<pause:15/>\n<SURNAME/>看到幽灵了？<SURNAME/>哇啊我，鬼故事不行啊。<pause:15/>\n<SURNAME/>赶紧把这边情报说完就结束吧。"", 1], [""\n<SURNAME/>什么什么，在七姊妹学园的钟楼…真…<pause:15/>\n<SURNAME/>看到幽灵了？<SURNAME/>哇啊我，鬼故事不行啊。<pause:15/>\n<SURNAME/>赶紧说完这边的信息就结束吧。"", 1], [""\n<SURNAME/>什么什么，在七姊妹的钟楼…真…<pause:15/>\n<SURNAME/>看到幽灵了？<SURNAME/>哇啊我，鬼故事不行啊。<pause:15/>\n<SURNAME/>赶紧把这边情报说完就结束吧。"", 1], [""\n<SURNAME/>什么什么，在七姊妹的钟楼…真的…<pause:15/>\n<SURNAME/>看到幽灵了？<SURNAME/>哇啊，我，恐怖故事不行啊。<pause:15/>\n<SURNAME/>赶紧把这边情报说完就结束吧。"", 1], [""\n<SURNAME/>什么什么，七姐妹的钟楼…真的…<pause:15/>\n<SURNAME/>有幽灵出现?<SURNAME/>哇啊，我，对付不来怪谈题材啊。<pause:15/>\n<SURNAME/>赶紧把这边情报说完就结束吧。"", 1]]",,
dup:script,dup:2a923e5ec41f,"
<SURNAME/>なんでも夢崎区のトニーの店じゃ、
<SURNAME/>本物の武器を売ってるそうッスよ。
<SURNAME/>品質も値段も、まあ普通なのだそうッス。",\n<SURNAME/>听说梦崎区的托尼的店\n<SURNAME/>在卖真武器呢。\n<SURNAME/>品质和价格都普普通通就是了。,"[[""\n<SURNAME/>听说梦崎区托尼's店\n<SURNAME/>在卖真武器呢。\n<SURNAME/>品质价格都算普通。"", 1], [""\n<SURNAME/>听说在梦崎区的托尼的店，\n<SURNAME/>有卖真正的武器呢。\n<SURNAME/>据说品质和价格都还算普通呢。"", 1], [""\n<SURNAME/>听说在梦崎区的托尼的店\n<SURNAME/>在卖真武器呢。\n<SURNAME/>品质和价格都算普通。"", 1], [""\n<SURNAME/>听说梦崎区的托尼店\n<SURNAME/>在卖真武器呢。\n<SURNAME/>品质和价格都还行哦。"", 1], [""\n<SURNAME/>听说梦崎区的托尼的店\n<SURNAME/>在卖真武器呢。\n<SURNAME/>品质和价格都普普通通就是了。"", 1]]",,
dup:script,dup:2a930056995d,"
<SURNAME/>懸賞マガジンの懸賞に当たると本物の武器やら
<SURNAME/>道具ガ届いてしまうそうッスね。
<SURNAME/>なかなか当たらないガ、良いものガ届くそうッス",\n<SURNAME/>我听说，要是中了悬赏杂志上的奖的话，\n<SURNAME/>会送来真武器和道具呢。\n<SURNAME/>虽然中奖率很低，但送来的都是好东西呢。,"[[""\n<SURNAME/>听说中了悬赏杂志的奖，\n<SURNAME/>真品武器和道具就会送上门呢。\n<SURNAME/>虽然很难中，但送来的东西不错。"", 1], [""\n<SURNAME/>抽中Kensho Magazine的奖品\n<SURNAME/>真武器和道具就会送到的说呢。\n<SURNAME/>虽然难中，但听说会送来好东西的说"", 1], [""\n<SURNAME/>听说中奖杂志的奖品是真武器或\n<SURNAME/>道具会寄来。\n<SURNAME/>虽难中，但东西不错。"", 1], [""\n<SURNAME/>悬赏杂志中奖的话真武器\n<SURNAME/>和道具就会送来呢。\n<SURNAME/>虽难中奖，但据说东西不错哦。"", 1], [""\n<SURNAME/>我听说，要是中了悬赏杂志上的奖的话，\n<SURNAME/>会送来真武器和道具呢。\n<SURNAME/>虽然中奖率很低，但送来的都是好东西呢。"", 1]]",,
dup:script,dup:2ac05a627ca9,"
<SURNAME/>夢崎区の<c1d:13/>トニーの店<c1d:1/>で、<c1d:13/>本物の武器<c1d:1/>ガ買えるって
<SURNAME/>噂ガあるんだよ。ついでに言うと、<c1d:13/>値段は安いけど
<SURNAME/>質ガ良くない<c1d:1/>んだってさ。<pause:15/>どう?<SURNAME/>凄いだろ?","
<SURNAME/>有传闻说在梦崎区的<c1d:13/>托尼的店<c1d:1/>能买到
<SURNAME/><c1d:13/>真武器<c1d:1/>。顺便一提，<c1d:13/>价格便宜但
<SURNAME/>质量不好<c1d:1/>哦。<pause:15/>怎样?<SURNAME/>厉害吧?","[[""\n<SURNAME/>在梦崎区的<c1d:13/>托尼的店<c1d:1/>，能买到<c1d:13/>真武器<c1d:1/>的\n<SURNAME/>传闻哦。顺便说，<c1d:13/>价格便宜但\n<SURNAME/>质量不好<c1d:1/>啦。<pause:15/>怎样？<SURNAME/>厉害吧？"", 1], [""\n<SURNAME/>在梦崎区的<c1d:13/>托尼的店<c1d:1/>，能买到<c1d:13/>真武器<c1d:1/>的\n<SURNAME/>传闻有哦。顺便说，<c1d:13/>价格便宜但\n<SURNAME/>质量不好<c1d:1/>的样子。<pause:15/>怎样？<SURNAME/>厉害吧？"", 1], [""\n<SURNAME/>有传闻说在梦崎区的<c1d:13/>托尼的店<c1d:1/>能买到<c1d:13/>真武器<c1d:1/>。\n<SURNAME/>顺便一提，<c1d:13/>价格便宜但质量不咋地<c1d:1/>。<pause:15/>怎么样？厉害吧？"", 1], [""\n<SURNAME/>有传闻说在梦崎区的<c1d:13/>托尼的店<c1d:1/>能买到\n<SURNAME/><c1d:13/>真武器<c1d:1/>。顺便一提，<c1d:13/>价格便宜但\n<SURNAME/>质量不好<c1d:1/>哦。<pause:15/>怎样?<SURNAME/>厉害吧?"", 1]]",,
dup:script,dup:2b51969f3d9f,"
<SURNAME/>そ、そこにいた社長の旦那ガよ、
<SURNAME/>外に飛び出して行っちまったんだ。<pause:15/>
<SURNAME/>まさかあの連中と、やりあうつもりなのか?",\n<SURNAME/>刚、刚才在那坐着的社长大叔，\n<SURNAME/>冲到外面去了。<pause:15/>\n<SURNAME/>难不成他要和那群家伙干架吗?,"[[""\n<SURNAME/>刚、刚才还在那儿的社长先生，\n<SURNAME/>冲到外面去了。<pause:15/>\n<SURNAME/>难不成他打算和那帮家伙干一架?"", 1], [""\n<SURNAME/>刚、刚才在那儿的社长大叔啊，\n<SURNAME/>冲出去了。<pause:15/>\n<SURNAME/>该不会是想跟那帮家伙干架吧?"", 1], [""\n<SURNAME/>刚、刚才在那坐着的社长大叔，\n<SURNAME/>冲到外面去了。<pause:15/>\n<SURNAME/>难不成他要和那群家伙干架吗?"", 1]]",,
dup:script,dup:2f9427893591,"
<SURNAME/>聞けば、ラーメンしらいしで、伝説の武器を
<SURNAME/>売ってるそうじゃないッスか。
<SURNAME/>一体、どんな武器なんスかねぇ。",\n<SURNAME/>我听说白石拉面店在卖\n<SURNAME/>传说武器，\n<SURNAME/>那到底是什么样的武器啊？,"[[""\n<SURNAME/>听说在拉面白石，\n<SURNAME/>有卖传说武器不是吗？\n<SURNAME/>到底是什么武器呢？"", 1], [""\n<SURNAME/>听说在Ramen Shiraishi，\n<SURNAME/>在卖传说武器的说不是吗？\n<SURNAME/>到底是什么武器呢的说。"", 1], [""\n<SURNAME/>听说在拉面白石，\n<SURNAME/>在卖传说中的武器，不是吗？\n<SURNAME/>到底是什么样的武器呢？"", 1], [""\n<SURNAME/>听说拉面白石在卖\n<SURNAME/>传说武器呢。\n<SURNAME/>到底是什么武器啊？"", 1], [""\n<SURNAME/>我听说白石拉面店在卖\n<SURNAME/>传说武器，\n<SURNAME/>那到底是什么样的武器啊？"", 1]]",,
dup:script,dup:3358e15cfd25,"
<SURNAME/>学生達の間で、新へッドは栄吉より弱かったのだと
<SURNAME/>軒並み噂されているようなのですガ…
<SURNAME/>栄吉とか、その新へッドって誰なんス?",\n<SURNAME/>在学生群体里头，四处在传\n<SURNAME/>新头目比荣吉还弱的传闻呢…\n<SURNAME/>可是荣吉是谁？还有那个新头目又是谁啊？,"[[""\n<SURNAME/>在学生之间，好像到处都在传闻新头目比荣吉弱…\n<SURNAME/>那个荣吉啊、新头目啊，到底是谁啊？"", 1], [""\n<SURNAME/>在学生之间，传闻说新头目比荣吉还弱\n<SURNAME/>到处都在传呢…\n<SURNAME/>荣吉和那个新头目是谁啊？"", 1], [""\n<SURNAME/>学生们之间都在传，新老大比荣吉还弱，\n<SURNAME/>到处都这么说…\n<SURNAME/>荣吉是谁？那个新老大又是谁啊？"", 1], [""\n<SURNAME/>在学生群体里头，四处在传\n<SURNAME/>新头目比荣吉还弱的传闻呢…\n<SURNAME/>可是荣吉是谁？还有那个新头目又是谁啊？"", 1]]",,
dup:script,dup:3458da7d33f6,"
<SURNAME/>キミもそうだろう?<SURNAME/><c12/>。
<SURNAME/>初めて会う人のはずなんだけどね…<pause:30/>
<SURNAME/>ひょっとして、これガ運命のラブってやつかい?",\n<SURNAME/>你也有同感吧？<SURNAME/><c12/>。\n<SURNAME/>明明是第一次见面…<pause:30/>\n<SURNAME/>莫非，这就是命运的love？,"[[""\n<SURNAME/>你也有同感吧？<SURNAME/><c12/>。\n<SURNAME/>明明是第一次见面…<pause:30/>\n<SURNAME/>莫非，这就是命运的love？"", 1], [""\n<SURNAME/>你也这样吧?<SURNAME/><c12/>。\n<SURNAME/>明明是第一次见面的人…<pause:30/>\n<SURNAME/>莫非，这就是命运之爱吗?"", 1], [""\n<SURNAME/>你也这么觉得吧？<SURNAME/><c12/>。\n<SURNAME/>明明是第一次见面的人呢…<pause:30/>\n<SURNAME/>莫非，这就是所谓的命运之爱吗？"", 1]]",,
dup:script,dup:352b907fdbed,"
<SURNAME/>なんでも蓮華台の時間城で本物の武器を売っている
<SURNAME/>そうッスよ。物騒な話ッスねぇ。
<SURNAME/>なんでも品質は良いガ値段ガ高いそうッス。",\n<SURNAME/>我听说莲华台的时间城在卖真武器。\n<SURNAME/>真是个危险的话题啊。\n<SURNAME/>据说品质很好，不过价格也很贵就是了。,"[[""\n<SURNAME/>听说莲华台时间城在卖\n<SURNAME/>真武器呢。真危险啊。\n<SURNAME/>据说品质好但价格高。"", 1], [""\n<SURNAME/>听说在莲华台的时间城，有卖真正的武器\n<SURNAME/>呢。真是危险的话题呢。\n<SURNAME/>据说品质好但价格高呢。"", 1], [""\n<SURNAME/>听说在莲华台的时间城在卖真武器\n<SURNAME/>是啊。真是危险的话题呢。\n<SURNAME/>据说品质好但价格高。"", 1], [""\n<SURNAME/>听说莲华台的时间城在卖真\n<SURNAME/>武器呢。真危险哦。\n<SURNAME/>品质好但价格高呢。"", 1], [""\n<SURNAME/>我听说莲华台的时间城在卖真武器。\n<SURNAME/>真是个危险的话题啊。\n<SURNAME/>据说品质很好，不过价格也很贵就是了。"", 1]]",,
dup:script,dup:362586cec4f8,"
<SURNAME/><c1d:9/>地は<SURNAME/>風に削られ<SURNAME/>水を育み
<SURNAME/>水は<SURNAME/>地に沿って流れ<SURNAME/>火を制す<c1d:1/>
",\n<SURNAME/><c1d:9/>地受<SURNAME/>风蚀而<SURNAME/>育水\n<SURNAME/>水沿<SURNAME/>地流淌<SURNAME/>制火<c1d:1/>\n,"[[""\n<SURNAME/><c1d:9/>地受<SURNAME/>风蚀而<SURNAME/>育水\n<SURNAME/>水沿<SURNAME/>地流淌<SURNAME/>制火<c1d:1/>\n"", 5], [""\n<SURNAME/><c1d:9/>地受<SURNAME/>风削蚀<SURNAME/>育水\n<SURNAME/>水沿<SURNAME/>地流淌<SURNAME/>制火<c1d:1/>\n"", 1], [""\n<SURNAME/><c1d:9/>地被<SURNAME/>风削蚀<SURNAME/>孕育水\n<SURNAME/>水沿<SURNAME/>地流淌<SURNAME/>抑制火<c1d:1/>\n"", 1], [""\n<SURNAME/><c1d:9/>地受风削<SURNAME/>滋养水\n<SURNAME/>水沿地流<SURNAME/>制约火<c1d:1/>\n"", 1]]","
<SURNAME/><c1d:9/>地受<SURNAME/>风蚀而<SURNAME/>育水
<SURNAME/>水沿<SURNAME/>地流淌<SURNAME/>制火<c1d:1/>
",position_majority
dup:script,dup:36df439039e9,"
<SURNAME/>噂のネタガ聞けるのは嬉しいんだけど、どうも武器
<SURNAME/>とか防具とか物騒な話ガ多くて嫌だね。
<SURNAME/>噂になるって事は、みんな武器ガ欲しいのかな?",\n<SURNAME/>虽然能听到各种各样的传闻是很开心了，但是\n<SURNAME/>像是武器啊防具啊这类危险话题也太多了，听都听烦了。\n<SURNAME/>既然能成传闻，难不成大家都想买武器吗?,"[[""\n<SURNAME/>听八卦是开心，但总是什么武器\n<SURNAME/>防具的危险话题，真烦。\n<SURNAME/>传这些…是大家都想要武器吗？"", 1], [""\n<SURNAME/>能听到八卦是挺开心的，但老是武器\n<SURNAME/>啊防具啊这些危险话题，真讨厌。\n<SURNAME/>会变成传闻，说明大家都想要武器吗？"", 1], [""\n<SURNAME/>听料是开心啦，但老是什么武器\n<SURNAME/>防具的危险话题，烦死了。\n<SURNAME/>传这些…大伙儿都想要家伙？"", 1], [""\n<SURNAME/>虽然能听到各种各样的传闻是很开心了，但是\n<SURNAME/>像是武器啊防具啊这类危险话题也太多了，听都听烦了。\n<SURNAME/>既然能成传闻，难不成大家都想买武器吗?"", 1]]",,
dup:script,dup:37c8635f0c26,"
<SURNAME/>ジュン!!
<SURNAME/>きみも、なんか言えよお!!
<SURNAME/>お姉ちゃんと、はなれちゃっていいのかよお!?
",\n<SURNAME/>淳!!\n<SURNAME/>你也说点什么啊!!\n<SURNAME/>和大姐姐分开，真的好吗!?\n,"[[""\n<SURNAME/>淳!!\n<SURNAME/>你也说点什么啊!!\n<SURNAME/>和大姐姐分开，真的好吗!?\n"", 1], [""\n<SURNAME/>淳!!\n<SURNAME/>你也说点啥啊!\n<SURNAME/>和姐姐分开，真的好吗!?\n"", 1]]",,
dup:script,dup:3820dce5e55a,"
<SURNAME/>先生だったら、
<SURNAME/>さっき駐輪場の方に行くの見ましたよ。<pause:15/>
<SURNAME/>まだそこにいるんじゃないですか?","
<SURNAME/>老师的话，
<SURNAME/>刚才看到往停车场方向去了。<pause:15/>
<SURNAME/>应该还在那儿吧?","[[""\n<SURNAME/>如果是老师的话，\n<SURNAME/>刚才看到往自行车存车处去了。<pause:15/>\n<SURNAME/>应该还在那儿吧？"", 1], [""\n<SURNAME/>老师的话，\n<SURNAME/>刚才看到往存车处方向去了。<pause:15/>\n<SURNAME/>应该还在那儿吧?"", 1]]",,
dup:script,dup:38e1345a9ba6,"
<SURNAME/>聞きました?<SURNAME/>春日山高校には
<SURNAME/>妖怪のブキミちゃんガ出るそうッスよ。
<SURNAME/>マスカレードといい、賑やかな学校ッス。",\n<SURNAME/>你听说了吗？<SURNAME/>春日山高中有\n<SURNAME/>妖怪诡异酱出没哦。\n<SURNAME/>先是假面党，然后是这个，真是个热闹的学校啊。,"[[""\n<SURNAME/>听说了吗？<SURNAME/>春日山高中好像会出没叫“恐怖子”的妖怪哦。\n<SURNAME/>假面舞会也好，真是热闹的学校。"", 1], [""\n<SURNAME/>听说了吗?<SURNAME/>在春日山高中\n<SURNAME/>有妖怪诡异酱出现呢。\n<SURNAME/>又是假面舞会，真是个热闹的学校呢。"", 1], [""\n<SURNAME/>听说了吗？<SURNAME/>春日山高中有\n<SURNAME/>妖怪布基米酱会出现哦。\n<SURNAME/>还有假面党，真是个热闹的学校呢。"", 1], [""\n<SURNAME/>听说了吗?<SURNAME/>春日山高中有\n<SURNAME/>妖怪布基米酱出没呢。\n<SURNAME/>假面舞会也是，真热闹的学校哦。"", 1], [""\n<SURNAME/>你听说了吗？<SURNAME/>春日山高中有\n<SURNAME/>妖怪诡异酱出没哦。\n<SURNAME/>先是假面党，然后是这个，真是个热闹的学校啊。"", 1]]",,
dup:script,dup:3a232842d9e7,"<c1d:11/>調査報告書No.32<c1d:1/>
<SURNAME/>対象ガ職場外で接触したのは、
<SURNAME/>岡村という同僚教諭と須藤という生徒のみであり、
<SURNAME/>岡村との間にも、男女の関係は見られなかった。
","<c1d:11/>调查报告No.32<c1d:1/>
<SURNAME/>对象于职场外接触者，
<SURNAME/>仅同事冈村教师与须藤学生二人，
<SURNAME/>与冈村间亦未见男女关系迹象。
","[[""<c1d:11/>调查报告No.32<c1d:1/>\n<SURNAME/>对象在职场外接触的，\n<SURNAME/>只有名为冈村的同事教师和须藤这名学生，\n<SURNAME/>与冈村之间也未发现男女关系。\n"", 1], [""<c1d:11/>调查报告No.32<c1d:1/>\n<SURNAME/>对象在职场外接触的，\n<SURNAME/>只有名为冈村的同事教师和名为须藤的学生，\n<SURNAME/>与冈村之间也没有男女关系。\n"", 1], [""<c1d:11/>调查报告No.32<c1d:1/>\n<SURNAME/>对象于职场外接触者，\n<SURNAME/>仅同事冈村教师与须藤学生二人，\n<SURNAME/>与冈村间亦未见男女关系迹象。\n"", 1]]",,
dup:script,dup:3a6d90333fd2,"
<SURNAME/>冴子先生は、こんな指示に従う人じゃない。<pause:30/>
<SURNAME/>筋ガ通らなきゃ、
<SURNAME/>相手ガ文部大臣だろうガブっ飛ばす人なんだ。",\n<SURNAME/>冴子老师才不是会服从这种指示的人。<pause:30/>\n<SURNAME/>要是说不通的话， \n<SURNAME/>管他是文部大臣也照揍不误。,"[[""\n<SURNAME/>冴子老师才不是会服从这种指示的人。<pause:30/>\n<SURNAME/>要是说不通的话， \n<SURNAME/>管他是文部大臣也照揍不误。"", 1], [""\n<SURNAME/>冴子老师不是会服从这种命令的人。<pause:30/>\n<SURNAME/>要是道理讲不通，\n<SURNAME/>就算对方是文部大臣她也照揍不误。"", 1]]",,
dup:script,dup:3ae4e6afe13f,"
<SURNAME/>やあ。また来たね?
<SURNAME/>僕は今日も絶好調さ。
<SURNAME/>ノット、膨満感だね。","
<SURNAME/>呀。又来了?
<SURNAME/>我今天也状态绝佳。
<SURNAME/>Not，没有饱腹感呢。","[[""\n<SURNAME/>呀。又来了？\n<SURNAME/>我今天也状态绝佳。\n<SURNAME/>不，是饱腹感呢。"", 2], [""\n<SURNAME/>呀。又来了?\n<SURNAME/>我今天也绝佳状态。\n<SURNAME/>没有腹胀感呢。"", 1], [""\n<SURNAME/>呀。又来了?\n<SURNAME/>我今天也状态绝佳。\n<SURNAME/>Not，有点胀气呢。"", 1], [""\n<SURNAME/>呀。又来了?\n<SURNAME/>我今天也状态绝佳。\n<SURNAME/>Not，没有饱腹感呢。"", 1]]","
<SURNAME/>呀。又来了？
<SURNAME/>我今天也状态绝佳。
<SURNAME/>不，是饱腹感呢。",position_majority
dup:script,dup:3b8f5229fbcd,"
<SURNAME/>ううう…<pause:15/>恐ろしい話を聞いたッス…<pause:15/>
<SURNAME/>ク…クダンの…クダンガ廃工場に…<pause:15/>
<SURNAME/>ああっ、もうこれ以上思い出したくないッス!",\n<SURNAME/>呜呜…<pause:15/>我听到了超可怕的事情…<pause:15/>\n<SURNAME/>件…件…件在废工厂里…<pause:15/>\n<SURNAME/>啊啊，我再也不想回忆了！,"[[""\n<SURNAME/>呜呜…<pause:15/>听到个恐怖传闻…<pause:15/>\n<SURNAME/>断…断头台…在废工厂…<pause:15/>\n<SURNAME/>啊啊！不想再回忆了！"", 1], [""\n<SURNAME/>呜呜…<pause:15/>听到了可怕的故事呢…<pause:15/>\n<SURNAME/>橱…橱柜的…橱柜在废弃工厂…<pause:15/>\n<SURNAME/>啊啊，再也不想回忆起来了呢!"", 1], [""\n<SURNAME/>呜呜…<pause:15/>听说了可怕的事…<pause:15/>\n<SURNAME/>九…件的…件在废弃工厂…<pause:15/>\n<SURNAME/>啊啊，再也不想回忆起来了！"", 1], [""\n<SURNAME/>呜呜…<pause:15/>听到了可怕的事…<pause:15/>\n<SURNAME/>库…库丹的…库丹在废弃工厂…<pause:15/>\n<SURNAME/>啊，再也不想回忆了!"", 1], [""\n<SURNAME/>呜呜…<pause:15/>我听到了超可怕的事情…<pause:15/>\n<SURNAME/>件…件…件在废工厂里…<pause:15/>\n<SURNAME/>啊啊，我再也不想回忆了！"", 1]]",,
dup:script,dup:414b56678b56,"
<SURNAME/>さ〜て、
<SURNAME/>校長先生、予想通り動き出したわよ。<pause:30/>
<SURNAME/>さ、早く鍵を見つけて、時計台へレッツらゴー!",\n<SURNAME/>好啦～ \n<SURNAME/>校长先生，如我所料的行动了呢。<pause:30/>\n<SURNAME/>快找钥匙，去钟楼！Let's go！,"[[""\n<SURNAME/>好啦～ \n<SURNAME/>校长先生，如我所料的行动了呢。<pause:30/>\n<SURNAME/>快找钥匙，去钟楼！Let's go！"", 1], [""\n<SURNAME/>那么〜，\n<SURNAME/>校长果然如预料行动了哦。<pause:30/>\n<SURNAME/>赶紧找到钥匙，然后向着钟楼Let's Goー!"", 1]]",,
dup:script,dup:4259e538eb63,"
<SURNAME/>なんでも夢崎区のトニーの店じゃ、
<SURNAME/>本物の武器を売ってるそうッスよ。
<SURNAME/>品質はいいけど、値段ガ高いそうッス。",\n<SURNAME/>听说梦崎区的托尼的店\n<SURNAME/>在卖真武器呢。\n<SURNAME/>品质不错，但价格也很高就是了。,"[[""\n<SURNAME/>听说梦崎区托尼's店\n<SURNAME/>在卖真武器呢。\n<SURNAME/>品质好但价格高。"", 1], [""\n<SURNAME/>听说在梦崎区的托尼的店，\n<SURNAME/>有卖真正的武器呢。\n<SURNAME/>据说品质好但价格高呢。"", 1], [""\n<SURNAME/>听说在梦崎区的托尼的店\n<SURNAME/>在卖真武器呢。\n<SURNAME/>品质好但价格高。"", 1], [""\n<SURNAME/>听说梦崎区的托尼店\n<SURNAME/>在卖真武器呢。\n<SURNAME/>品质好但价格高哦。"", 1], [""\n<SURNAME/>听说梦崎区的托尼的店\n<SURNAME/>在卖真武器呢。\n<SURNAME/>品质不错，但价格也很高就是了。"", 1]]",,
dup:script,dup:44e8069a8e0b,"
<SURNAME/>ユッキーやっるう!!
<SURNAME/>よ〜し私も負けないわよお!","
<SURNAME/>达哉超棒！！
<SURNAME/>好～的我也不能输哟！","[[""\n<SURNAME/>小雪好厉害!!\n<SURNAME/>好〜我也不能输哦！"", 1], [""\n<SURNAME/>小雪超棒！！\n<SURNAME/>好～的我也不能输哟！"", 1]]",,
dup:script,dup:44fc740cbfb4,"
<SURNAME/>これよりしばしの間、そなたの積極的な態度ガ、
<SURNAME/>新たな感情の芽生えと意志の疎通を呼び、いかなる
<SURNAME/>交渉ごとも円滑に、進める事ガできようぞ。","
<SURNAME/>此后片刻，汝之积极态度，
<SURNAME/>将唤起新感情萌芽与意志沟通，任何
<SURNAME/>谈判皆可圆滑推进矣。","[[""\n<SURNAME/>从今往后一段时间，汝的积极态度，\n<SURNAME/>将唤起新感情的萌芽和意志的沟通，任何\n<SURNAME/>交涉都能顺利推进吧。"", 1], [""\n<SURNAME/>此后片刻，汝之积极态度，\n<SURNAME/>将唤起新情愫与意志相通，任何\n<SURNAME/>谈判皆可顺畅推进。"", 1], [""\n<SURNAME/>此后片刻，汝之积极态度，\n<SURNAME/>将唤起新感情萌芽与意志沟通，任何\n<SURNAME/>谈判皆可圆滑推进矣。"", 1]]",,
dup:script,dup:47d1071ac456,"
<SURNAME/>時は再び動き出した…<pause:30/>
<SURNAME/>夢を告げる鐘の音を聞け!
",\n<SURNAME/>时间已再度开始流动…<pause:30/>\n<SURNAME/>聆听这宣告梦想的钟声吧!,"[[""\n<SURNAME/> 时间已再度开始流动…<pause:30/> \n<SURNAME/>聆听这宣告梦想的钟声吧!\n"", 1], [""\n<SURNAME/>时间已再度开始流动…<pause:30/>\n<SURNAME/>倾听宣告梦想的钟声!\n"", 1]]",,
dup:script,dup:48e528188b67,"
<SURNAME/>ペルソナは、
<SURNAME/>その種類によって持っている能力ガ違います。
<SURNAME/>メリットだけでなくデメリットもありますぞ。","
<SURNAME/>Persona，
<SURNAME/>类型不同能力各异。
<SURNAME/>不仅有优点，也有缺点。","[[""\n<SURNAME/>Persona，\n<SURNAME/>根据其种类，拥有的能力不同。\n<SURNAME/>不仅有优点，也有缺点。"", 1], [""\n<SURNAME/>Persona因种类不同，\n<SURNAME/>能力也各异。\n<SURNAME/>既有优势亦有缺陷。"", 1], [""\n<SURNAME/>Persona，\n<SURNAME/>类型不同能力各异。\n<SURNAME/>不仅有优点，也有缺点。"", 1]]",,
dup:script,dup:4dded04c932d,"
<SURNAME/>アレは、シバルバーへの鍵であり、動力源!!
<SURNAME/>シバルバーとイデアルエナジーを制する者ガ、
<SURNAME/>人類の歴史を制するのよ!!
","
<SURNAME/>那是通往希巴尔巴的钥匙，也是动力源!!
<SURNAME/>掌控希巴尔巴和理想能量的人，
<SURNAME/>就能掌控人类历史!!
","[[""\n<SURNAME/>那是通往希巴尔巴的钥匙，也是动力源！！\n<SURNAME/>控制希巴尔巴和理想能量的人，\n<SURNAME/>就能掌控人类的历史！！\n"", 1], [""\n<SURNAME/>那是通往希巴尔巴的钥匙，也是动力源!!\n<SURNAME/>掌控希巴尔巴和理想能量的人，\n<SURNAME/>就能掌控人类的历史!!\n"", 1], [""\n<SURNAME/>那是通往希巴尔巴的钥匙，也是动力源!!\n<SURNAME/>掌控希巴尔巴和理想能量的人，\n<SURNAME/>就能掌控人类历史!!\n"", 1]]",,
dup:script,dup:4eb4b6f7b467,"
<SURNAME/>港南区のジヨリーロジャーで
<SURNAME/>本物の武器を売っているらしいッスよ。
<SURNAME/>品質も値段もまあ普通だそうッス。",\n<SURNAME/>据说港南区的海盗旗咖啡店\n<SURNAME/>好像在卖真武器呢。\n<SURNAME/>不过品质和价格都普普通通就是了。,"[[""\n<SURNAME/>港南区Jolly Roger\n<SURNAME/>在卖真武器呢。\n<SURNAME/>品质价格都算普通。"", 1], [""\n<SURNAME/>在港南区的Jolly Roger，\n<SURNAME/>似乎有卖真正的武器呢。\n<SURNAME/>据说品质和价格都还算普通呢。"", 1], [""\n<SURNAME/>港南区的快乐罗杰\n<SURNAME/>似乎在卖真武器呢。\n<SURNAME/>品质和价格都算普通。"", 1], [""\n<SURNAME/>在港南区的乔利罗杰\n<SURNAME/>好像在卖真武器哦。\n<SURNAME/>质量和价格据说还算普通。"", 1], [""\n<SURNAME/>据说港南区的海盗旗咖啡店\n<SURNAME/>好像在卖真武器呢。\n<SURNAME/>不过品质和价格都普普通通就是了。"", 1]]",,
dup:script,dup:4f71ddf0a646,"
<SURNAME/>ブラックジャック
<SURNAME/>「JOIN<SURNAME/>FORCES」ガある。","
<SURNAME/>二十一点
<SURNAME/>「JOIN<SURNAME/>FORCES」有。","[[""\n<SURNAME/>Black Jack\n<SURNAME/>「JOIN<SURNAME/>FORCES」有。"", 1], [""\n<SURNAME/>二十一点\n<SURNAME/>「JOIN<SURNAME/>FORCES」"", 1], [""\n<SURNAME/>二十一点\n<SURNAME/>「JOIN<SURNAME/>FORCES」有。"", 1]]",,
dup:script,dup:50f9650645ee,"
<SURNAME/>葛華探偵事務所の招きネコガ、言華を話すのか?
<SURNAME/>ははは、女の子ガ喜びそうなネタだな。
<SURNAME/>まぁいいだろう。ではこちらのネタだ。","
<SURNAME/>葛华侦探事务所的招财猫会说话？
<SURNAME/>哈哈哈，这料女孩子会喜欢吧。
<SURNAME/>嘛好吧。那么来分享这边的料。","[[""\n<SURNAME/>葛叶侦探事务所的招财猫会说话？\n<SURNAME/>哈哈，女孩子会喜欢的料呢。\n<SURNAME/>嘛，好吧。那分享这边的料。"", 1], [""\n<SURNAME/>葛叶侦探事务所的招财猫会说话？\n<SURNAME/>哈哈哈，这料女孩子会喜欢吧。\n<SURNAME/>嘛好吧。那么来分享这边的料。"", 1]]",,
dup:script,dup:5108dcc1a4df,"
<SURNAME/>へぇ、カス校番長ガバンドを作ろうとしてるの。
<SURNAME/>それで、ヴォーカルだけは自分ガやるって?
<SURNAME/>ふふふ、そういう話、よく聞くよねぇ。",\n<SURNAME/>嘿~渣高的番长想组乐队，\n<SURNAME/>而且还非得自己当主唱?\n<SURNAME/>呵呵，我经常听说这事呢。,"[[""\n<SURNAME/>嚯？渣校番长要组乐队啊。\n<SURNAME/>还非要自己当主唱？\n<SURNAME/>呵呵，这种事儿见多了。"", 1], [""\n<SURNAME/>哦，渣校番长要组乐队啊。\n<SURNAME/>然后主唱要自己来？\n<SURNAME/>呵呵，这种话经常听到呢。"", 1], [""\n<SURNAME/>嘿～渣校番长要组乐队啊。\n<SURNAME/>还非要自己当主唱？\n<SURNAME/>呵呵，这种事儿听多了～"", 1], [""\n<SURNAME/>哦，渣校的番长要组乐队啊。\n<SURNAME/>然后，主唱非要自己来？\n<SURNAME/>呵呵，这种故事，经常听说呢。"", 1], [""\n<SURNAME/>嘿~渣高的番长想组乐队，\n<SURNAME/>而且还非得自己当主唱?\n<SURNAME/>呵呵，我经常听说这事呢。"", 1]]",,
dup:script,dup:527bf84590dc,"
<SURNAME/>君って、いろいろネタを持ってるみたいだね。<pause:15/>
<SURNAME/>僕も新しいネタ仕入れとくからさ。
<SURNAME/>その時はまた、交換しようよ。",\n<SURNAME/>你好像掌握了很多传闻呢。<pause:15/>\n<SURNAME/>我也会搞点新消息。\n<SURNAME/>到时再交换吧。,"[[""\n<SURNAME/>你好像有很多消息呢。<pause:15/>\n<SURNAME/>我也会去搞点新消息。\n<SURNAME/>到时候再交换吧。"", 1], [""\n<SURNAME/>你小子料不少嘛～<pause:15/>\n<SURNAME/>我也去搞点新料，\n<SURNAME/>到时候再交换呗。"", 1], [""\n<SURNAME/>你好像掌握了很多传闻呢。<pause:15/>\n<SURNAME/>我也会搞点新消息。\n<SURNAME/>到时再交换吧。"", 1]]",,
dup:script,dup:529860499fa2,"
<SURNAME/>1989年<SURNAME/>□月□□日<SURNAME/>雨
<SURNAME/>本日で、橿原の調査も終了。
<SURNAME/>ついでに、奥方ガ女優だと、今日知った。
","
<SURNAME/>1989年<SURNAME/>□月□□日<SURNAME/>雨
<SURNAME/>橿原调查今告终。
<SURNAME/>顺带方知其妻为女优。
","[[""\n<SURNAME/>1989年<SURNAME/>□月□□日<SURNAME/>雨\n<SURNAME/>今日橿原的调查也结束。\n<SURNAME/>顺便，今天才知道夫人是女演员。\n"", 1], [""\n<SURNAME/>1989年<SURNAME/>□月□□日<SURNAME/>雨\n<SURNAME/>今天，橿原的调查也结束了。\n<SURNAME/>顺便，今天才知道夫人是女演员。\n"", 1], [""\n<SURNAME/>1989年<SURNAME/>□月□□日<SURNAME/>雨\n<SURNAME/>橿原调查今告终。\n<SURNAME/>顺带方知其妻为女优。\n"", 1]]",,
dup:script,dup:535e20a77049,"
<SURNAME/><c1d:9/>火は<SURNAME/>水によって鎮み<SURNAME/>風を起し
<SURNAME/>風は<SURNAME/>火より生まれ<SURNAME/>地を平す<c1d:1/>
",\n<SURNAME/><c1d:9/>火因<SURNAME/>水而息<SURNAME/>起风\n<SURNAME/>风自<SURNAME/>火而生<SURNAME/>平大地<c1d:1/>\n,"[[""\n<SURNAME/><c1d:9/>火因<SURNAME/>水而息<SURNAME/>起风\n<SURNAME/>风自<SURNAME/>火而生<SURNAME/>平大地<c1d:1/>\n"", 5], [""\n<SURNAME/><c1d:9/>火被<SURNAME/>水镇灭<SURNAME/>起风\n<SURNAME/>风从<SURNAME/>火生<SURNAME/>平地<c1d:1/>\n"", 1], [""\n<SURNAME/><c1d:9/>火被<SURNAME/>水平息<SURNAME/>掀起风\n<SURNAME/>风从<SURNAME/>火而生<SURNAME/>平整地<c1d:1/>\n"", 1], [""\n<SURNAME/><c1d:9/>火被水镇<SURNAME/>升起风\n<SURNAME/>风从火生<SURNAME/>平定地<c1d:1/>\n"", 1]]","
<SURNAME/><c1d:9/>火因<SURNAME/>水而息<SURNAME/>起风
<SURNAME/>风自<SURNAME/>火而生<SURNAME/>平大地<c1d:1/>
",position_majority
dup:script,dup:54ac6206b670,"<c1d:11/>轟<SURNAME/>大助の日記<c1d:1/>
<SURNAME/>我ガ輩ガ腹ぺこだというのに、
<SURNAME/>橿原は、岡村と蝸牛山へハイキングに行く様子。
<SURNAME/>決定的な現場かと思ったガ、違かった。
","<c1d:11/>轰<SURNAME/>大助日记<c1d:1/>
<SURNAME/>吾辈腹中空空如也，
<SURNAME/>橿原却与冈村同游蜗牛山。
<SURNAME/>本以为是捉奸现场，然非也。
","[[""<c1d:11/>轰<SURNAME/>大助的日记<c1d:1/>\n<SURNAME/>我辈明明饿着肚子，\n<SURNAME/>橿原却似乎要和冈村去蜗牛山远足。\n<SURNAME/>以为是决定性现场，但错了。\n"", 1], [""<c1d:11/>轰<SURNAME/>大助的日记<c1d:1/>\n<SURNAME/>我辈正饿着肚子，\n<SURNAME/>橿原却和冈村去蜗牛山远足的样子。\n<SURNAME/>本以为会是决定性现场，但并非如此。\n"", 1], [""<c1d:11/>轰<SURNAME/>大助日记<c1d:1/>\n<SURNAME/>吾辈腹中空空如也，\n<SURNAME/>橿原却与冈村同游蜗牛山。\n<SURNAME/>本以为是捉奸现场，然非也。\n"", 1]]",,
dup:script,dup:552d896fa8ee,"
<SURNAME/>………<pause:60/>
<SURNAME/>フッ…よかろう。<pause:30/>
<SURNAME/>淳…お前は運命の車輪から外れたぞ。
",\n<SURNAME/>………<pause:60/>\n<SURNAME/>哼…好吧。<pause:30/>\n<SURNAME/>淳…你已经脱离了命运之轮。\n,"[[""\n<SURNAME/>………<pause:60/>\n<SURNAME/>哼…好吧。<pause:30/>\n<SURNAME/>淳…你已经脱离了命运之轮。\n"", 1], [""\n<SURNAME/>………<pause:60/>\n<SURNAME/>哼…好吧。<pause:30/>\n<SURNAME/>淳…你已偏离了命运之轮。\n"", 1]]",,
dup:script,dup:56680ebd9d96,"
<SURNAME/>港南区のジヨリーロジャーで
<SURNAME/>本物の武器を売っているらしいッスね。
<SURNAME/>下取り価格は良いガ、品揃えガ悪いそうッス。",\n<SURNAME/>据说港南区的海盗旗咖啡店\n<SURNAME/>好像在卖真武器呢。\n<SURNAME/>回收价不错，但种类也很少就是了。,"[[""\n<SURNAME/>港南区Jolly Roger\n<SURNAME/>在卖真武器呢。\n<SURNAME/>回收价高但品种少。"", 1], [""\n<SURNAME/>在港南区的Jolly Roger\n<SURNAME/>好像在卖真武器呢。\n<SURNAME/>回收价不错，但但商品种类听说很差的说。"", 1], [""\n<SURNAME/>港南区的快乐罗杰\n<SURNAME/>似乎在卖真武器呢。\n<SURNAME/>回收价高但品种少。"", 1], [""\n<SURNAME/>在港南区的乔利罗杰\n<SURNAME/>好像在卖真武器呢。\n<SURNAME/>回收价不错，但品种据说很差。"", 1], [""\n<SURNAME/>据说港南区的海盗旗咖啡店\n<SURNAME/>好像在卖真武器呢。\n<SURNAME/>回收价不错，但种类也很少就是了。"", 1]]",,
dup:script,dup:56d3c32d7bb8,"
<SURNAME/>ガはははっ、見たか、スマイル平坂の燃え様を。<pause:15/>
<SURNAME/>そうだ、あの炎だ。あれガこのつまらん世の中を
<SURNAME/>綺麗に焼き払ってくれる。燃えろ燃えろ!",\n<SURNAME/>哇哈哈哈，你们看到了吗，微笑平坂烧起来的样子。<pause:15/>\n<SURNAME/>没错，就是那火焰。那火焰会把这无聊的世界上的一切\n<SURNAME/>全都烧得干干净净。烧吧，烧吧！,"[[""\n<SURNAME/>嘎哈哈哈，看到没，微笑平坂烧得多旺。<pause:15/>\n<SURNAME/>对，就是那火焰。它会把这无聊世界\n<SURNAME/>烧个干净。烧吧烧吧!"", 1], [""\n<SURNAME/>哇哈哈哈，你们看到了吗，微笑平坂烧起来的样子。<pause:15/>\n<SURNAME/>没错，就是那火焰。那火焰会把这无聊的世界上的一切\n<SURNAME/>全都烧得干干净净。烧吧，烧吧！"", 1]]",,
dup:script,dup:58764b1bb9e8,"
<SURNAME/>しかしなんだねぇ。学生なんぞやめちまった今でも
<SURNAME/>学園祭だって街ガ賑やかになると、
<SURNAME/>こっちまでワクワクしてくるもんだなぁ。",\n<SURNAME/>不过话说回来，虽然自己早就不是学生了，\n<SURNAME/>但是一到举办学园祭、城里热热闹闹的时候，\n<SURNAME/>自己还是会兴奋起来呢。,"[[""\n<SURNAME/>不过啊，虽然学生时代早就结束了，\n<SURNAME/>但学园祭让城市热闹起来的时候，\n<SURNAME/>连我这边都跟着兴奋起来了呢。"", 1], [""\n<SURNAME/>不过啊，就算我早不是学生了，\n<SURNAME/>学园祭让街上热闹起来，\n<SURNAME/>连我都跟着兴奋呢。"", 1], [""\n<SURNAME/>不过话说回来，虽然自己早就不是学生了，\n<SURNAME/>但是一到举办学园祭、城里热热闹闹的时候，\n<SURNAME/>自己还是会兴奋起来呢。"", 1]]",,
dup:script,dup:58d031046940,"
<SURNAME/>スロットマシン
<SURNAME/>「AROUSE<SURNAME/>BLANK」
<SURNAME/>07番台ガある。","
<SURNAME/>老虎机
<SURNAME/>「AROUSE<SURNAME/>BLANK」
<SURNAME/>有07号台。","[[""\n<SURNAME/>老虎机\n<SURNAME/>「AROUSE<SURNAME/>BLANK」\n<SURNAME/>有07号机。"", 1], [""\n<SURNAME/>老虎机\n<SURNAME/>「AROUSE<SURNAME/>BLANK」\n<SURNAME/>07号机。"", 1], [""\n<SURNAME/>老虎机\n<SURNAME/>「AROUSE<SURNAME/>BLANK」\n<SURNAME/>有07号台。"", 1]]",,
dup:script,dup:59f10a826f04,"
<SURNAME/>今日のオススメは…<pause:15/>
<SURNAME/>全部だな…<pause:10/>どれもこれも新鮮な海の幸ばかりよ!
<SURNAME/>さぁ、次は何でい?","
<SURNAME/>今天的推荐是…<pause:15/>
<SURNAME/>全部啦…<pause:10/>全都是新鲜的海鲜哟!
<SURNAME/>来，下一个要点啥?","[[""\n<SURNAME/>今天的推荐是…<pause:15/>\n<SURNAME/>全部啦…<pause:10/>每样都是海鲜哦！\n<SURNAME/>来，接下来要点啥？"", 1], [""\n<SURNAME/>今天的推荐是…<pause:15/>\n<SURNAME/>全部啦…<pause:10/>每样都是新鲜的海味！\n<SURNAME/>来，下一位要点啥？"", 1], [""\n<SURNAME/>今天的推荐是…<pause:15/>\n<SURNAME/>全部啦…<pause:10/>每样都是新鲜的海鲜!\n<SURNAME/>来，下一个要点什么?"", 1], [""\n<SURNAME/>今天的推荐是…<pause:15/>\n<SURNAME/>全部啦…<pause:10/>全都是新鲜的海鲜哟!\n<SURNAME/>来，下一个要点啥?"", 1]]",,
dup:script,dup:5a355eab3311,"
<SURNAME/>え?<SURNAME/>あの探偵事務所においてある招きネコって
<SURNAME/>お喋りするの?<SURNAME/>はは、それも面白いネタだね。
<SURNAME/>じゃあ、噂交換いたしましょう。",\n<SURNAME/>咦?<SURNAME/>侦探事务所的招财猫\n<SURNAME/>会说话?<SURNAME/>哈哈，很有趣的传闻呢。\n<SURNAME/>那，来交换传闻吧。,"[[""\n<SURNAME/>诶？<SURNAME/>那家侦探事务所的招财猫\n<SURNAME/>会说话？<SURNAME/>哈哈，这传闻有意思。\n<SURNAME/>那咱们交换情报吧。"", 1], [""\n<SURNAME/>诶？<SURNAME/>那个侦探事务所放的招财猫\n<SURNAME/>会说话？<SURNAME/>哈哈，那也很有趣的料呢。\n<SURNAME/>那，我们来交换传闻吧。"", 1], [""\n<SURNAME/>诶？<SURNAME/>那个侦探事务所放的招财猫\n<SURNAME/>会说话？<SURNAME/>哈哈，那也很有趣的传闻呢。\n<SURNAME/>那，来交换传闻吧。"", 1], [""\n<SURNAME/>咦？<SURNAME/>那个侦探事务所里的招财猫\n<SURNAME/>会说话？<SURNAME/>哈哈，那也是个有趣的传闻呢。\n<SURNAME/>那么，我们来交换传闻吧。"", 1], [""\n<SURNAME/>咦?<SURNAME/>侦探事务所的招财猫\n<SURNAME/>会说话?<SURNAME/>哈哈，很有趣的传闻呢。\n<SURNAME/>那，来交换传闻吧。"", 1]]",,
dup:script,dup:5d5afb9e1d73,"
<SURNAME/>あの頃を思い出すね…<pause:30/>
<SURNAME/>アタシと昔の仲間も、よく世話になったもんさ。<pause:30/>
<SURNAME/>色々あったけど、ほんと楽しかったよ。","
<SURNAME/>让人想起那时候呢…<pause:30/>
<SURNAME/>我和以前的伙伴，也常受照顾呢。<pause:30/>
<SURNAME/>虽然发生了很多事，但真的很开心哦。","[[""\n<SURNAME/>真让人想起那时候啊…<pause:30/>\n<SURNAME/>我和以前的伙伴们，也经常受照顾呢。<pause:30/>\n<SURNAME/>虽然发生了很多事，但真的很开心。"", 1], [""\n<SURNAME/>让人想起那时候呢…<pause:30/>\n<SURNAME/>我和以前的伙伴们也常受照顾。<pause:30/>\n<SURNAME/>虽然发生了很多事，但真的很开心。"", 1], [""\n<SURNAME/>让人想起那时候呢…<pause:30/>\n<SURNAME/>我和以前的伙伴，也常受照顾呢。<pause:30/>\n<SURNAME/>虽然发生了很多事，但真的很开心哦。"", 1]]",,
dup:script,dup:5de7e16ae7d8,"
<SURNAME/>先生は、私と同じセブンスの世界史教諭だった。
<SURNAME/>そして、いつも誤った歴史を教えているんじゃ
<SURNAME/>ないかと、悩んでおられたわ…
","
<SURNAME/>老师是和我一样的七姊妹学园世界史教师。
<SURNAME/>而且，他总在烦恼是否在教错误的历史，
<SURNAME/>不是吗…
","[[""\n<SURNAME/>老师和我一样是七姐妹学园的世界史教师。\n<SURNAME/>而且，他总在烦恼是否在教错误的历史，\n<SURNAME/>不是吗…\n"", 2], [""\n<SURNAME/>老师和我一样是七姐妹学园的世界史教师。\n<SURNAME/>而且，他总在烦恼是否在教错误的历史，\n<SURNAME/>不是吗…"", 1]]","
<SURNAME/>老师和我一样是七姐妹学园的世界史教师。
<SURNAME/>而且，他总在烦恼是否在教错误的历史，
<SURNAME/>不是吗…
",latest_merged_pr
dup:script,dup:5e4797303e24,"
<SURNAME/>その場合、
<SURNAME/>それまで降魔していたペルソナは、
<SURNAME/>カードの状態に戻ります。","
<SURNAME/>那时，
<SURNAME/>之前降魔的Persona，
<SURNAME/>会变回卡片状态。","[[""\n<SURNAME/>在那种情况下，\n<SURNAME/>之前降魔的Persona，\n<SURNAME/>会变回卡片状态。"", 1], [""\n<SURNAME/>届时，\n<SURNAME/>原先降魔的Persona，\n<SURNAME/>将回归卡片状态。"", 1], [""\n<SURNAME/>那时，\n<SURNAME/>之前降魔的Persona，\n<SURNAME/>会变回卡片状态。"", 1]]",,
dup:script,dup:5e642d6d1378,"
<SURNAME/>アハハ、時間城の伝説の武器は、
<SURNAME/>悪魔に寧われてしまったそうッスよ。
<SURNAME/>なんともお粗末な話ッスね。",\n<SURNAME/>啊哈哈，我听说时间城的传说武器\n<SURNAME/>被恶魔抢走了。\n<SURNAME/>真是丢人啊。,"[[""\n<SURNAME/>啊哈哈，时间城的传说武器，\n<SURNAME/>听说被恶魔抢走了。\n<SURNAME/>真是糟糕的故事呢。"", 1], [""\n<SURNAME/>啊哈哈，时间城的传说武器，\n<SURNAME/>好像被恶魔抢走了呢。\n<SURNAME/>真是丢人的故事呢。"", 1], [""\n<SURNAME/>啊哈哈，时间城的传说武器，\n<SURNAME/>被恶魔抢了。\n<SURNAME/>真够惨的。"", 1], [""\n<SURNAME/>哈哈，时间城的传说武器，\n<SURNAME/>好像被恶魔抢走了。\n<SURNAME/>真是丢人的故事啊。"", 1], [""\n<SURNAME/>啊哈哈，我听说时间城的传说武器\n<SURNAME/>被恶魔抢走了。\n<SURNAME/>真是丢人啊。"", 1]]",,
dup:script,dup:5f10707e3c1d,"
<SURNAME/>運命…<pause:15/>このカードは汝の運気向上を意味して
<SURNAME/>いる。<pause:15/>これよりしばしの間、幸運に恵まれ、
<SURNAME/>幸せな日々を送る事ガできようぞ。","
<SURNAME/>命运…<pause:15/>此牌意指汝之运気向上。
<SURNAME/><pause:15/>此后片刻，受幸运眷顾，
<SURNAME/>可度幸福之日矣。","[[""\n<SURNAME/>命运…<pause:15/>这张卡片意味着你的运气提升。<pause:15/>\n<SURNAME/>此后一段时间，将受幸运眷顾，\n<SURNAME/>能够度过幸福的日子。"", 1], [""\n<SURNAME/>命运…<pause:15/>此卡预示汝之运势上升。<pause:15/>\n<SURNAME/>从今往后，你将受幸运眷顾，\n<SURNAME/>度过幸福时光。"", 1], [""\n<SURNAME/>命运…<pause:15/>此牌意指汝之运気向上。\n<SURNAME/><pause:15/>此后片刻，受幸运眷顾，\n<SURNAME/>可度幸福之日矣。"", 1]]",,
dup:script,dup:608202c57dc2,"
<SURNAME/>まだ、わからない事ガ多過ぎるわ。<pause:30/>
<SURNAME/>淳クンのお父さんの事、あのペルソナの事…<pause:30/>
<SURNAME/>なぜ、噂ガ現実になるのか…
",\n<SURNAME/>还有太多不明白的事。<pause:30/>\n<SURNAME/>关于淳君的父亲、那个Persona…<pause:30/>\n<SURNAME/>为什么传闻会变成现实…\n,"[[""\n<SURNAME/>还有太多不明白的事。<pause:30/>\n<SURNAME/>关于淳君的父亲、那个Persona…<pause:30/>\n<SURNAME/>为什么传闻会变成现实…\n"", 1], [""\n<SURNAME/>还有太多未解之事。<pause:30/>\n<SURNAME/>淳君父亲的事，那个Persona的事…<pause:30/>\n<SURNAME/>为何传闻会成真…\n"", 1]]",,
dup:script,dup:60b78bfed45f,"
<SURNAME/>俺らの顔見ていきなり逃げ出すなんて、
<SURNAME/>どう考えても怪しいぜ!
<SURNAME/><c12/>、さっさと追いかけよう!
","
<SURNAME/>看到我们就逃，
<SURNAME/>怎么想都可疑!
<SURNAME/><c12/>，赶紧追!
","[[""\n<SURNAME/>看到咱们的脸就逃，\n<SURNAME/>怎么想都可疑!\n<SURNAME/><c12/>，快追上去!\n"", 2], [""\n<SURNAME/>看到老子的脸就逃跑，\n<SURNAME/>怎么想都很可疑!\n<SURNAME/><c12/>、赶紧追上去!\n"", 2], [""\n<SURNAME/>看到我们就逃，\n<SURNAME/>怎么想都可疑!\n<SURNAME/><c12/>，赶紧追!\n"", 1]]",,
dup:script,dup:63f5e6f2a8f3,"
<SURNAME/>噂話は、セールスの役に立つからね〜
<SURNAME/>君も、何か面白い噂を聞いたら、ぜひ教えてよ。
<SURNAME/>かわりに、僕の知ってる噂を提供するからさ。","
<SURNAME/>传闻对销售很有用呢～
<SURNAME/>你要是听到什么传闻，一定要告诉我哦。
<SURNAME/>作为交换，我会提供我知道的传闻。","[[""\n<SURNAME/>传闻对销售有用啊～\n<SURNAME/>你有趣传闻要告诉我。\n<SURNAME/>交换我提供知道的传闻。"", 1], [""\n<SURNAME/>传闻对销售很有用呢～\n<SURNAME/>你要是听到什么有趣的传闻，一定要告诉我哦。\n<SURNAME/>作为交换，我会提供我知道的传闻。"", 1], [""\n<SURNAME/>传闻对销售有用呢~\n<SURNAME/>你要是听到什么有趣的传闻，一定要告诉我哦。\n<SURNAME/>作为交换，我会提供我知道的传闻。"", 1], [""\n<SURNAME/>传闻对销售很有用呢～\n<SURNAME/>你要是听到什么传闻，一定要告诉我哦。\n<SURNAME/>作为交换，我会提供我知道的传闻。"", 1]]",,
dup:script,dup:648aacc0d877,"
<SURNAME/>あと一つだね…<pause:30/>
<SURNAME/>あと一つで、天の水晶髑髏以外の髑髏ガ、
<SURNAME/>全部揃う。
",\n<SURNAME/>还剩一个了…<pause:30/>\n<SURNAME/>还剩一个，除天之水晶骷髅外，\n<SURNAME/>所有骷髅就集齐了。\n,"[[""\n<SURNAME/>还剩一个了…<pause:30/>\n<SURNAME/>还剩一个，除天之水晶骷髅外，\n<SURNAME/>所有的骷髅就都集齐了。\n"", 2], [""\n<SURNAME/>还剩一个了…<pause:30/>\n<SURNAME/>剩一个，除了天之水晶骷髅，\n<SURNAME/>所有骷髅就都集齐了。\n"", 1], [""\n<SURNAME/>还剩一个了…<pause:30/>\n<SURNAME/>还剩一个，除天之水晶骷髅外，\n<SURNAME/>所有骷髅就集齐了。\n"", 1]]","
<SURNAME/>还剩一个了…<pause:30/>
<SURNAME/>还剩一个，除天之水晶骷髅外，
<SURNAME/>所有的骷髅就都集齐了。
",position_majority
dup:script,dup:6612cbfdc580,"
<SURNAME/>貴方の能力のどの部分に影響を与えるかは、
<SURNAME/>降魔しているペルソナの種類によって違います。
<SURNAME/>その点も、考慮するとよいでしょうな。","
<SURNAME/>影响您能力的部分，
<SURNAME/>取决于降魔的Persona类型。
<SURNAME/>这点也请考虑。","[[""\n<SURNAME/>它会影响您能力的哪一部分，\n<SURNAME/>取决于降魔的Persona种类。\n<SURNAME/>这一点也请考虑。"", 1], [""\n<SURNAME/>你的能力受影响的方面，\n<SURNAME/>取决于所降魔的Persona种类。\n<SURNAME/>这一点也请考虑进去吧。"", 1], [""\n<SURNAME/>影响您能力的部分，\n<SURNAME/>取决于降魔的Persona类型。\n<SURNAME/>这点也请考虑。"", 1]]",,
dup:script,dup:66f8a4ed4720,"
<SURNAME/>伝説の女優、吉川さゆりのカレンダー。
<SURNAME/>よく見ると、30年前のものだ!!
<SURNAME/>唇の部分ガ、なぜかふやけている…",\n<SURNAME/>传奇女演员，吉川小百合的日历。 \n<SURNAME/>仔细一看，居然是30年前的东西了!! \n<SURNAME/>不知为何，嘴唇部分湿漉漉的…,"[[""\n<SURNAME/>传奇女演员，吉川小百合的日历。 \n<SURNAME/>仔细一看，居然是30年前的东西了!! \n<SURNAME/>不知为何，嘴唇部分湿漉漉的…"", 1], [""\n<SURNAME/>传奇女演员，吉川小百合的日历。\n<SURNAME/>仔细一看，居然是30年前的东西了!!\n<SURNAME/>不知为何，嘴唇部分湿漉漉的…"", 1], [""\n<SURNAME/>传奇女演员吉川小百合的日历。\n<SURNAME/>仔细一看，是30年前的东西!!\n<SURNAME/>嘴唇部分，不知为何泡涨了…"", 1]]",,
dup:script,dup:6709a9210dc9,"
<SURNAME/>聖槍騎士団は、キリストの奇跡を体現した、
<SURNAME/>ロンギヌスの槍を発見したと言われているの!!
","
<SURNAME/>据说圣枪骑士团发现了
<SURNAME/>体现基督奇迹的朗基努斯之枪!!
","[[""\n<SURNAME/>据说圣枪骑士团发现了体现基督奇迹的，\n<SURNAME/>朗基努斯之枪！！\n"", 1], [""\n<SURNAME/>据说圣枪骑士团发现了，\n<SURNAME/>体现基督奇迹的朗基努斯之枪!!\n"", 1], [""\n<SURNAME/>据说圣枪骑士团发现了\n<SURNAME/>体现基督奇迹的朗基努斯之枪!!\n"", 1]]",,
dup:script,dup:6730ee5ab3d5,"
<SURNAME/>…ヒ<pause:30/>
<SURNAME/>…イヒ<pause:30/>…ヒャハ!<pause:30/>
<SURNAME/>ヒャーハハハァァァァ!!
","
<SURNAME/>…嘻<pause:30/>
<SURNAME/>…嘿嘿<pause:30/>…呀哈!<pause:30/>
<SURNAME/>呀哈哈哈啊!!
","[[""\n<SURNAME/>…嘻<pause:30/>\n<SURNAME/>…嘿嘿<pause:30/>…呀哈!<pause:30/>\n<SURNAME/>呀哈哈哈啊啊啊!!\n"", 1], [""\n<SURNAME/>…嘻<pause:30/>\n<SURNAME/>…咿嘻<pause:30/>…嘻哈!<pause:30/>\n<SURNAME/>嘻—哈哈哈啊啊啊!!\n"", 1], [""\n<SURNAME/>…嘻<pause:30/>\n<SURNAME/>…嘿嘿<pause:30/>…呀哈!<pause:30/>\n<SURNAME/>呀哈哈哈啊!!\n"", 1]]",,
dup:script,dup:67f371a31231,"
<SURNAME/>感激です!<SURNAME/>感激です!
<SURNAME/>ずっと気にしてたソバカスガ消えたんですよ!
<SURNAME/>これも、夢ガ叶うおまじないのおかげだわ!","
<SURNAME/>太感激了！<SURNAME/>太感激了！
<SURNAME/>一直担心的雀斑消失了！
<SURNAME/>这也是实现梦想的咒语的功劳啊！","[[""\n<SURNAME/>太感激了!<SURNAME/>太感激了!\n<SURNAME/>一直担心的雀斑消失了!\n<SURNAME/>这都多亏实现梦想的咒语啊!"", 1], [""\n<SURNAME/>太感激了!<SURNAME/>太感激了!\n<SURNAME/>一直担心的雀斑消失了!\n<SURNAME/>这也是多亏了实现梦想的咒语啊!"", 1], [""\n<SURNAME/>太感激了！<SURNAME/>太感激了！\n<SURNAME/>一直担心的雀斑消失了！\n<SURNAME/>这也是实现梦想的咒语的功劳啊！"", 1]]",,
dup:script,dup:69f4925d683b,"
<SURNAME/>あのアニマムンディで
<SURNAME/>本物の防具ガ買えてしまうんスか?
<SURNAME/>安いガ品質は悪いと聞いたッスガ。",\n<SURNAME/>世界之灵那地方\n<SURNAME/>居然能买到真防具吗？\n<SURNAME/>听说价格很便宜，但是品质很差就是了。,"[[""\n<SURNAME/>那个Anima Mundi\n<SURNAME/>居然能买到真防具吗？\n<SURNAME/>便宜但但质量听说不好的说的说。"", 1], [""\n<SURNAME/>那个阿尼玛·蒙迪\n<SURNAME/>居然能买到真防具？\n<SURNAME/>听说便宜但品质差。"", 1], [""\n<SURNAME/>那个阿尼玛蒙迪\n<SURNAME/>居然能买到真防具吗？\n<SURNAME/>听说便宜但质量差呢。"", 1], [""\n<SURNAME/>世界之灵那地方\n<SURNAME/>居然能买到真防具吗？\n<SURNAME/>听说价格很便宜，但是品质很差就是了。"", 1]]",,
dup:script,dup:6bd8e2267c1b,"
<SURNAME/>さっきの人…<pause:30/>
<SURNAME/>どっかで見たような気ガするんだけどな〜?
<SURNAME/>ま、いいわ。とにかく追いかけましょ!
","
<SURNAME/>刚才那人…<pause:30/>
<SURNAME/>总觉得在哪见过～?
<SURNAME/>算了，总之先追吧!
","[[""\n<SURNAME/>刚才那人…<pause:30/>\n<SURNAME/>总觉得在哪见过~\n<SURNAME/>算了先追吧!\n"", 2], [""\n<SURNAME/>刚才那个人…<pause:30/>\n<SURNAME/>总觉得在哪见过～?\n<SURNAME/>算了，总之先追上去!\n"", 2], [""\n<SURNAME/>刚才那人…<pause:30/>\n<SURNAME/>总觉得在哪见过～?\n<SURNAME/>算了，总之先追吧!\n"", 1]]",,
dup:script,dup:6d2bc8393628,"
<SURNAME/>父さん…?
<SURNAME/>そう…<pause:30/>
<SURNAME/>父さんだ…
",\n<SURNAME/>父亲…?\n<SURNAME/>是啊…<pause:30/>\n<SURNAME/>是父亲…\n,"[[""\n<SURNAME/>父亲…？\n<SURNAME/>是啊…<pause:30/>\n<SURNAME/>是父亲…\n"", 2], [""\n<SURNAME/>父亲…?\n<SURNAME/>是啊…<pause:30/>\n<SURNAME/>是父亲…\n"", 2]]",,
dup:script,dup:6d7f629a73ec,"
<SURNAME/>災難でしたね。<c12/>先輩。
<SURNAME/>でも、反谷校長って不思議と人気あるんですよね。<pause:30/>
<SURNAME/>私も、ムカツクけど好きだし…どうしてだろう?",<SURNAME/>真是倒霉啊，<c12/>学长。\n<SURNAME/>不过反谷校长莫名地受欢迎呢。<pause:30/> \n<SURNAME/>我也是，明明看他很不爽，却又有点喜欢…到底是为什么呢？,"[[""<SURNAME/>真是倒霉啊，<c12/>前辈。\n<SURNAME/>不过反谷校长莫名地受欢迎呢。<pause:30/> \n<SURNAME/>我也是，明明看他很不爽，却又有点喜欢…这到底是怎么一回事？"", 1], [""\n<SURNAME/>真是倒霉啊，<c12/>前辈。\n<SURNAME/>不过反谷校长莫名地受欢迎呢。<pause:30/> \n<SURNAME/>我也是，明明看他很不爽，却又有点喜欢…这到底是怎么一回事？"", 1]]",,
dup:script,dup:6e8d9fbf99b0,"
<SURNAME/>聞きました?<SURNAME/>青華区のクレール・ド・リュンヌで
<SURNAME/>本物の武器を売っているそうッスよ。
<SURNAME/>品質はいいけど、値段ガ高いそうッス。",\n<SURNAME/>你听说了吗？<SURNAME/>青华区的月光之清\n<SURNAME/>在卖真武器呢。\n<SURNAME/>品质好，但价格也高就是了。,"[[""\n<SURNAME/>听说了吗?<SURNAME/>在青华区的Claire de Lune，\n<SURNAME/>有卖真正的武器呢。\n<SURNAME/>据说品质好但价格高呢。"", 1], [""\n<SURNAME/>听说了吗？<SURNAME/>青华区的克蕾尔·德·吕讷\n<SURNAME/>在卖真武器呢。\n<SURNAME/>品质好但价格高。"", 1], [""\n<SURNAME/>听说了吗?<SURNAME/>青华区的克雷尔·德·吕讷\n<SURNAME/>在卖真武器呢。\n<SURNAME/>品质好但价格高哦。"", 1], [""\n<SURNAME/>你听说了吗？<SURNAME/>青华区的月光之清\n<SURNAME/>在卖真武器呢。\n<SURNAME/>品质好，但价格也高就是了。"", 1]]",,
dup:script,dup:6ed0a635fa5c,"
<SURNAME/>うふ、こっちは絶好調さ。最新ネタ目白押しだね。<pause:15/>
<SURNAME/>そっちはどうだい?<SURNAME/>なんなら僕の最新噂ネタを
<SURNAME/>君のネタと交換してあげてもいいよ。",\n<SURNAME/>唔呼，我这边绝佳。新传闻一堆。<pause:15/>\n<SURNAME/>你那边怎么样?<SURNAME/>那要不拿我掌握的最新传闻\n<SURNAME/>跟你的交换一下？,"[[""\n<SURNAME/>唔呵，我这儿情报爆棚呢。<pause:15/>\n<SURNAME/>你咋样？<SURNAME/>要不拿我的新料\n<SURNAME/>跟你交换？"", 1], [""\n<SURNAME/>呵呵，我这边超顺利的。最新八卦源源不断呢。<pause:15/>\n<SURNAME/>你那边怎么样？<SURNAME/>要不，我的最新八卦\n<SURNAME/>可以跟你交换哦。"", 1], [""\n<SURNAME/>唔呵，我这儿行情超好～新料爆棚。<pause:15/>\n<SURNAME/>你咋样？<SURNAME/>要不拿我最新传闻\n<SURNAME/>跟你换也行哦～"", 1], [""\n<SURNAME/>唔呼，我这边绝佳。新传闻一堆。<pause:15/>\n<SURNAME/>你那边怎么样?<SURNAME/>那要不拿我掌握的最新传闻\n<SURNAME/>跟你的交换一下？"", 1]]",,
dup:script,dup:6f1f3a51dbf3,"
<SURNAME/>この声は…ハンニャ!?
<SURNAME/>上かいっ!
",\n<SURNAME/>这声音是…般若!?\n<SURNAME/>在上面!\n,"[[""\n<SURNAME/>这声音是…般若!?\n<SURNAME/>在上面!\n"", 1], [""\n<SURNAME/>这声音是…般若！？\n<SURNAME/>在上面！\n"", 1]]",,
dup:script,dup:6f70dc0e6d36,"
<SURNAME/>あのアニマムンディで
<SURNAME/>本物の防具ガ買えてしまうんスか?
<SURNAME/>品質は良いガ値段ガ高いと聞いたッスガ。",\n<SURNAME/>世界之灵那地方\n<SURNAME/>居然能买到真防具吗？\n<SURNAME/>听说品质很好，但价格也很高就是了。,"[[""\n<SURNAME/>那个Anima Mundi\n<SURNAME/>居然能买到真防具吗？\n<SURNAME/>质量不错但但价格听说高的说的说。"", 1], [""\n<SURNAME/>那个阿尼玛·蒙迪\n<SURNAME/>居然能买到真防具？\n<SURNAME/>听说品质好但价格高。"", 1], [""\n<SURNAME/>那个阿尼玛蒙迪\n<SURNAME/>居然能买到真防具吗？\n<SURNAME/>听说质量好但价格很高呢。"", 1], [""\n<SURNAME/>世界之灵那地方\n<SURNAME/>居然能买到真防具吗？\n<SURNAME/>听说品质很好，但价格也很高就是了。"", 1]]",,
dup:script,dup:6fffd00e0d22,"
<SURNAME/>グランドクロスを象徴する4つの星座には、
<SURNAME/>それぞれ、地水火風のエレメントガ
<SURNAME/>割り当てられているんだ…
",\n<SURNAME/>象征大十字的四个星座，\n<SURNAME/>分别被分配了\n<SURNAME/>地水火风四大元素…\n,"[[""\n<SURNAME/>象征大十字的四个星座，\n<SURNAME/>分别被赋予了\n<SURNAME/>地水火风四大元素…\n"", 3], [""\n<SURNAME/>象征大十字的四个星座，\n<SURNAME/>分别被分配了\n<SURNAME/>地水火风四大元素…\n"", 1]]","
<SURNAME/>象征大十字的四个星座，
<SURNAME/>分别被赋予了
<SURNAME/>地水火风四大元素…
",position_majority
dup:script,dup:704f7a561c33,"
<SURNAME/>このレリーフ…<pause:30/>
<SURNAME/>4つの神殿のことを表してるよね?
<SURNAME/>なんだろ…順番…バランス…?
",\n<SURNAME/>这个浮雕…<pause:30/>\n<SURNAME/>是在表示4个神殿的事吧？\n<SURNAME/>是什么呢…顺序…平衡…？\n,"[[""\n<SURNAME/>这个浮雕…<pause:30/>\n<SURNAME/>是在表示4个神殿的事吧？\n<SURNAME/>是什么呢…顺序…平衡…？\n"", 3], [""\n<SURNAME/>这个浮雕…<pause:30/>\n<SURNAME/>是在表现四个神殿的事吧？\n<SURNAME/>是什么呢…顺序…平衡…？\n"", 1]]","
<SURNAME/>这个浮雕…<pause:30/>
<SURNAME/>是在表示4个神殿的事吧？
<SURNAME/>是什么呢…顺序…平衡…？
",position_majority
dup:script,dup:71a4fec8ca8b,"
<SURNAME/>とはいえ、貴方に近い存在もあれば、
<SURNAME/>遠い存在もあるでしょう。","
<SURNAME/>然而，有的与您亲近，
<SURNAME/>有的则疏远。","[[""\n<SURNAME/>话虽如此，既有与您亲近者，\n<SURNAME/>也有疏远者吧。"", 1], [""\n<SURNAME/>话虽如此，既有与你亲近的存在，\n<SURNAME/>也有疏远的存在吧。"", 1], [""\n<SURNAME/>然而，有的与您亲近，\n<SURNAME/>有的则疏远。"", 1]]",,
dup:script,dup:73c1d998e537,"
<SURNAME/><c13/>クン、
<SURNAME/>そっち、さっき入ってきたドアじゃない?
<SURNAME/>反対のドアから出ましょ。
","
<SURNAME/><c13/>君，
<SURNAME/>那边不是刚才进来的门吗？
<SURNAME/>从对面的门出去吧。
","[[""\n<SURNAME/><c13/>，\n<SURNAME/>那边不是刚才进来的门吗?\n<SURNAME/>从反方向那扇出去吧。\n"", 2], [""\n<SURNAME/><c13/>君，\n<SURNAME/>那边不是刚才进来的门吗?\n<SURNAME/>从对面的门出去吧。\n"", 1], [""\n<SURNAME/><c13/>君，\n<SURNAME/>那边不是刚才进来的门吗？\n<SURNAME/>从对面的门出去吧。\n"", 1]]","
<SURNAME/><c13/>，
<SURNAME/>那边不是刚才进来的门吗?
<SURNAME/>从反方向那扇出去吧。
",position_majority
dup:script,dup:748275853351,"
<SURNAME/>それにしても<c14/>の担任、<pause:10/>
<SURNAME/>随分と姐御肌な人だなぁ。<pause:15/>
<SURNAME/>へへ、姐さんとよく似てらぁ。","
<SURNAME/>话说回来，<c14/>的班主任，<pause:10/>
<SURNAME/>相当有女中豪杰风范啊。<pause:15/>
<SURNAME/>嘿嘿，和花姐很像呢。","[[""\n<SURNAME/>话说回来，<c14/>的班主任，<pause:10/>\n<SURNAME/>真是个大姐头风范的人啊。<pause:15/>\n<SURNAME/>嘿嘿，和姐很像呢。"", 1], [""\n<SURNAME/>话说回来，<c14/>的班主任，<pause:10/>\n<SURNAME/>相当有女中豪杰风范啊。<pause:15/>\n<SURNAME/>嘿嘿，和鼻血子很像呢。"", 1]]",,
dup:script,dup:74df8cf3e64c,"
<SURNAME/>あら…<pause:15/>
<SURNAME/>皆さん、怪我も無く健康そのもののようです。<pause:15/>
<SURNAME/>治療は必要無いでしょう。","
<SURNAME/>哎呀…<pause:15/>
<SURNAME/>各位，似乎没有受伤，非常健康呢。<pause:15/>
<SURNAME/>应该不需要治疗吧。","[[""\n<SURNAME/>哎呀…<pause:15/>\n<SURNAME/>诸位毫发无伤健康得很呢。<pause:15/>\n<SURNAME/>无需治疗。"", 1], [""\n<SURNAME/>哎呀…<pause:15/>\n<SURNAME/>各位似乎毫发无伤、健康得很。<pause:15/>\n<SURNAME/>无需治疗呢。"", 1], [""\n<SURNAME/>哎呀…<pause:15/>\n<SURNAME/>各位，似乎没有受伤，非常健康呢。<pause:15/>\n<SURNAME/>应该不需要治疗吧。"", 1]]",,
dup:script,dup:765a40164b7a,"
<SURNAME/>このカードはそなたの金運Downを意味する。<pause:15/>
<SURNAME/>これよりしばしの間、その懐寒くなり、
<SURNAME/>貧乏暮らしでひもじい思いを強いられようぞ。","
<SURNAME/>这张牌预示你的财运下降。<pause:15/>
<SURNAME/>从今往后，你的钱包会变薄，
<SURNAME/>被迫过穷日子挨饿受苦。","[[""\n<SURNAME/>此牌预示财运衰败。<pause:15/>\n<SURNAME/>此后囊中羞涩，\n<SURNAME/>贫寒度日饥肠辘辘。"", 1], [""\n<SURNAME/>此卡意味着尔之财运下降。<pause:15/>\n<SURNAME/>从今往后，囊中将羞涩，\n<SURNAME/>贫苦度日，饱受饥馑之苦。"", 1], [""\n<SURNAME/>这张牌预示你的财运下降。<pause:15/>\n<SURNAME/>从今往后，你的钱包会变薄，\n<SURNAME/>被迫过穷日子挨饿受苦。"", 1]]",,
dup:script,dup:79298601ace3,"
<SURNAME/>へぇ〜<pause:30/>
<SURNAME/>セブンスの校長って、突然髪ガ生えたのかい?
<SURNAME/>ジヨーカー様に、お願いでもしたのかもね。",\n<SURNAME/>嘿～<pause:30/>\n<SURNAME/>七姐妹的校长，突然长头发了?\n<SURNAME/>可能是向JOKER大人许愿了吧。,"[[""\n<SURNAME/>诶～<pause:30/>\n<SURNAME/>七姊妹的校长，突然长头发了？\n<SURNAME/>可能是向小丑大人许愿了吧。"", 2], [""\n<SURNAME/>诶～<pause:30/>\n<SURNAME/>七姊妹学园的校长，突然长头发了？\n<SURNAME/>是不是向小丑大人许愿了？"", 1], [""\n<SURNAME/>嘿～<pause:30/>\n<SURNAME/>七姊妹的校长，突然长头发了?\n<SURNAME/>可能是向小丑大人许愿了吧。"", 1], [""\n<SURNAME/>嘿～<pause:30/>\n<SURNAME/>七姐妹的校长，突然长头发了?\n<SURNAME/>可能是向JOKER大人许愿了吧。"", 1]]","
<SURNAME/>诶～<pause:30/>
<SURNAME/>七姊妹的校长，突然长头发了？
<SURNAME/>可能是向小丑大人许愿了吧。",position_majority
dup:script,dup:7a7a829c6925,"
<SURNAME/>僕の目的は、復讐のみではない。
","
<SURNAME/>我的目的、不止是复仇。
","[[""\n<SURNAME/>我的目的，不仅仅是复仇。\n"", 1], [""\n<SURNAME/>我的目的、不仅仅是复仇。\n"", 1]]",,
dup:script,dup:7a81c6e77592,"
<SURNAME/><c1d:9/>何も入っていない。<c1d:1/>
","
<SURNAME/><c1d:9/>里面什么也没有。<c1d:1/>
","[[""\n<SURNAME/><c1d:9/>里面什么都没有。<c1d:1/>\n"", 3], [""\n<SURNAME/><c1d:9/>空无一物。<c1d:1/>\n"", 1], [""\n<SURNAME/><c1d:9/>里面什么也没有。<c1d:1/>\n"", 1]]","
<SURNAME/><c1d:9/>里面什么都没有。<c1d:1/>
",position_majority
dup:script,dup:7b1d6529581a,"
<SURNAME/><c1d:9/>何も無い。<c1d:1/>
","
<SURNAME/><c1d:9/>空无一物。<c1d:1/>","[[""\n<SURNAME/><c1d:9/>什么也没有。<c1d:1/>\n"", 3], [""\n<SURNAME/><c1d:9/>什么也没有。<c1d:1/>"", 2]]","
<SURNAME/><c1d:9/>什么也没有。<c1d:1/>
",latest_merged_pr
dup:script,dup:7b5428bee5e2,"
<SURNAME/>あれガ…ジヨーカー!?
",\n<SURNAME/>那就是…JOKER!?\n,"[[""\n<SURNAME/>那就是…JOKER!?\n"", 1], [""\n<SURNAME/>那就是…JOKER?!\n"", 1]]",,
dup:script,dup:7ba94a683271,"
<SURNAME/>勝利と達成…<pause:15/>このカードは汝の金運UPを
<SURNAME/>意味している。<pause:15/>これよりしばしの間、その懐
<SURNAME/>曖かく、左団扇で豪遊叶おうぞ。","
<SURNAME/>胜利与达成…<pause:15/>此牌意指汝之金运UP。
<SURNAME/><pause:15/>此后片刻，汝之怀
<SURNAME/>将暖，可尽情豪游矣。","[[""\n<SURNAME/>胜利与达成…<pause:15/>这张卡片意味着你的财运上升。<pause:15/>\n<SURNAME/>此后一段时间，你的腰包会暖意融融，\n<SURNAME/>可以轻松大手大脚地享受了。"", 1], [""\n<SURNAME/>胜利与达成…<pause:15/>此牌预示汝之金运UP，\n<SURNAME/>意味于此。<pause:15/>此后片刻，汝之囊中\n<SURNAME/>将暖，安享奢华可期。"", 1], [""\n<SURNAME/>胜利与达成…<pause:15/>此牌意指汝之金运UP。\n<SURNAME/><pause:15/>此后片刻，汝之怀\n<SURNAME/>将暖，可尽情豪游矣。"", 1]]",,
dup:script,dup:7bbecbb0a6d3,"
<SURNAME/>なんでも蓮華台の時間城で本物の武器を売っている
<SURNAME/>そうッスよ。物騒な話ッスねぇ。
<SURNAME/>品質も値段も、普通だそうッス。",\n<SURNAME/>我听说莲华台的时间城在卖真武器，\n<SURNAME/>真是个危险的话题啊，\n<SURNAME/>不过品质和价格都普普通通就是了。,"[[""\n<SURNAME/>听说莲华台时间城在卖\n<SURNAME/>真武器呢。真危险啊。\n<SURNAME/>据说品质价格都普通。"", 1], [""\n<SURNAME/>听说在莲华台的时间城，有卖真正的武器\n<SURNAME/>呢。真是危险的话题呢。\n<SURNAME/>据说品质和价格都普通呢。"", 1], [""\n<SURNAME/>听说在莲华台的时间城，\n<SURNAME/>在卖真正的武器哦。真是危险的话题呢。\n<SURNAME/>据说价格和质量都普通。"", 1], [""\n<SURNAME/>听说莲华台的时间城在卖真\n<SURNAME/>武器呢。真危险哦。\n<SURNAME/>品质和价格都普通呢。"", 1], [""\n<SURNAME/>我听说莲华台的时间城在卖真武器，\n<SURNAME/>真是个危险的话题啊，\n<SURNAME/>不过品质和价格都普普通通就是了。"", 1]]",,
dup:script,dup:7db6937af6bb,"
<SURNAME/>1989年<SURNAME/>○月○○日<SURNAME/>晴
<SURNAME/>腹ぺこの中、我ガ輩、本日も橿原の調査を行う。
<SURNAME/>岡村という女ガ愛人かと睨んだガ、違う様子。
","
<SURNAME/>1989年<SURNAME/>○月○○日<SURNAME/>晴
<SURNAME/>饥肠辘辘中，吾辈今日续查橿原。
<SURNAME/>原疑冈村女子为情妇，实非如此。
","[[""\n<SURNAME/>1989年<SURNAME/>○月○○日<SURNAME/>晴\n<SURNAME/>饿着肚子，我辈今日也调查橿原。\n<SURNAME/>怀疑冈村这女人是情人，但似乎不对。\n"", 1], [""\n<SURNAME/>1989年<SURNAME/>○月○○日<SURNAME/>晴\n<SURNAME/>在饥饿中，我辈今天也进行橿原的调查。\n<SURNAME/>本以为叫冈村的女人是情妇，但似乎不是。\n"", 1], [""\n<SURNAME/>1989年<SURNAME/>○月○○日<SURNAME/>晴\n<SURNAME/>饥肠辘辘中，吾辈今日续查橿原。\n<SURNAME/>原疑冈村女子为情妇，实非如此。\n"", 1]]",,
dup:script,dup:81d86bae2967,"
<SURNAME/>遂に、現在、過去、未来、
<SURNAME/>連なる時の円環ガ動き出し、
<SURNAME/>シバルバーガその姿を現した。
",\n<SURNAME/>终于，现在、过去、未来，\n<SURNAME/>连绵的时间之环开始转动，\n<SURNAME/>希巴尔巴现出了身影。\n,"[[""\n<SURNAME/>终于，现在、过去、未来、\n<SURNAME/>相连的时间之环开始转动，\n<SURNAME/>希巴尔巴现出了其身影。\n"", 1], [""\n<SURNAME/>终于，现在、过去、未来，\n<SURNAME/>连绵的时间之环开始转动，\n<SURNAME/>希巴尔巴现出了身影。\n"", 1]]",,
dup:script,dup:82a14bc8955b,"
<SURNAME/>そこの親父、急に羽振りガ良くなっちまってよ。
<SURNAME/>万年平社員の安月給、赤字スパイラルだって、
<SURNAME/>いつも嘆いてたんだぜ?",\n<SURNAME/>那个大叔突然就阔绰起来了，\n<SURNAME/>可是他以前不还老哭穷说什么自己是万年小员工，\n<SURNAME/>工资少，而且还总念叨什么赤字螺旋吗?,"[[""\n<SURNAME/>那老头，突然就阔起来了。\n<SURNAME/>明明一直抱怨万年小职员的低工资，入不敷出，\n<SURNAME/>整天唉声叹气的不是？"", 1], [""\n<SURNAME/>那大叔，突然就阔气起来了。\n<SURNAME/>明明一直抱怨自己是万年小职员，工资低，\n<SURNAME/>入不敷出呢？"", 1], [""\n<SURNAME/>那边的老爹，突然就飞黄腾达了。\n<SURNAME/>以前总抱怨自己是万年小职员，工资低，入不敷出。\n<SURNAME/>整天唉声叹气的。"", 1], [""\n<SURNAME/>那个大叔突然就阔绰起来了，\n<SURNAME/>可是他以前不还老哭穷说什么自己是万年小员工，\n<SURNAME/>工资少，而且还总念叨什么赤字螺旋吗?"", 1]]",,
dup:script,dup:84fbb70a198f,"
<SURNAME/>ようこそベルベットルームへ。
<SURNAME/>今日は、どんな御用ですかな?","
<SURNAME/>欢迎来到天鹅绒房间。
<SURNAME/>今天，有何贵干？","[[""\n<SURNAME/>欢迎来到天鹅绒房间。\n<SURNAME/>今天有何贵干？"", 1], [""\n<SURNAME/>欢迎来到天鹅绒房间。\n<SURNAME/>今日，有何贵干呢?"", 1], [""\n<SURNAME/>欢迎来到天鹅绒房间。\n<SURNAME/>今天，有何贵干？"", 1]]",,
dup:script,dup:865a4bbb1558,"
<SURNAME/>スロットマシン
<SURNAME/>「AROUSE<SURNAME/>BLANK」
<SURNAME/>05番台ガある。","
<SURNAME/>老虎机
<SURNAME/>「AROUSE<SURNAME/>BLANK」
<SURNAME/>有05号台。","[[""\n<SURNAME/>老虎机\n<SURNAME/>「AROUSE<SURNAME/>BLANK」\n<SURNAME/>05号机有。"", 1], [""\n<SURNAME/>老虎机\n<SURNAME/>「AROUSE<SURNAME/>BLANK」\n<SURNAME/>05号机。"", 1], [""\n<SURNAME/>老虎机\n<SURNAME/>「AROUSE<SURNAME/>BLANK」\n<SURNAME/>有05号台。"", 1]]",,
dup:script,dup:8769e1e5aea9,"
<SURNAME/>あん?<SURNAME/>栄吉の意志かだと?
<SURNAME/>馬鹿言っちゃいけねぇよ、兄ちゃん!!
<SURNAME/>息子は親父の跡を継ぐ!<SURNAME/>昔から決まってんでい",\n<SURNAME/>嗯?<SURNAME/>荣吉的意愿?\n<SURNAME/>别说傻话，小哥!!\n<SURNAME/>儿子要继承老子的衣钵!<SURNAME/>这是自古就定好的规矩!,"[[""\n<SURNAME/>嗯？<SURNAME/>荣吉的意志？\n<SURNAME/>别胡说八道了，小哥！！\n<SURNAME/>儿子继承老子的衣钵！<SURNAME/>自古以来就定好的！"", 1], [""\n<SURNAME/>啥？<SURNAME/>荣吉的意愿？\n<SURNAME/>别胡说八道，小哥！！\n<SURNAME/>儿子继承老子的家业！<SURNAME/>天经地义的事！"", 1], [""\n<SURNAME/>嗯?<SURNAME/>荣吉的意愿?\n<SURNAME/>别说傻话，小哥!!\n<SURNAME/>儿子要继承老子的衣钵!<SURNAME/>这是自古就定好的规矩!"", 1]]",,
dup:script,dup:87d84a8ddc51,"<c1d:11/>調査報告書No.32<c1d:1/>
<SURNAME/>但し、同3名は人目を避けるように、
<SURNAME/>市内の文化遺産や蝸牛山を探索するなど、
<SURNAME/>幾つか奇異な点ガ見られた。
","<c1d:11/>调查报告No.32<c1d:1/>
<SURNAME/>然此三人行为存疑点，
<SURNAME/>如避人耳目探索市内文化遗产与蜗牛山，
<SURNAME/>举动颇为异常。
","[[""<c1d:11/>调查报告No.32<c1d:1/>\n<SURNAME/>但同三人避开他人视线，\n<SURNAME/>在市内文化遗产和蜗牛山探索等，\n<SURNAME/>发现了几处可疑之处。\n"", 1], [""<c1d:11/>调查报告No.32<c1d:1/>\n<SURNAME/>但是，这三人似乎避开他人视线，\n<SURNAME/>探索市内的文化遗产和蜗牛山等，\n<SURNAME/>发现了一些奇异之处。\n"", 1], [""<c1d:11/>调查报告No.32<c1d:1/>\n<SURNAME/>然此三人行为存疑点，\n<SURNAME/>如避人耳目探索市内文化遗产与蜗牛山，\n<SURNAME/>举动颇为异常。\n"", 1]]",,
dup:script,dup:8886f0073c3a,"
<SURNAME/>なあ〜んて、冗談、冗談!!<pause:30/>
<SURNAME/>そんなことあるわけないよね!<pause:30/>
<SURNAME/>イイ男だから、お姉さん見とれちゃった♥","
<SURNAME/>啊～什么嘛，玩笑、玩笑!!<pause:30/>
<SURNAME/>那种事不可能有啦!<pause:30/>
<SURNAME/>因为是个好男人，姐姐我看入迷了♥","[[""\n<SURNAME/>啊哈哈〜开玩笑的，开玩笑!!<pause:30/>\n<SURNAME/>那种事嘛！<pause:30/>\n<SURNAME/>因为是个好男人，姐姐我看入迷了♥"", 1], [""\n<SURNAME/>啊〜呀，开玩笑、开玩笑!!<pause:30/>\n<SURNAME/>那种事不可能有吧!<pause:30/>\n<SURNAME/>因为是个好男人，姐姐我看入迷了♥"", 1], [""\n<SURNAME/>啊～什么嘛，玩笑、玩笑!!<pause:30/>\n<SURNAME/>那种事不可能有啦!<pause:30/>\n<SURNAME/>因为是个好男人，姐姐我看入迷了♥"", 1]]",,
dup:script,dup:89338d1a015a,"
<SURNAME/>1989年<SURNAME/>△月△△日<SURNAME/>晴
<SURNAME/>我ガ輩、本日も橿原の調査。
<SURNAME/>先日の登山調査で、持病の腰痛ガひどい。
","
<SURNAME/>1989年<SURNAME/>△月△△日<SURNAME/>晴
<SURNAME/>吾辈今日续查橿原。
<SURNAME/>前日登山调查致腰痛旧疾加剧。
","[[""\n<SURNAME/>1989年<SURNAME/>△月△△日<SURNAME/>晴\n<SURNAME/>我辈今日也调查橿原。\n<SURNAME/>因前几天的登山调查，老毛病腰痛加剧。\n"", 1], [""\n<SURNAME/>1989年<SURNAME/>△月△△日<SURNAME/>晴\n<SURNAME/>我辈今天也进行橿原的调查。\n<SURNAME/>前几天的登山调查，让老毛病腰痛加剧了。\n"", 1], [""\n<SURNAME/>1989年<SURNAME/>△月△△日<SURNAME/>晴\n<SURNAME/>吾辈今日续查橿原。\n<SURNAME/>前日登山调查致腰痛旧疾加剧。\n"", 1]]",,
dup:script,dup:8972eef6044f,"<c1d:11/>轟<SURNAME/>大助の日記<c1d:1/>
<SURNAME/>学校での一件以来、橿原は外出しなくなった。
<SURNAME/>奥方の話だと、熱心に何やら執筆しているらしい。
<SURNAME/>だガ、今日は息子と外出するようだ。
","<c1d:11/>轰<SURNAME/>大助日记<c1d:1/>
<SURNAME/>学园事件后，橿原足不出户。
<SURNAME/>据其妻言，似在热衷执笔写作。
<SURNAME/>然今日携子外出。
","[[""<c1d:11/>轰<SURNAME/>大助的日记<c1d:1/>\n<SURNAME/>学校那件事以来，橿原不再外出。\n<SURNAME/>据夫人说，似乎在热心撰写什么。\n<SURNAME/>但今天似乎要和儿子外出。\n"", 1], [""<c1d:11/>轰<SURNAME/>大助的日记<c1d:1/>\n<SURNAME/>学校事件后，橿原不再外出。\n<SURNAME/>据夫人说，似乎在热心地写作什么。\n<SURNAME/>但今天要和儿子外出。\n"", 1], [""<c1d:11/>轰<SURNAME/>大助日记<c1d:1/>\n<SURNAME/>学园事件后，橿原足不出户。\n<SURNAME/>据其妻言，似在热衷执笔写作。\n<SURNAME/>然今日携子外出。\n"", 1]]",,
dup:script,dup:8aa73b2f9b99,"
<SURNAME/>…へ?
","
<SURNAME/>……啊？
","[[""\n<SURNAME/>…诶?\n"", 1], [""\n<SURNAME/>…诶？\n"", 1]]",,
dup:script,dup:8bf810d4f76e,"
<SURNAME/>まったくあの野郎ときたら、
<SURNAME/>毎日フラフラしてばっかりでよお。<pause:30/>
<SURNAME/>俺の跡目ガ継げんのかって、心配してんのよ。",\n<SURNAME/>真是的，那小子啊，\n<SURNAME/>整天就知道到处鬼混。<pause:30/>\n<SURNAME/>我都担心他能不能继承我的衣钵啊。,"[[""\n<SURNAME/>真是的，说到那小子，\n<SURNAME/>每天就知道闲逛。<pause:30/>\n<SURNAME/>我都担心他能不能继承衣钵啊。"", 1], [""\n<SURNAME/>真是的，那小子啊，\n<SURNAME/>每天就知道瞎逛。<pause:30/>\n<SURNAME/>我都担心他能不能继承家业呢。"", 1], [""\n<SURNAME/>真是的，那小子啊，\n<SURNAME/>整天就知道到处鬼混。<pause:30/>\n<SURNAME/>我都担心他能不能继承我的衣钵啊。"", 1]]",,
dup:script,dup:8d26192ed4f4,"
<SURNAME/>あの校長、加速装置でも搭載してるのか?
<SURNAME/>前に戦った時の力も残ってるみたいだしなぁ…
<SURNAME/>ったく、とんでもない校長になったもんだぜ。","
<SURNAME/>那校长装了加速装置吗？
<SURNAME/>之前战斗时的力量也还在啊…
<SURNAME/>靠，变成个不得了的校长了。","[[""\n<SURNAME/>那校长装了加速装置不成?\n<SURNAME/>上次打架时的力量也还在…\n<SURNAME/>靠，变成不得了的校长了啊。"", 1], [""\n<SURNAME/>那个校长，难道装了加速装置吗？\n<SURNAME/>之前战斗时的力量也还留着的样子…\n<SURNAME/>真是的，变成个不得了的校长了啊。"", 1], [""\n<SURNAME/>那校长装了加速装置吗？\n<SURNAME/>之前战斗时的力量也还在啊…\n<SURNAME/>靠，变成个不得了的校长了。"", 1]]",,
dup:script,dup:8e55ee992046,"
<SURNAME/>おつかれー!
<SURNAME/>さて、ご用件はなにかしら?","
<SURNAME/>辛苦啦!
<SURNAME/>那么有什么事吗?","[[""\n<SURNAME/>辛苦啦!\n<SURNAME/>那么，有什么事吗?"", 2], [""\n<SURNAME/>辛苦啦！\n<SURNAME/>那么，有什么事吗？"", 1], [""\n<SURNAME/>辛苦了！\n<SURNAME/>那么，有什么事吗？"", 1], [""\n<SURNAME/>辛苦啦!\n<SURNAME/>那么有什么事吗?"", 1]]","
<SURNAME/>辛苦啦!
<SURNAME/>那么，有什么事吗?",position_majority
dup:script,dup:8f4830ebaa50,"
<SURNAME/>そう、レベルガ高いペルソナほど、
<SURNAME/>必要なタロットの枚数も増えるわけですな。","
<SURNAME/>是的，Persona等级越高，
<SURNAME/>所需的塔罗牌数量也越多。","[[""\n<SURNAME/>是的，等级越高的Persona，\n<SURNAME/>所需塔罗牌也越多。"", 1], [""\n<SURNAME/>是的，Persona的等级越高，\n<SURNAME/>所需的塔罗牌数量也会增加呢。"", 1], [""\n<SURNAME/>是的，Persona等级越高，\n<SURNAME/>所需的塔罗牌数量也越多。"", 1]]",,
dup:script,dup:91982dca1b1f,"
<SURNAME/>港南区の廃工場に、たんすババアなる
<SURNAME/>妖怪ガ出るそうッス。<pause:15/>
<SURNAME/>って、どんな妖怪なんスか?",\n<SURNAME/>据说在港南区的废工厂里，\n<SURNAME/>有个叫衣柜婆婆的妖怪出没。<pause:15/>\n<SURNAME/>那到底是什么样的妖怪啊？,"[[""\n<SURNAME/>听说在港南区的废弃工厂，有叫衣柜婆婆的\n<SURNAME/>妖怪出现呢。<pause:15/>\n<SURNAME/>话说，是什么样的妖怪呢?"", 1], [""\n<SURNAME/>港南区的废弃工厂里，据说有\n<SURNAME/>叫衣柜婆婆的妖怪出现。<pause:15/>\n<SURNAME/>话说，是什么样的妖怪啊？"", 1], [""\n<SURNAME/>港南区的废弃工厂，有叫衣柜婆婆的\n<SURNAME/>妖怪出没呢。<pause:15/>\n<SURNAME/>那是什么妖怪啊?"", 1], [""\n<SURNAME/>据说在港南区的废工厂里，\n<SURNAME/>有个叫衣柜婆婆的妖怪出没。<pause:15/>\n<SURNAME/>那到底是什么样的妖怪啊？"", 1]]",,
dup:script,dup:91e76ed743bc,"
<SURNAME/>降魔は一度に一体しか出来ません。
<SURNAME/>ですガ、ペルソナカードガあれば、
<SURNAME/>いつでも別のペルソナを降魔することガ出来ます","
<SURNAME/>一次只能降魔一个Persona。
<SURNAME/>但若有Persona卡片，
<SURNAME/>随时可降魔另一个。","[[""\n<SURNAME/>降魔一次只能进行一体。\n<SURNAME/>但是，如果有Persona卡片，\n<SURNAME/>随时可以降魔其他Persona。"", 1], [""\n<SURNAME/>一次仅能降魔一体Persona。\n<SURNAME/>但持有卡片时，\n<SURNAME/>可随时更换降魔对象。"", 1], [""\n<SURNAME/>一次只能降魔一个Persona。\n<SURNAME/>但若有Persona卡片，\n<SURNAME/>随时可降魔另一个。"", 1]]",,
dup:script,dup:938a0aec2cf3,"
<SURNAME/>中には、なぜか荒縄とローソクガ入っている…
<SURNAME/>非常用だと思いたい…",\n<SURNAME/>箱子里，不知为何放着粗绳和蜡烛… \n<SURNAME/>但愿只是应急用的…,"[[""\n<SURNAME/>箱子里，不知为何放着粗绳和蜡烛… \n<SURNAME/>但愿只是应急用的…"", 2], [""\n<SURNAME/>箱子里，不知为何放着粗绳和蜡烛…\n<SURNAME/>但愿只是应急用的…"", 2], [""\n<SURNAME/>里面，不知为何有粗绳和蜡烛…\n<SURNAME/>想当作是紧急用的…"", 2]]",,
dup:script,dup:93f1d4721e1d,"
<SURNAME/>そう言えば生徒の誰かガ、
<SURNAME/>職員室にもエンブレムガあるって言ってたよ。<pause:15/>
<SURNAME/>後はその職員室にあるやつだけじゃないかい?",<SURNAME/>对了，有学生说 <SURNAME/>职员室也有校徽。<pause:15/> <SURNAME/>那就只剩职员室的了吧?,"[[""\n<SURNAME/>说起来，有学生说，\n<SURNAME/>职员室也有校徽哦。<pause:15/>\n<SURNAME/>那剩下的就只有职员室里的那些了吧?"", 1], [""\n<SURNAME/>对了，有学生说 \n<SURNAME/>职员室也有校徽。<pause:15/>\n\n<SURNAME/>那就只剩职员室的了吧?"", 1]]",,
dup:script,dup:94a1914b00e4,"
<SURNAME/>聞きました?<SURNAME/>青華区のクレール・ド・リュンヌで
<SURNAME/>本物の武器を売っているそうッスよ。
<SURNAME/>値段は安いガ、品質は今一つだそうッス。",\n<SURNAME/>你听说了吗？<SURNAME/>青华区的月光之清\n<SURNAME/>在卖真武器呢。\n<SURNAME/>虽然价格便宜，但品质一般就是了。,"[[""\n<SURNAME/>听说了吗?<SURNAME/>在青华区的Claire de Lune，\n<SURNAME/>有卖真正的武器呢。\n<SURNAME/>据说价格便宜但品质一般呢。"", 1], [""\n<SURNAME/>听说了吗？<SURNAME/>青华区的克蕾尔·德·吕讷\n<SURNAME/>在卖真武器呢。\n<SURNAME/>价格便宜但品质一般。"", 1], [""\n<SURNAME/>听说了吗?<SURNAME/>青华区的克雷尔·德·吕讷\n<SURNAME/>在卖真武器呢。\n<SURNAME/>价格便宜但品质一般哦。"", 1], [""\n<SURNAME/>你听说了吗？<SURNAME/>青华区的月光之清\n<SURNAME/>在卖真武器呢。\n<SURNAME/>虽然价格便宜，但品质一般就是了。"", 1]]",,
dup:script,dup:9518ef70807a,"
<SURNAME/>やっぱりここは情報収集の場所にうってつけだね。
<SURNAME/>話は聞けるし、お寿司も美味しいし、モグモグ…<pause:15/>
<SURNAME/>ハァ…もう何もかも大漁って感じ。",\n<SURNAME/>果然这里适合收集情报。\n<SURNAME/>不仅能听传闻，还能吃到好吃的寿司，嚼嚼…<pause:15/>\n<SURNAME/>哈…感觉一切大丰收啊。,"[[""\n<SURNAME/>果然这里是收集情报的好地方。\n<SURNAME/>能听到消息，寿司又好吃，嚼嚼…<pause:15/>\n<SURNAME/>哈…感觉一切都大丰收了。"", 1], [""\n<SURNAME/>果然这儿超适合收集情报～\n<SURNAME/>能打探消息，寿司又赞，吧唧吧唧…<pause:15/>\n<SURNAME/>哈啊…简直满载而归～"", 1], [""\n<SURNAME/>果然这里适合收集情报。\n<SURNAME/>不仅能听传闻，还能吃到好吃的寿司，嚼嚼…<pause:15/>\n<SURNAME/>哈…感觉一切大丰收啊。"", 1]]",,
dup:script,dup:9526d2cd2793,"
<SURNAME/>ちなみに、新しく召喚したペルソナは、
<SURNAME/>私ガ大切に預かっております。
<SURNAME/>必要な時は、私にお申しつけください。","
<SURNAME/>顺便一提，新召唤的Persona，
<SURNAME/>我会妥善保管。
<SURNAME/>需要时，请吩咐我。","[[""\n<SURNAME/>顺便，新召唤的Persona，\n<SURNAME/>由我妥善保管。\n<SURNAME/>需要时请吩咐。"", 1], [""\n<SURNAME/>顺带一提，新召唤的Persona，\n<SURNAME/>都由我妥善保管。\n<SURNAME/>需要时请随时吩咐。"", 1], [""\n<SURNAME/>顺便一提，新召唤的Persona，\n<SURNAME/>我会妥善保管。\n<SURNAME/>需要时，请吩咐我。"", 1]]",,
dup:script,dup:9630bc91e496,"
<SURNAME/>え?<SURNAME/>探偵事務所の、たまきちゃんガ、
<SURNAME/>実はデビルサマナー?<SURNAME/><pause:15/>…って、それなに?<pause:15/>
<SURNAME/>何か特別な仕事なのかな…<pause:15/>まあいいや。",\n<SURNAME/>咦?<SURNAME/>侦探事务所的环酱，\n<SURNAME/>其实是恶魔召唤师?<SURNAME/><pause:15/>…那是什么?<pause:15/>\n<SURNAME/>特别的工作吗…<pause:15/>算了。,"[[""\n<SURNAME/>咦？<SURNAME/>侦探事务所的玉木酱，\n<SURNAME/>其实是恶魔召唤师？<SURNAME/><pause:15/>……那是什么？<pause:15/>\n<SURNAME/>是某种特别的工作吗……<pause:15/>算了。"", 1], [""\n<SURNAME/>咦？<SURNAME/>侦探事务所的环酱，\n<SURNAME/>其实是恶魔召唤师？<SURNAME/><pause:15/>……等等，那是啥？<pause:15/>\n<SURNAME/>什么特殊工作吗…<pause:15/>算了不管了。"", 1], [""\n<SURNAME/>咦？<SURNAME/>侦探事务所的玉木酱，\n<SURNAME/>其实是恶魔召唤师？<SURNAME/><pause:15/>……等等，那是什么？<pause:15/>\n<SURNAME/>是某种特别的工作吗……<pause:15/>算了。"", 1], [""\n<SURNAME/>咦?<SURNAME/>侦探事务所的环酱，\n<SURNAME/>其实是恶魔召唤师?<SURNAME/><pause:15/>…那是什么?<pause:15/>\n<SURNAME/>特别的工作吗…<pause:15/>算了。"", 1]]",,
dup:script,dup:965341b14fb9,"
<SURNAME/>これから先、諸君を待ち受けるのは、
<SURNAME/>這い寄る混沌ガ紡いだ、更に過酷な運命だろう…
",\n<SURNAME/>从今往后，等待诸君的，\n<SURNAME/>是这伏行之混沌所编织的更残酷的命运…\n,"[[""\n<SURNAME/>今后等待诸君的，\n<SURNAME/>将是伏行而来的混沌所编织的、更为严酷的命运吧…\n"", 1], [""\n<SURNAME/>从今往后，等待诸君的，\n<SURNAME/>是这伏行之混沌所编织的更残酷的命运…\n"", 1]]",,
dup:script,dup:96f3eae6a8d4,"
<SURNAME/>何も入ってない。",<SURNAME/>里面什么也没有。,"[[""\n<SURNAME/>里面什么都没有。"", 1], [""\n<SURNAME/>里面什么也没有。"", 1], [""\n<SURNAME/>什么也没有。"", 1]]","
<SURNAME/>里面什么也没有。",latest_merged_pr
dup:script,dup:99ce7f1532bf,"
<SURNAME/>あの子たちのためにも、
<SURNAME/>僕ガ父さんを止めなければ…<pause:30/>
<SURNAME/>操り人形のままじゃ、終われない!!
",\n<SURNAME/>为了那些孩子，\n<SURNAME/>我必须阻止父亲…<pause:30/>\n<SURNAME/>绝不能当一辈子傀儡!!\n,"[[""\n<SURNAME/>为了那些孩子们，\n<SURNAME/>我必须阻止父亲…<pause:30/>\n<SURNAME/>绝不能当一辈子傀儡!!\n"", 3], [""\n<SURNAME/>为了那些孩子，\n<SURNAME/>我必须阻止父亲…<pause:30/>\n<SURNAME/>绝不能当一辈子傀儡!!\n"", 1]]","
<SURNAME/>为了那些孩子们，
<SURNAME/>我必须阻止父亲…<pause:30/>
<SURNAME/>绝不能当一辈子傀儡!!
",position_majority
dup:script,dup:9a823586299b,"
<SURNAME/>あのアニマムンディで
<SURNAME/>本物の防具ガ買えてしまうんスか?
<SURNAME/>質も値段も普通だと聞いたッスガ。",\n<SURNAME/>世界之灵那地方\n<SURNAME/>居然能买到真防具吗？\n<SURNAME/>不过听说质量和价格都普普通通就是了。,"[[""\n<SURNAME/>那个Anima Mundi\n<SURNAME/>居然能买到真防具吗？\n<SURNAME/>听说质量和价格都普通的说的说。"", 1], [""\n<SURNAME/>那个阿尼玛·蒙迪\n<SURNAME/>居然能买到真防具？\n<SURNAME/>听说品质和价格都普通。"", 1], [""\n<SURNAME/>那个阿尼玛蒙迪\n<SURNAME/>居然能买到真防具吗？\n<SURNAME/>听说质量和价格都普通呢。"", 1], [""\n<SURNAME/>世界之灵那地方\n<SURNAME/>居然能买到真防具吗？\n<SURNAME/>不过听说质量和价格都普普通通就是了。"", 1]]",,
dup:script,dup:9aec0d13f390,"
<SURNAME/>死と再生…<pause:15/>このカードは、そなたの運気低下を意味
<SURNAME/>している。<pause:15/>これよりしばしの間、ツキに見放され、
<SURNAME/>不幸な日々を過ごす事となろう。","
<SURNAME/>死与再生…<pause:15/>此牌意指，汝之运気下降。
<SURNAME/><pause:15/>此后片刻，为运所弃，
<SURNAME/>将度不幸之日矣。","[[""\n<SURNAME/>死与再生…<pause:15/>这张卡片意味着你的运气下降。<pause:15/>\n<SURNAME/>此后一段时间，将被好运抛弃，\n<SURNAME/>度过不幸的日子吧。"", 1], [""\n<SURNAME/>死亡与重生…<pause:15/>此卡预示汝之运势下降。<pause:15/>\n<SURNAME/>从今往后，你将失去运气，\n<SURNAME/>度过不幸时光。"", 1], [""\n<SURNAME/>死与再生…<pause:15/>此牌意指，汝之运気下降。\n<SURNAME/><pause:15/>此后片刻，为运所弃，\n<SURNAME/>将度不幸之日矣。"", 1]]",,
dup:script,dup:9cd5362db74a,"
<SURNAME/>但し、同じ悪魔とだけ交渉していてもダメですぞ。
<SURNAME/>レベルの高い悪魔ほど、
<SURNAME/>所持しているタロットの枚数も多いのです。","
<SURNAME/>不过，只与同一种恶魔交涉可不行。
<SURNAME/>恶魔等级越高，
<SURNAME/>所持的塔罗牌数量也越多。","[[""\n<SURNAME/>但只交涉同种恶魔不行。\n<SURNAME/>等级越高的恶魔，\n<SURNAME/>持有塔罗牌也越多。"", 1], [""\n<SURNAME/>但仅与同种恶魔交涉可不行。\n<SURNAME/>恶魔等级越高，\n<SURNAME/>持有的塔罗牌数量也越多。"", 1], [""\n<SURNAME/>不过，只与同一种恶魔交涉可不行。\n<SURNAME/>恶魔等级越高，\n<SURNAME/>所持的塔罗牌数量也越多。"", 1]]",,
dup:script,dup:9f1da4c62644,"
<SURNAME/>今先輩ガ壊したので、
<SURNAME/>この部屋のエンブレムは最後よ!!
<SURNAME/>早く他の部屋のも壊さないと!!",<SURNAME/>刚才前辈已经把他破坏掉了， <SURNAME/>这个房间的徽章是最后一个了!! <SURNAME/>得快点破坏其他房间的!!,"[[""\n<SURNAME/>既然刚才前辈破坏掉了，\n<SURNAME/>这间房间里的徽章就是最后一个了!!\n<SURNAME/>得快点破坏其他房间的!!"", 1], [""\n<SURNAME/>刚才前辈已经把他破坏掉了， \n<SURNAME/>这个房间的纹章是最后一个了!! \n<SURNAME/>得快点破坏其他房间的!!"", 1]]","
<SURNAME/>刚才前辈已经把他破坏掉了， 
<SURNAME/>这个房间的纹章是最后一个了!! 
<SURNAME/>得快点破坏其他房间的!!",latest_merged_pr
dup:script,dup:9fd6816f3994,"
<SURNAME/>ユッキーの事は、私から先生に話しておいたわ。
<SURNAME/>あの二人に負けないように
<SURNAME/>私達も頑張らないとね!","
<SURNAME/>雪野的事，我已经跟老师说了。
<SURNAME/>为了不输给那两个人，
<SURNAME/>我们也得加油呢！","[[""\n<SURNAME/>小雪的事，我已经跟老师说了。\n<SURNAME/>为了不输给那两个人\n<SURNAME/>，我们也要加油啊!"", 1], [""\n<SURNAME/>小雪的事，我已经跟老师说了。\n<SURNAME/>为了不输给那两个人，\n<SURNAME/>我们也得加油呢！"", 1]]",,
dup:script,dup:a01a41be3678,"
<SURNAME/>なに、懸賞?<SURNAME/>なにも届いていないようだガ…
<SURNAME/>まだ時間ガ経っていないのではないかね?
<SURNAME/>もう少ししてから来たらどうかな?","
<SURNAME/>什么，悬赏？<SURNAME/>好像没收到什么啊…
<SURNAME/>是不是时间还没到？
<SURNAME/>过会儿再来如何？","[[""\n<SURNAME/>什么，悬赏？<SURNAME/>好像什么也没收到啊…\n<SURNAME/>是不是时间还没到呢？\n<SURNAME/>过一会儿再来怎么样？"", 2], [""\n<SURNAME/>什么，悬赏？<SURNAME/>好像什么也没到…\n<SURNAME/>是不是时间还没到呢？\n<SURNAME/>过一会儿再来怎么样？"", 2], [""\n<SURNAME/>什么，悬赏？<SURNAME/>好像没收到什么啊…\n<SURNAME/>是不是时间还没到？\n<SURNAME/>过会儿再来如何？"", 2], [""\n<SURNAME/>什么，悬赏?<SURNAME/>好像没收到什么…\n<SURNAME/>是不是时间还没到?\n<SURNAME/>过会儿再来怎么样?"", 1], [""\n<SURNAME/>什么，抽奖？<SURNAME/>好像还没收到东西啊…\n<SURNAME/>是不是时间还没到呢？\n<SURNAME/>过会儿再来怎么样？"", 1]]",,
dup:script,dup:a114868ead6c,"
<SURNAME/>あんまりジロジロ見ないでくださいっ!
<SURNAME/>私だって、こんな姿で学校に来たくないですよ。
<SURNAME/>でも、大好きな校長先生ガ休むなって言うから…","
<SURNAME/>别老盯着我看！
<SURNAME/>我也不想这副样子来学校啊。
<SURNAME/>但最喜欢的校长说不准请假…","[[""\n<SURNAME/>别一直盯着我看!\n<SURNAME/>我也不想这样来学校啊。\n<SURNAME/>但最爱的校长说别请假…"", 1], [""\n<SURNAME/>请不要一直盯着我看!\n<SURNAME/>我也不想这副样子来学校的。\n<SURNAME/>但是，我最喜欢的校长先生说不要请假…"", 1], [""\n<SURNAME/>别老盯着我看！\n<SURNAME/>我也不想这副样子来学校啊。\n<SURNAME/>但最喜欢的校长说不准请假…"", 1]]",,
dup:script,dup:a14e888879f3,"
<SURNAME/>伝説の女優、吉川さゆりのポスター。
<SURNAME/>唇の部分ガ、なぜかふやけている…",\n<SURNAME/>传奇女演员，吉川小百合的日历。 \n<SURNAME/>仔细一看，居然是30年前的东西了!! \n<SURNAME/>不知为何，嘴唇部分湿漉漉的…,"[[""\n<SURNAME/>传奇女演员，吉川小百合的日历。 \n<SURNAME/>不知为何，嘴唇部分湿漉漉的…"", 2], [""\n<SURNAME/>传奇女演员，吉川小百合的海报。\n<SURNAME/>不知为何，嘴唇部分湿漉漉的…"", 1]]","
<SURNAME/>传奇女演员，吉川小百合的日历。 
<SURNAME/>不知为何，嘴唇部分湿漉漉的…",position_majority
dup:script,dup:a18746b8634c,"
<SURNAME/>うふふふっ、また新しい噂ネタガ入ったよ。
<SURNAME/>そっちはどうだい?<SURNAME/>新しいネタは入った?
<SURNAME/>それなら僕のネタと交換しようよ。",\n<SURNAME/>唔呼呼，又有新传闻啦。\n<SURNAME/>你那边怎么样?<SURNAME/>有新消息了?\n<SURNAME/>那就来交换吧。,"[[""\n<SURNAME/>唔呵呵，又搞到新传闻啦。\n<SURNAME/>你那边呢？<SURNAME/>有新货没？\n<SURNAME/>有就跟我换呗。"", 1], [""\n<SURNAME/>呵呵呵，又有新八卦进来了。\n<SURNAME/>你那边怎么样？<SURNAME/>有新消息吗？\n<SURNAME/>那我们就交换八卦吧。"", 1], [""\n<SURNAME/>唔呵呵～又搞到新料啦。\n<SURNAME/>你那边呢？<SURNAME/>有新货没？\n<SURNAME/>有就跟我交换呗～"", 1], [""\n<SURNAME/>唔呼呼，又有新传闻啦。\n<SURNAME/>你那边怎么样?<SURNAME/>有新消息了?\n<SURNAME/>那就来交换吧。"", 1]]",,
dup:script,dup:a29b8bd3f57e,"
<SURNAME/>聞きました?<SURNAME/>青華区のクレール・ド・リュンヌで
<SURNAME/>本物の武器を売っているそうッスよ。
<SURNAME/>品揃えはいいけど下取り価格ガ安いそうッス。",\n<SURNAME/>你听说了吗？<SURNAME/>青华区的月光之清\n<SURNAME/>在卖真武器呢。\n<SURNAME/>种类齐全，但回收价非常低就是了。,"[[""\n<SURNAME/>听说了吗?<SURNAME/>在青华区的Claire de Lune，\n<SURNAME/>有卖真正的武器呢。\n<SURNAME/>据说品种齐全但回收价格低呢。"", 1], [""\n<SURNAME/>听说了吗？<SURNAME/>青华区的克蕾尔·德·吕讷\n<SURNAME/>在卖真武器呢。\n<SURNAME/>品种齐全但回收价低。"", 1], [""\n<SURNAME/>听说了吗?<SURNAME/>青华区的克雷尔·德·吕讷\n<SURNAME/>在卖真武器呢。\n<SURNAME/>品种多但回收价低哦。"", 1], [""\n<SURNAME/>你听说了吗？<SURNAME/>青华区的月光之清\n<SURNAME/>在卖真武器呢。\n<SURNAME/>种类齐全，但回收价非常低就是了。"", 1]]",,
dup:script,dup:a7d906128eca,"
<SURNAME/>連続テロの騒ぎガ起きてから、新しい噂話も
<SURNAME/>聞こえなくなってきちゃってね。
<SURNAME/>困ったなぁ…",\n<SURNAME/>自从连环恐怖袭击事件发生后，\n<SURNAME/>连新的传闻都听不到了。\n<SURNAME/>真头疼啊…,"[[""\n<SURNAME/>自从连续恐怖事件发生后，新八卦\n<SURNAME/>也听不到了。\n<SURNAME/>真头疼啊…"", 1], [""\n<SURNAME/>连环恐袭闹开后，\n<SURNAME/>新传闻都听不着了。\n<SURNAME/>愁死人啊…"", 1], [""\n<SURNAME/>自从连环恐怖袭击事件发生后，\n<SURNAME/>连新的传闻都听不到了。\n<SURNAME/>真头疼啊…"", 1]]",,
dup:script,dup:aad23017dc9e,"
<SURNAME/>あしたまでお社にとじこめちゃえば、
<SURNAME/>お姉ちゃん、きっとどこにも行けないよ!!
",\n<SURNAME/>如果把她关在神社直到明天，\n<SURNAME/>大姐姐，就哪里也去不了啦!!\n,"[[""\n<SURNAME/>如果把她关在神社直到明天，\n<SURNAME/>大姐姐，就哪里也去不了啦!!\n"", 1], [""\n<SURNAME/>把你关在神社到明天，\n<SURNAME/>姐姐，就哪儿也去不了啦!!\n"", 1]]",,
dup:script,dup:ab5d9fc3f16f,"
<SURNAME/>今僕の知っているネタは、これで全部だよ。
<SURNAME/>また何か新しい情報ガ手に入ったら、
<SURNAME/>噂交換しよう。約束だよ。",\n<SURNAME/>目前我知道的传闻就这些。\n<SURNAME/>有新消息的话\n<SURNAME/>再来交换吧。约好了哦。,"[[""\n<SURNAME/>现在我知道的传闻就这些了。\n<SURNAME/>如果又搞到新情报，\n<SURNAME/>就交换传闻吧。说定了。"", 1], [""\n<SURNAME/>我现在知道的八卦就这些了。\n<SURNAME/>等有新消息到手，\n<SURNAME/>我们再交换八卦。说定了哦。"", 1], [""\n<SURNAME/>我手头就这些料啦。\n<SURNAME/>等有新情报，\n<SURNAME/>再交换传闻。说定了～"", 1], [""\n<SURNAME/>现在我掌握的传闻，就这些了。\n<SURNAME/>等再有什么新情报到手，\n<SURNAME/>我们再交换传闻吧。说定了。"", 1], [""\n<SURNAME/>目前我知道的传闻就这些。\n<SURNAME/>有新消息的话\n<SURNAME/>再来交换吧。约好了哦。"", 1]]",,
dup:script,dup:abd02cda989f,"
<SURNAME/>這い寄る混沌…<pause:30/>
<SURNAME/>それは一体何者なの…?<pause:30/>
",\n<SURNAME/>伏行之混沌…<pause:30/>\n<SURNAME/>那究竟是什么…?<pause:30/>\n,"[[""\n<SURNAME/>伏行之混沌…<pause:30/>\n<SURNAME/>那到底是什么…?<pause:30/>\n"", 1], [""\n<SURNAME/>伏行之混沌…<pause:30/>\n<SURNAME/>那究竟是什么…?<pause:30/>\n"", 1]]",,
dup:script,dup:ad0d7ced9da5,"
<SURNAME/>時間城にあった伝説の武器は、花らしいんスガ、
<SURNAME/>こともあろうにあの店主、それをどこかの
<SURNAME/>シヨートへアーの女性にあげてしまったそうッス","
<SURNAME/>时间城的传说武器好像是花，
<SURNAME/>可那店主居然把它送给了
<SURNAME/>某个短发女性。","[[""\n<SURNAME/>时间城里的传说武器，好像是花，\n<SURNAME/>那个店主居然把它给了某个\n<SURNAME/>短头发的女人。"", 1], [""\n<SURNAME/>时间城里的传说武器，好像是花，\n<SURNAME/>那个店主居然把它给了某个\n<SURNAME/>短发的女性，听说呢。"", 1], [""\n<SURNAME/>时间城的传说武器是花，\n<SURNAME/>店主竟把它给了个\n<SURNAME/>短发女。"", 1], [""\n<SURNAME/>时间城的传说武器好像是花，\n<SURNAME/>那个店主居然把它给了某个\n<SURNAME/>短发的女人。"", 1], [""\n<SURNAME/>时间城的传说武器好像是花，\n<SURNAME/>可那店主居然把它送给了\n<SURNAME/>某个短发女性。"", 1]]",,
dup:script,dup:adcf444602db,"
<SURNAME/>ユッキーの事は、
<SURNAME/>私から冴子先生に話しておいたわ…
<SURNAME/>先生、信じられないって言ってたけど…","
<SURNAME/>雪野的事，
<SURNAME/>我已经跟冴子老师说了…
<SURNAME/>老师虽然说不相信…","[[""\n<SURNAME/>小雪的事，\n<SURNAME/>我已经跟冴子老师说了…\n<SURNAME/>老师说她不相信…"", 1], [""\n<SURNAME/>小雪的事，\n<SURNAME/>我已经跟冴子老师说了…\n<SURNAME/>老师虽然说不相信…"", 1]]",,
dup:script,dup:ae5d9ef3fe14,"
<SURNAME/>岩戸山にあの口裂け女ガいるそうじゃないッスか。
<SURNAME/>私もよく子供の頃、先生に寄り道すると口裂け女ガ
<SURNAME/>追ってくると、脅されたものッス。",\n<SURNAME/>不是有传闻说岩户山上有裂口女吗？\n<SURNAME/>我小时候也经常被老师吓唬说，如果绕远路的话\n<SURNAME/>就会被裂口女追赶的。,"[[""\n<SURNAME/>岩户山不是有裂口女吗？\n<SURNAME/>我小时候也被老师吓唬：绕路的话\n<SURNAME/>裂口女会追上来呢。"", 1], [""\n<SURNAME/>岩户山有那个裂口女在，不是吗?\n<SURNAME/>我小时候也常被老师威胁说，如果绕路\n<SURNAME/>裂口女会追来呢。"", 1], [""\n<SURNAME/>岩户山上有那个裂口女在，不是吗？\n<SURNAME/>我小时候也常被老师吓唬，说如果绕道，\n<SURNAME/>裂口女会追来。"", 1], [""\n<SURNAME/>岩户山有那个裂口女出没不是吗。\n<SURNAME/>我小时候也常被老师吓唬，说乱逛的话\n<SURNAME/>裂口女会追来呢。"", 1], [""\n<SURNAME/>不是有传闻说岩户山上有裂口女吗？\n<SURNAME/>我小时候也经常被老师吓唬说，如果绕远路的话\n<SURNAME/>就会被裂口女追赶的。"", 1]]",,
dup:script,dup:aec7210c9031,"
<SURNAME/>なんでも時間城にあった伝説の武器は、
<SURNAME/>どこかの幸の薄そうな女性ガ
<SURNAME/>買って行ったそうッスね。",\n<SURNAME/>据说时间城里的传说武器，\n<SURNAME/>被某个命苦的女性\n<SURNAME/>买走了呢。,"[[""\n<SURNAME/>听说时间城里的传说武器，\n<SURNAME/>被某个看起来不幸的女人\n<SURNAME/>买走了呢。"", 1], [""\n<SURNAME/>据说时间城的传说武器，\n<SURNAME/>被某个看起来不幸的女人\n<SURNAME/>买走了呢。"", 1], [""\n<SURNAME/>时间城的传说武器，\n<SURNAME/>被个福薄女人\n<SURNAME/>买走了。"", 1], [""\n<SURNAME/>听说时间城的传说武器，\n<SURNAME/>被某个看起来不幸的女人\n<SURNAME/>买走了。"", 1], [""\n<SURNAME/>据说时间城里的传说武器，\n<SURNAME/>被某个命苦的女性\n<SURNAME/>买走了呢。"", 1]]",,
dup:script,dup:af6455001928,"
<SURNAME/>葛華探偵事務所のたまきちゃんの本業は、
<SURNAME/>デビルサマナー?<SURNAME/>何か特殊な仕事なのかな?
<SURNAME/>そんな職は聞いた事ガ無いガ…まあいいだろう。","
<SURNAME/>葛华侦探事务所的环小姐的本职是，
<SURNAME/>恶魔召唤师？<SURNAME/>是什么特殊工作吗？
<SURNAME/>没听说过这种职业呢…嘛好吧。","[[""\n<SURNAME/>葛叶侦探事务所的环酱本业是，\n<SURNAME/>恶魔召唤师？<SURNAME/>什么特殊工作啊？\n<SURNAME/>没听过这种职业…嘛，好吧。"", 1], [""\n<SURNAME/>葛叶侦探事务所的环小姐的本职是，\n<SURNAME/>恶魔召唤师？<SURNAME/>是什么特殊工作吗？\n<SURNAME/>没听说过这种职业呢…嘛好吧。"", 1]]",,
dup:script,dup:af8da76858d0,"
<SURNAME/>奴らは、様々なハイテク兵器や
<SURNAME/>超人部隊を用意して、時ガ満ちるのを待っている!
","
<SURNAME/>他们准备了各种高科技武器和
<SURNAME/>超人部队，等待时机成熟!
","[[""\n<SURNAME/>他们准备了各种高科技武器和\n<SURNAME/>超人部队，等待时机成熟！\n"", 1], [""\n<SURNAME/>他们准备了各种高科技武器和\n<SURNAME/>超人部队，等待着时机成熟!\n"", 1], [""\n<SURNAME/>他们准备了各种高科技武器和\n<SURNAME/>超人部队，等待时机成熟!\n"", 1]]",,
dup:script,dup:b0a68d64b647,"
<SURNAME/>なんでも蓮華台の時間城で本物の武器を売っている
<SURNAME/>そうッスよ。物騒な話ッスねぇ。
<SURNAME/>なんでも値段は安いガ品質は今一つだそうッス。",\n<SURNAME/>我听说莲华台的时间城在卖真武器。\n<SURNAME/>真是个危险的话题啊。\n<SURNAME/>据说价格很便宜，不过品质很一般就是了。,"[[""\n<SURNAME/>听说莲华台时间城在卖\n<SURNAME/>真武器呢。真危险啊。\n<SURNAME/>据说价格便宜但品质一般。"", 1], [""\n<SURNAME/>听说在莲华台的时间城，有卖真正的武器\n<SURNAME/>呢。真是危险的话题呢。\n<SURNAME/>据说价格便宜但品质一般呢。"", 1], [""\n<SURNAME/>听说在莲华台的时间城在卖真武器\n<SURNAME/>是啊。真是危险的话题呢。\n<SURNAME/>据说价格便宜但品质一般。"", 1], [""\n<SURNAME/>听说莲华台的时间城在卖真\n<SURNAME/>武器呢。真危险哦。\n<SURNAME/>价格便宜但品质一般呢。"", 1], [""\n<SURNAME/>我听说莲华台的时间城在卖真武器。\n<SURNAME/>真是个危险的话题啊。\n<SURNAME/>据说价格很便宜，不过品质很一般就是了。"", 1]]",,
dup:script,dup:b0e527b086d4,"
<SURNAME/>…<pause:30/>
<SURNAME/>え?<SURNAME/>ああ、何でもないの…<pause:30/>
<SURNAME/>大丈夫よ…","
<SURNAME/>…<pause:30/>
<SURNAME/>咦？<SURNAME/>啊，没什么…<pause:30/>
<SURNAME/>没事的…","[[""\n<SURNAME/>…<pause:30/>\n<SURNAME/>诶?<SURNAME/>啊，没什么…<pause:30/>\n<SURNAME/>不要紧的…"", 1], [""\n<SURNAME/>……<pause:30/>\n<SURNAME/>诶？<SURNAME/>啊，没什么……<pause:30/>\n<SURNAME/>没事……"", 1], [""\n<SURNAME/>…<pause:30/>\n<SURNAME/>咦？<SURNAME/>啊，没什么…<pause:30/>\n<SURNAME/>没事的…"", 1]]",,
dup:script,dup:b140ac030f81,"
<SURNAME/>タロットカードは悪魔ガ持っています。
<SURNAME/>彼らガ持っているカードは、
<SURNAME/>その悪魔の種族と同じアルカナのタロットです。","
<SURNAME/>塔罗牌由恶魔持有。
<SURNAME/>他们所持的卡片，
<SURNAME/>是与恶魔种族相同大阿卡那的塔罗牌。","[[""\n<SURNAME/>塔罗牌由恶魔持有。\n<SURNAME/>他们持有的卡，\n<SURNAME/>是同种族的阿尔卡纳塔罗。"", 1], [""\n<SURNAME/>塔罗牌由恶魔持有。\n<SURNAME/>它们携带的卡片，\n<SURNAME/>与其种族同属一个阿尔卡纳。"", 1], [""\n<SURNAME/>塔罗牌由恶魔持有。\n<SURNAME/>他们所持的卡片，\n<SURNAME/>是与恶魔种族相同大阿卡那的塔罗牌。"", 1]]",,
dup:script,dup:b2d9bd38bc3c,"
<SURNAME/>私は、ペルソナを24体まで預ることガできます。
<SURNAME/>もちろん、新しく召喚したペルソナだけでなく、
<SURNAME/>それまで所持していたペルソナも預りますぞ。","
<SURNAME/>我可保管多达24个Persona。
<SURNAME/>不仅新召唤的Persona，
<SURNAME/>之前持有的也能保管。","[[""\n<SURNAME/>我可保管24体Persona。\n<SURNAME/>不仅新召唤的，\n<SURNAME/>原有Persona也保管。"", 1], [""\n<SURNAME/>我最多可保管24体Persona。\n<SURNAME/>不仅限于新召唤的，\n<SURNAME/>既有Persona也可托管。"", 1], [""\n<SURNAME/>我可保管多达24个Persona。\n<SURNAME/>不仅新召唤的Persona，\n<SURNAME/>之前持有的也能保管。"", 1]]",,
dup:script,dup:b5b79967f773,"
<SURNAME/>早くしなきゃ私まで奇病になっちゃう!<pause:10/>
<SURNAME/>お願いします、職員室の紋章も壊してきて!",<SURNAME/>不抓紧时间的话连我也要患上怪病了!<pause:10/> <SURNAME/>拜托了，把职员室的徽章也破坏掉!,"[[""\n<SURNAME/>动作不快点的话、连我也会得怪病的!<pause:10/>\n<SURNAME/>求您了，把职员室的徽章也破坏掉!"", 1], [""\n<SURNAME/>不抓紧时间的话连我也要患上怪病了!<pause:10/>\n\n<SURNAME/>拜托了，把职员室的纹章也破坏掉吧!"", 1]]",,
dup:script,dup:b5fac355c9bf,"
<SURNAME/>私は寿司貴族のメンバーっス。
<SURNAME/>寿司好き同好会「寿司貴族」は、
<SURNAME/>ここを情報交換の場にしてるっス。",\n<SURNAME/>我是寿司爱好者同好会「寿司贵族」的成员，\n<SURNAME/>我们「寿司贵族」\n<SURNAME/>都把这里当作交换情报的场所。,"[[""\n<SURNAME/>我是寿司贵族的成员。\n<SURNAME/>寿司爱好者同好会「寿司贵族」，\n<SURNAME/>把这里当作情报交换的场所。"", 1], [""\n<SURNAME/>我是寿司贵族成员的说。\n<SURNAME/>寿司同好会“寿司贵族”，\n<SURNAME/>把这儿当情报交换据点的说。"", 1], [""\n<SURNAME/>我是寿司贵族的一员。\n<SURNAME/>寿司爱好者同好会「寿司贵族」，\n<SURNAME/>把这里当作情报交换的场所。"", 1], [""\n<SURNAME/>我是寿司爱好者同好会「寿司贵族」的成员，\n<SURNAME/>我们「寿司贵族」\n<SURNAME/>都把这里当作交换情报的场所。"", 1]]",,
dup:script,dup:b6f7409f95b3,"
<SURNAME/>このソエジマのバイクさ、
<SURNAME/><c12/>ガ自分でメンテしたりしてんだろ?
<SURNAME/>メカに強いって噂は本当だったんだな。",\n<SURNAME/>这辆副岛摩托，\n<SURNAME/>是<c12/>你自己保养的吧？\n<SURNAME/>看来你擅长机械的传闻是真的。,"[[""<SURNAME/>这副岛的摩托，\n<SURNAME/>是<c12/>你自己保养的吧？\n<SURNAME/>看来你擅长机械这传闻是真的。"", 1], [""\n<SURNAME/>这辆副岛摩托，\n<SURNAME/>是<c12/>你自己保养的吧？\n<SURNAME/>看来你擅长机械的传闻是真的。\n"", 1]]",,
dup:script,dup:b72c943a0ebf,"
<SURNAME/>リサ…泣いてるう…<pause:30/>
<SURNAME/>どうでも…いいかなぁ…
","
<SURNAME/>丽莎…在哭呢…<pause:30/>
<SURNAME/>怎样都…行了吧…
","[[""\n<SURNAME/>丽莎…在哭…<pause:30/>\n<SURNAME/>怎样都…无所谓了…\n"", 1], [""\n<SURNAME/>丽莎…在哭呢…<pause:30/>\n<SURNAME/>怎样都…无所谓啦…\n"", 1], [""\n<SURNAME/>丽莎…在哭呢…<pause:30/>\n<SURNAME/>怎样都…行了吧…\n"", 1]]",,
dup:script,dup:b75968de7c1f,"
<SURNAME/>ま、当然だよなァ。今日日、マルチタレントとして
<SURNAME/>大活躍中のこのブラウン様を知らないなんて奴は
<SURNAME/>いないよなァ。じゃ本名で自己紹介だ。","
<SURNAME/>嘛~理所当然啦~当今最红的
<SURNAME/>全能艺人布朗大人怎么可能有人不认识~
<SURNAME/>那就用本名自我介绍了~","[[""\n<SURNAME/>嘛，当然啦。现如今，作为多才艺人\n<SURNAME/>大活跃中的这位史棕大人，不知道的家伙\n<SURNAME/>不存在吧。那么用本名自我介绍吧。"", 1], [""\n<SURNAME/>嘛~理所当然啦~当今最红的\n<SURNAME/>全能艺人史棕大人怎么可能有人不认识~\n<SURNAME/>那就用本名自我介绍了~"", 1]]",,
dup:script,dup:b78b4ec2a1b1,"
<SURNAME/>だって、キミたちガ追いかけてる相手は
<SURNAME/>ジヨーカー本人なんでしょ?
<SURNAME/>もし捕まえられたら、すごい特ダネじゃない!
",\n<SURNAME/>因为，你们追查的对象\n<SURNAME/>就是JOKER本人对吧?\n<SURNAME/>要是能抓到，不就是超劲爆的独家新闻嘛!\n,"[[""\n<SURNAME/>因为，你们追查的对象\n<SURNAME/>就是JOKER本人对吧?\n<SURNAME/>要是能抓到，不就是超劲爆的独家新闻嘛!\n"", 1], [""\n<SURNAME/>因为，你们追的是\n<SURNAME/>小丑本人对吧?\n<SURNAME/>如果抓到了，不是大新闻吗!\n"", 1]]",,
dup:script,dup:bae2bcff8aed,"
<SURNAME/>あの人も、やっぱ仮面党員なのかな?
<SURNAME/>…でも、ちょっとカッコよくなかった?
<SURNAME/>もちろん、<c13/>の方ガ断然上だけどね♥
","
<SURNAME/>那人也是假面党员吗?
<SURNAME/>…不过，还挺帅的吧?
<SURNAME/>当然，<c13/>更胜一筹啦♥
","[[""\n<SURNAME/>那人也是假面党员?\n<SURNAME/>…不过挺帅的耶~\n<SURNAME/>当然<c13/>更棒啦♥\n"", 2], [""\n<SURNAME/>那个人，果然也是假面党员吧?\n<SURNAME/>…不过，不是挺帅的吗?\n<SURNAME/>当然，<c13/>绝对更棒啦♥\n"", 2], [""\n<SURNAME/>那人也是假面党员吗?\n<SURNAME/>…不过，还挺帅的吧?\n<SURNAME/>当然，<c13/>更胜一筹啦♥\n"", 1]]",,
dup:script,dup:bae55acc5dd1,"
<SURNAME/>召喚したペルソナを戦闘で発動させるには、
<SURNAME/>貴方自身に降魔することガ必要です。
<SURNAME/>ペルソナカードを持っているだけではダメですぞ","
<SURNAME/>要在战斗中发动Persona，
<SURNAME/>必须将其降魔于自身。
<SURNAME/>仅持卡片是不够的。","[[""\n<SURNAME/>要在战斗中发动召唤的Persona，\n<SURNAME/>需要您自身降魔。\n<SURNAME/>仅持有Persona卡片是不够的。"", 1], [""\n<SURNAME/>要在战斗中发动Persona，\n<SURNAME/>必须将其降魔于自身。\n<SURNAME/>仅持有卡片是无效的。"", 1], [""\n<SURNAME/>要在战斗中发动Persona，\n<SURNAME/>必须将其降魔于自身。\n<SURNAME/>仅持卡片是不够的。"", 1]]",,
dup:script,dup:bbe815847989,"
<SURNAME/>なんせワシは社長になったんだから、
<SURNAME/>ケチケチした事言ってちゃいかんわなぁ。<pause:15/>
<SURNAME/>おう、親父。シャリは小さめで頼むわ。ガハハ!",\n<SURNAME/>我都当上社长了，\n<SURNAME/>可不能再说那些小气吧唧的话了呀。<pause:15/>\n<SURNAME/>喂，老板，给我盛少点饭啊。哇哈哈!,"[[""\n<SURNAME/>毕竟我当上社长了，\n<SURNAME/>可不能小气巴拉的了。<pause:15/>\n<SURNAME/>喂，老板。米饭少点啊。嘎哈哈!"", 1], [""\n<SURNAME/>毕竟我当上社长了，\n<SURNAME/>可不能小气吧啦的。<pause:15/>\n<SURNAME/>喂，老板。醋饭少点啊。嘎哈哈!"", 1], [""\n<SURNAME/>我都当上社长了，\n<SURNAME/>可不能再说那些小气吧唧的话了呀。<pause:15/>\n<SURNAME/>喂，老板，给我盛少点饭啊。哇哈哈!"", 1]]",,
dup:script,dup:be82fd6945f5,"
<SURNAME/>ここのエンブレムは、もう全部処分したよ。
<SURNAME/>さあ次はどこだい?",<SURNAME/>这里的校徽都处理完了。 <SURNAME/>接下来去哪儿?,"[[""\n<SURNAME/>这里的校徽，已经全部处理掉了。\n<SURNAME/>那么接下来是哪里呢?"", 1], [""\n<SURNAME/>这里的校徽都处理完了。 \n<SURNAME/>接下来去哪儿?"", 1]]","
<SURNAME/>这里的校徽都处理完了。 
<SURNAME/>接下来去哪儿?",latest_merged_pr
dup:script,dup:bf4abc8cf903,"
<SURNAME/>イン・ラケチ…ガははは、素晴らしいじゃないか。
<SURNAME/>このつまらん地上ガ滅亡し、我々は新人類として、
<SURNAME/>新しい道を歩む。これこそ真の理想だ。ガはは",\n<SURNAME/>In Lak'ech…哇哈哈哈，不是挺棒的吗。\n<SURNAME/>等这个无聊的地上世界灭亡了，我们就作为新人类\n<SURNAME/>踏上新的道路。这才是真正的理想啊。哇哈哈,"[[""\n<SURNAME/>《イン・ラケチ》…嘎哈哈哈，太棒了不是吗。\n<SURNAME/>这无聊的地上世界灭亡，我们作为新人类，\n<SURNAME/>踏上新的道路。这才是真正的理想啊。嘎哈哈"", 1], [""\n<SURNAME/>In Lak'ech…嘎哈哈，太棒了。\n<SURNAME/>这无聊的地上世界灭亡，我们作为新人类，\n<SURNAME/>踏上新道路。这才是真正的理想。嘎哈哈"", 1], [""\n<SURNAME/>In Lak'ech…哇哈哈哈，不是挺棒的吗。\n<SURNAME/>等这个无聊的地上世界灭亡了，我们就作为新人类\n<SURNAME/>踏上新的道路。这才是真正的理想啊。哇哈哈"", 1]]",,
dup:script,dup:bfccd7047483,"
<SURNAME/>吉川さゆりのブロマイドに紛れて…<pause:60/>
<SURNAME/>吉川さゆりの切りぬきガあった…",\n<SURNAME/>在成堆的吉川小百合的写真照里头……<pause:60/>\n<SURNAME/>竟还夹杂着一张吉川小百合的剪报……,"[[""\n<SURNAME/>在成堆的吉川小百合的写真照里头……<pause:60/>\n<SURNAME/>竟还夹杂着一张吉川小百合的剪报……"", 1], [""\n<SURNAME/>在吉川小百合的照片中…<pause:60/>\n<SURNAME/>找到了混在其中的小百合的剪报…"", 1], [""\n<SURNAME/>在吉川小百合的照片中混着…<pause:60/>\n<SURNAME/>有吉川小百合的剪报…"", 1]]",,
dup:script,dup:c0c8a726af00,"
<SURNAME/>奴自身、言外にそう言っている!<pause:30/>
<SURNAME/>マヤの呪術師から魔術を学び、
<SURNAME/>世界中の遺跡の秘密を求めた不死身の魔術師!
","
<SURNAME/>他自己，言外之意就是这么说的!<pause:30/>
<SURNAME/>从玛雅咒术师那里学习魔术，
<SURNAME/>寻求世界各地遗迹秘密的不死魔术师!
","[[""\n<SURNAME/>他自己，言外之意就是这么说的！<pause:30/>\n<SURNAME/>他从玛雅咒术师那里学习魔术，\n<SURNAME/>追求世界各地遗迹秘密的不死魔术师！\n"", 1], [""\n<SURNAME/>他自己，言外之意就是这么说的!<pause:30/>\n<SURNAME/>从玛雅咒术师那里学习魔术，\n<SURNAME/>追求世界各地遗迹秘密的不死魔术师!\n"", 1], [""\n<SURNAME/>他自己，言外之意就是这么说的!<pause:30/>\n<SURNAME/>从玛雅咒术师那里学习魔术，\n<SURNAME/>寻求世界各地遗迹秘密的不死魔术师!\n"", 1]]",,
dup:script,dup:c1f10068be4c,"
<SURNAME/>そういうアンタは、ジヨーカーの力で
<SURNAME/>なにを手に入れたんだい!?
",\n<SURNAME/>那你呢，你靠JOKER的力量 \n<SURNAME/>又得到了什么!?\n,"[[""\n<SURNAME/>那你用JOKER的力量\n<SURNAME/>又得到了什么?!\n"", 1], [""\n<SURNAME/>那你用JOKER的力量\n<SURNAME/>又得到了什么!?\n"", 1]]",,
dup:script,dup:c2dd5f835586,"
<SURNAME/><c1d:9/>時限発火装置ガ入っているだけだ。<c1d:1/>
",\n<SURNAME/><c1d:9/>里面只有定时点火装置。<c1d:1/>\n,"[[""\n<SURNAME/><c1d:9/>里面只有定时点火装置。<c1d:1/>\n"", 13], [""\n<SURNAME/><c1d:9/>只有定时点火装置。<c1d:1/>\n"", 4], [""\n<SURNAME/><c1d:9/>只有定时点火装置在里面。<c1d:1/>\n"", 1], [""\n<SURNAME/><c1d:9/>只是装着定时点火装置而已。<c1d:1/>\n"", 1]]","
<SURNAME/><c1d:9/>里面只有定时点火装置。<c1d:1/>
",position_majority
dup:script,dup:c68b23359dcd,"
<SURNAME/>まぁ、ちょっとローカルなネタだけど、
<SURNAME/>せっかく教えてくれたんだから今回はサービス。
<SURNAME/>こっちのネタも教えてあげるよ。",\n<SURNAME/>嘛，虽是小道消息，\n<SURNAME/>既然你都告诉我了，那这次就算你免费。\n<SURNAME/>我把我知道的传闻也告诉你吧。,"[[""\n<SURNAME/>嘛，虽然是小道消息，\n<SURNAME/>但看在你分享的份上破例。\n<SURNAME/>这个情报免费送你啦。"", 1], [""\n<SURNAME/>嘛，虽然是个本地消息，\n<SURNAME/>但既然你告诉我了，这次就免费。\n<SURNAME/>我也告诉你个消息吧。"", 1], [""\n<SURNAME/>嘛～虽说是本地小料，\n<SURNAME/>但你好心告诉我，这次特别服务。\n<SURNAME/>这个传闻也告诉你吧。"", 1], [""\n<SURNAME/>嘛，虽然是个本地的小传闻，\n<SURNAME/>但难得你告诉我，这次就免费服务。\n<SURNAME/>我也告诉你一个传闻吧。"", 1], [""\n<SURNAME/>嘛，虽是小道消息，\n<SURNAME/>既然你都告诉我了，那这次就算你免费。\n<SURNAME/>我把我知道的传闻也告诉你吧。"", 1]]",,
dup:script,dup:c979dc8c353e,"
<SURNAME/>実は私たち、さっきからキミのこと探してたの。<pause:30/>
<SURNAME/>だって、セブンスで1番人気の<c13/>クンに
<SURNAME/>インタビューしないわけにはいかないでしょ!",\n<SURNAME/>其实我们刚才一直在找你。<pause:30/>\n<SURNAME/>因为，七姐妹最受欢迎的<c13/>君，\n<SURNAME/>不采访可不行呢！,"[[""\n<SURNAME/>其实我们刚才一直在找你。<pause:30/>\n<SURNAME/>因为，七姐妹最受欢迎的<c13/>君，\n<SURNAME/>不采访可不行呢！"", 1], [""\n<SURNAME/>其实我们，一直在找你。<pause:30/>\n<SURNAME/>因为，七姊妹最受欢迎的<c13/>君\n<SURNAME/>不能不采访啊!"", 1]]",,
dup:script,dup:c9c12faacfb2,"
<SURNAME/>なに、懸賞?
<SURNAME/>おお、そう言えばこんなものガ届いていたぞ。
<SURNAME/>受け取りたまえ。","
<SURNAME/>什么，悬赏？
<SURNAME/>哦，对了，收到了这个。
<SURNAME/>收下吧。","[[""\n<SURNAME/>什么，悬赏？\n<SURNAME/>哦，说起来好像收到了这样的东西啊。\n<SURNAME/>拿去吧。"", 2], [""\n<SURNAME/>什么，悬赏？\n<SURNAME/>哦，说起来有这个东西送到了。\n<SURNAME/>请收下。"", 2], [""\n<SURNAME/>什么，抽奖？\n<SURNAME/>哦，说起来有收到这么个东西啊。\n<SURNAME/>拿去吧。"", 2], [""\n<SURNAME/>什么，悬赏？\n<SURNAME/>哦，对了，收到了这个。\n<SURNAME/>收下吧。"", 2]]",,
dup:script,dup:cb542c3c68ae,"
<SURNAME/>青華公園には、昔そこで餓死した
<SURNAME/>アイドルの霊ガ出るそうッスよ。
<SURNAME/>しかしアイドルガ餓死とはなんと悲惨な…",\n<SURNAME/>据说在青华公园里，会有一个以前在那里饿死的\n<SURNAME/>偶像的幽灵出没。\n<SURNAME/>不过，偶像居然会饿死，真是惨无人道啊…,"[[""\n<SURNAME/>听说青华公园会出现\n<SURNAME/>饿死在那里的偶像幽灵呢。\n<SURNAME/>偶像居然饿死…太悲惨了…"", 1], [""\n<SURNAME/>听说在青华公园，有以前在那里饿死的\n<SURNAME/>偶像的幽灵出现呢。\n<SURNAME/>但是偶像饿死，真是悲惨啊…"", 1], [""\n<SURNAME/>青华公园里，据说有\n<SURNAME/>以前在那里饿死的偶像的幽灵出现哦。\n<SURNAME/>但是偶像饿死，真是悲惨啊…"", 1], [""\n<SURNAME/>青华公园有传闻说，会出现以前饿死在那的\n<SURNAME/>偶像的幽灵呢。\n<SURNAME/>但偶像饿死也太惨了…"", 1], [""\n<SURNAME/>据说在青华公园里，会有一个以前在那里饿死的\n<SURNAME/>偶像的幽灵出没。\n<SURNAME/>不过，偶像居然会饿死，真是惨无人道啊…"", 1]]",,
dup:script,dup:cc6123d0d6df,"
<SURNAME/>港南区のジヨリーロジャーで
<SURNAME/>本物の武器を売っているらしいッスよ。
<SURNAME/>品揃えはいいガ、下取り価格ガ安いそうッス。",\n<SURNAME/>据说港南区的海盗旗咖啡店\n<SURNAME/>好像在卖真武器呢。\n<SURNAME/>种类齐全，但回收价非常低就是了。,"[[""\n<SURNAME/>港南区Jolly Roger\n<SURNAME/>在卖真武器呢。\n<SURNAME/>品种全但回收价低。"", 1], [""\n<SURNAME/>在港南区的Jolly Roger\n<SURNAME/>好像在卖真武器哦。\n<SURNAME/>商品种类不错，但回收价听说很低的说。"", 1], [""\n<SURNAME/>港南区的快乐罗杰\n<SURNAME/>似乎在卖真武器呢。\n<SURNAME/>品种齐全但回收价低。"", 1], [""\n<SURNAME/>在港南区的乔利罗杰\n<SURNAME/>好像在卖真武器哦。\n<SURNAME/>品种齐全，但回收价据说很低。"", 1], [""\n<SURNAME/>据说港南区的海盗旗咖啡店\n<SURNAME/>好像在卖真武器呢。\n<SURNAME/>种类齐全，但回收价非常低就是了。"", 1]]",,
dup:script,dup:cc694327a3d0,"
<SURNAME/>イン・ラケチとは、マヤの言華で、
<SURNAME/>「私はもう一人のあなたである」という意味よ…<pause:30/>
<SURNAME/>須藤君に送られてきた託宣から、そう名付けたの
","
<SURNAME/>In Lak'ech，在玛雅语中，
<SURNAME/>意思是“我是另一个你”…<pause:30/>
<SURNAME/>是从送给须藤君的神谕中，这样命名的
","[[""\n<SURNAME/>印·拉凯奇在玛雅语中，\n<SURNAME/>意思是“我是另一个你”…<pause:30/>\n<SURNAME/>是从须藤君收到的预言中命名的\n"", 1], [""\n<SURNAME/>印·拉凯奇，在玛雅语中，\n<SURNAME/>意思是「我是另一个你」…<pause:30/>\n<SURNAME/>是从须藤君收到的预言中这样命名的\n"", 1], [""\n<SURNAME/>In Lak'ech，在玛雅语中，\n<SURNAME/>意思是“我是另一个你”…<pause:30/>\n<SURNAME/>是从送给须藤君的神谕中，这样命名的\n"", 1]]",,
dup:script,dup:cd089d937af6,"
<SURNAME/>聞きました?<SURNAME/>青華区のクレール・ド・リュンヌで
<SURNAME/>本物の武器を売っているそうッスよ。
<SURNAME/>品揃えは悪いけど下取り価格は良いそうッス。",\n<SURNAME/>你听说了吗？<SURNAME/>青华区的月光之清\n<SURNAME/>在卖真武器呢。\n<SURNAME/>虽然种类很少，但回收价还不错就是了。,"[[""\n<SURNAME/>听说了吗?<SURNAME/>在青华区的Claire de Lune，\n<SURNAME/>有卖真正的武器呢。\n<SURNAME/>据说品种少但回收价格好呢。"", 1], [""\n<SURNAME/>听说了吗？<SURNAME/>青华区的克蕾尔·德·吕讷\n<SURNAME/>在卖真武器呢。\n<SURNAME/>品种少但回收价高。"", 1], [""\n<SURNAME/>听说了吗?<SURNAME/>青华区的克雷尔·德·吕讷\n<SURNAME/>在卖真武器呢。\n<SURNAME/>品种少但回收价高哦。"", 1], [""\n<SURNAME/>你听说了吗？<SURNAME/>青华区的月光之清\n<SURNAME/>在卖真武器呢。\n<SURNAME/>虽然种类很少，但回收价还不错就是了。"", 1]]",,
dup:script,dup:cd8c7ffac74b,"<c1d:11/>轟<SURNAME/>大助の日記<c1d:1/>
<SURNAME/>二人は、変な岩や地形を調べると、
<SURNAME/>興奮した様子で下山した。
<SURNAME/>もしかして、埋蔵金でも調べているのだろうか。
","<c1d:11/>轰<SURNAME/>大助日记<c1d:1/>
<SURNAME/>二人调查怪岩地形后，
<SURNAME/>兴奋下山。
<SURNAME/>莫非在搜寻埋藏金？
","[[""<c1d:11/>轰<SURNAME/>大助的日记<c1d:1/>\n<SURNAME/>二人调查了奇怪的岩石和地形，\n<SURNAME/>兴奋地下山了。\n<SURNAME/>莫非是在找埋藏金吧。\n"", 1], [""<c1d:11/>轰<SURNAME/>大助的日记<c1d:1/>\n<SURNAME/>两人调查了奇怪的岩石和地形，\n<SURNAME/>兴奋地下山了。\n<SURNAME/>莫非是在寻找埋藏金吧。\n"", 1], [""<c1d:11/>轰<SURNAME/>大助日记<c1d:1/>\n<SURNAME/>二人调查怪岩地形后，\n<SURNAME/>兴奋下山。\n<SURNAME/>莫非在搜寻埋藏金？\n"", 1]]",,
dup:script,dup:cef29e3982b2,"
<SURNAME/>え〜!?
<SURNAME/>イデアル先生ガ、
<SURNAME/>プリンス・トーラスにさらわれたー!?
",\n<SURNAME/>诶～！？\n<SURNAME/>理想老师被，\n<SURNAME/>Prince金牛抓走了！？\n,"[[""\n<SURNAME/>诶～！？\n<SURNAME/>理想老师被，\n<SURNAME/>Prince金牛抓走了！？\n"", 3], [""\n<SURNAME/>诶～！？\n<SURNAME/>理想老师被，\n<SURNAME/>Prince金牛抓走了～！？\n"", 1]]","
<SURNAME/>诶～！？
<SURNAME/>理想老师被，
<SURNAME/>Prince金牛抓走了！？
",position_majority
dup:script,dup:cf58d7aaf7cc,"
<SURNAME/>一体、どこで着替えて
<SURNAME/>化粧までしてんだい、アイツは…<pause:30/>
<SURNAME/>まさか、駅のトイレで、てんじゃないだろうね?",\n<SURNAME/>那他到底在哪里换衣服和化妆啊，\n<SURNAME/>那家伙…<pause:30/>\n<SURNAME/>该不会是在车站厕所里换吧？,"[[""\n<SURNAME/>那家伙到底在哪换衣服\n<SURNAME/>还化妆啊…<pause:30/>\n<SURNAME/>该不会是在车站厕所吧?"", 2], [""\n<SURNAME/>那他到底在哪里换衣服和化妆啊，\n<SURNAME/>那家伙…<pause:30/>\n<SURNAME/>该不会是在车站厕所里换吧？"", 1]]","
<SURNAME/>那家伙到底在哪换衣服
<SURNAME/>还化妆啊…<pause:30/>
<SURNAME/>该不会是在车站厕所吧?",position_majority
dup:script,dup:cfc45d9a0f76,"
<SURNAME/>さあ淳…<pause:30/>
<SURNAME/>復讐を果たし、イデアリアンへの道を開くんだ。
",\n<SURNAME/>来吧淳…<pause:30/>\n<SURNAME/>完成复仇、开启通往理想乡的道路吧。\n,"[[""\n<SURNAME/>来吧淳…<pause:30/>\n<SURNAME/>完成复仇、开启通往理想乡的道路吧。\n"", 1], [""\n<SURNAME/>来吧淳…<pause:30/>\n<SURNAME/>完成复仇，开启通往理想乡的道路吧。\n"", 1]]",,
dup:script,dup:d02540ad36b9,"
<SURNAME/>ギガ・マッチヨの隠しCDを知ってるッスか?
<SURNAME/>あるらしいんスよ、そんなCDガ。<pause:15/>
<SURNAME/>どんな曲ガ入っているか、聞いてみたいッスねぇ",\n<SURNAME/>你知道千兆猛男音像店的隐藏CD吗？\n<SURNAME/>好像真有那种CD呢。<pause:15/>\n<SURNAME/>好想知道里面是什么曲子啊。,"[[""\n<SURNAME/>知道Giga Match的隐藏CD吗？\n<SURNAME/>好像真有这种CD呢。<pause:15/>\n<SURNAME/>好想知道收录了什么曲子啊。"", 1], [""\n<SURNAME/>知道Giga Matchy的隐藏CD吗?\n<SURNAME/>似乎有那样的CD呢。<pause:15/>\n<SURNAME/>真想听听里面有什么曲子呢。"", 1], [""\n<SURNAME/>知道Giga Matchiyo的隐藏CD吗？\n<SURNAME/>好像有那样的CD哦。<pause:15/>\n<SURNAME/>真想听听里面有什么曲子呢。"", 1], [""\n<SURNAME/>知道Giga·Match的隐藏CD吗?\n<SURNAME/>好像真有呢。<pause:15/>\n<SURNAME/>好想听听里面是什么曲子哦"", 1], [""\n<SURNAME/>你知道千兆猛男音像店的隐藏CD吗？\n<SURNAME/>好像真有那种CD呢。<pause:15/>\n<SURNAME/>好想知道里面是什么曲子啊。"", 1]]",,
dup:script,dup:d3038e4e87e6,"
<SURNAME/>ラップされたオカズガ入っている。",\n<SURNAME/>放着保鲜膜包好的菜肴。,"[[""\n<SURNAME/>放着保鲜膜包好的菜肴。"", 2], [""\n<SURNAME/>里面有保鲜膜包着的小菜。"", 1]]","
<SURNAME/>放着保鲜膜包好的菜肴。",position_majority
dup:script,dup:d3b50715b81c,"
<SURNAME/>僕は、己ガ心情を絵で語る。
<SURNAME/>あまり喋りは得意じゃないんだガ…
<SURNAME/>君となら気ガ合いそうだ。","
<SURNAME/>我通过画来表达自己的心情。
<SURNAME/>不太擅长说话…
<SURNAME/>但和你很合得来。","[[""\n<SURNAME/>我以画作诉说心情。\n<SURNAME/>虽不擅言辞…\n<SURNAME/>但与你似乎很投缘。"", 1], [""\n<SURNAME/>我，用绘画诉说心情。\n<SURNAME/>不太擅长说话…\n<SURNAME/>但和你似乎很投缘。"", 1], [""\n<SURNAME/>我，用画作表达自己的心情。\n<SURNAME/>不太擅长说话…\n<SURNAME/>但和你似乎很投缘。"", 1], [""\n<SURNAME/>我通过画来表达自己的心情。\n<SURNAME/>不太擅长说话…\n<SURNAME/>但和你很合得来。"", 1]]",,
dup:script,dup:d545d5431a6f,"
<SURNAME/>古いテレビ。<pause:30/>
<SURNAME/>チャンネルなんかダイヤル式だ。",\n<SURNAME/>旧电视机。<pause:30/>\n<SURNAME/>调频还是旋钮式的。,"[[""\n<SURNAME/>旧电视机。<pause:30/>\n<SURNAME/>调频还是旋钮式的。"", 2], [""\n<SURNAME/>旧电视。<pause:30/>\n<SURNAME/>频道还是转盘式的。"", 1]]","
<SURNAME/>旧电视机。<pause:30/>
<SURNAME/>调频还是旋钮式的。",position_majority
dup:script,dup:d5e3fcfabbe4,"
<SURNAME/>ではなぜ、奴ガ世界戦争を起したかわかる?
<SURNAME/>奴の本当の狙いは、人類を破滅の際に
<SURNAME/>追い込むことで、進化を促進する事だったのよ!
","
<SURNAME/>那么，你知道他为什么发动世界大战吗?
<SURNAME/>他真正的目的是将人类推向毁灭边缘，
<SURNAME/>以促进进化!
","[[""\n<SURNAME/>那么，他为什么发动世界大战你知道吗？\n<SURNAME/>他真正的目的是将人类推向毁灭边缘，\n<SURNAME/>以此来促进进化！\n"", 1], [""\n<SURNAME/>那么，你知道他为什么发动世界大战吗?\n<SURNAME/>他真正的目的是将人类推向毁灭边缘，\n<SURNAME/>以此来促进进化!\n"", 1], [""\n<SURNAME/>那么，你知道他为什么发动世界大战吗?\n<SURNAME/>他真正的目的是将人类推向毁灭边缘，\n<SURNAME/>以促进进化!\n"", 1]]",,
dup:script,dup:d6c05c1b80ff,"
<SURNAME/>うちの馬鹿息子ガ迷惑かけてるみてぇだな!
<SURNAME/>まあ、よろしくしてやってくれや!!",\n<SURNAME/>看来我家傻儿子给你添麻烦了啊!\n<SURNAME/>总之，请多关照他啊!!,"[[""\n<SURNAME/>我家傻儿子好像添麻烦了啊！\n<SURNAME/>嘛，请多关照他啦！！"", 1], [""\n<SURNAME/>我家那傻儿子好像给你们添麻烦啦！\n<SURNAME/>嘛，还请多关照他啊！！"", 1], [""\n<SURNAME/>看来我家傻儿子给你添麻烦了啊!\n<SURNAME/>总之，请多关照他啊!!"", 1]]",,
dup:script,dup:d7a0f08db3d5,"
<SURNAME/>1989年<SURNAME/>X月XX日<SURNAME/>曇り
<SURNAME/>我ガ輩、本日も橿原の調査を行う。
<SURNAME/>依頼の前金は、儚く銀玉の夢と消えた…
","
<SURNAME/>1989年<SURNAME/>X月XX日<SURNAME/>阴
<SURNAME/>吾辈今日续查橿原。
<SURNAME/>预付金已如银珠美梦消散…
","[[""\n<SURNAME/>1989年<SURNAME/>X月XX日<SURNAME/>阴\n<SURNAME/>我辈今日也调查橿原。\n<SURNAME/>委托的定金，如梦幻泡影般消失了…\n"", 1], [""\n<SURNAME/>1989年<SURNAME/>X月XX日<SURNAME/>曇り\n<SURNAME/>我辈今天也进行橿原的调查。\n<SURNAME/>委托的预付款，已如银弹之梦般消散…\n"", 1], [""\n<SURNAME/>1989年<SURNAME/>X月XX日<SURNAME/>阴\n<SURNAME/>吾辈今日续查橿原。\n<SURNAME/>预付金已如银珠美梦消散…\n"", 1]]",,
dup:script,dup:d81b30c4eb65,"
<SURNAME/>確かセブンスの紋章って、
<SURNAME/>プレアデス星団をかたどってるんだよね?",\n<SURNAME/>我记得七姐妹的纹章，\n<SURNAME/>是模仿昴宿星团的吧？,"[[""\n<SURNAME/>我记得七姐妹的纹章，\n<SURNAME/>是模仿昴宿星团的吧？"", 1], [""\n<SURNAME/>记得七姊妹的纹章，\n<SURNAME/>是模仿昴星团的吧?"", 1]]",,
dup:script,dup:d847b95f3dcf,"<c1d:11/>轟<SURNAME/>大助の日記<c1d:1/>
<SURNAME/>仕方ないので、付近に隠れ待つことにしたガ、
<SURNAME/>まさかあんな形で橿原ガ事故死するとは
<SURNAME/>思わなかった…依頼の後金、もらってないのに…
","<c1d:11/>轰<SURNAME/>大助日记<c1d:1/>
<SURNAME/>无奈隐于附近守候，
<SURNAME/>未料橿原竟意外身亡…
<SURNAME/>尾款尚未收取啊…
","[[""<c1d:11/>轰<SURNAME/>大助的日记<c1d:1/>\n<SURNAME/>无奈，决定躲藏附近等待，\n<SURNAME/>没想到橿原竟那样事故死了…\n<SURNAME/>委托的尾款还没收到呢…\n"", 1], [""<c1d:11/>轰<SURNAME/>大助的日记<c1d:1/>\n<SURNAME/>无奈只好躲藏等待，\n<SURNAME/>没想到橿原竟以那种方式事故死…\n<SURNAME/>委托的尾款还没收到呢…\n"", 1], [""<c1d:11/>轰<SURNAME/>大助日记<c1d:1/>\n<SURNAME/>无奈隐于附近守候，\n<SURNAME/>未料橿原竟意外身亡…\n<SURNAME/>尾款尚未收取啊…\n"", 1]]",,
dup:script,dup:daba7b1425a8,"
<SURNAME/>特に、新しく召喚したペルソナには、
<SURNAME/>その傾向ガ顕著に現われます。","
<SURNAME/>尤其在新召唤的Persona上，
<SURNAME/>此倾向尤为明显。","[[""\n<SURNAME/>特别是对新召唤的Persona，\n<SURNAME/>这种倾向尤为明显。"", 1], [""\n<SURNAME/>尤其新召唤的Persona，\n<SURNAME/>此倾向更为显著。"", 1], [""\n<SURNAME/>尤其在新召唤的Persona上，\n<SURNAME/>此倾向尤为明显。"", 1]]",,
dup:script,dup:dbc6c3fb1901,"
<SURNAME/>チ、チビシイ…
<SURNAME/>こんなに散らかすんじゃなかった…<pause:30/>
<SURNAME/>僕の頭脳をもってしても、この展開は予測不可!",\n<SURNAME/>太、太琐碎了… \n<SURNAME/>不该弄得这么乱…<pause:30/>\n<SURNAME/>就算以我的头脑，也完全预测不到如今的发展!,"[[""\n<SURNAME/>太、太琐碎了… \n<SURNAME/>不该弄得这么乱…<pause:30/>\n<SURNAME/>就算以我的头脑，也完全预测不到如今的发展!"", 1], [""\n<SURNAME/>卑、卑鄙…\n<SURNAME/>早知道就不搞得这么乱了…<pause:30/>\n<SURNAME/>以老子的智商都猜不到这展开!"", 1]]",,
dup:script,dup:de2c97c0d876,"
<SURNAME/>あ、あの5人ガ仮面党と闘うヒーローだと!<pause:15/>
<SURNAME/>なら我々の敵ではないかっ!
<SURNAME/>そんな連中ガいるなど、聞いてないぞ!",\n<SURNAME/>那、那5个人居然是和假面党作对的“英雄”！<pause:15/>\n<SURNAME/>那不就是我们的敌人吗！\n<SURNAME/>我可没听说过有这么一群人在啊！,"[[""\n<SURNAME/>啊，那五个人是跟假面党战斗的英雄!<pause:15/>\n<SURNAME/>那不就是我们的敌人吗!\n<SURNAME/>可没听说有这种家伙在啊!"", 1], [""\n<SURNAME/>啊，那五个人是跟假面党战斗的英雄!<pause:15/>\n<SURNAME/>那不就是我们的敌人吗!\n<SURNAME/>可没听说有这种家伙啊!"", 1], [""\n<SURNAME/>那、那5个人居然是和假面党作对的“英雄”！<pause:15/>\n<SURNAME/>那不就是我们的敌人吗！\n<SURNAME/>我可没听说过有这么一群人在啊！"", 1]]",,
dup:script,dup:df453959e13a,"
<SURNAME/>そうかい、兄ちゃん、うちのせガれの友達かい。
<SURNAME/>ささ、食いねぇ食いねぇ!!
<SURNAME/>いいネタ入ってるぜい!!","
<SURNAME/>这样啊，你是我们家傻儿子的朋友啊。
<SURNAME/>来来，吃吧吃吧!!
<SURNAME/>有好料进来啦!!","[[""\n<SURNAME/>是吗，小哥，是我家小子的朋友啊。\n<SURNAME/>来来，吃吧吃吧!!\n<SURNAME/>有好料哦!!"", 1], [""\n<SURNAME/>是吗，小哥，是我家蠢儿子的朋友啊。\n<SURNAME/>来来，吃吧吃吧!!\n<SURNAME/>有好材料哦!!"", 1], [""\n<SURNAME/>这样啊，你是我们家傻儿子的朋友啊。\n<SURNAME/>来来，吃吧吃吧!!\n<SURNAME/>有好料进来啦!!"", 1]]",,
dup:script,dup:dfcb94d85422,"
<SURNAME/>一つの噂に対して真っ向から反対する噂ガ
<SURNAME/>流れるのも珍しいッス。<pause:15/>しかし、仮面党と闘う
<SURNAME/>連中ガいると言うなら、それも面白いッスね。",\n<SURNAME/>针对一个传闻直接唱反调的传闻\n<SURNAME/>流传起来也挺少见的。<pause:15/>不过，如果有和假面党\n<SURNAME/>战斗的家伙在，那也挺有意思的。,"[[""\n<SURNAME/>一个传闻出现完全相反的传闻，\n<SURNAME/>也挺少见的。<pause:15/>不过，如果有和假面党战斗\n<SURNAME/>的家伙在，那也挺有意思的。"", 1], [""\n<SURNAME/>一个传闻出现完全相反的传闻\n<SURNAME/>也很少见呢。<pause:15/>但是，如果有和假面党战斗\n<SURNAME/>的家伙，那也很有趣呢。"", 1], [""\n<SURNAME/>一个传闻刚出，就有完全相反的传闻流传，\n<SURNAME/>这还挺少见的。<pause:15/>不过，如果有和假面党\n<SURNAME/>对抗的家伙，那也挺有意思的。"", 1], [""\n<SURNAME/>针对一个传闻直接唱反调的传闻\n<SURNAME/>流传起来也挺少见的。<pause:15/>不过，如果有和假面党\n<SURNAME/>战斗的家伙在，那也挺有意思的。"", 1]]",,
dup:script,dup:e03446bd226f,"
<SURNAME/>死ぬ…?<pause:30/>
<SURNAME/>別に…それでも…
","
<SURNAME/>会死…?<pause:30/>
<SURNAME/>反正…也无所谓了…
","[[""\n<SURNAME/>要死…?<pause:30/>\n<SURNAME/>无所谓…反正…\n"", 1], [""\n<SURNAME/>死…?<pause:30/>\n<SURNAME/>无所谓…反正…\n"", 1], [""\n<SURNAME/>会死…?<pause:30/>\n<SURNAME/>反正…也无所谓了…\n"", 1]]",,
dup:script,dup:e126e6b9a923,"
<SURNAME/>ったく、あの社長の旦那も頑固っつーか…<pause:15/>
<SURNAME/>子供の言うことぐらい信じてやりゃいいだろうに。
<SURNAME/>大人ってのは、懐の大きな人って意味だぜ。",\n<SURNAME/>真是的，那个当社长的大叔真有够顽固…<pause:15/>\n<SURNAME/>小孩子的话信一下又没坏处，\n<SURNAME/>所谓大人就该是心胸宽广的人啊。,"[[""\n<SURNAME/>真是的，那个社长先生也太顽固了…<pause:15/>\n<SURNAME/>至少该相信孩子说的话吧。\n<SURNAME/>大人就该是心胸宽广的人啊。"", 1], [""\n<SURNAME/>真是的，那个社长大叔也太顽固了…<pause:15/>\n<SURNAME/>孩子说的话信一下不就好了。\n<SURNAME/>大人就该有宽广的胸怀啊。"", 1], [""\n<SURNAME/>真是的，那个当社长的大叔真有够顽固…<pause:15/>\n<SURNAME/>小孩子的话信一下又没坏处，\n<SURNAME/>所谓大人就该是心胸宽广的人啊。"", 1]]",,
dup:script,dup:e27369947218,"
<SURNAME/>失礼ですガ、代金ガ足りないようです。
<SURNAME/>またおいでください。","
<SURNAME/>失礼了，但钱好像不够。
<SURNAME/>请下次再来。","[[""\n<SURNAME/>恕我直言，金额似乎不足。\n<SURNAME/>请改日光临。"", 1], [""\n<SURNAME/>抱歉，钱好像不够。\n<SURNAME/>请下次再来。"", 1], [""\n<SURNAME/>失礼了，但钱好像不够。\n<SURNAME/>请下次再来。"", 1]]",,
dup:script,dup:e4d843e6baf7,"
<SURNAME/><c13/>…<pause:30/>
<SURNAME/>ずっと…<pause:30/>
<SURNAME/>持っていてくれたのか…?
",\n<SURNAME/><c13/>…<pause:30/>\n<SURNAME/>一直…<pause:30/>\n<SURNAME/>都在为我留着吗…?\n,"[[""\n<SURNAME/><c13/>…<pause:30/>\n<SURNAME/>一直…<pause:30/>\n<SURNAME/>都在为我留着着吗…?\n"", 1], [""\n<SURNAME/><c13/>…<pause:30/>\n<SURNAME/>一直…<pause:30/>\n<SURNAME/>都在为我留着吗…?\n"", 1]]",,
dup:script,dup:e549559022ad,"
<SURNAME/>港南区のジヨリーロジャーで
<SURNAME/>本物の武器を売っているらしいッスよ。
<SURNAME/>品質は今一つだけど、手ごろな価格だそうッス。",\n<SURNAME/>据说港南区的海盗旗咖啡店\n<SURNAME/>好像在卖真武器呢。\n<SURNAME/>虽然品质一般，但价格还挺合适就是了。,"[[""\n<SURNAME/>港南区Jolly Roger\n<SURNAME/>在卖真武器呢。\n<SURNAME/>品质一般但价格实惠。"", 1], [""\n<SURNAME/>在港南区的Jolly Roger\n<SURNAME/>好像在卖真武器哦。\n<SURNAME/>质量虽然一般，但听说价格很实惠的说。"", 1], [""\n<SURNAME/>港南区的快乐罗杰\n<SURNAME/>似乎在卖真武器呢。\n<SURNAME/>品质一般但价格实惠。"", 1], [""\n<SURNAME/>在港南区的乔利罗杰\n<SURNAME/>好像在卖真武器哦。\n<SURNAME/>质量虽然一般，但价格据说很实惠。"", 1], [""\n<SURNAME/>据说港南区的海盗旗咖啡店\n<SURNAME/>好像在卖真武器呢。\n<SURNAME/>虽然品质一般，但价格还挺合适就是了。"", 1]]",,
dup:script,dup:e632400ff2d9,"
<SURNAME/>狂気…<pause:15/>このカードは取得経験値Downを意味して
<SURNAME/>いる。<pause:15/>これよりしばしの間、胸中穏やかでなく
<SURNAME/>注意力散漫、<pause:15/>学ぶ事も少なくなろう。","
<SURNAME/>狂気…<pause:15/>此牌意指取得经验值Down。
<SURNAME/><pause:15/>此后片刻，胸中不宁
<SURNAME/>注意力散漫，<pause:15/>所学亦少矣。","[[""\n<SURNAME/>疯狂…<pause:15/>这张卡片意味着获得经验值下降。<pause:15/>\n<SURNAME/>此后一段时间，心中无法平静，\n<SURNAME/>注意力涣散，<pause:15/>能学到的东西也会减少吧。"", 1], [""\n<SURNAME/>疯狂…<pause:15/>此卡预示经验值获取下降。<pause:15/>\n<SURNAME/>从今往后，你将心神不宁，\n<SURNAME/>注意力涣散，<pause:15/>所学甚少。"", 1], [""\n<SURNAME/>狂気…<pause:15/>此牌意指取得经验值Down。\n<SURNAME/><pause:15/>此后片刻，胸中不宁\n<SURNAME/>注意力散漫，<pause:15/>所学亦少矣。"", 1]]",,
dup:script,dup:e744cec2f9c9,"
<SURNAME/>多少ニュアンスは違いますガ、
<SURNAME/>この貴方自身の慣れを、
<SURNAME/>「ペルソナの成長」と考えてもいいでしょう。","
<SURNAME/>虽有些许差异，
<SURNAME/>但您自身的熟练度，
<SURNAME/>可视为「Persona的成长」。","[[""\n<SURNAME/>虽然有些细微差别，\n<SURNAME/>但您自身的这种熟练度，\n<SURNAME/>也可以视为“Persona的成长”。"", 1], [""\n<SURNAME/>虽有些许差异，\n<SURNAME/>但将你自身的熟练度，\n<SURNAME/>视为「Persona的成长」亦无不可。"", 1], [""\n<SURNAME/>虽有些许差异，\n<SURNAME/>但您自身的熟练度，\n<SURNAME/>可视为「Persona的成长」。"", 1]]",,
dup:script,dup:e8aeb1bbca57,"
<SURNAME/>その後は…<pause:30/>
<SURNAME/>父さんを倒すだけだ。
",\n<SURNAME/>之后便是…<pause:30/>\n<SURNAME/>打倒父亲。\n,"[[""\n<SURNAME/>之后…<pause:30/>\n<SURNAME/>就只剩打倒父亲了。\n"", 3], [""\n<SURNAME/>之后便是…<pause:30/>\n<SURNAME/>打倒父亲。\n"", 1]]","
<SURNAME/>之后…<pause:30/>
<SURNAME/>就只剩打倒父亲了。
",position_majority
dup:script,dup:e9ce8a48ed40,"
<SURNAME/>しかしなんだ、社長って肩書きガ付いたんだから
<SURNAME/>もっと生け作りとか豪勢に行きたいもんだガ、
<SURNAME/>どうも好みはかわらんねぇ。<pause:15/>親父、ビントロ一つ",\n<SURNAME/>不过啊，本来想着都有社长的头衔了，\n<SURNAME/>要吃点生鱼片什么的奢侈一下，\n<SURNAME/>但自己的口味还是没变呢。<pause:15/>老板，来一份金枪鱼腩。,"[[""\n<SURNAME/>不过啊，既然挂上社长的头衔了，\n<SURNAME/>本想吃点生鱼片拼盘什么的奢侈一下，\n<SURNAME/>但口味还是没变呢。<pause:15/>老板，来份金枪鱼腩"", 1], [""\n<SURNAME/>不过啊，既然有了社长头衔，\n<SURNAME/>本该点些生鱼拼盘啥的摆摆谱，\n<SURNAME/>可口味还是没变。<pause:15/>老板，来份金枪鱼腩"", 1], [""\n<SURNAME/>不过啊，本来想着都有社长的头衔了，\n<SURNAME/>要吃点生鱼片什么的奢侈一下，\n<SURNAME/>但自己的口味还是没变呢。<pause:15/>老板，来一份金枪鱼腩。"", 1]]",,
dup:script,dup:e9ff56168556,"
<SURNAME/>もうやめよう…父さん…<pause:30/>
<SURNAME/>僕はただ…お姉ちゃんの様に、
<SURNAME/>皆を理想に導く人間になりたかっただけなんだ!
",\n<SURNAME/>住手吧…爸爸…<pause:30/>\n<SURNAME/>我只是想像大姐姐那样，\n<SURNAME/>成为引导大家走向理想的人而已!\n,"[[""\n<SURNAME/>住手吧…爸爸…<pause:30/>\n<SURNAME/>我只是想像大姐姐那样、\n<SURNAME/>成为引导大家走向理想的人而已!\n"", 1], [""\n<SURNAME/>住手吧…爸爸…<pause:30/>\n<SURNAME/>我只是想像大姐姐那样，\n<SURNAME/>成为引导大家走向理想的人而已!\n"", 1]]",,
dup:script,dup:ea54c8a78c56,"
<SURNAME/>港南区のジヨリーロジャーで
<SURNAME/>本物の武器を売っているらしいッスね。
<SURNAME/>品質は良いガ、値段ガ高いそうッス。",\n<SURNAME/>据说港南区的海盗旗咖啡店\n<SURNAME/>好像在卖真武器呢。\n<SURNAME/>品质很好，但价格也很高就是了。,"[[""\n<SURNAME/>港南区Jolly Roger\n<SURNAME/>在卖真武器呢。\n<SURNAME/>品质好但价格高。"", 1], [""\n<SURNAME/>在港南区的Jolly Roger\n<SURNAME/>好像在卖真武器呢。\n<SURNAME/>质量不错，但但价格听说很高的说。"", 1], [""\n<SURNAME/>港南区的快乐罗杰\n<SURNAME/>似乎在卖真武器呢。\n<SURNAME/>品质好但价格高。"", 1], [""\n<SURNAME/>在港南区的乔利罗杰\n<SURNAME/>好像在卖真武器呢。\n<SURNAME/>质量虽好，但价格据说很高。"", 1], [""\n<SURNAME/>据说港南区的海盗旗咖啡店\n<SURNAME/>好像在卖真武器呢。\n<SURNAME/>品质很好，但价格也很高就是了。"", 1]]",,
dup:script,dup:eb30ac615f72,"
<SURNAME/>もちろんそれは、
<SURNAME/>ペルソナを使いこなせるようになった結果なので、
<SURNAME/>必要なSPに変わりはありません。","
<SURNAME/>当然那是，
<SURNAME/>因为能熟练使用Persona的结果，
<SURNAME/>所需的SP没有变化。","[[""\n<SURNAME/>当然，那是\n<SURNAME/>因为熟练掌握了Persona的结果，\n<SURNAME/>所需的SP不会改变。"", 1], [""\n<SURNAME/>当然，这是熟练运用Persona的结果，\n<SURNAME/>所需SP\n<SURNAME/>并不会减少。"", 1], [""\n<SURNAME/>当然那是，\n<SURNAME/>因为能熟练使用Persona的结果，\n<SURNAME/>所需的SP没有变化。"", 1]]",,
dup:script,dup:ec622ce2b6d2,"<c1d:11/>轟<SURNAME/>大助の日記<c1d:1/>
<SURNAME/>やはり、埋蔵金を探しているに違いない。
<SURNAME/>もしそうなら、我ガ輩の夢も
<SURNAME/>ついでに叶えてもらいたい。
","<c1d:11/>轰<SURNAME/>大助日记<c1d:1/>
<SURNAME/>必是在寻埋藏金无疑。
<SURNAME/>若如此，吾辈美梦
<SURNAME/>或可顺带成真矣。
","[[""<c1d:11/>轰<SURNAME/>大助的日记<c1d:1/>\n<SURNAME/>果然，一定是在找埋藏金。\n<SURNAME/>如果那样，我辈的梦想\n<SURNAME/>也顺便想实现呢。\n"", 1], [""<c1d:11/>轰<SURNAME/>大助的日记<c1d:1/>\n<SURNAME/>果然，一定是在寻找埋藏金。\n<SURNAME/>如果那样，希望我辈的梦想\n<SURNAME/>也能顺便实现。\n"", 1], [""<c1d:11/>轰<SURNAME/>大助日记<c1d:1/>\n<SURNAME/>必是在寻埋藏金无疑。\n<SURNAME/>若如此，吾辈美梦\n<SURNAME/>或可顺带成真矣。\n"", 1]]",,
dup:script,dup:ed6724b5266b,"
<SURNAME/>え!<SURNAME/>あの佐々木<SURNAME/>銀次ガ
<SURNAME/>実は仮面党の一人?<SURNAME/>うわっ、それ本当?
<SURNAME/>凄いネタだよ、やったぁ。<pause:15/>じゃあお返しに…","
<SURNAME/>诶!<SURNAME/>那个佐佐木<SURNAME/>银次
<SURNAME/>其实是假面党的一员?<SURNAME/>哇，真的吗?
<SURNAME/>太劲爆了，太棒了。<pause:15/>那作为回报…","[[""\n<SURNAME/>诶！<SURNAME/>那个佐佐木<SURNAME/>银次\n<SURNAME/>其实是假面党的一员？<SURNAME/>哇，真的？\n<SURNAME/>超棒的料，太棒了。<pause:15/>那作为回礼…"", 1], [""\n<SURNAME/>诶！<SURNAME/>那个佐佐木<SURNAME/>银次\n<SURNAME/>其实是假面党的一员？<SURNAME/>哇，那真的？\n<SURNAME/>厉害的传闻啊，太好了。<pause:15/>那作为回报…"", 1], [""\n<SURNAME/>诶！<SURNAME/>那个佐佐木<SURNAME/>银次\n<SURNAME/>其实是假面党的一员？<SURNAME/>哇，真的吗？\n<SURNAME/>超劲爆的料啊，太好啦。<pause:15/>那作为回礼…"", 1], [""\n<SURNAME/>诶!<SURNAME/>那个佐佐木<SURNAME/>银次\n<SURNAME/>其实是假面党的一员?<SURNAME/>哇，真的吗?\n<SURNAME/>太劲爆了，太棒了。<pause:15/>那作为回报…"", 1]]",,
dup:script,dup:ee8abfd0acb1,"
<option:6/>報告書を読む
日記1を読む
日記2を読む
日記3を読む
日記4を読む
放っておく
<option_end/>","
<option:6/>阅读报告书
阅读日记1
阅读日记2
阅读日记3
阅读日记4
不予理会
<option_end/>","[[""\n<option:6/>阅读报告\n阅读日记1\n阅读日记2\n阅读日记3\n阅读日记4\n不管它\n<option_end/>"", 1], [""\n<option:6/>阅读报告\n阅读日记1\n阅读日记2\n阅读日记3\n阅读日记4\n放着不管\n<option_end/>"", 1], [""\n<option:6/>阅读报告书\n阅读日记1\n阅读日记2\n阅读日记3\n阅读日记4\n不予理会\n<option_end/>"", 1]]",,
dup:script,dup:ee8ec2db4848,"
<SURNAME/>つまり、
<SURNAME/>召喚したいペルソナと同じ種族の悪魔から、
<SURNAME/>タロットを手に入れればよいわけですな。","
<SURNAME/>也就是说，
<SURNAME/>从想召唤的Persona相同种族的恶魔那里，
<SURNAME/>获取塔罗牌即可。","[[""\n<SURNAME/>即，\n<SURNAME/>从想召唤Persona同种族的恶魔处，\n<SURNAME/>获取塔罗牌即可。"", 1], [""\n<SURNAME/>换言之，\n<SURNAME/>只需从与目标Persona同种族的恶魔处，\n<SURNAME/>获取塔罗牌即可。"", 1], [""\n<SURNAME/>也就是说，\n<SURNAME/>从想召唤的Persona相同种族的恶魔那里，\n<SURNAME/>获取塔罗牌即可。"", 1]]",,
dup:script,dup:eeb50419c992,"
<SURNAME/>用ガないなら呼ばないで頂戴!!
","
<SURNAME/>没事就别叫老子!!
","[[""\n<SURNAME/>没事就别叫我！！\n"", 1], [""\n<SURNAME/>如果没事就别叫我!!\n"", 1], [""\n<SURNAME/>没事就别叫老子!!\n"", 1]]",,
dup:script,dup:eeba1b8f1deb,"
<SURNAME/>だあっ!
<SURNAME/>ジャマすんじゃねぇっ!!
",\n<SURNAME/>滚啊! \n<SURNAME/>别挡道!!\n,"[[""\n<SURNAME/>滚啊! \n<SURNAME/>别挡道!!\n"", 1], [""\n<SURNAME/>啊!\n<SURNAME/>别碍事!!\n"", 1]]",,
dup:script,dup:ef0a352cf4c4,"
<SURNAME/>うーん…見える…<pause:15/>この水晶に、そなたの行末ガ
<SURNAME/>映し出されておる…うーん…<pause:15/>
<SURNAME/>これは…<pause:15/>Ego…<pause:15/>人の業、自制心の薄れ…","
<SURNAME/>嗯…我看见了…<pause:15/>在这水晶中，你的未来
<SURNAME/>映照出来…嗯…<pause:15/>
<SURNAME/>这是…<pause:15/>自我…<pause:15/>人的业障，自制心的薄弱…","[[""\n<SURNAME/>嗯…看到了…<pause:15/>这水晶中映照出\n<SURNAME/>你的未来…嗯…<pause:15/>\n<SURNAME/>这是…<pause:15/>Ego…<pause:15/>人心业障，自制崩坏…"", 1], [""\n<SURNAME/>唔…看到了…<pause:15/>在这水晶中，映出了你的未来…唔…<pause:15/>\n<SURNAME/>这是…<pause:15/>自我…<pause:15/>人之业，自制心衰退…"", 1], [""\n<SURNAME/>嗯…我看见了…<pause:15/>在这水晶中，你的未来\n<SURNAME/>映照出来…嗯…<pause:15/>\n<SURNAME/>这是…<pause:15/>自我…<pause:15/>人的业障，自制心的薄弱…"", 1]]",,
dup:script,dup:effe82e7a883,"
<SURNAME/>スロットマシン
<SURNAME/>「AROUSE<SURNAME/>BLANK」
<SURNAME/>06番台ガある。","
<SURNAME/>老虎机
<SURNAME/>「AROUSE<SURNAME/>BLANK」
<SURNAME/>有06号台。","[[""\n<SURNAME/>老虎机\n<SURNAME/>「AROUSE<SURNAME/>BLANK」\n<SURNAME/>06号机有。"", 1], [""\n<SURNAME/>老虎机\n<SURNAME/>「AROUSE<SURNAME/>BLANK」\n<SURNAME/>06号机。"", 1], [""\n<SURNAME/>老虎机\n<SURNAME/>「AROUSE<SURNAME/>BLANK」\n<SURNAME/>有06号台。"", 1]]",,
dup:script,dup:f23c6c51fbbb,"
<SURNAME/>あ、悪魔ぁ!?<pause:30/>
<SURNAME/>に、逃げるったって…","
\n<SURNAME/>啊、恶魔!?<pause:30/>\n<SURNAME/>但、但是逃也…","[[""\n<SURNAME/>啊、恶魔!?<pause:30/>\n<SURNAME/>但、但是逃也…"", 2], [""\n\n<SURNAME/>啊、恶魔!?<pause:30/>\n<SURNAME/>但、但是逃也…"", 1]]","
<SURNAME/>啊、恶魔!?<pause:30/>
<SURNAME/>但、但是逃也…",position_majority
dup:script,dup:f25ab42cf110,"
<SURNAME/>ペルソナカードは10枚まで所持出来ますガ、
<SURNAME/>これには降魔中のペルソナも含まれますので
<SURNAME/>注意ガ必要ですぞ。","
<SURNAME/>您最多可持有10张Persona卡片，
<SURNAME/>这包括已降魔的Persona，
<SURNAME/>请务必注意。","[[""\n<SURNAME/>Persona卡可持10张，\n<SURNAME/>但包括降魔中的Persona，\n<SURNAME/>需注意。"", 1], [""\n<SURNAME/>Persona卡片最多持有10张，\n<SURNAME/>这包含已降魔的Persona，\n<SURNAME/>请务必留意。"", 1], [""\n<SURNAME/>您最多可持有10张Persona卡片，\n<SURNAME/>这包括已降魔的Persona，\n<SURNAME/>请务必注意。"", 1]]",,
dup:script,dup:f26343acd5ef,"
<SURNAME/>チッ…余計な真似を…<pause:30/>
<SURNAME/>そういうわけだリサ君。
<SURNAME/>残りわずかな時間、私と踊って頂こう!!
",\n<SURNAME/>切…多管闲事…<pause:30/>\n<SURNAME/>就是这样，丽莎君。\n<SURNAME/>剩余时间不多，就请你和我跳一支舞吧!!\n,"[[""\n<SURNAME/>切…多管闲事…<pause:30/>\n<SURNAME/>就是这么回事丽莎。\n<SURNAME/>剩下时间不多，陪我跳支舞吧!!\n"", 1], [""\n<SURNAME/>切…多管闲事…<pause:30/>\n<SURNAME/>就是这样，丽莎君。\n<SURNAME/>剩余时间不多，就请你和我跳一支舞吧!!\n"", 1]]",,
dup:script,dup:f9ba9cc8a83c,"
<SURNAME/>また、集めるタロットの枚数も、
<SURNAME/>そのペルソナのレベルに見合った分だけ
<SURNAME/>必要となりますぞ。","
<SURNAME/>此外，收集的塔罗牌数量，
<SURNAME/>也必须与Persona的等级相符。
<SURNAME/>","[[""\n<SURNAME/>且收集的塔罗牌数，\n<SURNAME/>也需匹配该Persona的等级\n<SURNAME/>才行。"", 1], [""\n<SURNAME/>同时，所需塔罗牌的数量，\n<SURNAME/>也必须与Persona的等级\n<SURNAME/>相匹配才行。"", 1], [""\n<SURNAME/>此外，收集的塔罗牌数量，\n<SURNAME/>也必须与Persona的等级相符。\n<SURNAME/>"", 1]]",,
dup:script,dup:f9d9f3d21898,"
<SURNAME/>なんでも、その時のコネを使って、
<SURNAME/>ロシア経由で仕入れた武器を密売してるらしいっス
<SURNAME/>用心棒も雇ってるって噂っス。",\n<SURNAME/>我还听说，她还在用那时的关系、\n<SURNAME/>通过俄罗斯的一些渠道搞来武器偷偷卖，\n<SURNAME/>而且还雇了保镖呢。,"[[""\n<SURNAME/>据说，她利用那时的关系，\n<SURNAME/>通过俄罗斯走私武器来卖呢。\n<SURNAME/>还雇了保镖的传闻。"", 1], [""\n<SURNAME/>据说她利用当时的关系，\n<SURNAME/>走私从俄国弄来的武器的说。\n<SURNAME/>还雇了保镖的传闻的说。"", 1], [""\n<SURNAME/>据说，她利用那时的关系，\n<SURNAME/>通过俄罗斯走私武器来卖。\n<SURNAME/>还雇了保镖呢。"", 1], [""\n<SURNAME/>我还听说，她还在用那时的关系、\n<SURNAME/>通过俄罗斯的一些渠道搞来武器偷偷卖，\n<SURNAME/>而且还雇了保镖呢。"", 1]]",,
dup:script,dup:fa83113e6ba8,"
<SURNAME/>来たか…
<SURNAME/>今日の用件はなんだ?","
<SURNAME/>来了啊…
<SURNAME/>今日有何贵干？","[[""\n<SURNAME/>来了啊…\n<SURNAME/>今天什么事？"", 1], [""\n<SURNAME/>来了啊…\n<SURNAME/>今天有什么事？"", 1], [""\n<SURNAME/>来了啊…\n<SURNAME/>今日有何贵干？"", 1]]",,
dup:script,dup:faa1002bdc13,"
<SURNAME/>高レベルのペルソナを召喚したいのであれば、
<SURNAME/>同じく高レベルの悪魔と交渉することガ必要です。
<SURNAME/>それガ、効率よくタロットを集めるコツですな。","
<SURNAME/>若要召唤高等级Persona，
<SURNAME/>必须与高等级恶魔交涉。
<SURNAME/>那便是高效收集塔罗牌的诀窍。","[[""\n<SURNAME/>想召唤高等级Persona，\n<SURNAME/>需交涉高等级恶魔。\n<SURNAME/>那是高效集牌的诀窍。"", 1], [""\n<SURNAME/>若想召唤高等级Persona，\n<SURNAME/>必须与高等级恶魔交涉。\n<SURNAME/>这才是高效集牌的诀窍。"", 1], [""\n<SURNAME/>若要召唤高等级Persona，\n<SURNAME/>必须与高等级恶魔交涉。\n<SURNAME/>那便是高效收集塔罗牌的诀窍。"", 1]]",,
dup:script,dup:fb7c4e4e5cde,"
<SURNAME/>連続テロの次はイン・ラケチッスか。
<SURNAME/>正に現実は噂よりも奇なり…<pause:15/>
<SURNAME/>何ガ起こるか、分からないッス。",\n<SURNAME/>连环恐怖袭击之后是In Lak'ech吗？\n<SURNAME/>真是现实比传闻更离奇…<pause:15/>\n<SURNAME/>谁也说不准接下来还会发生什么啊。,"[[""\n<SURNAME/>连续恐怖袭击之后又是In Lak'ech吗？\n<SURNAME/>真是现实比传闻更离奇啊…<pause:15/>\n<SURNAME/>会发生什么完全预料不到呢。"", 1], [""\n<SURNAME/>连续恐怖袭击之后是In Lak'ech呢。\n<SURNAME/>真是现实比传闻更离奇…<pause:15/>\n<SURNAME/>会发生什么，真不知道呢。"", 1], [""\n<SURNAME/>连续恐怖袭击之后是In Lak'ech吗。\n<SURNAME/>真是现实比传闻更离奇…<pause:15/>\n<SURNAME/>接下来会发生什么，真不知道啊。"", 1], [""\n<SURNAME/>连环恐怖袭击之后是In Lak'ech吗？\n<SURNAME/>真是现实比传闻更离奇…<pause:15/>\n<SURNAME/>谁也说不准接下来还会发生什么啊。"", 1]]",,
dup:script,dup:fbb6fb06693f,"<c1d:11/>舞耶<c1d:1/>
<SURNAME/>あなたは、彼女たちを守ろうとしたんでしょ?
<SURNAME/>大丈夫…二人とも今度目ガ覚めたら、
<SURNAME/>きっと笑ってくれるわ。
",<c1d:11/>舞耶<c1d:1/>\n<SURNAME/>你刚才，是想保护她们两个对吧?\n<SURNAME/>没事的…等她们俩下次醒来，\n<SURNAME/>一定会笑的。\n,"[[""<c1d:11/>舞耶<c1d:1/>\n<SURNAME/>你刚才，是想保护她们两个对吧?\n<SURNAME/>没事的…等她们俩下次醒来，\n<SURNAME/>一定会笑出来的。\n"", 2], [""<c1d:11/>舞耶<c1d:1/>\n<SURNAME/>你刚才，是想保护她们两个对吧?\n<SURNAME/>没事的…等她们俩下次醒来，\n<SURNAME/>一定会笑出来的。\n\n"", 1]]","<c1d:11/>舞耶<c1d:1/>
<SURNAME/>你刚才，是想保护她们两个对吧?
<SURNAME/>没事的…等她们俩下次醒来，
<SURNAME/>一定会笑出来的。
",position_majority
dup:script,dup:fc23efbd5846,"
<SURNAME/>おお、<c12/>か。あの時のお前のパンチ、
<SURNAME/>私の心にズンと響いたぞ。<pause:15/>ここにこうして戻って
<SURNAME/>これたのもお前達の御陰だ。<pause:15/>改めて礼を言おう。","
<SURNAME/>哦哦，<c12/>啊。那时你的拳头，
<SURNAME/>深深震撼了我的心。<pause:15/>能这样回到这里
<SURNAME/>也是托你们的福。<pause:15/>容我再次道谢。","[[""\n<SURNAME/>噢，<c12/>啊。你那一拳，\n<SURNAME/>深深震撼了吾心。<pause:15/>能重返此地\n<SURNAME/>也是托诸位的福。<pause:15/>容吾再次致谢。"", 1], [""\n<SURNAME/>哦，<c12/>啊。那时你的拳头，\n<SURNAME/>深深震撼了我的心。<pause:15/>我能这样回来\n<SURNAME/>也是托你们的福。<pause:15/>再次道谢。"", 1], [""\n<SURNAME/>哦哦，<c12/>啊。那时你的拳头，\n<SURNAME/>深深震撼了我的心。<pause:15/>能这样回到这里\n<SURNAME/>也是托你们的福。<pause:15/>容我再次道谢。"", 1]]",,
dup:script,dup:fd2e3e6559fc,"
<SURNAME/>うーん…見える…<pause:15/>この水晶に、そなたの行末ガ
<SURNAME/>映し出されておる…うーん…<pause:15/>
<SURNAME/>これは…<pause:15/>Temperance…","
<SURNAME/>嗯…可见…<pause:15/>此水晶中，汝之行末
<SURNAME/>映出矣…嗯…<pause:15/>
<SURNAME/>此乃…<pause:15/>节制…","[[""\n<SURNAME/>嗯…看见了…<pause:15/>在这水晶中，汝的结局\n<SURNAME/>映现出来…嗯…<pause:15/>\n<SURNAME/>这是…<pause:15/>节制…"", 1], [""\n<SURNAME/>唔…看到了…<pause:15/>在这水晶中，映出了你的未来…唔…<pause:15/>\n<SURNAME/>这是…<pause:15/>节制…"", 1], [""\n<SURNAME/>嗯…可见…<pause:15/>此水晶中，汝之行末\n<SURNAME/>映出矣…嗯…<pause:15/>\n<SURNAME/>此乃…<pause:15/>节制…"", 1]]",,
dup:script,dup:fd394aea80e1,"
<SURNAME/>やっと3人目ガ発表されましたッスねぇ。<pause:15/>
<SURNAME/>残念なガらラジオなので声しか聞けなかったけど、
<SURNAME/>いやいや、どんな子か楽しみッス!",\n<SURNAME/>第三人终于公布了，<pause:15/>\n<SURNAME/>遗憾的是因为是广播，所以只能听到声音，\n<SURNAME/>哎呀呀，好期待是什么样的孩子啊！,"[[""\n<SURNAME/>第三个人终于公布了。<pause:15/>\n<SURNAME/>可惜是广播，只能听到声音，\n<SURNAME/>不过，好期待是什么样的孩子啊!"", 1], [""\n<SURNAME/>第三位成员终于公布了呢。<pause:15/>\n<SURNAME/>可惜是通过广播，只能听到声音，\n<SURNAME/>不过，还是很期待是什么样的孩子呢!"", 1], [""\n<SURNAME/>第三个人终于公布了呢。<pause:15/>\n<SURNAME/>可惜是广播，只能听到声音，\n<SURNAME/>不过，好期待是什么样的女孩啊!"", 1], [""\n<SURNAME/>第三人终于公布了，<pause:15/>\n<SURNAME/>遗憾的是因为是广播，所以只能听到声音，\n<SURNAME/>哎呀呀，好期待是什么样的孩子啊！"", 1]]",,
dup:strtbl,dup:00722513d7ec,"<c1c:13/><pause:0/><c1e:0/>物理攻撃に強い
魔法攻撃に弱い","<c1c:13/><pause:0/><c1e:0/>物理攻击抗性
魔法攻击弱点","[[""<c1c:13/><pause:0/><c1e:0/>物攻抗性\n魔攻弱点"", 1], [""<c1c:13/><pause:0/><c1e:0/>物攻耐性\n魔攻弱"", 1], [""<c1c:13/><pause:0/><c1e:0/>物理耐性\n魔法弱点"", 1], [""<c1c:13/><pause:0/><c1e:0/>物理攻击抗性\n魔法攻击弱点"", 1]]",,
dup:strtbl,dup:0345aa8a48cb,"召喚されるペルソナです:○ボタンで決定
",将召唤的Persona:○键确定,"[[""要召唤的Persona：○键确定"", 1], [""召唤的Persona:○键决定"", 1], [""将召唤的Persona：○键确定"", 1], [""将召唤的Persona:○键确定"", 1]]",,
dup:strtbl,dup:03a335d67987,"<pause:0/><c1e:0/>健康のため吸いすぎに注意しましょう
",<pause:0/><c1e:0/>健康第一 少吸为妙,"[[""<pause:0/><c1e:0/>为健康勿吸过度"", 1], [""<pause:0/><c1e:0/>为健康勿吸烟过度"", 1], [""<pause:0/><c1e:0/>为健康请勿过量吸烟"", 1], [""<pause:0/><c1e:0/>健康第一 少吸为妙"", 1]]",,
dup:strtbl,dup:04afa8682ef2,"<c1c:13/><pause:0/><c1e:0/>火炎糸に強い
水撃糸に弱い","<c1c:13/><pause:0/><c1e:0/>火焰系抗性
水击系弱点","[[""<c1c:13/><pause:0/><c1e:0/>亚基抗性\n阿夸弱点"", 1], [""<c1c:13/><pause:0/><c1e:0/>亚基系耐性\n阿夸弱"", 1], [""<c1c:13/><pause:0/><c1e:0/>亚基耐性\n阿夸弱点"", 1], [""<c1c:13/><pause:0/><c1e:0/>亚基系抗性\n阿夸系弱点"", 1]]",,
dup:strtbl,dup:0763be33b2d3,"<c1c:13/><pause:0/><c1e:0/>精神/神経糸無効
電撃に弱い","<c1c:13/><pause:0/><c1e:0/>精神/神经无效
弱电击","[[""<c1c:13/><pause:0/><c1e:0/>精神/神经系无效\n电击弱"", 1], [""<c1c:13/><pause:0/><c1e:0/>精神/神经系无效\n弱电系"", 1], [""<c1c:13/><pause:0/><c1e:0/>精神/神经无效\n电击属性弱点"", 1], [""<c1c:13/><pause:0/><c1e:0/>精神/神经无效\n弱电击"", 1]]",,
dup:strtbl,dup:0800de147597,"<c1c:13/><pause:0/><c1e:0/>剣撃/戦技/火炎糸に強い
飛具/水撃/地変糸に弱い","<c1c:13/><pause:0/><c1e:0/>强剑击/战技/火炎
弱飞具/水击/地变","[[""<c1c:13/><pause:0/><c1e:0/>斩击/战技/亚基系强\n飞具/阿夸/地变系弱"", 1], [""<c1c:13/><pause:0/><c1e:0/>抗斩/战技/亚基系\n弱射击/水/地系"", 1], [""<c1c:13/><pause:0/><c1e:0/>剑击/战技/亚基抗性\n飞具/阿夸/地变弱点"", 1], [""<c1c:13/><pause:0/><c1e:0/>强剑击/战技/亚基\n弱飞具/阿夸/地变"", 1]]",,
dup:strtbl,dup:0a0349420b3a,"加えたいカードを選択してください
",请选择要添加的卡片,"[[""请选择要添加的卡片"", 2], [""选择要添加的卡片"", 1], [""请选择要添加卡片"", 1]]",,
dup:strtbl,dup:0d413383fc7d,"<pause:0/><c1e:0/>キ○ィちゃんマーク入り
",<pause:0/><c1e:0/>带凯蒂猫标,"[[""<pause:0/><c1e:0/>带凯蒂猫标志"", 1], [""<pause:0/><c1e:0/>带凯蒂猫标记"", 1], [""<pause:0/><c1e:0/>带有凯蒂猫标志"", 1], [""<pause:0/><c1e:0/>带凯蒂猫标"", 1]]",,
dup:strtbl,dup:0efbf73d5766,"コンフィグ
",查看状态,"[[""设置"", 2], [""设定\n"", 1]]",设置,position_majority
dup:strtbl,dup:15a257c45413,"<c1c:13/><pause:0/><c1e:0/>飛具/投具糸を無効にする
",<c1c:13/><pause:0/><c1e:0/>射击/投掷系无效,"[[""<c1c:13/><pause:0/><c1e:0/>飞具/投具系无效"", 2], [""<c1c:13/><pause:0/><c1e:0/>飞具/投具属性无效"", 1], [""<c1c:13/><pause:0/><c1e:0/>射击/投掷系无效"", 1]]",<c1c:13/><pause:0/><c1e:0/>飞具/投具系无效,position_majority
dup:strtbl,dup:1a176859db99,"<pause:0/><c1e:0/>一定期間TECガ6アップする
",<pause:0/><c1e:0/>暂时提升技巧6点,"[[""<pause:0/><c1e:0/>一定时间技巧提升6点"", 1], [""<pause:0/><c1e:0/>暂时TEC提升6"", 1], [""<pause:0/><c1e:0/>一定时间内TEC提升6点"", 1], [""<pause:0/><c1e:0/>暂时提升技巧6点"", 1]]",,
dup:strtbl,dup:20cab89eeb42,"<c1c:13/><pause:0/><c1e:0/>神聖糸を無効にする
",<c1c:13/><pause:0/><c1e:0/>神圣系无效,"[[""<c1c:13/><pause:0/><c1e:0/>神圣系无效"", 2], [""<c1c:13/><pause:0/><c1e:0/>使神圣丝无效"", 1], [""<c1c:13/><pause:0/><c1e:0/>神圣属性无效"", 1]]",,
dup:strtbl,dup:21d00e79b909,"<c1c:13/><pause:0/><c1e:0/>剣撃以外の物理攻撃無効
剣撃/神聖糸に弱い","<c1c:13/><pause:0/><c1e:0/>剑击外物理无效
弱剑击/神圣","[[""<c1c:13/><pause:0/><c1e:0/>斩击外物理攻击无效\n斩击/神圣系弱"", 1], [""<c1c:13/><pause:0/><c1e:0/>非斩击物攻无效\n弱斩/圣系"", 1], [""<c1c:13/><pause:0/><c1e:0/>非剑击物理无效\n剑击/神圣属性弱点"", 1], [""<c1c:13/><pause:0/><c1e:0/>剑击外物理无效\n弱剑击/神圣"", 1]]",,
dup:strtbl,dup:22abc27db01f,"<c1c:13/><pause:0/><c1e:0/>疾風糸に強い
神聖/暗黒糸を無効にする","<c1c:13/><pause:0/><c1e:0/>强疾风
神圣/暗黑无效","[[""<c1c:13/><pause:0/><c1e:0/>疾风强\n神圣/暗黑无效"", 1], [""<c1c:13/><pause:0/><c1e:0/>抗风系\n圣/暗系无效"", 1], [""<c1c:13/><pause:0/><c1e:0/>疾风属性抗性\n神圣/暗黑属性无效"", 1], [""<c1c:13/><pause:0/><c1e:0/>强疾风\n神圣/暗黑无效"", 1]]",,
dup:strtbl,dup:26c3edf0eb9e,"<c1c:13/><pause:0/><c1e:0/>火炎糸無効<NAME/><NAME/>核熱糸吸収
水撃糸に弱い","<c1c:13/><pause:0/><c1e:0/>火炎无效<NAME/><NAME/>吸收核热
弱水击","[[""<c1c:13/><pause:0/><c1e:0/>亚基无效<NAME/><NAME/>核热吸收\n阿夸弱点"", 1], [""<c1c:13/><pause:0/><c1e:0/>亚基系无效<NAME/><NAME/>核热吸收\n\n弱点：水"", 1], [""<c1c:13/><pause:0/><c1e:0/>亚基属性无效<NAME/><NAME/>核热属性吸收\n阿夸属性弱点"", 1], [""<c1c:13/><pause:0/><c1e:0/>亚基无效<NAME/><NAME/>吸收核热\n弱阿夸"", 1]]",,
dup:strtbl,dup:26e9904a4bb0,"<c1c:13/><pause:0/><c1e:0/>疾風糸反射<NAME/><NAME/>暗黒糸無効
電撃糸に弱い","<c1c:13/><pause:0/><c1e:0/>疾风反射<NAME/><NAME/>暗黑无效
电击弱","[[""<c1c:13/><pause:0/><c1e:0/>疾风反射<NAME/><NAME/>暗黑无效\n电击弱"", 2], [""<c1c:13/><pause:0/><c1e:0/>疾风系反射<NAME/><NAME/>暗黑系无效\n电击系弱"", 1], [""<c1c:13/><pause:0/><c1e:0/>疾风系反射<NAME/><NAME/>暗黑系无效\n对电击系弱"", 1]]",,
dup:strtbl,dup:27003a6c3a0c,"<c1c:13/><pause:0/><c1e:0/>神聖糸を無効にする
回復しやすい","<c1c:13/><pause:0/><c1e:0/>神圣无效
易回复","[[""<c1c:13/><pause:0/><c1e:0/>神圣无效\n易回复"", 2], [""<c1c:13/><pause:0/><c1e:0/>神圣系无效\n回复易生效"", 1], [""<c1c:13/><pause:0/><c1e:0/>神圣系无效化\n易恢复"", 1]]",,
dup:strtbl,dup:2c8a8327fe39,"<c1c:13/><pause:0/><c1e:0/>剣撃/戦技糸を反射する
",<c1c:13/><pause:0/><c1e:0/>斩击/战技系反射,"[[""<c1c:13/><pause:0/><c1e:0/>剑击/战技系反射"", 2], [""<c1c:13/><pause:0/><c1e:0/>剑击/战技属性反射"", 1], [""<c1c:13/><pause:0/><c1e:0/>斩击/战技系反射"", 1]]",<c1c:13/><pause:0/><c1e:0/>剑击/战技系反射,position_majority
dup:strtbl,dup:2ca7faeb7292,"削除してよろしいですか?
",确定删除吗?,"[[""确定要删除吗？"", 1], [""确认删除吗？"", 1], [""确定删除吗？"", 1], [""确定删除吗?"", 1]]",,
dup:strtbl,dup:2da4007378f4,"<pause:0/><c1e:0/>こっちガ聞きたい
",<pause:0/><c1e:0/>我才想问,"[[""<pause:0/><c1e:0/>我才想问"", 2], [""<pause:0/><c1e:0/>问这个"", 1], [""<pause:0/><c1e:0/>这边才想问呢"", 1]]",,
dup:strtbl,dup:2de0ee5c7a9e,"<pause:0/><c1e:0/>一定期間STRガ8アップする
",<pause:0/><c1e:0/>暂时提升力量8点,"[[""<pause:0/><c1e:0/>一定时间力量提升8点"", 1], [""<pause:0/><c1e:0/>一定期间STR提升8点"", 1], [""<pause:0/><c1e:0/>一定时间内STR提升8点"", 1], [""<pause:0/><c1e:0/>暂时提升力量8点"", 1]]",,
dup:strtbl,dup:2f661da79518,"<pause:0/><c1e:0/>今日からあなたもイエローアウル
",<pause:0/><c1e:0/>今日起 你也是黄猫头鹰,"[[""<pause:0/><c1e:0/>今日起你也是黄猫头鹰"", 2], [""<pause:0/><c1e:0/>今日起你也是黄鸮"", 1], [""<pause:0/><c1e:0/>今日起 你也是黄猫头鹰"", 1]]",<pause:0/><c1e:0/>今日起你也是黄猫头鹰,position_majority
dup:strtbl,dup:2fb668cb9081,"これ以上所持できません
",无法携带更多,"[[""无法持有更多"", 3], [""无法再持有"", 1], [""持有数已达上限"", 1], [""无法携带更多"", 1]]",无法持有更多,position_majority
dup:strtbl,dup:2ff5966b1907,"<c1c:13/><pause:0/><c1e:0/>地変糸に強い
神聖/暗黒糸を無効にする","<c1c:13/><pause:0/><c1e:0/>强地变
神圣/暗黑无效","[[""<c1c:13/><pause:0/><c1e:0/>地变强\n神圣/暗黑无效"", 1], [""<c1c:13/><pause:0/><c1e:0/>抗地系\n圣/暗系无效"", 1], [""<c1c:13/><pause:0/><c1e:0/>地变属性抗性\n神圣/暗黑属性无效"", 1], [""<c1c:13/><pause:0/><c1e:0/>强地变\n神圣/暗黑无效"", 1]]",,
dup:strtbl,dup:301292d0f2a9,"<c1c:13/><pause:0/><c1e:0/>地変糸を無効にする
疾風糸に弱い","<c1c:13/><pause:0/><c1e:0/>地变无效
弱疾风","[[""<c1c:13/><pause:0/><c1e:0/>地变无效\n疾风弱"", 1], [""<c1c:13/><pause:0/><c1e:0/>地无效\n\n弱点：风"", 1], [""<c1c:13/><pause:0/><c1e:0/>地变属性无效\n疾风属性弱点"", 1], [""<c1c:13/><pause:0/><c1e:0/>地变无效\n弱疾风"", 1]]",,
dup:strtbl,dup:305639b13fe8,"<c1c:13/><pause:0/><c1e:0/>火炎糸無効<NAME/><NAME/>核熱糸に強い
水撃糸に弱い","<c1c:13/><pause:0/><c1e:0/>火炎无效<NAME/><NAME/>核热强
水击弱","[[""<c1c:13/><pause:0/><c1e:0/>亚基无效<NAME/><NAME/>核热强\n阿夸弱"", 2], [""<c1c:13/><pause:0/><c1e:0/>亚基系无效<NAME/><NAME/>核热系强\n阿夸系弱"", 1], [""<c1c:13/><pause:0/><c1e:0/>亚基系无效<NAME/><NAME/>对核热系强\n对阿夸系弱"", 1]]","<c1c:13/><pause:0/><c1e:0/>亚基无效<NAME/><NAME/>核热强
阿夸弱",position_majority
dup:strtbl,dup:32ddd4568162,"<pause:0/><c1e:0/>一定期間STRガ7アップする
",<pause:0/><c1e:0/>暂时提升力量7点,"[[""<pause:0/><c1e:0/>一定时间力量提升7点"", 1], [""<pause:0/><c1e:0/>暂时STR提升7"", 1], [""<pause:0/><c1e:0/>一定时间内STR提升7点"", 1], [""<pause:0/><c1e:0/>暂时提升力量7点"", 1]]",,
dup:strtbl,dup:35815cdffab6,"<c1c:13/><pause:0/><c1e:0/>剣撃/戦技/暗黒糸に強い
飛具/地変糸に弱い","<c1c:13/><pause:0/><c1e:0/>强剑击/战技/暗黑
弱飞具/地变","[[""<c1c:13/><pause:0/><c1e:0/>斩击/战技/暗黑系强\n飞具/地变系弱"", 1], [""<c1c:13/><pause:0/><c1e:0/>抗斩/战技/暗系\n弱射击/地系"", 1], [""<c1c:13/><pause:0/><c1e:0/>剑击/战技/暗黑抗性\n飞具/地变属性弱点"", 1], [""<c1c:13/><pause:0/><c1e:0/>强剑击/战技/暗黑\n弱飞具/地变"", 1]]",,
dup:strtbl,dup:35a5b2b07c26,"<pause:0/><c1e:0/>なぜこのような物ガあるのか謎である
",<pause:0/><c1e:0/>此物存在之谜,"[[""<pause:0/><c1e:0/>为何有此物是个谜"", 1], [""<pause:0/><c1e:0/>为何有这东西真谜"", 1], [""<pause:0/><c1e:0/>此物为何存在是个谜"", 1], [""<pause:0/><c1e:0/>此物存在之谜"", 1]]",,
dup:strtbl,dup:363a98ddc0ca,"相性ガ悪くて使えません
",相性不佳无法使用,"[[""相性不佳无法使用"", 2], [""相性差，无法使用"", 1], [""相性差无法使用"", 1]]",,
dup:strtbl,dup:367218744e5b,"<c1c:13/><pause:0/><c1e:0/>地変糸に強い
疾風糸に弱い","<c1c:13/><pause:0/><c1e:0/>耐地变
弱疾风","[[""<c1c:13/><pause:0/><c1e:0/>地变强\n疾风弱"", 1], [""<c1c:13/><pause:0/><c1e:0/>耐地属性\n\n弱点：风"", 1], [""<c1c:13/><pause:0/><c1e:0/>地变属性抗性\n疾风属性弱点"", 1], [""<c1c:13/><pause:0/><c1e:0/>耐地变\n弱疾风"", 1]]",,
dup:strtbl,dup:372a0c8d4929,"<pause:0/><c1e:0/>一定期間VITガ4アップする
",<pause:0/><c1e:0/>一定时间内VIT+4,"[[""<pause:0/><c1e:0/>一定时间内VIT+4"", 4], [""<pause:0/><c1e:0/>一段时间内VIT+4"", 2], [""<pause:0/><c1e:0/>一定期间VIT提升4"", 2]]",,
dup:strtbl,dup:39e2658beeaa,"<c1c:13/><pause:0/><c1e:0/>暗黒糸を無効にする
",<c1c:13/><pause:0/><c1e:0/>暗黑无效,"[[""<c1c:13/><pause:0/><c1e:0/>暗黑无效"", 2], [""<c1c:13/><pause:0/><c1e:0/>暗黑系无效"", 1], [""<c1c:13/><pause:0/><c1e:0/>暗黑系无效化"", 1]]",,
dup:strtbl,dup:3a30371a65fb,"<pause:0/><c1e:0/>一定期間STRガ6アップする
",<pause:0/><c1e:0/>一定时间内STR+6,"[[""<pause:0/><c1e:0/>一段时间内STR+6"", 1], [""<pause:0/><c1e:0/>暂时STR提升6"", 1], [""<pause:0/><c1e:0/>一定时间内力量+6"", 1], [""<pause:0/><c1e:0/>一定时间内STR+6"", 1]]",,
dup:strtbl,dup:3ec67e805ec4,"<pause:0/><c1e:0/>一定期間TECガ1アップする
",<pause:0/><c1e:0/>一定时间内TEC+1,"[[""<pause:0/><c1e:0/>一定时间内TEC+1"", 3], [""<pause:0/><c1e:0/>一段时间内TEC+1"", 1], [""<pause:0/><c1e:0/>一定时间技巧提升1点"", 1], [""<pause:0/><c1e:0/>暂时TEC提升1"", 1], [""<pause:0/><c1e:0/>一定期间TEC提升1"", 1], [""<pause:0/><c1e:0/>一定时间内技巧+1"", 1]]",,
dup:strtbl,dup:42d1ab188ec0,"<c1c:13/><pause:0/><c1e:0/>剣撃/戦技/疾風糸に強い
飛具/地変糸に弱い","<c1c:13/><pause:0/><c1e:0/>强剑击/战技/疾风
弱飞具/地变","[[""<c1c:13/><pause:0/><c1e:0/>斩击/战技/疾风系强\n飞具/地变系弱"", 1], [""<c1c:13/><pause:0/><c1e:0/>抗斩/战技/风系\n弱射击/地系"", 1], [""<c1c:13/><pause:0/><c1e:0/>剑击/战技/疾风抗性\n飞具/地变属性弱点"", 1], [""<c1c:13/><pause:0/><c1e:0/>强剑击/战技/疾风\n弱飞具/地变"", 1]]",,
dup:strtbl,dup:42dd8cd309d4,"<pause:0/><c1e:0/>一定期間VITガ2アップする
",<pause:0/><c1e:0/>暂时提升体力2点,"[[""<pause:0/><c1e:0/>一定时间内VIT+2"", 2], [""<pause:0/><c1e:0/>一段时间内VIT+2"", 1], [""<pause:0/><c1e:0/>一定时间体力提升2点"", 1], [""<pause:0/><c1e:0/>暂时VIT提升2"", 1], [""<pause:0/><c1e:0/>一定期间VIT提升2"", 1], [""<pause:0/><c1e:0/>一定时间内体力+2"", 1], [""<pause:0/><c1e:0/>暂时提升体力2点"", 1]]",<pause:0/><c1e:0/>一定时间内VIT+2,position_majority
dup:strtbl,dup:43d005bda8d8,"<pause:0/><c1e:0/>一定期間VITガ8アップする
",<pause:0/><c1e:0/>一定时间内VIT+8,"[[""<pause:0/><c1e:0/>一定时间内VIT+8"", 2], [""<pause:0/><c1e:0/>一段时间内VIT+8"", 1], [""<pause:0/><c1e:0/>一定期间VIT提升8"", 1]]",,
dup:strtbl,dup:44cd2da56a60,"<pause:0/><c1e:0/>一定期間AGIガ2アップする
",<pause:0/><c1e:0/>暂时提升敏捷2点,"[[""<pause:0/><c1e:0/>一段时间内AGI+2"", 1], [""<pause:0/><c1e:0/>一定时间敏捷提升2点"", 1], [""<pause:0/><c1e:0/>暂时AGI提升2"", 1], [""<pause:0/><c1e:0/>一定期间AGI提升2点"", 1], [""<pause:0/><c1e:0/>一定时间内敏捷+2"", 1], [""<pause:0/><c1e:0/>一定时间内AGI提升2点"", 1], [""<pause:0/><c1e:0/>一定时间内AGI+2"", 1], [""<pause:0/><c1e:0/>暂时提升敏捷2点"", 1]]",,
dup:strtbl,dup:45056cb70a35,"<pause:0/><c1e:0/>水晶で出来た髑髏
火属性らしい
","<pause:0/><c1e:0/>水晶骷髅
似乎是火属性","[[""<pause:0/><c1e:0/>水晶骷髅\n似乎是火属性"", 2], [""<pause:0/><c1e:0/>水晶头骨\n似乎是火属性"", 1], [""<pause:0/><c1e:0/>水晶骷髅\n火属性"", 1]]",,
dup:strtbl,dup:485dbc5ede75,"<pause:0/><c1e:0/>水晶で出来た髑髏
良く見ると中に水ガ・・・流れていない
","<pause:0/><c1e:0/>水晶骷髅
内有水...却不流","[[""<pause:0/><c1e:0/>水晶头骨\n内有水却...不流动"", 1], [""<pause:0/><c1e:0/>水晶骷髅\n内部无水流动"", 1], [""<pause:0/><c1e:0/>水晶骷髅\n仔细看水...没有流动"", 1], [""<pause:0/><c1e:0/>水晶骷髅\n内有水...却不流"", 1]]",,
dup:strtbl,dup:49803f3ab4c0,"<c1c:13/><pause:0/><c1e:0/>火炎/核熱/神聖/暗黒無効
水撃/氷結糸に弱い","<c1c:13/><pause:0/><c1e:0/>火炎/核热/神圣/暗黑无效
水击/冰结弱","[[""<c1c:13/><pause:0/><c1e:0/>亚基/核热/神圣/暗黑无效\n阿夸/冰结弱"", 2], [""<c1c:13/><pause:0/><c1e:0/>亚基/核热/神圣/暗黑无效\n阿夸/冰结系弱"", 1], [""<c1c:13/><pause:0/><c1e:0/>亚基/核热/神圣/暗黑无效\n对阿夸/冰结系弱"", 1]]","<c1c:13/><pause:0/><c1e:0/>亚基/核热/神圣/暗黑无效
阿夸/冰结弱",position_majority
dup:strtbl,dup:4a3cf93bf6b0,"<pause:0/><c1e:0/>青春の歓びと悲しみ?
",<pause:0/><c1e:0/>青春的欢欣与悲伤？,"[[""<pause:0/><c1e:0/>青春之喜与悲？"", 1], [""<pause:0/><c1e:0/>青春悲欢？"", 1], [""<pause:0/><c1e:0/>青春的喜与悲？"", 1], [""<pause:0/><c1e:0/>青春的欢欣与悲伤？"", 1]]",,
dup:strtbl,dup:4b5d944fb420,"<pause:0/><c1e:0/>一定期間TECガ3アップする
",<pause:0/><c1e:0/>暂时提升技巧3点,"[[""<pause:0/><c1e:0/>一定时间内TEC+3"", 2], [""<pause:0/><c1e:0/>一段时间内TEC+3"", 1], [""<pause:0/><c1e:0/>一定时间技巧提升3点"", 1], [""<pause:0/><c1e:0/>暂时TEC提升3"", 1], [""<pause:0/><c1e:0/>一定时间内技巧+3"", 1], [""<pause:0/><c1e:0/>一定时间内TEC提升3点"", 1], [""<pause:0/><c1e:0/>暂时提升技巧3点"", 1]]",<pause:0/><c1e:0/>一定时间内TEC+3,position_majority
dup:strtbl,dup:4e029120e5e5,"<pause:0/><c1e:0/>まさしく謎である
",<pause:0/><c1e:0/>真是谜,"[[""<pause:0/><c1e:0/>确实是个谜"", 2], [""<pause:0/><c1e:0/>确是个谜"", 1], [""<pause:0/><c1e:0/>真是谜"", 1]]",<pause:0/><c1e:0/>确实是个谜,position_majority
dup:strtbl,dup:53e0f777f3a3,"<pause:0/><c1e:0/>一定期間VITガ3アップする
",<pause:0/><c1e:0/>暂时提升体力3点,"[[""<pause:0/><c1e:0/>一定时间内VIT+3"", 2], [""<pause:0/><c1e:0/>一段时间内VIT+3"", 1], [""<pause:0/><c1e:0/>一定时间体力提升3点"", 1], [""<pause:0/><c1e:0/>暂时VIT提升3"", 1], [""<pause:0/><c1e:0/>一定期间VIT提升3"", 1], [""<pause:0/><c1e:0/>一定时间内体力+3"", 1], [""<pause:0/><c1e:0/>暂时提升体力3点"", 1]]",<pause:0/><c1e:0/>一定时间内VIT+3,position_majority
dup:strtbl,dup:540fe7b129a7,"<c1c:13/><pause:0/><c1e:0/>剣撃/戦技糸を無効にする
",<c1c:13/><pause:0/><c1e:0/>斩击/战技系无效,"[[""<c1c:13/><pause:0/><c1e:0/>剑击/战技系无效"", 2], [""<c1c:13/><pause:0/><c1e:0/>剑击/战技属性无效"", 1], [""<c1c:13/><pause:0/><c1e:0/>斩击/战技系无效"", 1]]",<c1c:13/><pause:0/><c1e:0/>剑击/战技系无效,position_majority
dup:strtbl,dup:573029cb86e1,"<pause:0/><c1e:0/>水晶で出来た髑髏
生あたたかい風ガ・・・
","<pause:0/><c1e:0/>水晶骷髅
有微暖的风...","[[""<pause:0/><c1e:0/>水晶头骨\n有温暖的风..."", 1], [""<pause:0/><c1e:0/>水晶骷髅\n散发暖风"", 1], [""<pause:0/><c1e:0/>水晶制成的骷髅\n温暖的风..."", 1], [""<pause:0/><c1e:0/>水晶骷髅\n有微暖的风..."", 1]]",,
dup:strtbl,dup:5917c41cc9aa,"<c1c:13/><pause:0/><c1e:0/>水撃/氷結糸を無効にする
火炎糸に弱い","<c1c:13/><pause:0/><c1e:0/>水击/冰结无效
弱火炎","[[""<c1c:13/><pause:0/><c1e:0/>阿夸/冰结无效\n亚基弱点"", 1], [""<c1c:13/><pause:0/><c1e:0/>水/冰无效\n\n弱点：亚基"", 1], [""<c1c:13/><pause:0/><c1e:0/>阿夸/冰结属性无效\n亚基属性弱点"", 1], [""<c1c:13/><pause:0/><c1e:0/>阿夸/冰结无效\n弱亚基"", 1]]",,
dup:strtbl,dup:5d0f51560c99,"ぶっ飛び
",疯狂,"[[""离谱"", 1], [""狂野"", 1], [""疯狂"", 1]]",,
dup:strtbl,dup:5d31e05aba3b,"<pause:0/><c1e:0/>頭につけないよーに
",<pause:0/><c1e:0/>请勿戴头上,"[[""<pause:0/><c1e:0/>别戴头上"", 1], [""<pause:0/><c1e:0/>别戴头上哦"", 1], [""<pause:0/><c1e:0/>注意别戴头上"", 1], [""<pause:0/><c1e:0/>请勿戴头上"", 1]]",,
dup:strtbl,dup:5d494f0bae89,"<pause:0/><c1e:0/>一定期間AGIガ3アップする
",<pause:0/><c1e:0/>暂时提升敏捷3点,"[[""<pause:0/><c1e:0/>暂时AGI提升3"", 2], [""<pause:0/><c1e:0/>一段时间内AGI+3"", 1], [""<pause:0/><c1e:0/>一定时间敏捷提升3点"", 1], [""<pause:0/><c1e:0/>一定时间内敏捷+3"", 1], [""<pause:0/><c1e:0/>一定时间内AGI提升3点"", 1], [""<pause:0/><c1e:0/>一定时间内AGI+3"", 1], [""<pause:0/><c1e:0/>暂时提升敏捷3点"", 1]]",<pause:0/><c1e:0/>暂时AGI提升3,position_majority
dup:strtbl,dup:5ee2137e5c93,"<c1c:13/><pause:0/><c1e:0/>疾風糸に強い
地変糸に弱い","<c1c:13/><pause:0/><c1e:0/>耐疾风
弱地变","[[""<c1c:13/><pause:0/><c1e:0/>疾风强\n地变弱"", 1], [""<c1c:13/><pause:0/><c1e:0/>耐风属性\n\n弱点：地"", 1], [""<c1c:13/><pause:0/><c1e:0/>疾风属性抗性\n地变属性弱点"", 1], [""<c1c:13/><pause:0/><c1e:0/>耐疾风\n弱地变"", 1]]",,
dup:strtbl,dup:5ff1f6cf127a,"<pause:0/><c1e:0/>一定期間TECガ7アップする
",<pause:0/><c1e:0/>一定时间内TEC+7,"[[""<pause:0/><c1e:0/>一定时间技巧提升7点"", 1], [""<pause:0/><c1e:0/>暂时TEC提升7"", 1], [""<pause:0/><c1e:0/>一定时间内技巧+7"", 1], [""<pause:0/><c1e:0/>一定时间内TEC+7"", 1]]",,
dup:strtbl,dup:666b4b286c37,"<c1c:13/><pause:0/><c1e:0/>神聖/暗黒糸を無効にする
",<c1c:13/><pause:0/><c1e:0/>神圣/暗黑无效,"[[""<c1c:13/><pause:0/><c1e:0/>神圣/暗黑无效"", 2], [""<c1c:13/><pause:0/><c1e:0/>圣/暗系无效"", 1], [""<c1c:13/><pause:0/><c1e:0/>神圣/暗黑属性无效"", 1]]",,
dup:strtbl,dup:66c1c7b9c22c,"<c1c:13/><pause:0/><c1e:0/>神聖糸を無効にする
暗黒糸に弱い","<c1c:13/><pause:0/><c1e:0/>神圣无效
弱暗黑","[[""<c1c:13/><pause:0/><c1e:0/>神圣无效\n暗黑弱"", 1], [""<c1c:13/><pause:0/><c1e:0/>圣系无效\n弱暗系"", 1], [""<c1c:13/><pause:0/><c1e:0/>神圣属性无效\n暗黑属性弱点"", 1], [""<c1c:13/><pause:0/><c1e:0/>神圣无效\n弱暗黑"", 1]]",,
dup:strtbl,dup:67f33cc1cbbf,"<pause:0/><c1e:0/>炎上を予告するカード通
",<pause:0/><c1e:0/>炎上预告卡·通,"[[""<pause:0/><c1e:0/>火灾预告卡通"", 1], [""<pause:0/><c1e:0/>火灾预告卡·通"", 1], [""<pause:0/><c1e:0/>预示火灾的卡通"", 1], [""<pause:0/><c1e:0/>炎上预告卡·通"", 1]]",,
dup:strtbl,dup:68b62e9fce40,"<c1c:13/><pause:0/><c1e:0/>魔法を反射する
物理攻撃に弱い","<c1c:13/><pause:0/><c1e:0/>反射魔法
物理攻击弱","[[""<c1c:13/><pause:0/><c1e:0/>反射魔法\n物理攻击弱"", 2], [""<c1c:13/><pause:0/><c1e:0/>魔法反射\n物理攻击弱"", 1], [""<c1c:13/><pause:0/><c1e:0/>反射魔法\n对物理攻击弱"", 1]]",,
dup:strtbl,dup:6a07c0420a11,"降魔しているペルソナは削除できません
",无法删除装备中的Persona,"[[""装备中的Persona无法删除"", 2], [""已降魔Persona无法删除"", 1], [""无法删除装备中的Persona"", 1]]",装备中的Persona无法删除,position_majority
dup:strtbl,dup:6a6e1d6d203f,"<pause:0/><c1e:0/>今日からあなたもピンクアーザス
",<pause:0/><c1e:0/>今日起 你也是粉红阿萨斯,"[[""<pause:0/><c1e:0/>今日起你也是粉红阿撒斯"", 1], [""<pause:0/><c1e:0/>今日起你也是粉红鹫"", 1], [""<pause:0/><c1e:0/>今日起你也是粉红阿萨斯"", 1], [""<pause:0/><c1e:0/>今日起 你也是粉红阿萨斯"", 1]]",,
dup:strtbl,dup:6b30928022d1,"<pause:0/><c1e:0/>なにげにプレミアもの
",<pause:0/><c1e:0/>意外珍品,"[[""<pause:0/><c1e:0/>意外珍品"", 2], [""<pause:0/><c1e:0/>不经意成珍品"", 1], [""<pause:0/><c1e:0/>不经意间成珍品"", 1]]",,
dup:strtbl,dup:6d8a0b1ac94e,"<c1c:13/><pause:0/><c1e:0/>剣撃/戦技糸に強い
飛具/地変糸に弱い","<c1c:13/><pause:0/><c1e:0/>强剑击/战技
弱飞具/地变","[[""<c1c:13/><pause:0/><c1e:0/>斩击/战技系强\n飞具/地变系弱"", 1], [""<c1c:13/><pause:0/><c1e:0/>抗斩/战技系\n弱射击/地系"", 1], [""<c1c:13/><pause:0/><c1e:0/>剑击/战技属性抗性\n飞具/地变属性弱点"", 1], [""<c1c:13/><pause:0/><c1e:0/>强剑击/战技\n弱飞具/地变"", 1]]",,
dup:strtbl,dup:6db3190ba5c6,"<pause:0/><c1e:0/>一定期間VITガ5アップする
",<pause:0/><c1e:0/>暂时提升体力5点,"[[""<pause:0/><c1e:0/>一定时间体力提升5点"", 1], [""<pause:0/><c1e:0/>一定期间VIT提升5点"", 1], [""<pause:0/><c1e:0/>一定时间内VIT提升5点"", 1], [""<pause:0/><c1e:0/>暂时提升体力5点"", 1]]",,
dup:strtbl,dup:6ee8277ae57b,"<c1c:13/><pause:0/><c1e:0/>疾風糸無効<NAME/><NAME/>電撃糸反射
地変糸に弱い","<c1c:13/><pause:0/><c1e:0/>疾风无效<NAME/><NAME/>反射电击
弱地变","[[""<c1c:13/><pause:0/><c1e:0/>疾风无效<NAME/><NAME/>电击反射\n地变弱"", 1], [""<c1c:13/><pause:0/><c1e:0/>风无效<NAME/><NAME/>电反射\n\n弱点：地"", 1], [""<c1c:13/><pause:0/><c1e:0/>疾风属性无效<NAME/><NAME/>电击属性反射\n地变属性弱点"", 1], [""<c1c:13/><pause:0/><c1e:0/>疾风无效<NAME/><NAME/>反射电击\n弱地变"", 1]]",,
dup:strtbl,dup:714bee9125bc,"<pause:0/><c1e:0/>一定期間VITガ1アップする
",<pause:0/><c1e:0/>暂时提升体力1点,"[[""<pause:0/><c1e:0/>一定时间体力提升1点"", 2], [""<pause:0/><c1e:0/>暂时VIT提升1"", 1], [""<pause:0/><c1e:0/>一定期间VIT提升1点"", 1], [""<pause:0/><c1e:0/>一定时间内体力+1"", 1], [""<pause:0/><c1e:0/>一定时间内VIT提升1点"", 1], [""<pause:0/><c1e:0/>一定时间内VIT+1"", 1], [""<pause:0/><c1e:0/>暂时提升体力1点"", 1]]",<pause:0/><c1e:0/>一定时间体力提升1点,position_majority
dup:strtbl,dup:718c993c50b4,"<c1c:13/><pause:0/><c1e:0/>地変糸を吸収する
疾風糸に弱い","<c1c:13/><pause:0/><c1e:0/>吸收地变
弱疾风","[[""<c1c:13/><pause:0/><c1e:0/>地变吸收\n疾风弱"", 1], [""<c1c:13/><pause:0/><c1e:0/>吸收地属性\n\n弱点：风"", 1], [""<c1c:13/><pause:0/><c1e:0/>地变属性吸收\n疾风属性弱点"", 1], [""<c1c:13/><pause:0/><c1e:0/>吸收地变\n弱疾风"", 1]]",,
dup:strtbl,dup:7996686bab8f,"<pause:0/><c1e:0/>炎上を予告するカード
そのまんま
","<pause:0/><c1e:0/>炎上预告卡
名副其实","[[""<pause:0/><c1e:0/>火灾预告卡\n名副其实"", 2], [""<pause:0/><c1e:0/>预示火灾的卡\n名副其实"", 1], [""<pause:0/><c1e:0/>炎上预告卡\n名副其实"", 1]]","<pause:0/><c1e:0/>火灾预告卡
名副其实",position_majority
dup:strtbl,dup:7a7a2f3e6d11,"<c1c:13/><pause:0/><c1e:0/>暗黒糸を反射する
神聖糸に弱い","<c1c:13/><pause:0/><c1e:0/>反射暗黑
弱神圣","[[""<c1c:13/><pause:0/><c1e:0/>暗黑反射\n神圣弱"", 1], [""<c1c:13/><pause:0/><c1e:0/>反射暗系\n弱圣系"", 1], [""<c1c:13/><pause:0/><c1e:0/>暗黑属性反射\n神圣属性弱点"", 1], [""<c1c:13/><pause:0/><c1e:0/>反射暗黑\n弱神圣"", 1]]",,
dup:strtbl,dup:7d34b2814646,"<c1c:13/><pause:0/><c1e:0/>物理攻撃を反射する
魔法攻撃に弱い","<c1c:13/><pause:0/><c1e:0/>物理攻击反射
魔法攻击弱点","[[""<c1c:13/><pause:0/><c1e:0/>物攻反射\n魔攻弱点"", 1], [""<c1c:13/><pause:0/><c1e:0/>物攻反射\n魔攻弱"", 1], [""<c1c:13/><pause:0/><c1e:0/>物理反射\n魔法弱点"", 1], [""<c1c:13/><pause:0/><c1e:0/>物理攻击反射\n魔法攻击弱点"", 1]]",,
dup:strtbl,dup:7e3fb013b376,"相性ガ悪く降魔できません
",相性不佳无法装备,"[[""相性差无法降魔"", 1], [""相性差，无法装备"", 1], [""相性差无法装备"", 1], [""相性差，无法召唤Persona"", 1], [""相性不佳无法降魔"", 1], [""相性不佳无法装备"", 1]]",,
dup:strtbl,dup:7ff34fed6ef6,"<c1c:13/><pause:0/><c1e:0/>地変糸無効<NAME/><NAME/>疾風糸に弱い
氷結/電撃/核熱糸を吸収","<c1c:13/><pause:0/><c1e:0/>地变无效<NAME/><NAME/>弱疾风
吸收冰结/电击/核热","[[""<c1c:13/><pause:0/><c1e:0/>地变无效<NAME/><NAME/>疾风弱\n冰结/电击/核热吸收"", 1], [""<c1c:13/><pause:0/><c1e:0/>地系无效<NAME/><NAME/>弱风系\n吸收冰/电/核系"", 1], [""<c1c:13/><pause:0/><c1e:0/>地变属性无效<NAME/><NAME/>疾风属性弱点\n冰结/电击/核热属性吸收"", 1], [""<c1c:13/><pause:0/><c1e:0/>地变无效<NAME/><NAME/>弱疾风\n吸收冰结/电击/核热"", 1]]",,
dup:strtbl,dup:810707dd5d5d,"<c1c:13/><pause:0/><c1e:0/>水撃/神聖/暗黒糸無効
火炎糸に弱い","<c1c:13/><pause:0/><c1e:0/>无效水击/神圣/暗黑属性
弱点火焰属性","[[""<c1c:13/><pause:0/><c1e:0/>阿夸/神圣/暗黑系无效\n亚基系弱"", 1], [""<c1c:13/><pause:0/><c1e:0/>无效阿夸/神圣/暗黑\n弱点亚基"", 1], [""<c1c:13/><pause:0/><c1e:0/>阿夸/神圣/暗黑系无效\n对亚基系弱"", 1], [""<c1c:13/><pause:0/><c1e:0/>无效阿夸/神圣/暗黑属性\n弱点亚基属性"", 1]]",,
dup:strtbl,dup:82111154c158,"<c1c:13/><pause:0/><c1e:0/>疾風/神聖/暗黒糸無効
地変糸に弱い","<c1c:13/><pause:0/><c1e:0/>无效疾风/神圣/暗黑属性
弱点地变属性","[[""<c1c:13/><pause:0/><c1e:0/>疾风/神圣/暗黑系无效\n地变系弱"", 1], [""<c1c:13/><pause:0/><c1e:0/>无效疾风/神圣/暗黑\n弱点地变"", 1], [""<c1c:13/><pause:0/><c1e:0/>疾风/神圣/暗黑系无效\n地变系弱点"", 1], [""<c1c:13/><pause:0/><c1e:0/>无效疾风/神圣/暗黑属性\n弱点地变属性"", 1]]",,
dup:strtbl,dup:826c05f06f88,"<c1c:13/><pause:0/><c1e:0/>火炎吸収<NAME/><NAME/>核熱/神聖無効
水撃/氷結糸に弱い","<c1c:13/><pause:0/><c1e:0/>吸收火焰<NAME/><NAME/>无效核热/神圣
弱点水击/冰结属性","[[""<c1c:13/><pause:0/><c1e:0/>亚基吸收<NAME/><NAME/>核热/神圣无效\n阿夸/冰结系弱"", 1], [""<c1c:13/><pause:0/><c1e:0/>吸收亚基<NAME/><NAME/>无效核热/神圣\n弱点阿夸/冰结"", 1], [""<c1c:13/><pause:0/><c1e:0/>亚基吸收<NAME/><NAME/>核热/神圣无效\n阿夸/冰结系弱点"", 1], [""<c1c:13/><pause:0/><c1e:0/>吸收亚基<NAME/><NAME/>无效核热/神圣\n弱点阿夸/冰结属性"", 1]]",,
dup:strtbl,dup:82e1f167f850,"<pause:0/><c1e:0/>一定期間STRガ3アップする
",<pause:0/><c1e:0/>暂时提升力量3点,"[[""<pause:0/><c1e:0/>一定时间内STR+3"", 2], [""<pause:0/><c1e:0/>一段时间内STR+3"", 1], [""<pause:0/><c1e:0/>一定时间力量提升3点"", 1], [""<pause:0/><c1e:0/>一定期间STR提升3点"", 1], [""<pause:0/><c1e:0/>一定期间STR提升3"", 1], [""<pause:0/><c1e:0/>一定时间内STR提升3点"", 1], [""<pause:0/><c1e:0/>暂时提升力量3点"", 1]]",<pause:0/><c1e:0/>一定时间内STR+3,position_majority
dup:strtbl,dup:839c4c262a72,"<c1c:13/><pause:0/><c1e:0/>暗黒糸を無効にする
神聖糸に弱い","<c1c:13/><pause:0/><c1e:0/>暗黑无效
弱神圣","[[""<c1c:13/><pause:0/><c1e:0/>暗黑无效\n神圣弱"", 1], [""<c1c:13/><pause:0/><c1e:0/>暗系无效\n弱圣系"", 1], [""<c1c:13/><pause:0/><c1e:0/>暗黑属性无效\n神圣属性弱点"", 1], [""<c1c:13/><pause:0/><c1e:0/>暗黑无效\n弱神圣"", 1]]",,
dup:strtbl,dup:84e7ee961cfe,"<c1c:13/><pause:0/><c1e:0/>物理に強い<NAME/><NAME/>暗黒糸無効
火炎/神聖糸に弱い","<c1c:13/><pause:0/><c1e:0/>强物理<NAME/><NAME/>暗黑无效
弱火炎/神圣","[[""<c1c:13/><pause:0/><c1e:0/>物理强<NAME/><NAME/>暗黑系无效\n亚基/神圣系弱"", 1], [""<c1c:13/><pause:0/><c1e:0/>物攻强<NAME/><NAME/>暗系无效\n弱亚基/圣系"", 1], [""<c1c:13/><pause:0/><c1e:0/>物理抗性<NAME/><NAME/>暗黑无效\n亚基/神圣属性弱点"", 1], [""<c1c:13/><pause:0/><c1e:0/>强物理<NAME/><NAME/>暗黑无效\n弱亚基/神圣"", 1]]",,
dup:strtbl,dup:85346a85ef96,"<c1c:13/><pause:0/><c1e:0/>水撃糸を無効にする
火炎糸に弱い","<c1c:13/><pause:0/><c1e:0/>水击无效
弱火炎","[[""<c1c:13/><pause:0/><c1e:0/>阿夸无效\n亚基弱点"", 1], [""<c1c:13/><pause:0/><c1e:0/>水无效\n\n弱点：亚基"", 1], [""<c1c:13/><pause:0/><c1e:0/>阿夸属性无效\n亚基属性弱点"", 1], [""<c1c:13/><pause:0/><c1e:0/>阿夸无效\n弱亚基"", 1]]",,
dup:strtbl,dup:878502eb8bb7,"<c1c:13/><pause:0/><c1e:0/>火炎/神聖糸を無効にする
水撃/氷結/暗黒糸に弱い","<c1c:13/><pause:0/><c1e:0/>火炎/神圣无效
水击/冰结/暗黑弱","[[""<c1c:13/><pause:0/><c1e:0/>亚基/神圣无效\n阿夸/冰结/暗黑弱"", 2], [""<c1c:13/><pause:0/><c1e:0/>亚基/神圣系无效\n阿夸/冰结/暗黑系弱"", 1], [""<c1c:13/><pause:0/><c1e:0/>亚基/神圣系无效化\n对阿夸/冰结/暗黑系弱"", 1]]","<c1c:13/><pause:0/><c1e:0/>亚基/神圣无效
阿夸/冰结/暗黑弱",position_majority
dup:strtbl,dup:87bd3c90d7a9,"<pause:0/><c1e:0/>って賞味期限切れてるぞ
",<pause:0/><c1e:0/>已过期,"[[""<pause:0/><c1e:0/>保质期过了啊"", 1], [""<pause:0/><c1e:0/>喂，保质期过了"", 1], [""<pause:0/><c1e:0/>已过期了哦"", 1], [""<pause:0/><c1e:0/>已过期"", 1]]",,
dup:strtbl,dup:88b424eebde1,"<pause:0/><c1e:0/>一定期間TECガ2アップする
",<pause:0/><c1e:0/>暂时提升技巧2点,"[[""<pause:0/><c1e:0/>一定时间技巧提升2点"", 2], [""<pause:0/><c1e:0/>暂时TEC提升2"", 1], [""<pause:0/><c1e:0/>一定期间TEC提升2点"", 1], [""<pause:0/><c1e:0/>一定时间内技巧+2"", 1], [""<pause:0/><c1e:0/>一定时间内TEC提升2点"", 1], [""<pause:0/><c1e:0/>一定时间内TEC+2"", 1], [""<pause:0/><c1e:0/>暂时提升技巧2点"", 1]]",<pause:0/><c1e:0/>一定时间技巧提升2点,position_majority
dup:strtbl,dup:8a017d0326c7,"<c1c:13/><pause:0/><c1e:0/>神聖糸を反射する
暗黒糸に弱い","<c1c:13/><pause:0/><c1e:0/>反射神圣
弱暗黑","[[""<c1c:13/><pause:0/><c1e:0/>神圣反射\n暗黑弱"", 1], [""<c1c:13/><pause:0/><c1e:0/>反射圣系\n弱暗系"", 1], [""<c1c:13/><pause:0/><c1e:0/>神圣属性反射\n暗黑属性弱点"", 1], [""<c1c:13/><pause:0/><c1e:0/>反射神圣\n弱暗黑"", 1]]",,
dup:strtbl,dup:8bbf52586256,"<c1c:13/><pause:0/><c1e:0/>疾風糸を吸収する
地変糸に弱い","<c1c:13/><pause:0/><c1e:0/>吸收疾风
弱地变","[[""<c1c:13/><pause:0/><c1e:0/>疾风吸收\n地变弱"", 1], [""<c1c:13/><pause:0/><c1e:0/>吸收风属性\n\n弱点：地"", 1], [""<c1c:13/><pause:0/><c1e:0/>疾风属性吸收\n地变属性弱点"", 1], [""<c1c:13/><pause:0/><c1e:0/>吸收疾风\n弱地变"", 1]]",,
dup:strtbl,dup:8c4247646b47,"<c1c:13/><pause:0/><c1e:0/>物理攻撃を無効にする
魔法攻撃に弱い","<c1c:13/><pause:0/><c1e:0/>物理攻击无效
魔法攻击弱点","[[""<c1c:13/><pause:0/><c1e:0/>物攻无效\n魔攻弱点"", 1], [""<c1c:13/><pause:0/><c1e:0/>物攻无效\n魔攻弱"", 1], [""<c1c:13/><pause:0/><c1e:0/>物理无效\n魔法弱点"", 1], [""<c1c:13/><pause:0/><c1e:0/>物理攻击无效\n魔法攻击弱点"", 1]]",,
dup:strtbl,dup:8d87861b182b,"<c1c:13/><pause:0/><c1e:0/>火炎糸反射<NAME/><NAME/>核熱糸に強い
水撃糸に弱い","<c1c:13/><pause:0/><c1e:0/>火炎反射<NAME/><NAME/>核热强
水击弱","[[""<c1c:13/><pause:0/><c1e:0/>亚基反射<NAME/><NAME/>核热强\n阿夸弱"", 2], [""<c1c:13/><pause:0/><c1e:0/>亚基系反射<NAME/><NAME/>核热系强\n阿夸系弱"", 1], [""<c1c:13/><pause:0/><c1e:0/>亚基系反射<NAME/><NAME/>对核热系强\n对阿夸系弱"", 1]]","<c1c:13/><pause:0/><c1e:0/>亚基反射<NAME/><NAME/>核热强
阿夸弱",position_majority
dup:strtbl,dup:91cb6cddf26c,"<c1c:13/><pause:0/><c1e:0/>魔法攻撃を無効にする
物理攻撃に弱い","<c1c:13/><pause:0/><c1e:0/>魔法攻击无效
物理攻击弱点","[[""<c1c:13/><pause:0/><c1e:0/>魔攻无效\n物攻弱点"", 1], [""<c1c:13/><pause:0/><c1e:0/>魔攻无效\n物攻弱"", 1], [""<c1c:13/><pause:0/><c1e:0/>魔法无效\n物理弱点"", 1], [""<c1c:13/><pause:0/><c1e:0/>魔法攻击无效\n物理攻击弱点"", 1]]",,
dup:strtbl,dup:94224464ab4d,"<c1c:13/><pause:0/><c1e:0/>地変/神聖/暗黒糸無効
疾風糸に弱い","<c1c:13/><pause:0/><c1e:0/>无效地变/神圣/暗黑属性
弱点疾风属性","[[""<c1c:13/><pause:0/><c1e:0/>地变/神圣/暗黑系无效\n疾风系弱"", 1], [""<c1c:13/><pause:0/><c1e:0/>无效地变/神圣/暗黑\n弱点疾风"", 1], [""<c1c:13/><pause:0/><c1e:0/>地变/神圣/暗黑系无效\n对疾风系弱"", 1], [""<c1c:13/><pause:0/><c1e:0/>无效地变/神圣/暗黑属性\n弱点疾风属性"", 1]]",,
dup:strtbl,dup:950b5524d379,"自意識過剰
",自意识过剩,"[[""自我过剩"", 1], [""自我意识过剩"", 1], [""自意识过剩"", 1]]",,
dup:strtbl,dup:98427d1776f0,"<c1c:13/><pause:0/><c1e:0/>水撃/神聖糸を無効にする
火炎/核熱/暗黒糸に弱い","<c1c:13/><pause:0/><c1e:0/>无效水击/神圣属性
弱点火焰/核热/暗黑属性","[[""<c1c:13/><pause:0/><c1e:0/>阿夸/神圣系无效\n亚基/核热/暗黑系弱"", 1], [""<c1c:13/><pause:0/><c1e:0/>无效阿夸/神圣\n弱点亚基/核热/暗黑"", 1], [""<c1c:13/><pause:0/><c1e:0/>阿夸/神圣系无效化\n对亚基/核热/暗黑系弱"", 1], [""<c1c:13/><pause:0/><c1e:0/>无效阿夸/神圣属性\n弱点亚基/核热/暗黑属性"", 1]]",,
dup:strtbl,dup:9ac2fcbd1aa2,"<c1c:13/><pause:0/><c1e:0/>氷結/電撃/核熱糸に強い
打撃/戦技糸に弱い","<c1c:13/><pause:0/><c1e:0/>强冰结/电击/核热
弱打击/战技","[[""<c1c:13/><pause:0/><c1e:0/>冰结/电击/核热系强\n打击/战技系弱"", 1], [""<c1c:13/><pause:0/><c1e:0/>抗冰/电/核系\n弱打击/战技系"", 1], [""<c1c:13/><pause:0/><c1e:0/>冰结/电击/核热抗性\n打击/战技属性弱点"", 1], [""<c1c:13/><pause:0/><c1e:0/>强冰结/电击/核热\n弱打击/战技"", 1]]",,
dup:strtbl,dup:9c8d8b8e3523,"<pause:0/><c1e:0/>一定期間AGIガ1アップする
",<pause:0/><c1e:0/>暂时提升敏捷1点,"[[""<pause:0/><c1e:0/>一定时间敏捷提升1点"", 2], [""<pause:0/><c1e:0/>暂时AGI提升1"", 2], [""<pause:0/><c1e:0/>一定时间内敏捷+1"", 2], [""<pause:0/><c1e:0/>暂时提升敏捷1点"", 2]]",,
dup:strtbl,dup:9cec0213643c,"<c1c:13/><pause:0/><c1e:0/>疾風糸を反射する
地変糸に弱い","<c1c:13/><pause:0/><c1e:0/>反射疾风
弱地变","[[""<c1c:13/><pause:0/><c1e:0/>疾风反射\n地变弱"", 1], [""<c1c:13/><pause:0/><c1e:0/>反射风属性\n\n弱点：地"", 1], [""<c1c:13/><pause:0/><c1e:0/>疾风属性反射\n地变属性弱点"", 1], [""<c1c:13/><pause:0/><c1e:0/>反射疾风\n弱地变"", 1]]",,
dup:strtbl,dup:9d1daeaad309,"<pause:0/><c1e:0/>炎上を予告するカードSUN
",<pause:0/><c1e:0/>炎上预告卡SUN,"[[""<pause:0/><c1e:0/>火灾预告卡SUN"", 2], [""<pause:0/><c1e:0/>预示火灾的卡SUN"", 1], [""<pause:0/><c1e:0/>炎上预告卡SUN"", 1]]",<pause:0/><c1e:0/>火灾预告卡SUN,position_majority
dup:strtbl,dup:9f3ab75b10f9,"<pause:0/><c1e:0/>一定期間TECガ5アップする
",<pause:0/><c1e:0/>一定时间内TEC+5,"[[""<pause:0/><c1e:0/>一段时间内TEC+5"", 1], [""<pause:0/><c1e:0/>暂时TEC提升5"", 1], [""<pause:0/><c1e:0/>一定时间内技巧+5"", 1], [""<pause:0/><c1e:0/>一定时间内TEC+5"", 1]]",,
dup:strtbl,dup:a2e0f21e2883,"<pause:0/><c1e:0/>なんだ、メッキじゃん
",<pause:0/><c1e:0/>什么，是镀金的,"[[""<pause:0/><c1e:0/>是镀金的啊"", 1], [""<pause:0/><c1e:0/>什么嘛，镀金的啊"", 1], [""<pause:0/><c1e:0/>什么啊，镀金的"", 1], [""<pause:0/><c1e:0/>什么，是镀金的"", 1]]",,
dup:strtbl,dup:a45d13e120e2,"<c1c:13/><pause:0/><c1e:0/>神聖/暗黒糸を反射する
",<c1c:13/><pause:0/><c1e:0/>反射神圣/暗黑,"[[""<c1c:13/><pause:0/><c1e:0/>神圣/暗黑反射"", 1], [""<c1c:13/><pause:0/><c1e:0/>反射圣/暗系"", 1], [""<c1c:13/><pause:0/><c1e:0/>神圣/暗黑属性反射"", 1], [""<c1c:13/><pause:0/><c1e:0/>反射神圣/暗黑"", 1]]",,
dup:strtbl,dup:a6a0e83e44e1,"<c1c:13/><pause:0/><c1e:0/>神経/精神糸を無効にする
",<c1c:13/><pause:0/><c1e:0/>神经/精神无效,"[[""<c1c:13/><pause:0/><c1e:0/>神经/精神无效"", 2], [""<c1c:13/><pause:0/><c1e:0/>神经/精神系无效"", 1], [""<c1c:13/><pause:0/><c1e:0/>神经/精神属性无效"", 1]]",,
dup:strtbl,dup:a898d860fb23,"<pause:0/><c1e:0/>一定期間AGIガ5アップする
",<pause:0/><c1e:0/>一定时间内敏捷提升5点,"[[""<pause:0/><c1e:0/>一段时间内AGI+5"", 1], [""<pause:0/><c1e:0/>一定时间内AGI+5"", 1], [""<pause:0/><c1e:0/>一定期间AGI提升5"", 1], [""<pause:0/><c1e:0/>一定时间内敏捷提升5点"", 1]]",,
dup:strtbl,dup:a997c95d9d7c,"<pause:0/><c1e:0/>一定期間STRガ1アップする
",<pause:0/><c1e:0/>暂时提升力量1点,"[[""<pause:0/><c1e:0/>暂时STR提升1"", 2], [""<pause:0/><c1e:0/>一段时间内STR+1"", 1], [""<pause:0/><c1e:0/>一定时间力量提升1点"", 1], [""<pause:0/><c1e:0/>一定时间内力量+1"", 1], [""<pause:0/><c1e:0/>一定时间内STR提升1点"", 1], [""<pause:0/><c1e:0/>一定时间内STR+1"", 1], [""<pause:0/><c1e:0/>暂时提升力量1点"", 1]]",<pause:0/><c1e:0/>暂时STR提升1,position_majority
dup:strtbl,dup:af760c5ec1d4,"<c1c:13/><pause:0/><c1e:0/>地変糸を反射する
疾風糸に弱い","<c1c:13/><pause:0/><c1e:0/>反射地变
弱疾风","[[""<c1c:13/><pause:0/><c1e:0/>地变反射\n疾风弱"", 1], [""<c1c:13/><pause:0/><c1e:0/>反射地属性\n\n弱点：风"", 1], [""<c1c:13/><pause:0/><c1e:0/>地变属性反射\n疾风属性弱点"", 1], [""<c1c:13/><pause:0/><c1e:0/>反射地变\n弱疾风"", 1]]",,
dup:strtbl,dup:b3137c4bf623,"<pause:0/><c1e:0/>一定期間TECガ4アップする
",<pause:0/><c1e:0/>暂时提升技巧4点,"[[""<pause:0/><c1e:0/>一定时间内TEC+4"", 2], [""<pause:0/><c1e:0/>一定时间内技巧+4"", 2], [""<pause:0/><c1e:0/>一段时间内TEC+4"", 1], [""<pause:0/><c1e:0/>一定时间技巧提升4点"", 1], [""<pause:0/><c1e:0/>暂时TEC提升4"", 1], [""<pause:0/><c1e:0/>暂时提升技巧4点"", 1]]",,
dup:strtbl,dup:b6b76ffbc62e,"すでに降魔しています
",已经装备,"[[""已召唤Persona"", 2], [""已经装备"", 2], [""已经召唤Persona"", 1], [""已经降魔"", 1]]",,
dup:strtbl,dup:b7518d1530e0,"<pause:0/><c1e:0/>一定期間VITガ7アップする
",<pause:0/><c1e:0/>暂时提升体力7点,"[[""<pause:0/><c1e:0/>一定时间体力提升7点"", 1], [""<pause:0/><c1e:0/>暂时VIT提升7"", 1], [""<pause:0/><c1e:0/>一定时间内体力+7"", 1], [""<pause:0/><c1e:0/>暂时提升体力7点"", 1]]",,
dup:strtbl,dup:bb5f380a1f78,"入れ替えるペルソナを選択してください
",请选择要替换的Persona,"[[""请选择要替换的Persona"", 2], [""选择替换的Persona"", 1], [""请选择替换Persona"", 1]]",,
dup:strtbl,dup:bbb5b4015256,"<pause:0/><c1e:0/>ほのかな喜び?
",<pause:0/><c1e:0/>隐约的喜悦？,"[[""<pause:0/><c1e:0/>隐约之喜？"", 1], [""<pause:0/><c1e:0/>微悦？"", 1], [""<pause:0/><c1e:0/>微小的喜悦？"", 1], [""<pause:0/><c1e:0/>隐约的喜悦？"", 1]]",,
dup:strtbl,dup:be72d8b2be30,"<c1c:13/><pause:0/><c1e:0/>飛具/投具糸を反射する
",<c1c:13/><pause:0/><c1e:0/>射击/投掷系反射,"[[""<c1c:13/><pause:0/><c1e:0/>飞具/投具系反射"", 2], [""<c1c:13/><pause:0/><c1e:0/>飞具/投具属性反射"", 1], [""<c1c:13/><pause:0/><c1e:0/>射击/投掷系反射"", 1]]",<c1c:13/><pause:0/><c1e:0/>飞具/投具系反射,position_majority
dup:strtbl,dup:c056c35682d8,"<pause:0/><c1e:0/>一定期間AGIガ8アップする
",<pause:0/><c1e:0/>一定时间内AGI+8,"[[""<pause:0/><c1e:0/>一定时间内AGI+8"", 2], [""<pause:0/><c1e:0/>一段时间内AGI+8"", 1], [""<pause:0/><c1e:0/>一定时间内敏捷+8"", 1]]",,
dup:strtbl,dup:c1df10e6c601,"<c1c:13/><pause:0/><c1e:0/>魔法攻撃に強い
物理攻撃に弱い","<c1c:13/><pause:0/><c1e:0/>魔法攻击强
物理攻击弱","[[""<c1c:13/><pause:0/><c1e:0/>魔法攻击强\n物理攻击弱"", 3], [""<c1c:13/><pause:0/><c1e:0/>魔法攻击抗性\n物理攻击弱点"", 2], [""<c1c:13/><pause:0/><c1e:0/>魔攻抗性\n物攻弱点"", 1], [""<c1c:13/><pause:0/><c1e:0/>魔攻耐性\n物攻弱"", 1], [""<c1c:13/><pause:0/><c1e:0/>魔法耐性\n物理弱点"", 1]]",,
dup:strtbl,dup:c1e4e79a4378,"<pause:0/><c1e:0/>これも本物・・・
いや、メッキガ厚いだけだ
","<pause:0/><c1e:0/>这个也是真货...
不，只是镀层厚","[[""<pause:0/><c1e:0/>这个也真货…\n不，镀层厚而已"", 1], [""<pause:0/><c1e:0/>这个也是真的……\n不，只是镀层厚"", 1], [""<pause:0/><c1e:0/>这个也真...\n不，镀层厚而已"", 1], [""<pause:0/><c1e:0/>这个也是真货...\n不，只是镀层厚"", 1]]",,
dup:strtbl,dup:c264bf3d8966,"生まれ変わらせるペルソナを選択してください
",请选择要变异的Persona,"[[""请选择要重生的Persona"", 1], [""选择要重生的Persona"", 1], [""请选择重生Persona"", 1], [""请选择要变异的Persona"", 1]]",,
dup:strtbl,dup:c2965c59358d,"<pause:0/><c1e:0/>タクシー運転手の帽子<SURNAME/>By富永
",<pause:0/><c1e:0/>的哥帽子<SURNAME/>By富永,"[[""<pause:0/><c1e:0/>出租车帽<SURNAME/>By富永"", 1], [""<pause:0/><c1e:0/>出租车司机帽<SURNAME/>By富永"", 1], [""<pause:0/><c1e:0/>出租车司机帽<SURNAME/>by富永"", 1], [""<pause:0/><c1e:0/>的哥帽子<SURNAME/>By富永"", 1]]",,
dup:strtbl,dup:c32f84a987b5,"<c1c:13/><pause:0/><c1e:0/>火炎糸無効<NAME/><NAME/>核熱糸反射
水撃糸に弱い","<c1c:13/><pause:0/><c1e:0/>火炎无效<NAME/><NAME/>反射核热
弱水击","[[""<c1c:13/><pause:0/><c1e:0/>亚基无效<NAME/><NAME/>核热反射\n阿夸弱点"", 1], [""<c1c:13/><pause:0/><c1e:0/>亚基系无效<NAME/><NAME/>核热反射\n\n弱点：水"", 1], [""<c1c:13/><pause:0/><c1e:0/>亚基系无效<NAME/><NAME/>核热系反射\n阿夸弱点"", 1], [""<c1c:13/><pause:0/><c1e:0/>亚基无效<NAME/><NAME/>反射核热\n弱阿夸"", 1]]",,
dup:strtbl,dup:c36ea6fd6e2b,"降魔しているペルソナは外せません
",装备中Persona无法卸下,"[[""装备中的Persona无法卸下"", 2], [""已降魔Persona无法卸下"", 1], [""装备中Persona无法卸下"", 1]]",装备中的Persona无法卸下,position_majority
dup:strtbl,dup:c4182ed23f59,"<pause:0/><c1e:0/>水晶で出来た髑髏
どこか地なのかよくわからない
","<pause:0/><c1e:0/>水晶骷髅
不知是否地属性","[[""<pause:0/><c1e:0/>水晶头骨\n不知为何有大地属性"", 1], [""<pause:0/><c1e:0/>水晶骷髅\n产地不明"", 1], [""<pause:0/><c1e:0/>水晶骷髅\n不知为何像地属性"", 1], [""<pause:0/><c1e:0/>水晶骷髅\n不知是否地属性"", 1]]",,
dup:strtbl,dup:c4721479b316,"召喚するペルソナを選択してください
",请选择召唤的Persona,"[[""请选择要召唤的Persona"", 1], [""选择召唤的Persona"", 1], [""请选择召唤Persona"", 1], [""请选择召唤的Persona"", 1]]",,
dup:strtbl,dup:c49b9ce096f1,"<c1c:13/><pause:0/><c1e:0/>(リザーブ)
",<c1c:13/><pause:0/><c1e:0/>(保留),"[[""<c1c:13/><pause:0/><c1e:0/>(保留)"", 36], [""<c1c:13/><pause:0/><c1e:0/>(备用)"", 13], [""<c1c:13/><pause:0/><c1e:0/>（保留）"", 6], [""<c1c:13/><pause:0/><c1e:0/>(预留)"", 1]]",,
dup:strtbl,dup:c6581517fe23,"このペルソナに変異します:○ボタンで決定
",将变异为此Persona:○键确定,"[[""变异为此Persona：○键确定"", 1], [""变异为此Persona:○键决定"", 1], [""将变异为此Persona：○键确定"", 1], [""将变异为此Persona:○键确定"", 1]]",,
dup:strtbl,dup:c7579ac0085f,"降魔しているペルソナは変異できません
",无法变异装备中的Persona,"[[""装备中的Persona无法变异"", 2], [""已降魔Persona无法变异"", 1], [""无法变异装备中的Persona"", 1]]",装备中的Persona无法变异,position_majority
dup:strtbl,dup:c90a68925acc,"<c1c:13/><pause:0/><c1e:0/>魔法攻撃を反射する
物理攻撃に弱い","<c1c:13/><pause:0/><c1e:0/>魔法攻击反射
物理攻击弱点","[[""<c1c:13/><pause:0/><c1e:0/>魔攻反射\n物攻弱点"", 1], [""<c1c:13/><pause:0/><c1e:0/>魔攻反射\n物攻弱"", 1], [""<c1c:13/><pause:0/><c1e:0/>魔法反射\n物理弱点"", 1], [""<c1c:13/><pause:0/><c1e:0/>魔法攻击反射\n物理攻击弱点"", 1]]",,
dup:strtbl,dup:c966a1b58c4c,"<c1c:13/><pause:0/><c1e:0/>暗黒糸に強い
神聖糸に弱い","<c1c:13/><pause:0/><c1e:0/>强暗黑
弱神圣","[[""<c1c:13/><pause:0/><c1e:0/>暗黑系强\n神圣系弱"", 1], [""<c1c:13/><pause:0/><c1e:0/>抗暗系\n弱圣系"", 1], [""<c1c:13/><pause:0/><c1e:0/>暗黑属性抗性\n神圣属性弱点"", 1], [""<c1c:13/><pause:0/><c1e:0/>强暗黑\n弱神圣"", 1]]",,
dup:strtbl,dup:ca88491f8e2b,"<c1c:13/><pause:0/><c1e:0/>水撃糸に強い
神聖/暗黒糸を無効にする","<c1c:13/><pause:0/><c1e:0/>强水击
神圣/暗黑无效","[[""<c1c:13/><pause:0/><c1e:0/>冰结强\n神圣/暗黑无效"", 1], [""<c1c:13/><pause:0/><c1e:0/>抗水系\n圣/暗系无效"", 1], [""<c1c:13/><pause:0/><c1e:0/>阿夸属性抗性\n神圣/暗黑属性无效"", 1], [""<c1c:13/><pause:0/><c1e:0/>强阿夸\n神圣/暗黑无效"", 1]]",,
dup:strtbl,dup:cdb65863e9d5,"<c1c:13/><pause:0/><c1e:0/>水撃糸を吸収する
火炎糸に弱い","<c1c:13/><pause:0/><c1e:0/>吸收水击
弱火炎","[[""<c1c:13/><pause:0/><c1e:0/>阿夸吸收\n亚基弱点"", 1], [""<c1c:13/><pause:0/><c1e:0/>吸收水属性\n\n弱点：亚基"", 1], [""<c1c:13/><pause:0/><c1e:0/>阿夸属性吸收\n亚基属性弱点"", 1], [""<c1c:13/><pause:0/><c1e:0/>吸收阿夸\n弱亚基"", 1]]",,
dup:strtbl,dup:cf4c5d34f5cc,"<c1c:13/><pause:0/><c1e:0/>水撃糸に強い
火炎糸に弱い","<c1c:13/><pause:0/><c1e:0/>耐水击
弱火炎","[[""<c1c:13/><pause:0/><c1e:0/>阿夸抗性\n亚基弱点"", 1], [""<c1c:13/><pause:0/><c1e:0/>耐水属性\n\n弱点：亚基"", 1], [""<c1c:13/><pause:0/><c1e:0/>阿夸属性抗性\n亚基属性弱点"", 1], [""<c1c:13/><pause:0/><c1e:0/>耐阿夸\n弱亚基"", 1]]",,
dup:strtbl,dup:d043cab830a2,"<c1c:13/><pause:0/><c1e:0/>神聖/暗黒/神経/精神糸を
無効にする","<c1c:13/><pause:0/><c1e:0/>神圣/暗黑/神经/精神
无效","[[""<c1c:13/><pause:0/><c1e:0/>神圣/暗黑/神经/精神\n无效"", 2], [""<c1c:13/><pause:0/><c1e:0/>神圣/暗黑/神经/精神系\n无效"", 1], [""<c1c:13/><pause:0/><c1e:0/>神圣/暗黑/神经/精神系\n无效化"", 1]]",,
dup:strtbl,dup:d0f126712e06,"<pause:0/><c1e:0/>何か電池切れてるし
",<pause:0/><c1e:0/>电池没电了,"[[""<pause:0/><c1e:0/>好像没电了"", 1], [""<pause:0/><c1e:0/>电池耗尽"", 1], [""<pause:0/><c1e:0/>电池好像没电了"", 1], [""<pause:0/><c1e:0/>电池没电了"", 1]]",,
dup:strtbl,dup:d1be30771b93,"<c1c:13/><pause:0/><c1e:0/>地変糸無効<NAME/><NAME/>疾風糸に弱い
氷結/電撃/核熱糸に強い","<c1c:13/><pause:0/><c1e:0/>地变无效<NAME/><NAME/>弱疾风
耐冰结/电击/核热","[[""<c1c:13/><pause:0/><c1e:0/>地变无效<NAME/><NAME/>疾风弱\n冰结/电击/核热强"", 1], [""<c1c:13/><pause:0/><c1e:0/>地无效<NAME/><NAME/>弱点：风\n\n耐冰/电/核热"", 1], [""<c1c:13/><pause:0/><c1e:0/>地变属性无效<NAME/><NAME/>疾风属性弱点\n冰结/电击/核热属性抗性"", 1], [""<c1c:13/><pause:0/><c1e:0/>地变无效<NAME/><NAME/>弱疾风\n耐冰结/电击/核热"", 1]]",,
dup:strtbl,dup:d2ba0ec47d07,"<c1c:13/><pause:0/><c1e:0/>地変糸無効<NAME/><NAME/>疾風糸に弱い
氷結/電撃/核熱糸を反射","<c1c:13/><pause:0/><c1e:0/>地变无效<NAME/><NAME/>弱疾风
反射冰结/电击/核热","[[""<c1c:13/><pause:0/><c1e:0/>地变无效<NAME/><NAME/>疾风弱\n冰结/电击/核热反射"", 1], [""<c1c:13/><pause:0/><c1e:0/>地无效<NAME/><NAME/>弱点：风\n\n反射冰/电/核热"", 1], [""<c1c:13/><pause:0/><c1e:0/>地变属性无效<NAME/><NAME/>疾风属性弱点\n冰结/电击/核热属性反射"", 1], [""<c1c:13/><pause:0/><c1e:0/>地变无效<NAME/><NAME/>弱疾风\n反射冰结/电击/核热"", 1]]",,
dup:strtbl,dup:d53408da679d,"<c1c:13/><pause:0/><c1e:0/>水撃糸を反射する
火炎糸に弱い","<c1c:13/><pause:0/><c1e:0/>反射水击
弱火炎","[[""<c1c:13/><pause:0/><c1e:0/>阿夸反射\n亚基弱点"", 1], [""<c1c:13/><pause:0/><c1e:0/>反射水属性\n\n弱点：亚基"", 1], [""<c1c:13/><pause:0/><c1e:0/>阿夸属性反射\n亚基属性弱点"", 1], [""<c1c:13/><pause:0/><c1e:0/>反射阿夸\n弱亚基"", 1]]",,
dup:strtbl,dup:d92591083cdb,"<c1c:13/><pause:0/><c1e:0/>火炎/核熱糸を無効にする
水撃糸に弱い","<c1c:13/><pause:0/><c1e:0/>火炎/核热无效
弱水击","[[""<c1c:13/><pause:0/><c1e:0/>亚基/核热无效\n阿夸弱点"", 1], [""<c1c:13/><pause:0/><c1e:0/>亚基/核热无效\n\n弱点：水"", 1], [""<c1c:13/><pause:0/><c1e:0/>亚基/核热系无效\n阿夸弱点"", 1], [""<c1c:13/><pause:0/><c1e:0/>亚基/核热无效\n弱阿夸"", 1]]",,
dup:strtbl,dup:d9796dbb64e5,"<c1c:13/><pause:0/><c1e:0/>火炎糸を反射する
水撃糸に弱い","<c1c:13/><pause:0/><c1e:0/>反射火炎
弱水击","[[""<c1c:13/><pause:0/><c1e:0/>亚基反射\n阿夸弱点"", 2], [""<c1c:13/><pause:0/><c1e:0/>反射亚基系\n弱点：水"", 1], [""<c1c:13/><pause:0/><c1e:0/>反射亚基\n弱阿夸"", 1]]","<c1c:13/><pause:0/><c1e:0/>亚基反射
阿夸弱点",position_majority
dup:strtbl,dup:d9b239dcd113,"<c1c:13/><pause:0/><c1e:0/>物理攻撃にやや強い
神経/精神糸に弱い","<c1c:13/><pause:0/><c1e:0/>稍强物理
弱神经/精神","[[""<c1c:13/><pause:0/><c1e:0/>物理攻击较强\n神经/精神系弱"", 1], [""<c1c:13/><pause:0/><c1e:0/>物攻稍强\n弱神经/精神系"", 1], [""<c1c:13/><pause:0/><c1e:0/>物理攻击稍强\n神经/精神属性弱点"", 1], [""<c1c:13/><pause:0/><c1e:0/>稍强物理\n弱神经/精神"", 1]]",,
dup:strtbl,dup:db73d44c44ea,"<c1c:13/><pause:0/><c1e:0/>投具/戦技/神聖/暗黒/
精神/神経糸を無効にする","<c1c:13/><pause:0/><c1e:0/>投具/战技/神圣/暗黑/
精神/神经无效","[[""<c1c:13/><pause:0/><c1e:0/>投具/战技/神圣/暗黑/\n精神/神经系无效"", 1], [""<c1c:13/><pause:0/><c1e:0/>投具/战技/圣/暗/\n精神/神经系无效"", 1], [""<c1c:13/><pause:0/><c1e:0/>投具/战技/神圣/暗黑/\n精神/神经属性无效"", 1], [""<c1c:13/><pause:0/><c1e:0/>投具/战技/神圣/暗黑/\n精神/神经无效"", 1]]",,
dup:strtbl,dup:de8aa9516fe7,"<c1c:13/><pause:0/><c1e:0/>火炎糸に強い
神聖/暗黒糸を無効にする","<c1c:13/><pause:0/><c1e:0/>强火炎
神圣/暗黑无效","[[""<c1c:13/><pause:0/><c1e:0/>亚基强\n神圣/暗黑无效"", 1], [""<c1c:13/><pause:0/><c1e:0/>抗亚基系\n圣/暗系无效"", 1], [""<c1c:13/><pause:0/><c1e:0/>亚基属性抗性\n神圣/暗黑属性无效"", 1], [""<c1c:13/><pause:0/><c1e:0/>强亚基\n神圣/暗黑无效"", 1]]",,
dup:strtbl,dup:dee3ad39c90e,"同じペルソナガすでにいます
",已持有该Persona,"[[""相同的Persona已经存在"", 1], [""已有相同Persona"", 1], [""已存在相同Persona"", 1], [""已持有该Persona"", 1]]",,
dup:strtbl,dup:e078b9612f09,"<c1c:13/><pause:0/><c1e:0/>水撃糸無効<NAME/><NAME/>氷結糸反射
火炎糸に弱い","<c1c:13/><pause:0/><c1e:0/>水击无效<NAME/><NAME/>反射冰结
弱火炎","[[""<c1c:13/><pause:0/><c1e:0/>阿夸无效<NAME/><NAME/>冰结反射\n亚基弱点"", 1], [""<c1c:13/><pause:0/><c1e:0/>水无效<NAME/><NAME/>冰反射\n\n弱点：亚基"", 1], [""<c1c:13/><pause:0/><c1e:0/>阿夸属性无效<NAME/><NAME/>冰结属性反射\n亚基属性弱点"", 1], [""<c1c:13/><pause:0/><c1e:0/>阿夸无效<NAME/><NAME/>反射冰结\n弱亚基"", 1]]",,
dup:strtbl,dup:e2b299980723,"<c1c:13/><pause:0/><c1e:0/>水撃糸無効<NAME/><NAME/>氷結糸吸収
火炎糸に弱い","<c1c:13/><pause:0/><c1e:0/>水击无效<NAME/><NAME/>吸收冰结
弱火炎","[[""<c1c:13/><pause:0/><c1e:0/>阿夸无效<NAME/><NAME/>冰结吸收\n亚基弱点"", 1], [""<c1c:13/><pause:0/><c1e:0/>水无效<NAME/><NAME/>冰吸收\n\n弱点：亚基"", 1], [""<c1c:13/><pause:0/><c1e:0/>阿夸属性无效<NAME/><NAME/>冰结属性吸收\n亚基属性弱点"", 1], [""<c1c:13/><pause:0/><c1e:0/>阿夸无效<NAME/><NAME/>吸收冰结\n弱亚基"", 1]]",,
dup:strtbl,dup:e34c82995161,"<pause:0/><c1e:0/>一定期間AGIガ4アップする
",<pause:0/><c1e:0/>暂时提升敏捷4点,"[[""<pause:0/><c1e:0/>一定时间内AGI提升4点"", 2], [""<pause:0/><c1e:0/>一定时间内AGI+4"", 2], [""<pause:0/><c1e:0/>一段时间内AGI+4"", 1], [""<pause:0/><c1e:0/>一定期间AGI提升4点"", 1], [""<pause:0/><c1e:0/>一定时间内敏捷+4"", 1], [""<pause:0/><c1e:0/>暂时提升敏捷4点"", 1]]",,
dup:strtbl,dup:e438348a2820,"<pause:0/><c1e:0/>テン○ンの髑髏?
",<pause:0/><c1e:0/>天君的骷髅？,"[[""<pause:0/><c1e:0/>天恩的头骨？"", 1], [""<pause:0/><c1e:0/>天○的骷髅？"", 1], [""<pause:0/><c1e:0/>天恩的骷髅？"", 1], [""<pause:0/><c1e:0/>天君的骷髅？"", 1]]",,
dup:strtbl,dup:e69361c9576e,"高慢
",傲慢,"[[""高傲"", 1], [""高慢"", 1], [""傲慢"", 1]]",,
dup:strtbl,dup:e70d4b8b9f52,"他のメンバーガ降魔しています
",其他成员正在装备,"[[""其他成员正在装备"", 2], [""成员降魔中"", 1], [""其他成员装备中"", 1], [""其他成员正在召唤Persona"", 1], [""其他成员已降魔"", 1]]",,
dup:strtbl,dup:e7a2db3afea3,"<pause:0/><c1e:0/>一定期間TECガ8アップする
",<pause:0/><c1e:0/>暂时提升技巧8点,"[[""<pause:0/><c1e:0/>一定时间技巧提升8点"", 1], [""<pause:0/><c1e:0/>暂时TEC提升8"", 1], [""<pause:0/><c1e:0/>一定时间内技巧+8"", 1], [""<pause:0/><c1e:0/>暂时提升技巧8点"", 1]]",,
dup:strtbl,dup:e8a54fdadc6c,"削除するペルソナを選択してください
",请选择要删除的Persona,"[[""请选择要删除的Persona"", 2], [""选择删除的Persona"", 1], [""请选择删除Persona"", 1]]",,
dup:strtbl,dup:eadcec663707,"<c1c:13/><pause:0/><c1e:0/>火炎糸を無効にする
水撃糸に弱い","<c1c:13/><pause:0/><c1e:0/>火焰系无效
水击系弱点","[[""<c1c:13/><pause:0/><c1e:0/>亚基无效\n阿夸弱点"", 2], [""<c1c:13/><pause:0/><c1e:0/>亚基系无效\n阿夸弱"", 1], [""<c1c:13/><pause:0/><c1e:0/>亚基系无效\n阿夸系弱点"", 1]]","<c1c:13/><pause:0/><c1e:0/>亚基无效
阿夸弱点",position_majority
dup:strtbl,dup:ebfff5c0e6dd,"<pause:0/><c1e:0/>一定期間AGIガ6アップする
",<pause:0/><c1e:0/>一定时间内AGI+6,"[[""<pause:0/><c1e:0/>一定时间敏捷提升6点"", 1], [""<pause:0/><c1e:0/>暂时AGI提升6"", 1], [""<pause:0/><c1e:0/>一定时间内敏捷+6"", 1], [""<pause:0/><c1e:0/>一定时间内AGI+6"", 1]]",,
dup:strtbl,dup:ece8b74c3615,"<c1c:13/><pause:0/><c1e:0/>ボス用の相性へルプ表示部分
1234567890123","<c1c:13/><pause:0/><c1e:0/>Boss相性帮助
1234567890123","[[""<c1c:13/><pause:0/><c1e:0/>ボス用の相性へルプ表示部分\n1234567890123"", 36], [""<c1c:13/><pause:0/><c1e:0/>用于首领的属性帮助显示部分\n1234567890123"", 25], [""<c1c:13/><pause:0/><c1e:0/>BOSS相性帮助显示部分\n1234567890123"", 22], [""<c1c:13/><pause:0/><c1e:0/>Boss相性帮助显示部分\n1234567890123"", 14], [""<c1c:13/><pause:0/><c1e:0/>Boss相性帮助\n1234567890123"", 14], [""<c1c:13/><pause:0/><c1e:0/>Boss相性帮助显示\n1234567890123"", 12], [""<c1c:13/><pause:0/><c1e:0/>BOSS相性帮助显示\n1234567890123"", 5]]","<c1c:13/><pause:0/><c1e:0/>ボス用の相性へルプ表示部分
1234567890123",position_majority
dup:strtbl,dup:ef896b61210a,"<pause:0/><c1e:0/>潮の香り
",<pause:0/><c1e:0/>海潮香,"[[""<pause:0/><c1e:0/>海潮香"", 2], [""<pause:0/><c1e:0/>潮之香"", 1], [""<pause:0/><c1e:0/>海潮香气"", 1]]",,
dup:strtbl,dup:efd4f2c2fc1a,"強気
",激昂,"[[""强势"", 1], [""强硬"", 1], [""激昂"", 1]]",,
dup:strtbl,dup:f0bfe28bfded,"これでよろしいですか?
",确定吗？,"[[""确定吗？"", 6], [""这样可以吗？"", 1], [""确定吗?"", 1]]",,
dup:strtbl,dup:f0c9f724dc03,"<pause:0/><c1e:0/>一定期間STRガ2アップする
",<pause:0/><c1e:0/>暂时提升力量2点,"[[""<pause:0/><c1e:0/>一定时间内STR+2"", 2], [""<pause:0/><c1e:0/>一段时间内STR+2"", 1], [""<pause:0/><c1e:0/>一定时间力量提升2点"", 1], [""<pause:0/><c1e:0/>暂时STR提升2"", 1], [""<pause:0/><c1e:0/>一定期间STR提升2"", 1], [""<pause:0/><c1e:0/>一定时间内力量+2"", 1], [""<pause:0/><c1e:0/>暂时提升力量2点"", 1]]",<pause:0/><c1e:0/>一定时间内STR+2,position_majority
dup:strtbl,dup:f0e948db78a9,"<c1c:13/><pause:0/><c1e:0/>火炎糸を吸収する
水撃糸に弱い","<c1c:13/><pause:0/><c1e:0/>吸收火炎
弱水击","[[""<c1c:13/><pause:0/><c1e:0/>亚基吸收\n阿夸弱点"", 2], [""<c1c:13/><pause:0/><c1e:0/>吸收亚基系\n\n弱点：水"", 1], [""<c1c:13/><pause:0/><c1e:0/>吸收亚基\n弱阿夸"", 1]]","<c1c:13/><pause:0/><c1e:0/>亚基吸收
阿夸弱点",position_majority
dup:strtbl,dup:f11d39dd09aa,"<pause:0/><c1e:0/>一定期間VITガ6アップする
",<pause:0/><c1e:0/>暂时提升体力6点,"[[""<pause:0/><c1e:0/>一定时间内VIT提升6点"", 2], [""<pause:0/><c1e:0/>一定期间VIT提升6点"", 1], [""<pause:0/><c1e:0/>暂时提升体力6点"", 1]]",<pause:0/><c1e:0/>一定时间内VIT提升6点,position_majority
dup:strtbl,dup:f2bf135e32b8,"<pause:0/><c1e:0/>一定期間STRガ5アップする
",<pause:0/><c1e:0/>一定时间内STR+5,"[[""<pause:0/><c1e:0/>一定时间内STR+5"", 2], [""<pause:0/><c1e:0/>一段时间内STR+5"", 1], [""<pause:0/><c1e:0/>一定时间内力量+5"", 1]]",,
dup:strtbl,dup:f32a3ad11ad0,"<c1c:13/><pause:0/><c1e:0/>地変/神聖糸を無効にする
疾風/氷結/暗黒糸に弱い","<c1c:13/><pause:0/><c1e:0/>无效地变/神圣属性
弱点疾风/冰结/暗黑属性","[[""<c1c:13/><pause:0/><c1e:0/>地变/神圣系无效\n疾风/冰结/暗黑系弱"", 1], [""<c1c:13/><pause:0/><c1e:0/>无效地变/神圣\n弱点疾风/冰结/暗黑"", 1], [""<c1c:13/><pause:0/><c1e:0/>地变/神圣系无效化\n对疾风/冰结/暗黑系弱"", 1], [""<c1c:13/><pause:0/><c1e:0/>无效地变/神圣属性\n弱点疾风/冰结/暗黑属性"", 1]]",,
dup:strtbl,dup:f380c2beaab7,"<pause:0/><c1e:0/>一定期間STRガ4アップする
",<pause:0/><c1e:0/>暂时提升力量4点,"[[""<pause:0/><c1e:0/>暂时STR提升4"", 2], [""<pause:0/><c1e:0/>一定时间内力量+4"", 2], [""<pause:0/><c1e:0/>一段时间内STR+4"", 1], [""<pause:0/><c1e:0/>一定时间力量提升4点"", 1], [""<pause:0/><c1e:0/>一定时间内STR+4"", 1], [""<pause:0/><c1e:0/>暂时提升力量4点"", 1]]",,
dup:strtbl,dup:f3fa97dd1124,"<c1c:13/><pause:0/><c1e:0/>疾風糸無効<NAME/><NAME/>電撃糸吸収
地変糸に弱い","<c1c:13/><pause:0/><c1e:0/>疾风无效<NAME/><NAME/>吸收电击
弱地变","[[""<c1c:13/><pause:0/><c1e:0/>疾风无效<NAME/><NAME/>电击吸收\n地变弱"", 1], [""<c1c:13/><pause:0/><c1e:0/>风无效<NAME/><NAME/>电吸收\n\n弱点：地"", 1], [""<c1c:13/><pause:0/><c1e:0/>疾风属性无效<NAME/><NAME/>电击属性吸收\n地变属性弱点"", 1], [""<c1c:13/><pause:0/><c1e:0/>疾风无效<NAME/><NAME/>吸收电击\n弱地变"", 1]]",,
dup:strtbl,dup:f52d1e42b775,"<c1c:13/><pause:0/><c1e:0/>剣撃/戦技/水撃糸に強い
飛具/火炎/地変糸に弱い","<c1c:13/><pause:0/><c1e:0/>强剑击/战技/水击
弱飞具/火炎/地变","[[""<c1c:13/><pause:0/><c1e:0/>斩击/战技/阿夸系强\n飞具/亚基/地变系弱"", 1], [""<c1c:13/><pause:0/><c1e:0/>抗斩/战技/水系\n弱射击/亚基/地系"", 1], [""<c1c:13/><pause:0/><c1e:0/>剑击/战技/阿夸抗性\n飞具/亚基/地变弱点"", 1], [""<c1c:13/><pause:0/><c1e:0/>强剑击/战技/阿夸\n弱飞具/亚基/地变"", 1]]",,
dup:strtbl,dup:f63ad4e26fcb,"<pause:0/><c1e:0/>【JUSTICE】ナタの
召喚に必要なカード
",<pause:0/><c1e:0/>【JUSTICE】哪吒\n召唤所需卡片,"[[""<pause:0/><c1e:0/>召唤【正义】哪吒\n所需的卡牌"", 2], [""<pause:0/><c1e:0/>召唤【正义】哪吒\n召唤所需卡片"", 1], [""<pause:0/><c1e:0/>召唤【正义】哪吒\n召唤所需的卡片"", 1]]","<pause:0/><c1e:0/>召唤【正义】哪吒
所需的卡牌",position_majority
dup:strtbl,dup:fb0d074473cb,"<c1c:13/><pause:0/><c1e:0/>疾風糸無効
地変糸に弱い","<c1c:13/><pause:0/><c1e:0/>疾风无效
弱地变","[[""<c1c:13/><pause:0/><c1e:0/>疾风无效\n地变弱"", 1], [""<c1c:13/><pause:0/><c1e:0/>风无效\n\n弱点：地"", 1], [""<c1c:13/><pause:0/><c1e:0/>疾风属性无效\n地变属性弱点"", 1], [""<c1c:13/><pause:0/><c1e:0/>疾风无效\n弱地变"", 1]]",,
dup:strtbl,dup:fea5e61d10c8,"<c1c:13/><pause:0/><c1e:0/>神経/精神糸を反射する
",<c1c:13/><pause:0/><c1e:0/>反射神经/精神,"[[""<c1c:13/><pause:0/><c1e:0/>神经/精神系反射"", 1], [""<c1c:13/><pause:0/><c1e:0/>反射神经/精神系"", 1], [""<c1c:13/><pause:0/><c1e:0/>神经/精神属性反射"", 1], [""<c1c:13/><pause:0/><c1e:0/>反射神经/精神"", 1]]",,
dup:strtbl,dup:feed8a087aaa,"<pause:0/><c1e:0/>一定期間AGIガ7アップする
",<pause:0/><c1e:0/>一定时间内AGI+7,"[[""<pause:0/><c1e:0/>一定时间内AGI+7"", 2], [""<pause:0/><c1e:0/>一段时间内AGI+7"", 1], [""<pause:0/><c1e:0/>一定期间AGI提升7"", 1]]",,
dup:strtbl,dup:ffeb4cea94e0,"<c1c:13/><pause:0/><c1e:0/>疾風/電撃糸を無効にする
地変糸に弱い","<c1c:13/><pause:0/><c1e:0/>疾风/电击无效
弱地变","[[""<c1c:13/><pause:0/><c1e:0/>疾风/电击无效\n地变弱"", 1], [""<c1c:13/><pause:0/><c1e:0/>风/电无效\n\n弱点：地"", 1], [""<c1c:13/><pause:0/><c1e:0/>疾风/电击属性无效\n地变属性弱点"", 1], [""<c1c:13/><pause:0/><c1e:0/>疾风/电击无效\n弱地变"", 1]]",,
